,id,health_score,circumstance_score,effort_score,time_bin
0,37869,0.9055714285714284,0.2857142857142857,0.25726810395072136,0 to 4 years
1,35595,0.9627142857142855,0.8571428571428571,0.8366117239853113,0 to 4 years
2,31156,0.9341428571428569,0.5714285714285714,0.12838178585347498,0 to 4 years
3,33870,0.9341428571428569,0.5714285714285714,0.6032229787769352,0 to 4 years
4,32680,0.9341428571428569,0.5714285714285714,0.6517498160209854,0 to 4 years
5,32893,0.9769999999999998,1.0,0.37077847661948793,0 to 4 years
6,36228,0.9341428571428569,0.5714285714285714,0.5589204535889648,0 to 4 years
7,32890,0.9341428571428569,0.5714285714285714,0.06147855956551568,0 to 4 years
8,35221,0.9198571428571426,0.42857142857142855,0.8519953311969442,0 to 4 years
9,38337,0.9055714285714284,0.2857142857142857,0.7752711431044599,0 to 4 years
10,35933,0.9198571428571426,0.42857142857142855,0.23792372543740942,0 to 4 years
11,33693,0.9055714285714284,0.2857142857142857,0.9307099429549577,0 to 4 years
12,36984,0.9341428571428569,0.5714285714285714,0.573098745259963,0 to 4 years
13,39691,0.9627142857142855,0.8571428571428571,0.030949873132319006,0 to 4 years
14,35627,0.9627142857142855,0.8571428571428571,0.17872519583896074,0 to 4 years
15,33857,0.9341428571428569,0.5714285714285714,0.46342864726322414,0 to 4 years
16,34674,0.9055714285714284,0.2857142857142857,0.02983068799139499,0 to 4 years
17,33369,0.891285714285714,0.14285714285714285,0.07227715590892364,0 to 4 years
18,38582,0.9055714285714284,0.2857142857142857,0.975061125897341,0 to 4 years
19,33795,0.9627142857142855,0.8571428571428571,0.23042260893689315,0 to 4 years
20,31637,0.891285714285714,0.14285714285714285,0.7454352187601202,0 to 4 years
21,36941,0.9055714285714284,0.2857142857142857,0.618052864895931,0 to 4 years
22,36260,0.9055714285714284,0.2857142857142857,0.3256391895140667,0 to 4 years
23,30350,0.9627142857142855,0.8571428571428571,0.48153134003620124,0 to 4 years
24,31050,0.9627142857142855,0.8571428571428571,0.7395125467987896,0 to 4 years
25,34914,0.9627142857142855,0.8571428571428571,0.7416893756118202,0 to 4 years
26,39407,0.9055714285714284,0.2857142857142857,0.35622165016817375,0 to 4 years
27,31726,0.9341428571428569,0.5714285714285714,0.7061135351605852,0 to 4 years
28,33953,0.9769999999999998,1.0,0.807886838816309,0 to 4 years
29,33653,0.9627142857142855,0.8571428571428571,0.21792587905627775,0 to 4 years
30,32379,0.9769999999999998,1.0,0.8509129954069268,0 to 4 years
31,37855,0.9341428571428569,0.5714285714285714,0.5566559406320979,0 to 4 years
32,31240,0.9055714285714284,0.2857142857142857,0.7936303876868422,0 to 4 years
33,32111,0.9055714285714284,0.2857142857142857,0.9319530841128524,0 to 4 years
34,37626,0.9055714285714284,0.2857142857142857,0.23937775033964304,0 to 4 years
35,32004,0.9627142857142855,0.8571428571428571,0.12975258036837284,0 to 4 years
36,32149,0.891285714285714,0.14285714285714285,0.8316076461169439,0 to 4 years
37,33625,0.9198571428571426,0.42857142857142855,0.9643752544158768,0 to 4 years
38,32398,0.9198571428571426,0.42857142857142855,0.4390926010472848,0 to 4 years
39,30590,0.891285714285714,0.14285714285714285,0.4687423166917938,0 to 4 years
40,31544,0.891285714285714,0.14285714285714285,0.47524945990370665,0 to 4 years
41,33378,0.9341428571428569,0.5714285714285714,0.5453204817858919,0 to 4 years
42,38495,0.9769999999999998,1.0,0.8542266518461281,0 to 4 years
43,33685,0.9341428571428569,0.5714285714285714,0.776164823232187,0 to 4 years
44,37231,0.9341428571428569,0.5714285714285714,0.8078659873570108,0 to 4 years
45,36025,0.9198571428571426,0.42857142857142855,0.8179747213838007,0 to 4 years
46,35647,0.9055714285714284,0.2857142857142857,0.7696381327013528,0 to 4 years
47,32382,0.891285714285714,0.14285714285714285,0.0671995762702291,0 to 4 years
48,37738,0.0,0.5714285714285714,0.9870879838533202,0 to 4 years
49,34597,0.9484285714285712,0.7142857142857142,0.7094550284329912,0 to 4 years
50,38825,0.9627142857142855,0.8571428571428571,0.5758813903520927,0 to 4 years
51,33977,0.9769999999999998,1.0,0.5892519168451839,0 to 4 years
52,35483,0.9627142857142855,0.8571428571428571,0.8831148181166371,0 to 4 years
53,32226,0.9055714285714284,0.2857142857142857,0.9236807594006767,0 to 4 years
54,35848,0.9198571428571426,0.42857142857142855,0.3174385932600117,0 to 4 years
55,35144,0.9055714285714284,0.2857142857142857,0.3920449478046031,0 to 4 years
56,31844,0.891285714285714,0.14285714285714285,0.7201698087734196,0 to 4 years
57,32601,0.891285714285714,0.14285714285714285,0.8167768298175344,0 to 4 years
58,30667,0.9769999999999998,1.0,0.3497713062222205,0 to 4 years
59,32947,0.9341428571428569,0.5714285714285714,0.9398340495610426,0 to 4 years
60,39056,0.9341428571428569,0.5714285714285714,0.9891104971748617,0 to 4 years
61,34279,0.9627142857142855,0.8571428571428571,0.5841643374565575,0 to 4 years
62,39923,0.9055714285714284,0.2857142857142857,0.6270698769674508,0 to 4 years
63,35580,0.9055714285714284,0.2857142857142857,0.3755547285381987,0 to 4 years
64,35939,0.9341428571428569,0.5714285714285714,0.360735855604647,0 to 4 years
65,39784,0.9627142857142855,0.8571428571428571,0.15321230897067328,0 to 4 years
66,31944,0.9769999999999998,1.0,0.050838559821446694,0 to 4 years
67,36426,0.9055714285714284,0.2857142857142857,0.5715078013697533,0 to 4 years
68,33477,0.9627142857142855,0.8571428571428571,0.5418776427855815,0 to 4 years
69,39225,0.9341428571428569,0.5714285714285714,0.5890248632173423,0 to 4 years
70,34865,0.9055714285714284,0.2857142857142857,0.5825266887258914,0 to 4 years
71,35046,0.9198571428571426,0.42857142857142855,0.8693921514307124,0 to 4 years
72,30294,0.9055714285714284,0.2857142857142857,0.25006061228481086,0 to 4 years
73,30700,0.9769999999999998,1.0,0.4747206018908942,0 to 4 years
74,38864,0.891285714285714,0.14285714285714285,0.30113911872792365,0 to 4 years
75,33190,0.9341428571428569,0.5714285714285714,0.2743580162736398,0 to 4 years
76,38830,0.9055714285714284,0.2857142857142857,0.3754756086644586,0 to 4 years
77,33033,0.891285714285714,0.14285714285714285,0.965946351471362,0 to 4 years
78,32282,0.9055714285714284,0.2857142857142857,0.810226019282799,0 to 4 years
79,33999,0.891285714285714,0.14285714285714285,0.7182035417849782,0 to 4 years
80,37399,0.891285714285714,0.14285714285714285,0.1551137785230235,0 to 4 years
81,36121,0.9627142857142855,0.8571428571428571,0.5886536144169254,0 to 4 years
82,38062,0.9341428571428569,0.5714285714285714,0.2992723464455246,0 to 4 years
83,36234,0.891285714285714,0.14285714285714285,0.8403709966740501,0 to 4 years
84,34293,0.0,0.2857142857142857,0.8262244817620839,0 to 4 years
85,38172,0.891285714285714,0.14285714285714285,0.3152797754716875,0 to 4 years
86,30951,0.0,1.0,0.8227009788724984,0 to 4 years
87,35408,0.9055714285714284,0.2857142857142857,0.8707873210064387,0 to 4 years
88,38991,0.9198571428571426,0.42857142857142855,0.9969540725333079,0 to 4 years
89,35150,0.9341428571428569,0.5714285714285714,0.5390713812414089,0 to 4 years
90,36157,0.9484285714285712,0.7142857142857142,0.3618240139746974,0 to 4 years
91,36798,0.9341428571428569,0.5714285714285714,0.351476691437264,0 to 4 years
92,34847,0.9341428571428569,0.5714285714285714,0.3136653590796745,0 to 4 years
93,33925,0.891285714285714,0.14285714285714285,0.4709361316338817,0 to 4 years
94,30807,0.9627142857142855,0.8571428571428571,0.9400426916959197,0 to 4 years
95,30649,0.9198571428571426,0.42857142857142855,0.5273288768246949,0 to 4 years
96,35126,0.9627142857142855,0.8571428571428571,0.12391713688111589,0 to 4 years
97,36912,0.9341428571428569,0.5714285714285714,0.2776985250050148,0 to 4 years
98,36546,0.9769999999999998,1.0,0.2808480324787443,0 to 4 years
99,31664,0.891285714285714,0.14285714285714285,0.4081649134024553,0 to 4 years
100,38789,0.9055714285714284,0.2857142857142857,0.5091719980801769,0 to 4 years
101,32059,0.9198571428571426,0.42857142857142855,0.33524010085743383,0 to 4 years
102,35324,0.9341428571428569,0.5714285714285714,0.6158145269223356,0 to 4 years
103,38317,0.9055714285714284,0.2857142857142857,0.8718410838357976,0 to 4 years
104,31034,0.9055714285714284,0.2857142857142857,0.599863055711493,0 to 4 years
105,38026,0.9055714285714284,0.2857142857142857,0.24778605403914605,0 to 4 years
106,34207,0.9055714285714284,0.2857142857142857,0.4643688784698784,0 to 4 years
107,39221,0.9627142857142855,0.8571428571428571,0.26913946400283745,0 to 4 years
108,30130,0.9484285714285712,0.7142857142857142,0.3140579856092305,0 to 4 years
109,30628,0.9055714285714284,0.2857142857142857,0.43639003077244737,0 to 4 years
110,36807,0.9198571428571426,0.42857142857142855,0.5603356506283916,0 to 4 years
111,39569,0.9055714285714284,0.2857142857142857,0.5648116581626107,0 to 4 years
112,35372,0.9341428571428569,0.5714285714285714,0.8187544129384038,0 to 4 years
113,39553,0.9198571428571426,0.42857142857142855,0.16077234699487786,0 to 4 years
114,30581,0.9055714285714284,0.2857142857142857,0.12445023816892115,0 to 4 years
115,35658,0.9198571428571426,0.42857142857142855,0.39412273029549266,0 to 4 years
116,37934,0.9055714285714284,0.2857142857142857,0.18262130099209983,0 to 4 years
117,30450,0.9055714285714284,0.2857142857142857,0.5301289580774217,0 to 4 years
118,37892,0.9769999999999998,1.0,0.1553197184313555,0 to 4 years
119,39157,0.9055714285714284,0.2857142857142857,0.23723155290995807,0 to 4 years
120,33933,0.9341428571428569,0.5714285714285714,0.5424850193090852,0 to 4 years
121,35515,0.9769999999999998,1.0,0.3088806542197339,0 to 4 years
122,39630,0.9055714285714284,0.2857142857142857,0.26742528977647634,0 to 4 years
123,39848,0.9341428571428569,0.5714285714285714,0.9664550345980536,0 to 4 years
124,31685,0.891285714285714,0.14285714285714285,0.3494357032329235,0 to 4 years
125,35825,0.891285714285714,0.14285714285714285,0.4204188041729321,0 to 4 years
126,31936,0.9198571428571426,0.42857142857142855,0.6092884263226842,0 to 4 years
127,38093,0.9198571428571426,0.42857142857142855,0.7492362239019078,0 to 4 years
128,35009,0.9055714285714284,0.2857142857142857,0.6368208573344102,0 to 4 years
129,31152,0.9341428571428569,0.5714285714285714,0.8351805710654524,0 to 4 years
130,37813,0.9627142857142855,0.8571428571428571,0.8564246452986445,0 to 4 years
131,37421,0.9341428571428569,0.5714285714285714,0.8042224567328577,0 to 4 years
132,36269,0.9198571428571426,0.42857142857142855,0.8995936940855921,0 to 4 years
133,39211,0.9769999999999998,1.0,0.5393933812478253,0 to 4 years
134,37565,0.9484285714285712,0.7142857142857142,0.7019486520290312,0 to 4 years
135,37155,0.9055714285714284,0.2857142857142857,0.7328825983200394,0 to 4 years
136,35604,0.9055714285714284,0.2857142857142857,0.25955485374420345,0 to 4 years
137,34457,0.9055714285714284,0.2857142857142857,0.9996498221404184,0 to 4 years
138,30733,0.9055714285714284,0.2857142857142857,0.563453693414633,0 to 4 years
139,33725,0.9627142857142855,0.8571428571428571,0.11450756643084509,0 to 4 years
140,34094,0.891285714285714,0.14285714285714285,0.9102611765419738,0 to 4 years
141,37639,0.0,0.14285714285714285,0.4327045828845239,0 to 4 years
142,33459,0.891285714285714,0.14285714285714285,0.8255477463976918,0 to 4 years
143,37451,0.9627142857142855,0.8571428571428571,0.0016675219695631016,0 to 4 years
144,33199,0.9198571428571426,0.42857142857142855,0.4614854797645036,0 to 4 years
145,38939,0.9341428571428569,0.5714285714285714,0.1770308635349782,0 to 4 years
146,38738,0.9055714285714284,0.2857142857142857,0.2104520613513906,0 to 4 years
147,37736,0.9341428571428569,0.5714285714285714,0.6090918447899251,0 to 4 years
148,30075,0.031357380952380824,0.14285714285714285,0.12388106727692477,0 to 4 years
149,34649,0.9341428571428569,0.5714285714285714,0.5207471607179007,0 to 4 years
150,36826,0.9055714285714284,0.2857142857142857,0.47902375953865883,0 to 4 years
151,36914,0.9627142857142855,0.8571428571428571,0.7724613287796928,0 to 4 years
152,39868,0.891285714285714,0.14285714285714285,0.8916343374632882,0 to 4 years
153,32937,0.891285714285714,0.14285714285714285,0.8087905841871552,0 to 4 years
154,32757,0.9341428571428569,0.5714285714285714,0.6397770945151542,0 to 4 years
155,33710,0.9055714285714284,0.2857142857142857,0.36504501468729517,0 to 4 years
156,32983,0.9627142857142855,0.8571428571428571,0.26329675536111286,0 to 4 years
157,33319,0.9769999999999998,1.0,0.5767095469751438,0 to 4 years
158,36434,0.9341428571428569,0.5714285714285714,0.9215555333879666,0 to 4 years
159,30007,0.9627142857142855,0.8571428571428571,0.6202123633778571,0 to 4 years
160,39248,0.9198571428571426,0.42857142857142855,0.3696469253583027,0 to 4 years
161,39577,0.891285714285714,0.14285714285714285,0.809888068342264,0 to 4 years
162,34692,0.9627142857142855,0.8571428571428571,0.8046510867454744,0 to 4 years
163,34518,0.9627142857142855,0.8571428571428571,0.39782305601994317,0 to 4 years
164,36189,0.9484285714285712,0.7142857142857142,0.3687331409544858,0 to 4 years
165,39700,0.891285714285714,0.14285714285714285,0.9767019920603216,0 to 4 years
166,36392,0.9484285714285712,0.7142857142857142,0.19887979028558966,0 to 4 years
167,32636,0.891285714285714,0.14285714285714285,0.20833258368273394,0 to 4 years
168,39103,0.891285714285714,0.14285714285714285,0.14652070268130518,0 to 4 years
169,35342,0.9341428571428569,0.5714285714285714,0.29242658984089626,0 to 4 years
170,32081,0.9627142857142855,0.8571428571428571,0.11537695726846936,0 to 4 years
171,35076,0.9341428571428569,0.5714285714285714,0.5233785302564947,0 to 4 years
172,30970,0.9055714285714284,0.2857142857142857,0.27997165369222876,0 to 4 years
173,39140,0.9198571428571426,0.42857142857142855,0.7239742918962332,0 to 4 years
174,39008,0.9341428571428569,0.5714285714285714,0.8952465732119061,0 to 4 years
175,39247,0.891285714285714,0.14285714285714285,0.6884022770760554,0 to 4 years
176,32175,0.9055714285714284,0.2857142857142857,0.4319454588365601,0 to 4 years
177,39178,0.9769999999999998,1.0,0.5683840219948935,0 to 4 years
178,34348,0.9627142857142855,0.8571428571428571,0.8729544047798463,0 to 4 years
179,30216,0.891285714285714,0.14285714285714285,0.8880436001567993,0 to 4 years
180,37797,0.9341428571428569,0.5714285714285714,0.4084268864821859,0 to 4 years
181,31590,0.9341428571428569,0.5714285714285714,0.26666613686846513,0 to 4 years
182,30653,0.9198571428571426,0.42857142857142855,0.29615181787010303,0 to 4 years
183,36609,0.9055714285714284,0.2857142857142857,0.3365367638846386,0 to 4 years
184,37091,0.9484285714285712,0.7142857142857142,0.8092438238820207,0 to 4 years
185,30257,0.9055714285714284,0.2857142857142857,0.7335829051655726,0 to 4 years
186,35581,0.9769999999999998,1.0,0.9091463839680202,0 to 4 years
187,33295,0.9341428571428569,0.5714285714285714,0.7026991091077652,0 to 4 years
188,30977,0.9341428571428569,0.5714285714285714,0.8445149597576457,0 to 4 years
189,30376,0.9769999999999998,1.0,0.060588393121218886,0 to 4 years
190,34508,0.9055714285714284,0.2857142857142857,0.9006772558339831,0 to 4 years
191,33929,0.891285714285714,0.14285714285714285,0.45475773092309035,0 to 4 years
192,35572,0.9055714285714284,0.2857142857142857,0.3848583802585839,0 to 4 years
193,33282,0.9055714285714284,0.2857142857142857,0.967485811910155,0 to 4 years
194,32353,0.9055714285714284,0.2857142857142857,0.38668739059149304,0 to 4 years
195,38853,0.9627142857142855,0.8571428571428571,0.6928045025982674,0 to 4 years
196,31461,0.891285714285714,0.14285714285714285,0.5665636255661608,0 to 4 years
197,31129,0.9769999999999998,1.0,0.0901277607851414,0 to 4 years
198,36099,0.9627142857142855,0.8571428571428571,0.9738444340867874,0 to 4 years
199,36871,0.9627142857142855,0.8571428571428571,0.605310027349719,0 to 4 years
200,30558,0.9627142857142855,0.8571428571428571,0.8908168821229868,0 to 4 years
201,36381,0.9769999999999998,1.0,0.9640847516587694,0 to 4 years
202,37622,0.9484285714285712,0.7142857142857142,0.6663285793130802,0 to 4 years
203,30610,0.9055714285714284,0.2857142857142857,0.305080576618577,0 to 4 years
204,31212,0.9341428571428569,0.5714285714285714,0.6496436509260707,0 to 4 years
205,30280,0.9627142857142855,0.8571428571428571,0.326578380058851,0 to 4 years
206,32840,0.9055714285714284,0.2857142857142857,0.41241880757768534,0 to 4 years
207,30090,0.9198571428571426,0.42857142857142855,0.5168625583384404,0 to 4 years
208,39362,0.9055714285714284,0.2857142857142857,0.9580988803552345,0 to 4 years
209,33185,0.891285714285714,0.14285714285714285,0.36171584123389633,0 to 4 years
210,30168,0.9055714285714284,0.2857142857142857,0.8893284483087932,0 to 4 years
211,39446,0.9627142857142855,0.8571428571428571,0.16887184024159052,0 to 4 years
212,39994,0.9055714285714284,0.2857142857142857,0.8179513483393637,0 to 4 years
213,34263,0.9484285714285712,0.7142857142857142,0.9714888209477357,0 to 4 years
214,33871,0.9055714285714284,0.2857142857142857,0.9907973963181591,0 to 4 years
215,33175,0.9769999999999998,1.0,0.36033445152264865,0 to 4 years
216,33232,0.9769999999999998,1.0,0.3292269791532547,0 to 4 years
217,37236,0.891285714285714,0.14285714285714285,0.7802717544481104,0 to 4 years
218,37567,0.9627142857142855,0.8571428571428571,0.6848345035849766,0 to 4 years
219,34934,0.9627142857142855,0.8571428571428571,0.6285042348492007,0 to 4 years
220,31056,0.891285714285714,0.14285714285714285,0.10137688879485351,0 to 4 years
221,39289,0.9769999999999998,1.0,0.4793949725568782,0 to 4 years
222,32662,0.9769999999999998,1.0,0.20034140228180464,0 to 4 years
223,36364,0.9627142857142855,0.8571428571428571,0.4779437442473145,0 to 4 years
224,35926,0.9769999999999998,1.0,0.26372490494816136,0 to 4 years
225,35862,0.9055714285714284,0.2857142857142857,0.44566175058600016,0 to 4 years
226,34069,0.9341428571428569,0.5714285714285714,0.6896697834733992,0 to 4 years
227,30636,0.9627142857142855,0.8571428571428571,0.9355236002070279,0 to 4 years
228,31527,0.9055714285714284,0.2857142857142857,0.0008531707551482359,0 to 4 years
229,35311,0.9627142857142855,0.8571428571428571,0.04013424681013883,0 to 4 years
230,32960,0.9055714285714284,0.2857142857142857,0.09786949972920755,0 to 4 years
231,39160,0.9055714285714284,0.2857142857142857,0.40498322898381733,0 to 4 years
232,38557,0.9627142857142855,0.8571428571428571,0.14420717115463283,0 to 4 years
233,37377,0.9484285714285712,0.7142857142857142,0.20688986846810375,0 to 4 years
234,34741,0.9055714285714284,0.2857142857142857,0.06670259968255499,0 to 4 years
235,35828,0.9055714285714284,0.2857142857142857,0.6005205646170468,0 to 4 years
236,37878,0.9055714285714284,0.2857142857142857,0.716550190218788,0 to 4 years
237,38962,0.9341428571428569,0.5714285714285714,0.337035581240833,0 to 4 years
238,39800,0.9055714285714284,0.2857142857142857,0.07378424085168794,0 to 4 years
239,35294,0.9627142857142855,0.8571428571428571,0.8801146039452901,0 to 4 years
240,36042,0.9055714285714284,0.2857142857142857,0.2000855816655055,0 to 4 years
241,38213,0.9198571428571426,0.42857142857142855,0.36135290844029266,0 to 4 years
242,32681,0.9341428571428569,0.5714285714285714,0.8840216676747208,0 to 4 years
243,37012,0.9198571428571426,0.42857142857142855,0.34313363847612866,0 to 4 years
244,39400,0.9769999999999998,1.0,0.5880722478031875,0 to 4 years
245,34806,0.9769999999999998,1.0,0.5577934045989087,0 to 4 years
246,34792,0.891285714285714,0.14285714285714285,0.3279148000882604,0 to 4 years
247,31764,0.9055714285714284,0.2857142857142857,0.2608840104383231,0 to 4 years
248,37435,0.9055714285714284,0.2857142857142857,0.3344513472084235,0 to 4 years
249,36982,0.9769999999999998,1.0,0.7148225813951135,0 to 4 years
250,37429,0.9341428571428569,0.5714285714285714,0.5290060323572998,0 to 4 years
251,33451,0.9198571428571426,0.42857142857142855,0.7522123512862218,0 to 4 years
252,35151,0.891285714285714,0.14285714285714285,0.31947659060175626,0 to 4 years
253,39267,0.9198571428571426,0.42857142857142855,0.06107793669111411,0 to 4 years
254,33205,0.891285714285714,0.14285714285714285,0.6885404753209493,0 to 4 years
255,30102,0.9198571428571426,0.42857142857142855,0.354411818048342,0 to 4 years
256,35988,0.9769999999999998,1.0,0.38411821796957,0 to 4 years
257,39449,0.891285714285714,0.14285714285714285,0.19996315157195355,0 to 4 years
258,39537,0.891285714285714,0.14285714285714285,0.7706599226320238,0 to 4 years
259,38197,0.9198571428571426,0.42857142857142855,0.5382762269858415,0 to 4 years
260,39513,0.891285714285714,0.14285714285714285,0.967435842613531,0 to 4 years
261,32449,0.9769999999999998,1.0,0.5143565848691379,0 to 4 years
262,37711,0.9769999999999998,1.0,0.4888247749015003,0 to 4 years
263,30046,0.9769999999999998,1.0,0.747938392763948,0 to 4 years
264,32975,0.9198571428571426,0.42857142857142855,0.9885528108268911,0 to 4 years
265,37161,0.9627142857142855,0.8571428571428571,0.20745620089919642,0 to 4 years
266,38938,0.9341428571428569,0.5714285714285714,0.17866042664770637,0 to 4 years
267,36806,0.9198571428571426,0.42857142857142855,0.7992450204356805,0 to 4 years
268,38007,0.9341428571428569,0.5714285714285714,0.030201576030981725,0 to 4 years
269,30278,0.9627142857142855,0.8571428571428571,0.7285968504898517,0 to 4 years
270,35017,0.9055714285714284,0.2857142857142857,0.718309119222825,0 to 4 years
271,33771,0.891285714285714,0.14285714285714285,0.044366783138829025,0 to 4 years
272,31294,0.9627142857142855,0.8571428571428571,0.04785055905450469,0 to 4 years
273,38018,0.9341428571428569,0.5714285714285714,0.8675578716630532,0 to 4 years
274,39169,0.9198571428571426,0.42857142857142855,0.17372496739558108,0 to 4 years
275,37092,0.891285714285714,0.14285714285714285,0.4872380673241222,0 to 4 years
276,38194,0.9341428571428569,0.5714285714285714,0.9162481142406739,0 to 4 years
277,39032,0.9341428571428569,0.5714285714285714,0.32567357984793555,0 to 4 years
278,32655,0.891285714285714,0.14285714285714285,0.3691281975305254,0 to 4 years
279,36847,0.9627142857142855,0.8571428571428571,0.8479005570116138,0 to 4 years
280,35252,0.9627142857142855,0.8571428571428571,0.9207374355509308,0 to 4 years
281,39789,0.9769999999999998,1.0,0.8139116509288818,0 to 4 years
282,35216,0.9055714285714284,0.2857142857142857,0.19265263209913946,0 to 4 years
283,31428,0.9627142857142855,0.8571428571428571,0.8089441025461283,0 to 4 years
284,37004,0.9627142857142855,0.8571428571428571,0.35018553210536774,0 to 4 years
285,31989,0.9627142857142855,0.8571428571428571,0.6593245557476393,0 to 4 years
286,36535,0.9627142857142855,0.8571428571428571,0.8584997019224767,0 to 4 years
287,33749,0.9627142857142855,0.8571428571428571,0.963410590631478,0 to 4 years
288,39102,0.9055714285714284,0.2857142857142857,0.7810467928451686,0 to 4 years
289,31178,0.9055714285714284,0.2857142857142857,0.5664021105020772,0 to 4 years
290,38687,0.9341428571428569,0.5714285714285714,0.7696699144122411,0 to 4 years
291,33056,0.9341428571428569,0.5714285714285714,0.3183239339381307,0 to 4 years
292,37062,0.9341428571428569,0.5714285714285714,0.900096563867688,0 to 4 years
293,35731,0.9055714285714284,0.2857142857142857,0.5410177049412276,0 to 4 years
294,36883,0.9341428571428569,0.5714285714285714,0.46308771698580153,0 to 4 years
295,32420,0.891285714285714,0.14285714285714285,0.46701148054358227,0 to 4 years
296,34715,0.891285714285714,0.14285714285714285,0.8695000368480243,0 to 4 years
297,31706,0.9055714285714284,0.2857142857142857,0.663146623193573,0 to 4 years
298,34899,0.9341428571428569,0.5714285714285714,0.3249014524078888,0 to 4 years
299,32965,0.9198571428571426,0.42857142857142855,0.4217749377408383,0 to 4 years
300,30993,0.9055714285714284,0.2857142857142857,0.3672874365108999,0 to 4 years
301,37237,0.9055714285714284,0.2857142857142857,0.7918781591934894,0 to 4 years
302,34989,0.9341428571428569,0.5714285714285714,0.040602609202814,0 to 4 years
303,35989,0.891285714285714,0.14285714285714285,0.232964245133588,0 to 4 years
304,32556,0.9769999999999998,1.0,0.21497653461435728,0 to 4 years
305,36896,0.9055714285714284,0.2857142857142857,0.6066102345822572,0 to 4 years
306,30047,-0.2208301353142859,0.14285714285714285,0.6695290906429232,0 to 4 years
307,32127,0.9055714285714284,0.2857142857142857,0.20745132435981684,0 to 4 years
308,37993,0.9627142857142855,0.8571428571428571,0.024049795480760472,0 to 4 years
309,31545,0.9341428571428569,0.5714285714285714,0.10883455397961922,0 to 4 years
310,32822,0.9341428571428569,0.5714285714285714,0.2765913149103205,0 to 4 years
311,37315,0.891285714285714,0.14285714285714285,0.7723032770941498,0 to 4 years
312,30339,0.9484285714285712,0.7142857142857142,0.8108584502186023,0 to 4 years
313,39443,0.9341428571428569,0.5714285714285714,0.9989572911191127,0 to 4 years
314,31889,0.9055714285714284,0.2857142857142857,0.7317294191770635,0 to 4 years
315,30388,0.9055714285714284,0.2857142857142857,0.43845313976088107,0 to 4 years
316,36472,0.9769999999999998,1.0,0.6130132103440877,0 to 4 years
317,30337,0.9055714285714284,0.2857142857142857,0.26329752095383063,0 to 4 years
318,39703,0.9055714285714284,0.2857142857142857,0.8709543153783654,0 to 4 years
319,39588,0.9627142857142855,0.8571428571428571,0.9763012950176777,0 to 4 years
320,32213,0.891285714285714,0.14285714285714285,0.06307760578861388,0 to 4 years
321,35217,0.9055714285714284,0.2857142857142857,0.3857417091257326,0 to 4 years
322,39331,0.9055714285714284,0.2857142857142857,0.2987391349124247,0 to 4 years
323,33280,0.9055714285714284,0.2857142857142857,0.11880267008143885,0 to 4 years
324,32877,0.9627142857142855,0.8571428571428571,0.5417784550973275,0 to 4 years
325,37079,0.9769999999999998,1.0,0.6805698710816547,0 to 4 years
326,31704,0.9341428571428569,0.5714285714285714,0.2928661043997106,0 to 4 years
327,30864,0.891285714285714,0.14285714285714285,0.018093497155445615,0 to 4 years
328,32157,0.9055714285714284,0.2857142857142857,0.9610050276579043,0 to 4 years
329,37527,0.9769999999999998,1.0,0.37985640285603195,0 to 4 years
330,33515,0.9627142857142855,0.8571428571428571,0.024726425078471448,0 to 4 years
331,30739,0.9198571428571426,0.42857142857142855,0.08423075809666075,0 to 4 years
332,31634,0.9627142857142855,0.8571428571428571,0.7157183205384161,0 to 4 years
333,35175,0.9055714285714284,0.2857142857142857,0.43696223184686384,0 to 4 years
334,34025,0.9627142857142855,0.8571428571428571,0.5950033287604093,0 to 4 years
335,32873,0.9769999999999998,1.0,0.4097639751466209,0 to 4 years
336,39819,0.9055714285714284,0.2857142857142857,0.12355551624692285,0 to 4 years
337,33462,0.9484285714285712,0.7142857142857142,0.8567223150877725,0 to 4 years
338,36746,0.891285714285714,0.14285714285714285,0.3587578827584875,0 to 4 years
339,30067,0.9055714285714284,0.2857142857142857,0.016270491011429633,0 to 4 years
340,33454,0.9627142857142855,0.8571428571428571,0.24870168067632087,0 to 4 years
341,37208,0.9198571428571426,0.42857142857142855,0.8090247422263022,0 to 4 years
342,32444,0.9769999999999998,1.0,0.7445601262347529,0 to 4 years
343,38744,0.891285714285714,0.14285714285714285,0.8754998009696701,0 to 4 years
344,32164,0.9055714285714284,0.2857142857142857,0.49744127616138667,0 to 4 years
345,39579,0.9198571428571426,0.42857142857142855,0.49467438027076166,0 to 4 years
346,33938,0.9769999999999998,1.0,0.9982952948096505,0 to 4 years
347,34917,0.9055714285714284,0.2857142857142857,0.5620564390110596,0 to 4 years
348,35974,0.9484285714285712,0.7142857142857142,0.6303678711069293,0 to 4 years
349,33435,0.9341428571428569,0.5714285714285714,0.6313681329313452,0 to 4 years
350,38083,0.9198571428571426,0.42857142857142855,0.5868534890340384,0 to 4 years
351,33851,0.9055714285714284,0.2857142857142857,0.6331353220664575,0 to 4 years
352,31860,0.9627142857142855,0.8571428571428571,0.7594210321436935,0 to 4 years
353,37890,0.9341428571428569,0.5714285714285714,0.5827833300092218,0 to 4 years
354,37816,0.9341428571428569,0.5714285714285714,0.6100409281666666,0 to 4 years
355,31954,0.9341428571428569,0.5714285714285714,0.6233191680778983,0 to 4 years
356,32115,0.9341428571428569,0.5714285714285714,0.8139162367585107,0 to 4 years
357,37854,0.891285714285714,0.14285714285714285,0.30707257877601757,0 to 4 years
358,34018,0.9341428571428569,0.5714285714285714,0.44519424987062467,0 to 4 years
359,39696,0.9341428571428569,0.5714285714285714,0.4040116537185581,0 to 4 years
360,30227,0.891285714285714,0.14285714285714285,0.9417509693591174,0 to 4 years
361,39451,0.9055714285714284,0.2857142857142857,0.9550271232060537,0 to 4 years
362,38144,0.9198571428571426,0.42857142857142855,0.6438494493101738,0 to 4 years
363,35950,0.891285714285714,0.14285714285714285,0.6536645823559367,0 to 4 years
364,39945,0.9627142857142855,0.8571428571428571,0.06237726260905779,0 to 4 years
365,32041,0.9484285714285712,0.7142857142857142,0.30064866088958675,0 to 4 years
366,39396,0.891285714285714,0.14285714285714285,0.5221212150086788,0 to 4 years
367,34055,0.9198571428571426,0.42857142857142855,0.2381540244945778,0 to 4 years
368,30834,0.891285714285714,0.14285714285714285,0.32937269660720997,0 to 4 years
369,36544,0.9341428571428569,0.5714285714285714,0.6951272873391215,0 to 4 years
370,39527,0.9055714285714284,0.2857142857142857,0.5614171039847071,0 to 4 years
371,38188,0.9484285714285712,0.7142857142857142,0.574071339271432,0 to 4 years
372,34503,0.9627142857142855,0.8571428571428571,0.5459537593227486,0 to 4 years
373,38606,0.9341428571428569,0.5714285714285714,0.7482378779008159,0 to 4 years
374,34964,0.9055714285714284,0.2857142857142857,0.6169822395720287,0 to 4 years
375,30601,0.9341428571428569,0.5714285714285714,0.7689436769938095,0 to 4 years
376,32984,0.9055714285714284,0.2857142857142857,0.6965378461357512,0 to 4 years
377,30142,0.891285714285714,0.14285714285714285,0.7520921317118561,0 to 4 years
378,30936,0.9627142857142855,0.8571428571428571,0.785954577083573,0 to 4 years
379,36559,0.9198571428571426,0.42857142857142855,0.9330019991190738,0 to 4 years
380,30303,0.9198571428571426,0.42857142857142855,0.21277171427680014,0 to 4 years
381,36009,0.9198571428571426,0.42857142857142855,0.4159351348010772,0 to 4 years
382,36201,0.9341428571428569,0.5714285714285714,0.6242776711635668,0 to 4 years
383,38685,0.9055714285714284,0.2857142857142857,0.5112255797020505,0 to 4 years
384,30805,0.9055714285714284,0.2857142857142857,0.2186332926363676,0 to 4 years
385,35522,0.9341428571428569,0.5714285714285714,0.9643301426679405,0 to 4 years
386,38818,0.891285714285714,0.14285714285714285,0.509042658427866,0 to 4 years
387,30464,0.9484285714285712,0.7142857142857142,0.8982107803116479,0 to 4 years
388,30419,0.9484285714285712,0.7142857142857142,0.953212798478154,0 to 4 years
389,30889,0.9341428571428569,0.5714285714285714,0.5075579190393921,0 to 4 years
390,34448,0.9627142857142855,0.8571428571428571,0.6557156455309587,0 to 4 years
391,36513,0.9341428571428569,0.5714285714285714,0.8695235252595392,0 to 4 years
392,33211,0.9769999999999998,1.0,0.2753236057497294,0 to 4 years
393,36087,0.9055714285714284,0.2857142857142857,0.9233824701819158,0 to 4 years
394,37460,0.9055714285714284,0.2857142857142857,0.8186387681866538,0 to 4 years
395,39152,0.9341428571428569,0.5714285714285714,0.436057489384008,0 to 4 years
396,38121,0.9055714285714284,0.2857142857142857,0.10913875470795376,0 to 4 years
397,35614,0.9198571428571426,0.42857142857142855,0.7421866881035454,0 to 4 years
398,30674,0.9055714285714284,0.2857142857142857,0.4877381218848027,0 to 4 years
399,34033,0.9769999999999998,1.0,0.22063191347537164,0 to 4 years
400,39490,0.9055714285714284,0.2857142857142857,0.0152711541696956,0 to 4 years
401,30357,0.9055714285714284,0.2857142857142857,0.6867842420195929,0 to 4 years
402,34525,0.9769999999999998,1.0,0.3333419632566284,0 to 4 years
403,35140,0.9341428571428569,0.5714285714285714,0.1308053739999384,0 to 4 years
404,32635,0.9055714285714284,0.2857142857142857,0.19665872129005846,0 to 4 years
405,36888,0.891285714285714,0.14285714285714285,0.9751559813011302,0 to 4 years
406,39296,0.9341428571428569,0.5714285714285714,0.9288445780880001,0 to 4 years
407,33532,0.9055714285714284,0.2857142857142857,0.5489994154016958,0 to 4 years
408,30444,0.9055714285714284,0.2857142857142857,0.9445675578004724,0 to 4 years
409,32415,0.9627142857142855,0.8571428571428571,0.7148850348114805,0 to 4 years
410,31558,0.891285714285714,0.14285714285714285,0.8079892167122744,0 to 4 years
411,39880,0.9769999999999998,1.0,0.9245129625147246,0 to 4 years
412,30644,0.9341428571428569,0.5714285714285714,0.15650520781379162,0 to 4 years
413,38069,0.9055714285714284,0.2857142857142857,0.10505495707878149,0 to 4 years
414,35588,0.9341428571428569,0.5714285714285714,0.1983005470494391,0 to 4 years
415,33734,0.9198571428571426,0.42857142857142855,0.061957825380035636,0 to 4 years
416,36774,0.9055714285714284,0.2857142857142857,0.1795611757722677,0 to 4 years
417,34940,0.891285714285714,0.14285714285714285,0.528009400427887,0 to 4 years
418,38986,0.9198571428571426,0.42857142857142855,0.45335689832944587,0 to 4 years
419,31335,0.9055714285714284,0.2857142857142857,0.22806678790079232,0 to 4 years
420,35665,0.891285714285714,0.14285714285714285,0.8436319455391659,0 to 4 years
421,34183,0.9055714285714284,0.2857142857142857,0.4975706231831493,0 to 4 years
422,31349,0.9627142857142855,0.8571428571428571,0.2202244308620031,0 to 4 years
423,39493,0.9341428571428569,0.5714285714285714,0.9019574938290056,0 to 4 years
424,32262,0.9341428571428569,0.5714285714285714,0.7842206170947374,0 to 4 years
425,32667,0.891285714285714,0.14285714285714285,0.08827449800925014,0 to 4 years
426,32645,0.9627142857142855,0.8571428571428571,0.7992922442184884,0 to 4 years
427,39619,0.891285714285714,0.14285714285714285,0.9269474384646941,0 to 4 years
428,30220,0.9055714285714284,0.2857142857142857,0.49047966570529505,0 to 4 years
429,37496,0.9769999999999998,1.0,0.26650533717239866,0 to 4 years
430,38137,0.891285714285714,0.14285714285714285,0.5197550289827915,0 to 4 years
431,33950,0.9055714285714284,0.2857142857142857,0.3244640783388984,0 to 4 years
432,34244,0.9627142857142855,0.8571428571428571,0.792287544183898,0 to 4 years
433,33578,0.9627142857142855,0.8571428571428571,0.8192330373483105,0 to 4 years
434,30361,0.891285714285714,0.14285714285714285,0.69000262073957,0 to 4 years
435,32292,0.9198571428571426,0.42857142857142855,0.526932861910769,0 to 4 years
436,38743,0.891285714285714,0.14285714285714285,0.765157540790469,0 to 4 years
437,34121,0.9627142857142855,0.8571428571428571,0.9587265757543069,0 to 4 years
438,35443,0.9341428571428569,0.5714285714285714,0.10412618991537181,0 to 4 years
439,31801,0.9055714285714284,0.2857142857142857,0.40146691200603,0 to 4 years
440,39096,0.9055714285714284,0.2857142857142857,0.2711657403764303,0 to 4 years
441,33131,0.891285714285714,0.14285714285714285,0.1805568203149412,0 to 4 years
442,34238,0.9055714285714284,0.2857142857142857,0.2418412419489102,0 to 4 years
443,32522,0.9769999999999998,1.0,0.5001657851858441,0 to 4 years
444,37403,0.9055714285714284,0.2857142857142857,0.8225651900129481,0 to 4 years
445,33598,0.9627142857142855,0.8571428571428571,0.46924724406826435,0 to 4 years
446,37904,0.891285714285714,0.14285714285714285,0.6139133483753232,0 to 4 years
447,32317,0.9769999999999998,1.0,0.5689486732303767,0 to 4 years
448,30618,0.9627142857142855,0.8571428571428571,0.4010616987899449,0 to 4 years
449,36959,0.9055714285714284,0.2857142857142857,0.4619316936363328,0 to 4 years
450,30091,0.9341428571428569,0.5714285714285714,0.07205755632010041,0 to 4 years
451,38364,0.9055714285714284,0.2857142857142857,0.4897484216307158,0 to 4 years
452,31941,0.9627142857142855,0.8571428571428571,0.3298125379812813,0 to 4 years
453,32087,0.891285714285714,0.14285714285714285,0.08334598275422411,0 to 4 years
454,37717,0.9198571428571426,0.42857142857142855,0.23217066672695091,0 to 4 years
455,34456,0.9341428571428569,0.5714285714285714,0.5468414305491308,0 to 4 years
456,36776,0.9341428571428569,0.5714285714285714,0.17662604674075066,0 to 4 years
457,33916,0.9341428571428569,0.5714285714285714,0.5472203482085699,0 to 4 years
458,34097,0.9198571428571426,0.42857142857142855,0.9473048956211606,0 to 4 years
459,33951,0.891285714285714,0.14285714285714285,0.2688334003775627,0 to 4 years
460,31389,0.9055714285714284,0.2857142857142857,0.3167976302385349,0 to 4 years
461,39613,0.9341428571428569,0.5714285714285714,0.19649748160486274,0 to 4 years
462,33475,0.9055714285714284,0.2857142857142857,0.3501813268743856,0 to 4 years
463,30060,0.9484285714285712,0.7142857142857142,0.9912494441907292,0 to 4 years
464,31130,0.9627142857142855,0.8571428571428571,0.4605252775532404,0 to 4 years
465,35698,0.9055714285714284,0.2857142857142857,0.5564188402246497,0 to 4 years
466,36523,0.9341428571428569,0.5714285714285714,0.02718534628463143,0 to 4 years
467,37720,0.9198571428571426,0.42857142857142855,0.9519301241637786,0 to 4 years
468,31538,0.9055714285714284,0.2857142857142857,0.46030605914332035,0 to 4 years
469,32124,0.9055714285714284,0.2857142857142857,0.5322079514102854,0 to 4 years
470,32594,0.9055714285714284,0.2857142857142857,0.33872860075285927,0 to 4 years
471,35193,0.891285714285714,0.14285714285714285,0.8648146045035358,0 to 4 years
472,32091,0.9341428571428569,0.5714285714285714,0.4117493280167468,0 to 4 years
473,33822,0.9055714285714284,0.2857142857142857,0.41221795694993346,0 to 4 years
474,36122,0.891285714285714,0.14285714285714285,0.2456577078155064,0 to 4 years
475,38394,0.891285714285714,0.14285714285714285,0.07038511474685982,0 to 4 years
476,33831,0.9627142857142855,0.8571428571428571,0.7778108840101203,0 to 4 years
477,37342,0.9341428571428569,0.5714285714285714,0.8134071655208884,0 to 4 years
478,30276,0.9627142857142855,0.8571428571428571,0.40807541383178875,0 to 4 years
479,32682,0.9627142857142855,0.8571428571428571,0.40935374733184865,0 to 4 years
480,39713,0.9055714285714284,0.2857142857142857,0.7920988384928906,0 to 4 years
481,37524,0.9055714285714284,0.2857142857142857,0.354283878295259,0 to 4 years
482,39099,0.9055714285714284,0.2857142857142857,0.34769991938709655,0 to 4 years
483,38574,0.9055714285714284,0.2857142857142857,0.39967881170515795,0 to 4 years
484,32450,0.891285714285714,0.14285714285714285,0.4775728408667555,0 to 4 years
485,32222,0.9055714285714284,0.2857142857142857,0.7981550516639899,0 to 4 years
486,39345,0.9055714285714284,0.2857142857142857,0.3966601443383919,0 to 4 years
487,39752,0.891285714285714,0.14285714285714285,0.716344931445038,0 to 4 years
488,37048,0.9627142857142855,0.8571428571428571,0.03806308202487474,0 to 4 years
489,32001,0.891285714285714,0.14285714285714285,0.18793838293064802,0 to 4 years
490,31737,0.9055714285714284,0.2857142857142857,0.5456546571041705,0 to 4 years
491,32094,0.9198571428571426,0.42857142857142855,0.8602680793723119,0 to 4 years
492,30198,0.9198571428571426,0.42857142857142855,0.7242817796226115,0 to 4 years
493,32787,0.9341428571428569,0.5714285714285714,0.622042052468538,0 to 4 years
494,30764,0.9341428571428569,0.5714285714285714,0.7216568779789446,0 to 4 years
495,34923,0.9055714285714284,0.2857142857142857,0.5430368942469298,0 to 4 years
496,34685,0.9341428571428569,0.5714285714285714,0.7365806660137508,0 to 4 years
497,38059,0.9627142857142855,0.8571428571428571,0.40878018527211,0 to 4 years
498,30943,0.9627142857142855,0.8571428571428571,0.4251535975614026,0 to 4 years
499,36429,0.891285714285714,0.14285714285714285,0.24237178793506264,0 to 4 years
500,36779,0.9055714285714284,0.2857142857142857,0.8343314814420355,0 to 4 years
501,30887,0.891285714285714,0.14285714285714285,0.13367940232226522,0 to 4 years
502,34187,0.891285714285714,0.14285714285714285,0.07123439805193249,0 to 4 years
503,35948,0.9341428571428569,0.5714285714285714,0.11711461921661576,0 to 4 years
504,38970,0.9769999999999998,1.0,0.41516260520841664,0 to 4 years
505,34195,0.891285714285714,0.14285714285714285,0.8732619781204106,0 to 4 years
506,37844,0.9627142857142855,0.8571428571428571,0.27750741883585944,0 to 4 years
507,34205,0.9627142857142855,0.8571428571428571,0.5933688476124711,0 to 4 years
508,38269,0.9055714285714284,0.2857142857142857,0.42321978473172406,0 to 4 years
509,33876,0.891285714285714,0.14285714285714285,0.7925818845830872,0 to 4 years
510,31840,0.9198571428571426,0.42857142857142855,0.3140275029927506,0 to 4 years
511,39469,0.9055714285714284,0.2857142857142857,0.3580041494615988,0 to 4 years
512,37386,0.9769999999999998,1.0,0.7262297724674229,0 to 4 years
513,34259,0.9341428571428569,0.5714285714285714,0.8097495559174694,0 to 4 years
514,39546,0.9484285714285712,0.7142857142857142,0.975346648913424,0 to 4 years
515,34719,0.9627142857142855,0.8571428571428571,0.2517769488921647,0 to 4 years
516,34703,0.9627142857142855,0.8571428571428571,0.6166610331562111,0 to 4 years
517,32664,0.9627142857142855,0.8571428571428571,0.1059656638416584,0 to 4 years
518,30743,0.9627142857142855,0.8571428571428571,0.9708881925065143,0 to 4 years
519,37430,0.9341428571428569,0.5714285714285714,0.6406233635192657,0 to 4 years
520,30012,0.9769999999999998,1.0,0.5956139727701348,0 to 4 years
521,34198,0.9484285714285712,0.7142857142857142,0.7810358481207726,0 to 4 years
522,38998,0.9627142857142855,0.8571428571428571,0.4338928008861012,0 to 4 years
523,37970,0.9055714285714284,0.2857142857142857,0.16019185922150408,0 to 4 years
524,35623,0.9055714285714284,0.2857142857142857,0.41737566742591214,0 to 4 years
525,33612,0.9769999999999998,1.0,0.4898147866677397,0 to 4 years
526,34604,0.891285714285714,0.14285714285714285,0.206468839339096,0 to 4 years
527,34061,0.891285714285714,0.14285714285714285,0.29726742152486774,0 to 4 years
528,31596,0.9769999999999998,1.0,0.42379042006653067,0 to 4 years
529,35330,0.9198571428571426,0.42857142857142855,0.6076540223066043,0 to 4 years
530,35636,0.891285714285714,0.14285714285714285,0.4366038436836988,0 to 4 years
531,34189,0.891285714285714,0.14285714285714285,0.9015225460204883,0 to 4 years
532,31479,0.9341428571428569,0.5714285714285714,0.11540630676171665,0 to 4 years
533,32057,0.9484285714285712,0.7142857142857142,0.33188728088277486,0 to 4 years
534,36510,0.9055714285714284,0.2857142857142857,0.6720141496591665,0 to 4 years
535,32590,0.9341428571428569,0.5714285714285714,0.22386344648194995,0 to 4 years
536,37453,0.9055714285714284,0.2857142857142857,0.6473575219321299,0 to 4 years
537,37113,0.9484285714285712,0.7142857142857142,0.15104552838614949,0 to 4 years
538,34090,0.9341428571428569,0.5714285714285714,0.32494190041137705,0 to 4 years
539,37712,0.891285714285714,0.14285714285714285,0.36385881968697575,0 to 4 years
540,37197,0.9769999999999998,1.0,0.8569589611939826,0 to 4 years
541,39412,0.9341428571428569,0.5714285714285714,0.15963578902622283,0 to 4 years
542,38611,0.9627142857142855,0.8571428571428571,0.24117866289170337,0 to 4 years
543,38748,0.891285714285714,0.14285714285714285,0.969102465649379,0 to 4 years
544,35897,0.9627142857142855,0.8571428571428571,0.5633286645973412,0 to 4 years
545,34052,0.9198571428571426,0.42857142857142855,0.5682363820070427,0 to 4 years
546,32135,0.9055714285714284,0.2857142857142857,0.6742469423072371,0 to 4 years
547,38160,0.9769999999999998,1.0,0.04001211478018668,0 to 4 years
548,35640,0.9627142857142855,0.8571428571428571,0.6976940292753192,0 to 4 years
549,30705,0.9055714285714284,0.2857142857142857,0.47470668114171793,0 to 4 years
550,33438,0.9769999999999998,1.0,0.389267674591509,0 to 4 years
551,35382,0.891285714285714,0.14285714285714285,0.7719163376050632,0 to 4 years
552,34626,0.891285714285714,0.14285714285714285,0.43766432552703827,0 to 4 years
553,35201,0.9341428571428569,0.5714285714285714,0.8551823870981656,0 to 4 years
554,30604,0.9341428571428569,0.5714285714285714,0.952261882957975,0 to 4 years
555,34105,0.891285714285714,0.14285714285714285,0.5075024491095709,0 to 4 years
556,31528,0.891285714285714,0.14285714285714285,0.4917328970366637,0 to 4 years
557,38752,0.9627142857142855,0.8571428571428571,0.7324030912142548,0 to 4 years
558,31194,0.9198571428571426,0.42857142857142855,0.13425281940535305,0 to 4 years
559,34494,0.891285714285714,0.14285714285714285,0.86478921774485,0 to 4 years
560,33759,0.891285714285714,0.14285714285714285,0.5374484591232936,0 to 4 years
561,30084,0.9055714285714284,0.2857142857142857,0.6761553677301742,0 to 4 years
562,37279,0.9055714285714284,0.2857142857142857,0.9919200357088531,0 to 4 years
563,33920,0.9055714285714284,0.2857142857142857,0.5045446100255792,0 to 4 years
564,34982,0.9484285714285712,0.7142857142857142,0.9298035184619333,0 to 4 years
565,35274,0.891285714285714,0.14285714285714285,0.2793550902486915,0 to 4 years
566,38565,0.9341428571428569,0.5714285714285714,0.32488757387064693,0 to 4 years
567,32569,0.9627142857142855,0.8571428571428571,0.5671153751176414,0 to 4 years
568,35641,0.9055714285714284,0.2857142857142857,0.24764545943389782,0 to 4 years
569,32750,0.9627142857142855,0.8571428571428571,0.4899120878698052,0 to 4 years
570,31624,0.9627142857142855,0.8571428571428571,0.28744291122718,0 to 4 years
571,36068,0.9627142857142855,0.8571428571428571,0.456131213880013,0 to 4 years
572,39393,0.9055714285714284,0.2857142857142857,0.036754071356994045,0 to 4 years
573,32542,0.9341428571428569,0.5714285714285714,0.517226681191918,0 to 4 years
574,36563,0.9341428571428569,0.5714285714285714,0.3979255744580241,0 to 4 years
575,33336,0.9627142857142855,0.8571428571428571,0.8211159869893302,0 to 4 years
576,33038,0.9055714285714284,0.2857142857142857,0.7922138253696226,0 to 4 years
577,35624,0.9341428571428569,0.5714285714285714,0.9069571678183708,0 to 4 years
578,30073,0.9627142857142855,0.8571428571428571,0.21659347253577282,0 to 4 years
579,36862,0.9055714285714284,0.2857142857142857,0.45008971898384503,0 to 4 years
580,39186,0.9055714285714284,0.2857142857142857,0.8689832473533973,0 to 4 years
581,37870,0.9055714285714284,0.2857142857142857,0.6120905727323971,0 to 4 years
582,38645,0.9055714285714284,0.2857142857142857,0.9356616336512875,0 to 4 years
583,35042,0.9627142857142855,0.8571428571428571,0.4959999627238938,0 to 4 years
584,30437,0.891285714285714,0.14285714285714285,0.7526267387460366,0 to 4 years
585,32669,0.9055714285714284,0.2857142857142857,0.8350602176806001,0 to 4 years
586,31489,0.9341428571428569,0.5714285714285714,0.7447002883572089,0 to 4 years
587,38061,0.9055714285714284,0.2857142857142857,0.884701101331768,0 to 4 years
588,36540,0.891285714285714,0.14285714285714285,0.47763019602320217,0 to 4 years
589,35767,0.891285714285714,0.14285714285714285,0.1299670183962212,0 to 4 years
590,37938,0.9198571428571426,0.42857142857142855,0.6361987832856946,0 to 4 years
591,39524,0.9198571428571426,0.42857142857142855,0.2929529202767348,0 to 4 years
592,34672,0.9198571428571426,0.42857142857142855,0.4120167678721062,0 to 4 years
593,36026,0.9198571428571426,0.42857142857142855,0.9966421138543073,0 to 4 years
594,38319,0.891285714285714,0.14285714285714285,0.6939017233091489,0 to 4 years
595,37029,0.9627142857142855,0.8571428571428571,0.4861916719360167,0 to 4 years
596,35619,0.891285714285714,0.14285714285714285,0.3209524229887303,0 to 4 years
597,30619,0.9341428571428569,0.5714285714285714,0.5757378365722954,0 to 4 years
598,34656,0.9627142857142855,0.8571428571428571,0.9692792481329711,0 to 4 years
599,33638,0.9198571428571426,0.42857142857142855,0.37525273813597193,0 to 4 years
600,38031,0.9627142857142855,0.8571428571428571,0.6837530233811122,0 to 4 years
601,34734,0.891285714285714,0.14285714285714285,0.10627091824770879,0 to 4 years
602,35519,0.9769999999999998,1.0,0.14335776495796193,0 to 4 years
603,30136,0.9055714285714284,0.2857142857142857,0.7522231164271652,0 to 4 years
604,30536,0.9055714285714284,0.2857142857142857,0.7026450752268563,0 to 4 years
605,37666,0.9055714285714284,0.2857142857142857,0.293541934184246,0 to 4 years
606,34460,0.891285714285714,0.14285714285714285,0.7720224664024502,0 to 4 years
607,35146,0.9055714285714284,0.2857142857142857,0.2975802132957799,0 to 4 years
608,36905,0.891285714285714,0.14285714285714285,0.1762597990072342,0 to 4 years
609,33936,0.891285714285714,0.14285714285714285,0.6902040326919895,0 to 4 years
610,36803,0.9055714285714284,0.2857142857142857,0.24309108212102337,0 to 4 years
611,38592,0.891285714285714,0.14285714285714285,0.4936883543605224,0 to 4 years
612,34294,0.9341428571428569,0.5714285714285714,0.6565822455902514,0 to 4 years
613,32568,0.9055714285714284,0.2857142857142857,0.5797830396678015,0 to 4 years
614,38760,0.9055714285714284,0.2857142857142857,0.20627333720390928,0 to 4 years
615,34615,0.9055714285714284,0.2857142857142857,0.8699393936840862,0 to 4 years
616,37508,0.9627142857142855,0.8571428571428571,0.43257106303270826,0 to 4 years
617,39458,0.9769999999999998,1.0,0.07111790541199248,0 to 4 years
618,37614,0.891285714285714,0.14285714285714285,0.9498039207963517,0 to 4 years
619,31004,0.9198571428571426,0.42857142857142855,0.30543010398841447,0 to 4 years
620,37939,0.9627142857142855,0.8571428571428571,0.18219557263672664,0 to 4 years
621,34387,0.9055714285714284,0.2857142857142857,0.8979705642274869,0 to 4 years
622,34908,0.9055714285714284,0.2857142857142857,0.7333615583830648,0 to 4 years
623,31345,0.891285714285714,0.14285714285714285,0.7911027395164129,0 to 4 years
624,36499,0.891285714285714,0.14285714285714285,0.27389156205293574,0 to 4 years
625,34132,0.891285714285714,0.14285714285714285,0.8585142527107521,0 to 4 years
626,37573,0.891285714285714,0.14285714285714285,0.5701935488122312,0 to 4 years
627,37657,0.9484285714285712,0.7142857142857142,0.3689442892807169,0 to 4 years
628,39280,0.9055714285714284,0.2857142857142857,0.20802993158972632,0 to 4 years
629,38377,0.9341428571428569,0.5714285714285714,0.24141021175239152,0 to 4 years
630,39985,0.9198571428571426,0.42857142857142855,0.5811929341212683,0 to 4 years
631,37271,0.9055714285714284,0.2857142857142857,0.7423627174435309,0 to 4 years
632,30049,0.9627142857142855,0.8571428571428571,0.08667702303184105,0 to 4 years
633,34184,0.9627142857142855,0.8571428571428571,0.9681887143748389,0 to 4 years
634,36083,0.9055714285714284,0.2857142857142857,0.622114539363619,0 to 4 years
635,36347,0.9055714285714284,0.2857142857142857,0.3503220066890146,0 to 4 years
636,36956,0.9198571428571426,0.42857142857142855,0.21865268839720592,0 to 4 years
637,32361,0.891285714285714,0.14285714285714285,0.34088541606687806,0 to 4 years
638,39798,0.9341428571428569,0.5714285714285714,0.7499989883032849,0 to 4 years
639,37594,0.9341428571428569,0.5714285714285714,0.26434714522237446,0 to 4 years
640,37923,0.9341428571428569,0.5714285714285714,0.6211908482151058,0 to 4 years
641,31001,0.9484285714285712,0.7142857142857142,0.7567613164496296,0 to 4 years
642,38428,0.9769999999999998,1.0,0.8919061359010816,0 to 4 years
643,37033,0.9055714285714284,0.2857142857142857,0.6246595079312968,0 to 4 years
644,30870,0.9769999999999998,1.0,0.4900812741067506,0 to 4 years
645,37195,0.9055714285714284,0.2857142857142857,0.547470840618342,0 to 4 years
646,39627,0.9055714285714284,0.2857142857142857,0.11775882040503188,0 to 4 years
647,36994,0.9198571428571426,0.42857142857142855,0.21853575007308035,0 to 4 years
648,34142,0.9341428571428569,0.5714285714285714,0.4353425725125005,0 to 4 years
649,36821,0.9055714285714284,0.2857142857142857,0.5309134214167741,0 to 4 years
650,36246,0.9341428571428569,0.5714285714285714,0.5775396251445836,0 to 4 years
651,33544,0.9055714285714284,0.2857142857142857,0.7139314523492296,0 to 4 years
652,32344,0.9341428571428569,0.5714285714285714,0.6711047576358453,0 to 4 years
653,38795,0.9198571428571426,0.42857142857142855,0.7118243885408673,0 to 4 years
654,38942,0.891285714285714,0.14285714285714285,0.40818256050727386,0 to 4 years
655,30207,0.9055714285714284,0.2857142857142857,0.36708720055375577,0 to 4 years
656,39543,0.9055714285714284,0.2857142857142857,0.3313146757626829,0 to 4 years
657,34436,0.9769999999999998,1.0,0.271617602119833,0 to 4 years
658,32489,0.9627142857142855,0.8571428571428571,0.37432782824788247,0 to 4 years
659,31285,0.9055714285714284,0.2857142857142857,0.30823370437790365,0 to 4 years
660,37452,0.9055714285714284,0.2857142857142857,0.6272340989495899,0 to 4 years
661,36105,0.9627142857142855,0.8571428571428571,0.5683508552610498,0 to 4 years
662,38898,0.891285714285714,0.14285714285714285,0.6739921163219633,0 to 4 years
663,31038,0.9627142857142855,0.8571428571428571,0.2594819733629446,0 to 4 years
664,35314,0.891285714285714,0.14285714285714285,0.4763054467703013,0 to 4 years
665,31307,0.9627142857142855,0.8571428571428571,0.8927258162059619,0 to 4 years
666,32232,0.9055714285714284,0.2857142857142857,0.28041191060295995,0 to 4 years
667,37369,0.9198571428571426,0.42857142857142855,0.04870367118043872,0 to 4 years
668,39788,0.9341428571428569,0.5714285714285714,0.22321540146671054,0 to 4 years
669,35928,0.891285714285714,0.14285714285714285,0.4994468745110227,0 to 4 years
670,30603,0.9055714285714284,0.2857142857142857,0.5275535873745811,0 to 4 years
671,34180,0.9627142857142855,0.8571428571428571,0.3774435929089241,0 to 4 years
672,35414,0.9055714285714284,0.2857142857142857,0.6431767203997695,0 to 4 years
673,33309,0.9055714285714284,0.2857142857142857,0.7006280006946615,0 to 4 years
674,33988,0.891285714285714,0.14285714285714285,0.8108416837435581,0 to 4 years
675,39729,0.9627142857142855,0.8571428571428571,0.4952667688743596,0 to 4 years
676,31804,0.891285714285714,0.14285714285714285,0.19852279815415258,0 to 4 years
677,34601,0.9198571428571426,0.42857142857142855,0.5316132817142889,0 to 4 years
678,33253,0.891285714285714,0.14285714285714285,0.3074262157617038,0 to 4 years
679,39360,0.9627142857142855,0.8571428571428571,0.5406459566916335,0 to 4 years
680,34490,0.9627142857142855,0.8571428571428571,0.6799774707000519,0 to 4 years
681,34390,0.9198571428571426,0.42857142857142855,0.5928770808673037,0 to 4 years
682,33289,0.9341428571428569,0.5714285714285714,0.5561296823558108,0 to 4 years
683,36649,0.9341428571428569,0.5714285714285714,0.45191646856777823,0 to 4 years
684,36585,0.9627142857142855,0.8571428571428571,0.424947478984319,0 to 4 years
685,37118,0.9627142857142855,0.8571428571428571,0.6060451099365989,0 to 4 years
686,34609,0.9341428571428569,0.5714285714285714,0.6583438770241984,0 to 4 years
687,34802,0.9055714285714284,0.2857142857142857,0.03542654891078312,0 to 4 years
688,31668,0.9341428571428569,0.5714285714285714,0.1087686265411903,0 to 4 years
689,35507,0.891285714285714,0.14285714285714285,0.5127460354632216,0 to 4 years
690,32940,0.9055714285714284,0.2857142857142857,0.41595325245861253,0 to 4 years
691,31939,0.891285714285714,0.14285714285714285,0.6547332277329416,0 to 4 years
692,36160,0.9627142857142855,0.8571428571428571,0.4908481647136109,0 to 4 years
693,38987,0.9198571428571426,0.42857142857142855,0.5026126394123233,0 to 4 years
694,32646,0.9198571428571426,0.42857142857142855,0.8617798905490228,0 to 4 years
695,39073,0.891285714285714,0.14285714285714285,0.5411717263226103,0 to 4 years
696,31363,0.9055714285714284,0.2857142857142857,0.7058814939554825,0 to 4 years
697,35494,0.9198571428571426,0.42857142857142855,0.5632133120304564,0 to 4 years
698,34795,0.9769999999999998,1.0,0.6204002505402745,0 to 4 years
699,36107,0.9055714285714284,0.2857142857142857,0.4652959429216646,0 to 4 years
700,31369,0.9627142857142855,0.8571428571428571,0.9995091392792966,0 to 4 years
701,32181,0.9627142857142855,0.8571428571428571,0.8702094633632667,0 to 4 years
702,32944,0.891285714285714,0.14285714285714285,0.1632595720820071,0 to 4 years
703,31423,0.9627142857142855,0.8571428571428571,0.3359791473844731,0 to 4 years
704,32020,0.9198571428571426,0.42857142857142855,0.6962672348259338,0 to 4 years
705,38854,0.9055714285714284,0.2857142857142857,0.38887142799335295,0 to 4 years
706,38790,0.9341428571428569,0.5714285714285714,0.6776897147913024,0 to 4 years
707,36433,0.9198571428571426,0.42857142857142855,0.7607381957398244,0 to 4 years
708,38823,0.9055714285714284,0.2857142857142857,0.8593389609194755,0 to 4 years
709,30829,0.9341428571428569,0.5714285714285714,0.8408569464628648,0 to 4 years
710,38263,0.9769999999999998,1.0,0.982776273310947,0 to 4 years
711,31439,0.9198571428571426,0.42857142857142855,0.17248170158664616,0 to 4 years
712,33607,0.9484285714285712,0.7142857142857142,0.21490634537002795,0 to 4 years
713,39027,0.9055714285714284,0.2857142857142857,0.3826435905730944,0 to 4 years
714,35349,0.9341428571428569,0.5714285714285714,0.556833919678054,0 to 4 years
715,34579,0.9769999999999998,1.0,0.6638835906710439,0 to 4 years
716,38457,0.0,0.2857142857142857,0.666348512697436,0 to 4 years
717,30894,0.9198571428571426,0.42857142857142855,0.9719857983248424,0 to 4 years
718,35975,0.9341428571428569,0.5714285714285714,0.3060816685609139,0 to 4 years
719,35401,0.891285714285714,0.14285714285714285,0.9200636240718745,0 to 4 years
720,36797,0.9341428571428569,0.5714285714285714,0.7352508180627564,0 to 4 years
721,31235,0.9484285714285712,0.7142857142857142,0.5729299306958324,0 to 4 years
722,33089,0.9341428571428569,0.5714285714285714,0.979978336337775,0 to 4 years
723,38320,0.9341428571428569,0.5714285714285714,0.10421104552837734,0 to 4 years
724,30223,0.9341428571428569,0.5714285714285714,0.35841261009561687,0 to 4 years
725,32577,0.9627142857142855,0.8571428571428571,0.8622653153969503,0 to 4 years
726,39262,0.9627142857142855,0.8571428571428571,0.3228311650707265,0 to 4 years
727,31480,0.9198571428571426,0.42857142857142855,0.5730049454331767,0 to 4 years
728,38327,0.9198571428571426,0.42857142857142855,0.22895396621174613,0 to 4 years
729,34145,0.891285714285714,0.14285714285714285,0.8184985628144348,0 to 4 years
730,33778,0.891285714285714,0.14285714285714285,0.14844279424129775,0 to 4 years
731,36130,0.9341428571428569,0.5714285714285714,0.3861412734373344,0 to 4 years
732,34466,0.9055714285714284,0.2857142857142857,0.5976428503243343,0 to 4 years
733,38600,0.9055714285714284,0.2857142857142857,0.19263423328806512,0 to 4 years
734,34948,0.9055714285714284,0.2857142857142857,0.35600294203212535,0 to 4 years
735,33650,0.891285714285714,0.14285714285714285,0.4630486050779491,0 to 4 years
736,33675,0.891285714285714,0.14285714285714285,0.9902840651292377,0 to 4 years
737,35711,0.9055714285714284,0.2857142857142857,0.9731869246602898,0 to 4 years
738,37038,0.9341428571428569,0.5714285714285714,0.009045037245808185,0 to 4 years
739,31162,0.9055714285714284,0.2857142857142857,0.16190956994964334,0 to 4 years
740,36528,0.9341428571428569,0.5714285714285714,0.21764956622485732,0 to 4 years
741,37476,0.9769999999999998,1.0,0.20492102239033466,0 to 4 years
742,35484,0.9627142857142855,0.8571428571428571,0.537803362711257,0 to 4 years
743,33346,0.891285714285714,0.14285714285714285,0.4993176323622449,0 to 4 years
744,37458,0.9627142857142855,0.8571428571428571,0.6734239847334442,0 to 4 years
745,38894,0.9627142857142855,0.8571428571428571,0.6503041224650066,0 to 4 years
746,39781,0.9627142857142855,0.8571428571428571,0.2724852018536697,0 to 4 years
747,36032,0.891285714285714,0.14285714285714285,0.780902025149581,0 to 4 years
748,38468,0.9769999999999998,1.0,0.8803842268659394,0 to 4 years
749,34509,0.891285714285714,0.14285714285714285,0.5135132903206067,0 to 4 years
750,32139,0.891285714285714,0.14285714285714285,0.672366938706308,0 to 4 years
751,38081,0.9198571428571426,0.42857142857142855,0.4266016181734431,0 to 4 years
752,34175,0.891285714285714,0.14285714285714285,0.6555881825873435,0 to 4 years
753,39897,0.9055714285714284,0.2857142857142857,0.4613012010791015,0 to 4 years
754,31249,0.9627142857142855,0.8571428571428571,0.3270617603601922,0 to 4 years
755,31104,0.9484285714285712,0.7142857142857142,0.7205179881869107,0 to 4 years
756,34493,0.9627142857142855,0.8571428571428571,0.018060157077870342,0 to 4 years
757,38559,0.891285714285714,0.14285714285714285,0.6250311743948019,0 to 4 years
758,36024,0.9341428571428569,0.5714285714285714,0.5020223209240485,0 to 4 years
759,36302,0.9055714285714284,0.2857142857142857,0.25001963427782226,0 to 4 years
760,33738,0.9198571428571426,0.42857142857142855,0.10996027001258485,0 to 4 years
761,37260,0.891285714285714,0.14285714285714285,0.6676635683774104,0 to 4 years
762,35562,0.9341428571428569,0.5714285714285714,0.6490156269649136,0 to 4 years
763,35389,0.9055714285714284,0.2857142857142857,0.37830640741286575,0 to 4 years
764,39578,0.9055714285714284,0.2857142857142857,0.09608351967885942,0 to 4 years
765,33564,0.9627142857142855,0.8571428571428571,0.7159964489867675,0 to 4 years
766,31699,0.891285714285714,0.14285714285714285,0.457791446567822,0 to 4 years
767,39494,0.9769999999999998,1.0,0.9526068245636738,0 to 4 years
768,37268,0.9627142857142855,0.8571428571428571,0.5118904612602693,0 to 4 years
769,33341,0.9769999999999998,1.0,0.22910897526382373,0 to 4 years
770,37081,0.891285714285714,0.14285714285714285,0.1622367140828581,0 to 4 years
771,39844,0.9055714285714284,0.2857142857142857,0.8058613797183464,0 to 4 years
772,39033,0.9627142857142855,0.8571428571428571,0.5984376998269092,0 to 4 years
773,39260,0.9341428571428569,0.5714285714285714,0.5004236562180279,0 to 4 years
774,32605,0.891285714285714,0.14285714285714285,0.224237116407557,0 to 4 years
775,38788,0.9627142857142855,0.8571428571428571,0.17039041054784976,0 to 4 years
776,34869,0.9055714285714284,0.2857142857142857,0.23073904359273706,0 to 4 years
777,33004,0.9055714285714284,0.2857142857142857,0.2254029845591582,0 to 4 years
778,32100,0.9055714285714284,0.2857142857142857,0.43626537723131364,0 to 4 years
779,38896,0.9341428571428569,0.5714285714285714,0.6049765362613023,0 to 4 years
780,38249,0.9198571428571426,0.42857142857142855,0.6107129775919841,0 to 4 years
781,32451,0.891285714285714,0.14285714285714285,0.47353937840023863,0 to 4 years
782,31930,0.9198571428571426,0.42857142857142855,0.010903651627610866,0 to 4 years
783,34270,0.9055714285714284,0.2857142857142857,0.3259463052700068,0 to 4 years
784,35716,0.9055714285714284,0.2857142857142857,0.18526876835235284,0 to 4 years
785,33863,0.9341428571428569,0.5714285714285714,0.7729533438683545,0 to 4 years
786,30311,0.9769999999999998,1.0,0.4491589830836749,0 to 4 years
787,33785,0.9341428571428569,0.5714285714285714,0.27294367761816823,0 to 4 years
788,31401,0.9627142857142855,0.8571428571428571,0.25718838116930015,0 to 4 years
789,37700,0.9198571428571426,0.42857142857142855,0.15448157315892486,0 to 4 years
790,38644,0.9055714285714284,0.2857142857142857,0.9397824654012615,0 to 4 years
791,32359,0.9627142857142855,0.8571428571428571,0.9814291115310557,0 to 4 years
792,31465,0.9627142857142855,0.8571428571428571,0.9328380121967188,0 to 4 years
793,36070,0.9055714285714284,0.2857142857142857,0.4476550043921309,0 to 4 years
794,33043,0.9198571428571426,0.42857142857142855,0.6925158959029819,0 to 4 years
795,37427,0.9341428571428569,0.5714285714285714,0.11610886609364751,0 to 4 years
796,32083,0.9627142857142855,0.8571428571428571,0.1307004893117083,0 to 4 years
797,38598,0.9055714285714284,0.2857142857142857,0.13573628228489748,0 to 4 years
798,38493,0.9055714285714284,0.2857142857142857,0.9774827240234432,0 to 4 years
799,31711,0.891285714285714,0.14285714285714285,0.3479266238589017,0 to 4 years
800,30189,0.891285714285714,0.14285714285714285,0.7819578573727533,0 to 4 years
801,33390,0.9341428571428569,0.5714285714285714,0.7956517052257477,0 to 4 years
802,34232,0.891285714285714,0.14285714285714285,0.4972784781501162,0 to 4 years
803,32689,0.9341428571428569,0.5714285714285714,0.1634617376861922,0 to 4 years
804,38770,0.9341428571428569,0.5714285714285714,0.28740524019780084,0 to 4 years
805,32148,0.9055714285714284,0.2857142857142857,0.6342783720700264,0 to 4 years
806,31150,0.9341428571428569,0.5714285714285714,0.5276047474524772,0 to 4 years
807,35697,0.891285714285714,0.14285714285714285,0.06599364616794107,0 to 4 years
808,36281,0.9055714285714284,0.2857142857142857,0.3456515610173914,0 to 4 years
809,32666,0.9627142857142855,0.8571428571428571,0.6282449356653776,0 to 4 years
810,32516,0.9484285714285712,0.7142857142857142,0.2885033179328866,0 to 4 years
811,38910,0.9627142857142855,0.8571428571428571,0.44185469378378067,0 to 4 years
812,34511,0.9627142857142855,0.8571428571428571,0.7779841379091648,0 to 4 years
813,34830,0.9198571428571426,0.42857142857142855,0.7419413327111752,0 to 4 years
814,38985,0.9769999999999998,1.0,0.7709547898899144,0 to 4 years
815,30760,0.9341428571428569,0.5714285714285714,0.7834807579017578,0 to 4 years
816,38134,0.9341428571428569,0.5714285714285714,0.3492106658335814,0 to 4 years
817,31575,0.9198571428571426,0.42857142857142855,0.5649022237868045,0 to 4 years
818,33440,0.9341428571428569,0.5714285714285714,0.8055067181451594,0 to 4 years
819,31364,0.9769999999999998,1.0,0.5696107558888631,0 to 4 years
820,38174,0.9627142857142855,0.8571428571428571,0.13716925276307035,0 to 4 years
821,39309,0.9484285714285712,0.7142857142857142,0.5361977104185361,0 to 4 years
822,37136,0.9055714285714284,0.2857142857142857,0.21568344680473855,0 to 4 years
823,39715,0.9769999999999998,1.0,0.6828133786618114,0 to 4 years
824,33760,0.9055714285714284,0.2857142857142857,0.12387784731849083,0 to 4 years
825,31052,0.9198571428571426,0.42857142857142855,0.8568383490679106,0 to 4 years
826,33502,0.9341428571428569,0.5714285714285714,0.09876050445428491,0 to 4 years
827,38105,0.9627142857142855,0.8571428571428571,0.25183994219963496,0 to 4 years
828,38458,0.9055714285714284,0.2857142857142857,0.606972327497165,0 to 4 years
829,35200,0.9341428571428569,0.5714285714285714,0.5332300744950016,0 to 4 years
830,30273,0.9055714285714284,0.2857142857142857,0.6662838940804718,0 to 4 years
831,39654,0.9341428571428569,0.5714285714285714,0.2978424323984311,0 to 4 years
832,31460,0.9341428571428569,0.5714285714285714,0.0008257163113681854,0 to 4 years
833,38305,0.9341428571428569,0.5714285714285714,0.9030968168957147,0 to 4 years
834,35450,0.9055714285714284,0.2857142857142857,0.3266415620165765,0 to 4 years
835,38948,0.9341428571428569,0.5714285714285714,0.43151829335479064,0 to 4 years
836,34894,0.891285714285714,0.14285714285714285,0.37390420314520884,0 to 4 years
837,31858,0.9341428571428569,0.5714285714285714,0.5778125013646114,0 to 4 years
838,36290,0.9055714285714284,0.2857142857142857,0.2493840320656288,0 to 4 years
839,39045,0.9341428571428569,0.5714285714285714,0.2904047172970557,0 to 4 years
840,39057,0.9341428571428569,0.5714285714285714,0.7913627005056929,0 to 4 years
841,39928,0.9055714285714284,0.2857142857142857,0.6420357229552904,0 to 4 years
842,36288,0.891285714285714,0.14285714285714285,0.8343528939373872,0 to 4 years
843,34812,0.9055714285714284,0.2857142857142857,0.5760079817671853,0 to 4 years
844,37218,0.891285714285714,0.14285714285714285,0.973909620004795,0 to 4 years
845,31114,0.891285714285714,0.14285714285714285,0.1121440302982325,0 to 4 years
846,32048,0.891285714285714,0.14285714285714285,0.5167272268864334,0 to 4 years
847,32866,0.9341428571428569,0.5714285714285714,0.6040303098809688,0 to 4 years
848,38838,0.891285714285714,0.14285714285714285,0.5012271925906123,0 to 4 years
849,39955,0.891285714285714,0.14285714285714285,0.7007795503867903,0 to 4 years
850,30496,0.891285714285714,0.14285714285714285,0.21974149332699844,0 to 4 years
851,37650,0.9055714285714284,0.2857142857142857,0.2788475853176434,0 to 4 years
852,37976,0.9627142857142855,0.8571428571428571,0.08143207561170024,0 to 4 years
853,35127,0.891285714285714,0.14285714285714285,0.48893995407128577,0 to 4 years
854,39223,0.891285714285714,0.14285714285714285,0.61840047150732,0 to 4 years
855,36053,0.9341428571428569,0.5714285714285714,0.15736271727435208,0 to 4 years
856,34864,0.891285714285714,0.14285714285714285,0.9432799161702208,0 to 4 years
857,32276,0.9341428571428569,0.5714285714285714,0.5099935292520528,0 to 4 years
858,35945,0.9627142857142855,0.8571428571428571,0.23302917725163103,0 to 4 years
859,37915,0.9627142857142855,0.8571428571428571,0.7511663897030395,0 to 4 years
860,34306,0.891285714285714,0.14285714285714285,0.3817635939197441,0 to 4 years
861,32065,0.891285714285714,0.14285714285714285,0.17497578935363606,0 to 4 years
862,36082,0.9341428571428569,0.5714285714285714,0.4851802995872404,0 to 4 years
863,37031,0.9341428571428569,0.5714285714285714,0.25208686081419185,0 to 4 years
864,39489,0.9198571428571426,0.42857142857142855,0.9683467268184158,0 to 4 years
865,33418,0.9769999999999998,1.0,0.5456285857226737,0 to 4 years
866,31550,0.9198571428571426,0.42857142857142855,0.6255954509109439,0 to 4 years
867,35815,0.891285714285714,0.14285714285714285,0.5525789419686802,0 to 4 years
868,38936,0.9341428571428569,0.5714285714285714,0.7756708867102592,0 to 4 years
869,37930,0.9198571428571426,0.42857142857142855,0.40683005040725284,0 to 4 years
870,39445,0.9769999999999998,1.0,0.9516775394002656,0 to 4 years
871,33716,0.891285714285714,0.14285714285714285,0.8914738867793077,0 to 4 years
872,32717,0.9055714285714284,0.2857142857142857,0.5010415251804593,0 to 4 years
873,38781,0.9055714285714284,0.2857142857142857,0.4726766925329361,0 to 4 years
874,32202,0.9055714285714284,0.2857142857142857,0.15136428684949826,0 to 4 years
875,32849,0.9769999999999998,1.0,0.8632761943127668,0 to 4 years
876,36937,0.9484285714285712,0.7142857142857142,0.4538186855290961,0 to 4 years
877,34283,0.9341428571428569,0.5714285714285714,0.4920557784321127,0 to 4 years
878,39491,0.9198571428571426,0.42857142857142855,0.21817142902351888,0 to 4 years
879,37396,0.9341428571428569,0.5714285714285714,0.7053227900497536,0 to 4 years
880,39550,0.891285714285714,0.14285714285714285,0.4949473977477389,0 to 4 years
881,32280,0.9341428571428569,0.5714285714285714,0.5344617128205176,0 to 4 years
882,39190,0.891285714285714,0.14285714285714285,0.2798917986013311,0 to 4 years
883,36832,0.9055714285714284,0.2857142857142857,0.665392706863989,0 to 4 years
884,37588,0.9627142857142855,0.8571428571428571,0.03934740225454525,0 to 4 years
885,39234,0.9341428571428569,0.5714285714285714,0.9271635262765894,0 to 4 years
886,32506,0.891285714285714,0.14285714285714285,0.7718841531148917,0 to 4 years
887,38415,0.9055714285714284,0.2857142857142857,0.7334055791673053,0 to 4 years
888,37304,0.9627142857142855,0.8571428571428571,0.7598728133078962,0 to 4 years
889,39526,0.9198571428571426,0.42857142857142855,0.29329135434014897,0 to 4 years
890,37480,0.891285714285714,0.14285714285714285,0.9670168349252675,0 to 4 years
891,33024,0.9055714285714284,0.2857142857142857,0.620186259441694,0 to 4 years
892,35437,0.9055714285714284,0.2857142857142857,0.12498151546418551,0 to 4 years
893,32847,0.9484285714285712,0.7142857142857142,0.5311896964169209,0 to 4 years
894,34078,0.9055714285714284,0.2857142857142857,0.8814591682379314,0 to 4 years
895,30526,0.891285714285714,0.14285714285714285,0.9249757617253296,0 to 4 years
896,30786,0.891285714285714,0.14285714285714285,0.9521573278276962,0 to 4 years
897,31469,0.9198571428571426,0.42857142857142855,0.6757789454139824,0 to 4 years
898,37991,0.9198571428571426,0.42857142857142855,0.3001892609584645,0 to 4 years
899,37709,0.9627142857142855,0.8571428571428571,0.34836803313979586,0 to 4 years
900,33910,0.9769999999999998,1.0,0.868290583841004,0 to 4 years
901,35019,0.9055714285714284,0.2857142857142857,0.9417347039259385,0 to 4 years
902,32264,0.9055714285714284,0.2857142857142857,0.327107098293996,0 to 4 years
903,34958,0.9198571428571426,0.42857142857142855,0.8857842533348144,0 to 4 years
904,39624,0.9341428571428569,0.5714285714285714,0.2947584673873447,0 to 4 years
905,39701,0.9627142857142855,0.8571428571428571,0.2548694755663275,0 to 4 years
906,37178,0.9341428571428569,0.5714285714285714,0.9021872747503663,0 to 4 years
907,32487,0.9055714285714284,0.2857142857142857,0.17514224187165606,0 to 4 years
908,34972,0.891285714285714,0.14285714285714285,0.06120243800442687,0 to 4 years
909,39933,0.891285714285714,0.14285714285714285,0.042090924930342166,0 to 4 years
910,31785,0.9055714285714284,0.2857142857142857,0.6719284457364848,0 to 4 years
911,37488,0.9769999999999998,1.0,0.6131794108580823,0 to 4 years
912,36808,0.9055714285714284,0.2857142857142857,0.885218481415412,0 to 4 years
913,38441,0.9055714285714284,0.2857142857142857,0.12482751731377822,0 to 4 years
914,39875,0.9198571428571426,0.42857142857142855,0.5639520690143288,0 to 4 years
915,31062,0.9055714285714284,0.2857142857142857,0.617345370104783,0 to 4 years
916,34316,0.9341428571428569,0.5714285714285714,0.002479084297319023,0 to 4 years
917,30848,0.9341428571428569,0.5714285714285714,0.6636247462717344,0 to 4 years
918,37748,0.9341428571428569,0.5714285714285714,0.4072715545196676,0 to 4 years
919,39041,0.891285714285714,0.14285714285714285,0.760423377340396,0 to 4 years
920,34832,0.9055714285714284,0.2857142857142857,0.0968992483868848,0 to 4 years
921,37967,0.9341428571428569,0.5714285714285714,0.3743973942847859,0 to 4 years
922,30647,0.9627142857142855,0.8571428571428571,0.5110934929228544,0 to 4 years
923,31061,0.891285714285714,0.14285714285714285,0.6840023984800968,0 to 4 years
924,34931,0.9055714285714284,0.2857142857142857,0.5142298136129124,0 to 4 years
925,39743,0.891285714285714,0.14285714285714285,0.4313947799136023,0 to 4 years
926,32627,0.9627142857142855,0.8571428571428571,0.3068901300120228,0 to 4 years
927,37501,0.891285714285714,0.14285714285714285,0.23831190435760635,0 to 4 years
928,35981,0.9055714285714284,0.2857142857142857,0.7543560075986451,0 to 4 years
929,35065,0.9055714285714284,0.2857142857142857,0.8870186311063957,0 to 4 years
930,33097,0.9341428571428569,0.5714285714285714,0.07362381420771802,0 to 4 years
931,33212,0.9341428571428569,0.5714285714285714,0.2988718363014147,0 to 4 years
932,36015,0.9055714285714284,0.2857142857142857,0.38320615826080107,0 to 4 years
933,32735,0.9627142857142855,0.8571428571428571,0.5014849519348846,0 to 4 years
934,36875,0.9198571428571426,0.42857142857142855,0.006420038384178373,0 to 4 years
935,34757,0.9055714285714284,0.2857142857142857,0.9932856766999894,0 to 4 years
936,38692,0.9484285714285712,0.7142857142857142,0.20284443393096957,0 to 4 years
937,36531,0.9198571428571426,0.42857142857142855,0.6832842744725263,0 to 4 years
938,30402,0.9627142857142855,0.8571428571428571,0.6453511991316183,0 to 4 years
939,30594,0.9484285714285712,0.7142857142857142,0.0006733963184446523,0 to 4 years
940,39015,0.9341428571428569,0.5714285714285714,0.5541722727262463,0 to 4 years
941,33486,0.9055714285714284,0.2857142857142857,0.22594118401829716,0 to 4 years
942,33670,0.9055714285714284,0.2857142857142857,0.9235725550674005,0 to 4 years
943,38466,0.9627142857142855,0.8571428571428571,0.1900259200279612,0 to 4 years
944,38344,0.9055714285714284,0.2857142857142857,0.2100248714857862,0 to 4 years
945,32301,0.9341428571428569,0.5714285714285714,0.108001694222087,0 to 4 years
946,37951,0.9055714285714284,0.2857142857142857,0.5825655733936538,0 to 4 years
947,31036,0.9341428571428569,0.5714285714285714,0.8163483537299883,0 to 4 years
948,37207,0.9055714285714284,0.2857142857142857,0.382488941231521,0 to 4 years
949,34607,0.891285714285714,0.14285714285714285,0.7224648135354761,0 to 4 years
950,38705,0.9769999999999998,1.0,0.7753214462468263,0 to 4 years
951,38613,0.9055714285714284,0.2857142857142857,0.7163150161811398,0 to 4 years
952,38258,0.9198571428571426,0.42857142857142855,0.4902916103999816,0 to 4 years
953,32266,0.891285714285714,0.14285714285714285,0.5808153249168528,0 to 4 years
954,32154,0.891285714285714,0.14285714285714285,0.2802487062607534,0 to 4 years
955,30698,0.891285714285714,0.14285714285714285,0.0788825490886153,0 to 4 years
956,36796,0.9484285714285712,0.7142857142857142,0.446450403131993,0 to 4 years
957,35492,0.9769999999999998,1.0,0.17114629663680692,0 to 4 years
958,35753,0.9627142857142855,0.8571428571428571,0.6133030118864734,0 to 4 years
959,34197,0.9341428571428569,0.5714285714285714,0.6292467955537692,0 to 4 years
960,35247,0.9341428571428569,0.5714285714285714,0.6359318006646001,0 to 4 years
961,30308,0.9341428571428569,0.5714285714285714,0.6828393864949825,0 to 4 years
962,38230,0.891285714285714,0.14285714285714285,0.6864789781560939,0 to 4 years
963,37132,0.9055714285714284,0.2857142857142857,0.3614739617850919,0 to 4 years
964,33196,0.9341428571428569,0.5714285714285714,0.6705143487151648,0 to 4 years
965,31197,0.9627142857142855,0.8571428571428571,0.915725249451929,0 to 4 years
966,38419,0.9055714285714284,0.2857142857142857,0.30805530624524324,0 to 4 years
967,30030,0.891285714285714,0.14285714285714285,0.253508777896966,0 to 4 years
968,32211,0.9341428571428569,0.5714285714285714,0.9052819205888984,0 to 4 years
969,32678,0.9341428571428569,0.5714285714285714,0.7232964564938619,0 to 4 years
970,36217,0.9627142857142855,0.8571428571428571,0.6098006393745755,0 to 4 years
971,31452,0.9341428571428569,0.5714285714285714,0.5733061800860809,0 to 4 years
972,34245,0.9341428571428569,0.5714285714285714,0.5787444118785126,0 to 4 years
973,39858,0.9055714285714284,0.2857142857142857,0.965344277947181,0 to 4 years
974,32007,0.9341428571428569,0.5714285714285714,0.8415002805488507,0 to 4 years
975,32511,0.891285714285714,0.14285714285714285,0.7365811076832081,0 to 4 years
976,38509,0.9055714285714284,0.2857142857142857,0.7424005204634131,0 to 4 years
977,31955,0.9055714285714284,0.2857142857142857,0.13307664399428926,0 to 4 years
978,33389,0.9341428571428569,0.5714285714285714,0.04401553005722886,0 to 4 years
979,37780,0.9055714285714284,0.2857142857142857,0.6506974504962917,0 to 4 years
980,34496,0.9769999999999998,1.0,0.6359704039397002,0 to 4 years
981,34761,0.891285714285714,0.14285714285714285,0.26021945796216384,0 to 4 years
982,39206,0.9198571428571426,0.42857142857142855,0.716422813592211,0 to 4 years
983,37973,0.9769999999999998,1.0,0.9656070382133343,0 to 4 years
984,32939,0.9198571428571426,0.42857142857142855,0.38366478202370247,0 to 4 years
985,31553,0.9055714285714284,0.2857142857142857,0.8443247677643257,0 to 4 years
986,36180,0.9341428571428569,0.5714285714285714,0.35870811497343186,0 to 4 years
987,34437,0.9055714285714284,0.2857142857142857,0.4053526986381909,0 to 4 years
988,35213,0.9055714285714284,0.2857142857142857,0.7268277651298473,0 to 4 years
989,38594,0.9627142857142855,0.8571428571428571,0.7493531778642109,0 to 4 years
990,35510,0.9341428571428569,0.5714285714285714,0.7844376381178974,0 to 4 years
991,31947,0.9055714285714284,0.2857142857142857,0.7747879517453865,0 to 4 years
992,38099,0.9627142857142855,0.8571428571428571,0.943120733709732,0 to 4 years
993,30938,0.9198571428571426,0.42857142857142855,0.3182308566133376,0 to 4 years
994,33647,0.9055714285714284,0.2857142857142857,0.9017106563255277,0 to 4 years
995,35575,0.9341428571428569,0.5714285714285714,0.7468637581135031,0 to 4 years
996,35972,0.9055714285714284,0.2857142857142857,0.323252299615919,0 to 4 years
997,38272,0.9769999999999998,1.0,0.04750270294726677,0 to 4 years
998,35846,0.891285714285714,0.14285714285714285,0.4382260849370602,0 to 4 years
999,30922,0.891285714285714,0.14285714285714285,0.3760520727120938,0 to 4 years
1000,30194,0.891285714285714,0.14285714285714285,0.8059502028539793,0 to 4 years
1001,39366,0.9627142857142855,0.8571428571428571,0.23865297439229677,0 to 4 years
1002,32641,0.9055714285714284,0.2857142857142857,0.542552443377925,0 to 4 years
1003,36358,0.9769999999999998,1.0,0.6019360652461369,0 to 4 years
1004,38276,0.9341428571428569,0.5714285714285714,0.009530528880578815,0 to 4 years
1005,39841,0.9055714285714284,0.2857142857142857,0.6021785478232755,0 to 4 years
1006,34478,0.9769999999999998,1.0,0.5391905233512653,0 to 4 years
1007,31326,0.9055714285714284,0.2857142857142857,0.5351239867491305,0 to 4 years
1008,31012,0.891285714285714,0.14285714285714285,0.12846550748372026,0 to 4 years
1009,33714,0.9055714285714284,0.2857142857142857,0.5295305208281166,0 to 4 years
1010,35752,0.9055714285714284,0.2857142857142857,0.03952690627654121,0 to 4 years
1011,32703,0.891285714285714,0.14285714285714285,0.5023388051759362,0 to 4 years
1012,32468,0.9627142857142855,0.8571428571428571,0.9080641421654201,0 to 4 years
1013,37692,0.9627142857142855,0.8571428571428571,0.08883753283876256,0 to 4 years
1014,33682,0.9341428571428569,0.5714285714285714,0.6518399087211642,0 to 4 years
1015,31311,0.9198571428571426,0.42857142857142855,0.3335452865353136,0 to 4 years
1016,36596,0.9627142857142855,0.8571428571428571,0.29657690481296367,0 to 4 years
1017,38200,0.9198571428571426,0.42857142857142855,0.9882074180251232,0 to 4 years
1018,37267,0.9055714285714284,0.2857142857142857,0.279628072437816,0 to 4 years
1019,36360,0.9055714285714284,0.2857142857142857,0.4198082009684219,0 to 4 years
1020,32885,0.9341428571428569,0.5714285714285714,0.34737587883629595,0 to 4 years
1021,33464,0.891285714285714,0.14285714285714285,0.4042260463177652,0 to 4 years
1022,30880,0.9627142857142855,0.8571428571428571,0.4428454003187882,0 to 4 years
1023,39409,0.891285714285714,0.14285714285714285,0.7164854589953655,0 to 4 years
1024,35270,0.9341428571428569,0.5714285714285714,0.1649933686054192,0 to 4 years
1025,39365,0.9627142857142855,0.8571428571428571,0.7208835519283523,0 to 4 years
1026,31778,0.8595714285714279,0.2857142857142857,0.5025965957881138,10 to 14 years
1027,32656,0.8595714285714279,0.2857142857142857,0.5233709330103331,10 to 14 years
1028,31164,0.8452857142857135,0.14285714285714285,0.38632853290372177,10 to 14 years
1029,33328,0.8595714285714279,0.2857142857142857,0.8927105545339955,10 to 14 years
1030,39719,0.8738571428571421,0.42857142857142855,0.4829132336125128,10 to 14 years
1031,39393,0.8595714285714279,0.2857142857142857,0.036754071356994045,10 to 14 years
1032,30489,0.8452857142857135,0.14285714285714285,0.5825521681430341,10 to 14 years
1033,34861,0.8452857142857135,0.14285714285714285,0.8545434634240485,10 to 14 years
1034,36435,0.8738571428571421,0.42857142857142855,0.31476040071538874,10 to 14 years
1035,36824,0.916714285714285,0.8571428571428571,0.011518324450656592,10 to 14 years
1036,34330,0.8595714285714279,0.2857142857142857,0.29998694895049116,10 to 14 years
1037,31121,0.8595714285714279,0.2857142857142857,0.9536163829202131,10 to 14 years
1038,35155,0.916714285714285,0.8571428571428571,0.74523670072944,10 to 14 years
1039,31994,0.8452857142857135,0.14285714285714285,0.5204270868787957,10 to 14 years
1040,39608,0.8881428571428565,0.5714285714285714,0.44260312958530285,10 to 14 years
1041,31974,0.916714285714285,0.8571428571428571,0.7573035471848464,10 to 14 years
1042,36775,0.8452857142857135,0.14285714285714285,0.5694011035892296,10 to 14 years
1043,32127,0.8595714285714279,0.2857142857142857,0.20745132435981684,10 to 14 years
1044,39819,0.8595714285714279,0.2857142857142857,0.12355551624692285,10 to 14 years
1045,31880,-0.009155120114286201,0.14285714285714285,0.36589454072160066,10 to 14 years
1046,32270,0.8738571428571421,0.42857142857142855,0.8387394535223686,10 to 14 years
1047,37964,0.8452857142857135,0.14285714285714285,0.607556630757662,10 to 14 years
1048,35433,0.9024285714285707,0.7142857142857142,0.006922001383955156,10 to 14 years
1049,39882,0.8595714285714279,0.2857142857142857,0.20308261677764156,10 to 14 years
1050,31663,0.8881428571428565,0.5714285714285714,0.6766300972990625,10 to 14 years
1051,39125,0.8595714285714279,0.2857142857142857,0.5933256480586696,10 to 14 years
1052,38218,0.8452857142857135,0.14285714285714285,0.9933950733969391,10 to 14 years
1053,35191,0.8881428571428565,0.5714285714285714,0.3808232663178711,10 to 14 years
1054,31926,0.8881428571428565,0.5714285714285714,0.02715838471181542,10 to 14 years
1055,32223,0.8595714285714279,0.2857142857142857,0.1430429534881274,10 to 14 years
1056,31143,0.8881428571428565,0.5714285714285714,0.9209629325986473,10 to 14 years
1057,32938,0.8595714285714279,0.2857142857142857,0.5660323492256019,10 to 14 years
1058,33021,0.8452857142857135,0.14285714285714285,0.03855301669528688,10 to 14 years
1059,39189,0.8452857142857135,0.14285714285714285,0.061610045533945224,10 to 14 years
1060,31630,0.8881428571428565,0.5714285714285714,0.977329725599901,10 to 14 years
1061,35189,0.916714285714285,0.8571428571428571,0.4969061339952714,10 to 14 years
1062,33154,0.8881428571428565,0.5714285714285714,0.5648135846179869,10 to 14 years
1063,32298,0.8595714285714279,0.2857142857142857,0.5156442858509558,10 to 14 years
1064,34177,0.8738571428571421,0.42857142857142855,0.9395734528675552,10 to 14 years
1065,39262,0.916714285714285,0.8571428571428571,0.3228311650707265,10 to 14 years
1066,34507,0.8595714285714279,0.2857142857142857,0.18105418636496262,10 to 14 years
1067,30374,0.8595714285714279,0.2857142857142857,0.947741174334739,10 to 14 years
1068,33994,0.8738571428571421,0.42857142857142855,0.28383732408556156,10 to 14 years
1069,38102,0.8881428571428565,0.5714285714285714,0.22763611117444743,10 to 14 years
1070,37062,0.8881428571428565,0.5714285714285714,0.900096563867688,10 to 14 years
1071,31334,0.8452857142857135,0.14285714285714285,0.40553703920552453,10 to 14 years
1072,31650,0.916714285714285,0.8571428571428571,0.05461729394222259,10 to 14 years
1073,36329,0.9024285714285707,0.7142857142857142,0.3596180052114085,10 to 14 years
1074,33241,0.8881428571428565,0.5714285714285714,0.3328936746044581,10 to 14 years
1075,38746,0.8881428571428565,0.5714285714285714,0.5449972053586084,10 to 14 years
1076,33083,0.9024285714285707,0.7142857142857142,0.8194357685016083,10 to 14 years
1077,34416,0.8452857142857135,0.14285714285714285,0.9018254064198101,10 to 14 years
1078,32433,0.916714285714285,0.8571428571428571,0.9510314058351247,10 to 14 years
1079,31417,0.9024285714285707,0.7142857142857142,0.2840440152829477,10 to 14 years
1080,33957,0.9309999999999993,1.0,0.5465677015911469,10 to 14 years
1081,34193,0.916714285714285,0.8571428571428571,0.7513967700159051,10 to 14 years
1082,36580,0.8452857142857135,0.14285714285714285,0.3010247579582992,10 to 14 years
1083,36196,0.916714285714285,0.8571428571428571,0.5634068290104068,10 to 14 years
1084,35157,0.8595714285714279,0.2857142857142857,0.8531749812357636,10 to 14 years
1085,33236,0.8452857142857135,0.14285714285714285,0.08386442490361351,10 to 14 years
1086,30321,0.8881428571428565,0.5714285714285714,0.23136144654252583,10 to 14 years
1087,31396,0.8452857142857135,0.14285714285714285,0.8295563748527562,10 to 14 years
1088,37965,0.916714285714285,0.8571428571428571,0.5683896270805511,10 to 14 years
1089,38672,0.8452857142857135,0.14285714285714285,0.8311943487877009,10 to 14 years
1090,37009,0.8881428571428565,0.5714285714285714,0.6768787491978573,10 to 14 years
1091,36233,0.8881428571428565,0.5714285714285714,0.9841999209444652,10 to 14 years
1092,39896,0.8452857142857135,0.14285714285714285,0.28356132297817954,10 to 14 years
1093,39686,0.8595714285714279,0.2857142857142857,0.5375020410789192,10 to 14 years
1094,37782,0.8595714285714279,0.2857142857142857,0.8290325379104706,10 to 14 years
1095,39795,0.8452857142857135,0.14285714285714285,0.520656573478507,10 to 14 years
1096,34479,0.8452857142857135,0.14285714285714285,0.3264760579763617,10 to 14 years
1097,39104,0.8881428571428565,0.5714285714285714,0.7706186769689941,10 to 14 years
1098,32246,0.916714285714285,0.8571428571428571,0.5006991795642642,10 to 14 years
1099,33324,0.8738571428571421,0.42857142857142855,0.2992220061748855,10 to 14 years
1100,32811,0.8452857142857135,0.14285714285714285,0.050455023974926516,10 to 14 years
1101,38170,0.916714285714285,0.8571428571428571,0.34236014310762286,10 to 14 years
1102,32101,0.9024285714285707,0.7142857142857142,0.47965279023307755,10 to 14 years
1103,39661,0.8881428571428565,0.5714285714285714,0.7618136566482789,10 to 14 years
1104,30584,0.916714285714285,0.8571428571428571,0.08268058841459297,10 to 14 years
1105,38983,0.8595714285714279,0.2857142857142857,0.6446641137825283,10 to 14 years
1106,31843,0.8452857142857135,0.14285714285714285,0.11327512663578171,10 to 14 years
1107,37249,0.916714285714285,0.8571428571428571,0.8763698691762374,10 to 14 years
1108,32915,0.916714285714285,0.8571428571428571,0.6106529289910854,10 to 14 years
1109,31756,0.8595714285714279,0.2857142857142857,0.46438659556272205,10 to 14 years
1110,32257,0.8595714285714279,0.2857142857142857,0.7001082096044127,10 to 14 years
1111,31190,0.9024285714285707,0.7142857142857142,0.2139309241365146,10 to 14 years
1112,37918,0.916714285714285,0.8571428571428571,0.9851500751119064,10 to 14 years
1113,30649,0.8738571428571421,0.42857142857142855,0.5273288768246949,10 to 14 years
1114,37962,0.916714285714285,0.8571428571428571,0.09224581839110169,10 to 14 years
1115,32215,0.8595714285714279,0.2857142857142857,0.6076860904844147,10 to 14 years
1116,34366,0.8452857142857135,0.14285714285714285,0.07259139893294103,10 to 14 years
1117,35347,0.8881428571428565,0.5714285714285714,0.17984043878267325,10 to 14 years
1118,36811,0.8881428571428565,0.5714285714285714,0.43032650767245273,10 to 14 years
1119,32250,0.9309999999999993,1.0,0.1549100877502642,10 to 14 years
1120,32489,0.916714285714285,0.8571428571428571,0.37432782824788247,10 to 14 years
1121,33996,0.8738571428571421,0.42857142857142855,0.24289454644816638,10 to 14 years
1122,35782,0.8595714285714279,0.2857142857142857,0.8184145933150306,10 to 14 years
1123,30427,0.916714285714285,0.8571428571428571,0.6701891496083698,10 to 14 years
1124,31969,0.7962857142857135,0.14285714285714285,0.8074281938131633,10 to 14 years
1125,31698,0.916714285714285,0.8571428571428571,0.8138690786705642,10 to 14 years
1126,38648,0.8452857142857135,0.14285714285714285,0.6736076565836842,10 to 14 years
1127,32448,0.916714285714285,0.8571428571428571,0.31813020426814265,10 to 14 years
1128,35154,0.9024285714285707,0.7142857142857142,0.5128566490828311,10 to 14 years
1129,31923,0.8595714285714279,0.2857142857142857,0.3660334102497651,10 to 14 years
1130,32855,0.916714285714285,0.8571428571428571,0.8335589937523005,10 to 14 years
1131,37439,0.9309999999999993,1.0,0.45950766931480247,10 to 14 years
1132,35285,0.8595714285714279,0.2857142857142857,0.7119295157186217,10 to 14 years
1133,33186,0.8452857142857135,0.14285714285714285,0.7214980028753413,10 to 14 years
1134,30350,0.916714285714285,0.8571428571428571,0.48153134003620124,10 to 14 years
1135,38816,0.8738571428571421,0.42857142857142855,0.6251924465987759,10 to 14 years
1136,38567,0.8738571428571421,0.42857142857142855,0.6148879641395334,10 to 14 years
1137,36551,0.916714285714285,0.8571428571428571,0.4511848174344661,10 to 14 years
1138,36720,0.8595714285714279,0.2857142857142857,0.40631713529841285,10 to 14 years
1139,31801,0.8595714285714279,0.2857142857142857,0.40146691200603,10 to 14 years
1140,30262,0.8452857142857135,0.14285714285714285,0.7767303339973086,10 to 14 years
1141,32432,0.8452857142857135,0.14285714285714285,0.7289373802877831,10 to 14 years
1142,35197,0.8595714285714279,0.2857142857142857,0.5933198012930393,10 to 14 years
1143,34237,0.8881428571428565,0.5714285714285714,0.3887758166575531,10 to 14 years
1144,39307,0.8595714285714279,0.2857142857142857,0.8356421960125875,10 to 14 years
1145,31178,0.8595714285714279,0.2857142857142857,0.5664021105020772,10 to 14 years
1146,34837,0.9024285714285707,0.7142857142857142,0.31317915592194295,10 to 14 years
1147,35967,0.8738571428571421,0.42857142857142855,0.9266489395168419,10 to 14 years
1148,30975,0.916714285714285,0.8571428571428571,0.4040183868565246,10 to 14 years
1149,31905,0.7962857142857135,0.14285714285714285,0.4897242563858595,10 to 14 years
1150,30089,0.916714285714285,0.8571428571428571,0.36020214412244067,10 to 14 years
1151,36511,0.8452857142857135,0.14285714285714285,0.4019304821826498,10 to 14 years
1152,33094,0.8452857142857135,0.14285714285714285,0.5369694047247638,10 to 14 years
1153,33969,0.9309999999999993,1.0,0.09854507102494936,10 to 14 years
1154,36701,0.8595714285714279,0.2857142857142857,0.6074254227377227,10 to 14 years
1155,37048,0.916714285714285,0.8571428571428571,0.03806308202487474,10 to 14 years
1156,37150,0.8452857142857135,0.14285714285714285,0.4386052758022393,10 to 14 years
1157,33906,0.8452857142857135,0.14285714285714285,0.5507937641201502,10 to 14 years
1158,34665,0.8595714285714279,0.2857142857142857,0.1784142412810228,10 to 14 years
1159,32365,0.8452857142857135,0.14285714285714285,0.5303059175654117,10 to 14 years
1160,32765,0.8452857142857135,0.14285714285714285,0.9523123328831424,10 to 14 years
1161,32520,0.8881428571428565,0.5714285714285714,0.6525084241601031,10 to 14 years
1162,37245,0.916714285714285,0.8571428571428571,0.047627765617835716,10 to 14 years
1163,32901,0.9309999999999993,1.0,0.29800325219345714,10 to 14 years
1164,35139,0.8452857142857135,0.14285714285714285,0.2574684292126751,10 to 14 years
1165,36136,0.8595714285714279,0.2857142857142857,0.9929451951750701,10 to 14 years
1166,36194,0.8595714285714279,0.2857142857142857,0.30918140552571827,10 to 14 years
1167,35498,0.8595714285714279,0.2857142857142857,0.178481029189961,10 to 14 years
1168,30993,0.8595714285714279,0.2857142857142857,0.3672874365108999,10 to 14 years
1169,33814,0.8595714285714279,0.2857142857142857,0.9191361219292071,10 to 14 years
1170,32016,0.8881428571428565,0.5714285714285714,0.5290214108218143,10 to 14 years
1171,38118,0.8595714285714279,0.2857142857142857,0.30039256449710217,10 to 14 years
1172,35839,0.8881428571428565,0.5714285714285714,0.22706566306957365,10 to 14 years
1173,39139,0.916714285714285,0.8571428571428571,0.22873397778961896,10 to 14 years
1174,31867,0.8595714285714279,0.2857142857142857,0.0019375952234014227,10 to 14 years
1175,36152,0.8881428571428565,0.5714285714285714,0.6341933120969319,10 to 14 years
1176,34418,0.9309999999999993,1.0,0.309120130684093,10 to 14 years
1177,37750,0.8595714285714279,0.2857142857142857,0.2206948086178251,10 to 14 years
1178,31811,0.8452857142857135,0.14285714285714285,0.25425762665817614,10 to 14 years
1179,33931,0.8595714285714279,0.2857142857142857,0.36083464661477305,10 to 14 years
1180,37083,0.8595714285714279,0.2857142857142857,0.5144932048482292,10 to 14 years
1181,35109,0.9024285714285707,0.7142857142857142,0.8334113488398033,10 to 14 years
1182,36220,0.9024285714285707,0.7142857142857142,0.8026059331285362,10 to 14 years
1183,33460,0.916714285714285,0.8571428571428571,0.20678421163198452,10 to 14 years
1184,39589,0.8881428571428565,0.5714285714285714,0.951715031921196,10 to 14 years
1185,31677,0.8595714285714279,0.2857142857142857,0.5404989295741717,10 to 14 years
1186,32910,0.916714285714285,0.8571428571428571,0.9842508406973396,10 to 14 years
1187,37949,0.8881428571428565,0.5714285714285714,0.743867700779657,10 to 14 years
1188,32268,0.8881428571428565,0.5714285714285714,0.21017594166679848,10 to 14 years
1189,36087,0.8595714285714279,0.2857142857142857,0.9233824701819158,10 to 14 years
1190,32919,0.9024285714285707,0.7142857142857142,0.8767822923516293,10 to 14 years
1191,34332,0.8881428571428565,0.5714285714285714,0.5773201142601843,10 to 14 years
1192,36042,0.8595714285714279,0.2857142857142857,0.2000855816655055,10 to 14 years
1193,34305,0.8452857142857135,0.14285714285714285,0.47320692224192273,10 to 14 years
1194,33367,0.8738571428571421,0.42857142857142855,0.41777146856495573,10 to 14 years
1195,32235,0.916714285714285,0.8571428571428571,0.670019491820921,10 to 14 years
1196,30756,0.9024285714285707,0.7142857142857142,0.7292448899204507,10 to 14 years
1197,34614,0.8452857142857135,0.14285714285714285,0.6302808261315991,10 to 14 years
1198,30583,0.8595714285714279,0.2857142857142857,0.40620707287632796,10 to 14 years
1199,35143,0.8881428571428565,0.5714285714285714,0.8073153698037205,10 to 14 years
1200,33208,0.8881428571428565,0.5714285714285714,0.32376180286103384,10 to 14 years
1201,34823,0.8595714285714279,0.2857142857142857,0.3125844442144644,10 to 14 years
1202,31642,0.9309999999999993,1.0,0.1695667497160116,10 to 14 years
1203,30110,0.8452857142857135,0.14285714285714285,0.8276000561827872,10 to 14 years
1204,39622,0.8738571428571421,0.42857142857142855,0.8959821936046775,10 to 14 years
1205,32434,0.8738571428571421,0.42857142857142855,0.2632909128397045,10 to 14 years
1206,37656,0.9309999999999993,1.0,0.16651763436523914,10 to 14 years
1207,35856,0.8595714285714279,0.2857142857142857,0.7125682550456145,10 to 14 years
1208,35315,0.9309999999999993,1.0,0.3536761647745379,10 to 14 years
1209,35826,0.916714285714285,0.8571428571428571,0.9638514526399116,10 to 14 years
1210,37641,0.8595714285714279,0.2857142857142857,0.5083619223154957,10 to 14 years
1211,33762,0.8738571428571421,0.42857142857142855,0.23677030157313605,10 to 14 years
1212,30149,0.8881428571428565,0.5714285714285714,0.2856452073456722,10 to 14 years
1213,37099,0.8595714285714279,0.2857142857142857,0.03688274022169158,10 to 14 years
1214,34475,0.8881428571428565,0.5714285714285714,0.2179018256429952,10 to 14 years
1215,36241,0.8452857142857135,0.14285714285714285,0.3271252843885706,10 to 14 years
1216,32146,0.916714285714285,0.8571428571428571,0.18984943033871937,10 to 14 years
1217,35648,0.8881428571428565,0.5714285714285714,0.3010450066654755,10 to 14 years
1218,34320,0.8595714285714279,0.2857142857142857,0.23476466477505525,10 to 14 years
1219,39983,0.8595714285714279,0.2857142857142857,0.23031055060598887,10 to 14 years
1220,35776,0.916714285714285,0.8571428571428571,0.741650812893696,10 to 14 years
1221,31942,0.8452857142857135,0.14285714285714285,0.44782200925252663,10 to 14 years
1222,39535,0.8595714285714279,0.2857142857142857,0.19354611305091374,10 to 14 years
1223,34791,0.9309999999999993,1.0,0.8900058265658828,10 to 14 years
1224,32083,0.916714285714285,0.8571428571428571,0.1307004893117083,10 to 14 years
1225,35882,0.8452857142857135,0.14285714285714285,0.32275245681108666,10 to 14 years
1226,35793,0.8595714285714279,0.2857142857142857,0.05514385768014329,10 to 14 years
1227,36029,0.9309999999999993,1.0,0.6492749226280756,10 to 14 years
1228,33579,0.8595714285714279,0.2857142857142857,0.3940920256100566,10 to 14 years
1229,35442,0.8595714285714279,0.2857142857142857,0.3173086212712743,10 to 14 years
1230,30264,0.916714285714285,0.8571428571428571,0.5917751368758032,10 to 14 years
1231,37139,0.916714285714285,0.8571428571428571,0.6338079248077931,10 to 14 years
1232,31082,0.8452857142857135,0.14285714285714285,0.6110677245816596,10 to 14 years
1233,37973,0.9309999999999993,1.0,0.9656070382133343,10 to 14 years
1234,31993,0.916714285714285,0.8571428571428571,0.9650893770708046,10 to 14 years
1235,35345,0.8881428571428565,0.5714285714285714,0.5875522865808278,10 to 14 years
1236,38935,0.9309999999999993,1.0,0.7109339187730725,10 to 14 years
1237,31634,0.916714285714285,0.8571428571428571,0.7157183205384161,10 to 14 years
1238,31641,0.8595714285714279,0.2857142857142857,0.7016502952070607,10 to 14 years
1239,37516,0.8738571428571421,0.42857142857142855,0.63163853127459,10 to 14 years
1240,34197,0.8881428571428565,0.5714285714285714,0.6292467955537692,10 to 14 years
1241,32569,0.916714285714285,0.8571428571428571,0.5671153751176414,10 to 14 years
1242,38570,0.8881428571428565,0.5714285714285714,0.37820387977534853,10 to 14 years
1243,32416,0.9309999999999993,1.0,0.8729134484222536,10 to 14 years
1244,34327,0.8881428571428565,0.5714285714285714,0.29437726210474185,10 to 14 years
1245,31857,0.9309999999999993,1.0,0.04960615900330562,10 to 14 years
1246,34187,0.8452857142857135,0.14285714285714285,0.07123439805193249,10 to 14 years
1247,33556,0.8452857142857135,0.14285714285714285,0.7410867473262546,10 to 14 years
1248,30256,0.8881428571428565,0.5714285714285714,0.45600967520079927,10 to 14 years
1249,30186,0.8738571428571421,0.42857142857142855,0.7388921527032765,10 to 14 years
1250,32478,0.8738571428571421,0.42857142857142855,0.9245418603672404,10 to 14 years
1251,36070,0.8595714285714279,0.2857142857142857,0.4476550043921309,10 to 14 years
1252,36289,0.8738571428571421,0.42857142857142855,0.7867997810511373,10 to 14 years
1253,39171,0.916714285714285,0.8571428571428571,0.3097310897133556,10 to 14 years
1254,30373,0.916714285714285,0.8571428571428571,0.1311339570664118,10 to 14 years
1255,31836,0.8881428571428565,0.5714285714285714,0.4285017923121079,10 to 14 years
1256,33445,0.8595714285714279,0.2857142857142857,0.7013313378141524,10 to 14 years
1257,34674,0.8595714285714279,0.2857142857142857,0.02983068799139499,10 to 14 years
1258,37823,0.8595714285714279,0.2857142857142857,0.5613143233227197,10 to 14 years
1259,32772,0.8881428571428565,0.5714285714285714,0.04352908614466777,10 to 14 years
1260,34006,0.8595714285714279,0.2857142857142857,5.8820117321278786e-05,10 to 14 years
1261,35810,0.8881428571428565,0.5714285714285714,0.7762807233666269,10 to 14 years
1262,37752,0.8452857142857135,0.14285714285714285,0.6563258756595264,10 to 14 years
1263,33936,0.8452857142857135,0.14285714285714285,0.6902040326919895,10 to 14 years
1264,30568,0.916714285714285,0.8571428571428571,0.6171661815771426,10 to 14 years
1265,32924,0.8881428571428565,0.5714285714285714,0.5375432579573507,10 to 14 years
1266,33167,0.9309999999999993,1.0,0.11057444500896729,10 to 14 years
1267,30257,0.8595714285714279,0.2857142857142857,0.7335829051655726,10 to 14 years
1268,35120,0.8595714285714279,0.2857142857142857,0.38529408946358673,10 to 14 years
1269,32308,0.8595714285714279,0.2857142857142857,0.5385683827850581,10 to 14 years
1270,34469,0.8595714285714279,0.2857142857142857,0.05594360871883841,10 to 14 years
1271,31529,0.8738571428571421,0.42857142857142855,0.44636313143090695,10 to 14 years
1272,36945,0.8881428571428565,0.5714285714285714,0.35056322608255003,10 to 14 years
1273,39617,0.8595714285714279,0.2857142857142857,0.49150867485836025,10 to 14 years
1274,35002,0.8595714285714279,0.2857142857142857,0.14766982823081137,10 to 14 years
1275,30565,0.8881428571428565,0.5714285714285714,0.8291023938368928,10 to 14 years
1276,38699,0.8881428571428565,0.5714285714285714,0.47598945475615045,10 to 14 years
1277,34038,0.8595714285714279,0.2857142857142857,0.7790072344516447,10 to 14 years
1278,37940,0.8595714285714279,0.2857142857142857,0.2600545454640074,10 to 14 years
1279,30411,0.9309999999999993,1.0,0.12262909842748254,10 to 14 years
1280,38148,0.8881428571428565,0.5714285714285714,0.2763590241083094,10 to 14 years
1281,32217,0.9309999999999993,1.0,0.018099257262375157,10 to 14 years
1282,38879,0.8881428571428565,0.5714285714285714,0.7612543487504062,10 to 14 years
1283,33478,0.916714285714285,0.8571428571428571,0.656395037698438,10 to 14 years
1284,30422,0.916714285714285,0.8571428571428571,0.7136890226797528,10 to 14 years
1285,32666,0.916714285714285,0.8571428571428571,0.6282449356653776,10 to 14 years
1286,35808,0.8595714285714279,0.2857142857142857,0.9463896108341618,10 to 14 years
1287,33926,0.8595714285714279,0.2857142857142857,0.1402999208891083,10 to 14 years
1288,31043,0.8595714285714279,0.2857142857142857,0.5260934350572412,10 to 14 years
1289,33073,0.8738571428571421,0.42857142857142855,0.8447065026111852,10 to 14 years
1290,33064,0.8452857142857135,0.14285714285714285,0.7111071201315047,10 to 14 years
1291,31138,0.8595714285714279,0.2857142857142857,0.5061090936221698,10 to 14 years
1292,31213,0.8881428571428565,0.5714285714285714,0.2605214983038639,10 to 14 years
1293,32983,0.916714285714285,0.8571428571428571,0.26329675536111286,10 to 14 years
1294,30880,0.916714285714285,0.8571428571428571,0.4428454003187882,10 to 14 years
1295,37969,0.8738571428571421,0.42857142857142855,0.9608861623473861,10 to 14 years
1296,39082,0.916714285714285,0.8571428571428571,0.9453605239678828,10 to 14 years
1297,37337,0.8881428571428565,0.5714285714285714,0.6308298357348434,10 to 14 years
1298,30525,0.916714285714285,0.8571428571428571,0.5597824388709984,10 to 14 years
1299,31090,0.8595714285714279,0.2857142857142857,0.4989742525240836,10 to 14 years
1300,36543,0.8738571428571421,0.42857142857142855,0.27840684505030117,10 to 14 years
1301,31286,0.8595714285714279,0.2857142857142857,0.24612523906918593,10 to 14 years
1302,31111,0.8881428571428565,0.5714285714285714,0.86158483965185,10 to 14 years
1303,36336,0.8881428571428565,0.5714285714285714,0.08361365673119825,10 to 14 years
1304,39660,0.8595714285714279,0.2857142857142857,0.9293733143248546,10 to 14 years
1305,39915,0.8452857142857135,0.14285714285714285,0.7034961752255513,10 to 14 years
1306,37236,0.8452857142857135,0.14285714285714285,0.7802717544481104,10 to 14 years
1307,37324,0.0,0.2857142857142857,0.1269796693951556,10 to 14 years
1308,39185,0.9309999999999993,1.0,0.36584886944026407,10 to 14 years
1309,32764,0.8881428571428565,0.5714285714285714,0.7100050223984924,10 to 14 years
1310,36048,0.916714285714285,0.8571428571428571,0.9951729487893421,10 to 14 years
1311,39695,0.8595714285714279,0.2857142857142857,0.6203879461296652,10 to 14 years
1312,34073,0.8452857142857135,0.14285714285714285,0.10250880706510573,10 to 14 years
1313,36846,0.8595714285714279,0.2857142857142857,0.6864860452288206,10 to 14 years
1314,32550,0.8881428571428565,0.5714285714285714,0.40379408961535695,10 to 14 years
1315,39766,0.8452857142857135,0.14285714285714285,0.7618617751455443,10 to 14 years
1316,30852,0.8595714285714279,0.2857142857142857,0.4994751883520251,10 to 14 years
1317,31551,0.916714285714285,0.8571428571428571,0.02984354708439574,10 to 14 years
1318,39246,0.8595714285714279,0.2857142857142857,0.18922474345593582,10 to 14 years
1319,39221,0.916714285714285,0.8571428571428571,0.26913946400283745,10 to 14 years
1320,33539,0.8595714285714279,0.2857142857142857,0.392436198853382,10 to 14 years
1321,31394,0.916714285714285,0.8571428571428571,0.041123079508138094,10 to 14 years
1322,39959,0.916714285714285,0.8571428571428571,0.2776215455659132,10 to 14 years
1323,39274,0.8738571428571421,0.42857142857142855,0.5636750138274794,10 to 14 years
1324,38404,0.916714285714285,0.8571428571428571,0.9667080334022,10 to 14 years
1325,36003,0.8881428571428565,0.5714285714285714,0.7715106939856742,10 to 14 years
1326,33060,0.8738571428571421,0.42857142857142855,0.40522825792895156,10 to 14 years
1327,33821,0.9309999999999993,1.0,0.3585710026533201,10 to 14 years
1328,39168,0.9024285714285707,0.7142857142857142,0.7492161089351811,10 to 14 years
1329,30130,0.9024285714285707,0.7142857142857142,0.3140579856092305,10 to 14 years
1330,37801,0.8738571428571421,0.42857142857142855,0.6751548865867079,10 to 14 years
1331,35320,0.9024285714285707,0.7142857142857142,0.27408233445807684,10 to 14 years
1332,33942,0.8881428571428565,0.5714285714285714,0.28601862220004043,10 to 14 years
1333,39136,0.9309999999999993,1.0,0.31645875420597636,10 to 14 years
1334,32685,0.9309999999999993,1.0,0.6438241339212201,10 to 14 years
1335,36149,0.8595714285714279,0.2857142857142857,0.610890695275329,10 to 14 years
1336,33585,0.8452857142857135,0.14285714285714285,0.1557306596892108,10 to 14 years
1337,34671,0.8452857142857135,0.14285714285714285,0.3588076457426326,10 to 14 years
1338,32107,0.8452857142857135,0.14285714285714285,0.033992044127859944,10 to 14 years
1339,38292,0.8881428571428565,0.5714285714285714,0.2791397568353785,10 to 14 years
1340,38485,0.916714285714285,0.8571428571428571,0.9747840702334657,10 to 14 years
1341,36961,0.8595714285714279,0.2857142857142857,0.42713765172159734,10 to 14 years
1342,31683,0.8738571428571421,0.42857142857142855,0.773201244107595,10 to 14 years
1343,36762,0.8452857142857135,0.14285714285714285,0.20195311172662794,10 to 14 years
1344,39529,0.8738571428571421,0.42857142857142855,0.5214936180721322,10 to 14 years
1345,33156,0.8595714285714279,0.2857142857142857,0.3134433695814749,10 to 14 years
1346,33504,0.8452857142857135,0.14285714285714285,0.22112690717438216,10 to 14 years
1347,36155,0.8595714285714279,0.2857142857142857,0.6602603609817985,10 to 14 years
1348,30435,0.8738571428571421,0.42857142857142855,0.4132659347335265,10 to 14 years
1349,39861,0.8595714285714279,0.2857142857142857,0.463344535542091,10 to 14 years
1350,37598,0.8452857142857135,0.14285714285714285,0.33132304618000796,10 to 14 years
1351,39726,0.8452857142857135,0.14285714285714285,0.7269489340477261,10 to 14 years
1352,36297,0.916714285714285,0.8571428571428571,0.29650155493736546,10 to 14 years
1353,33655,0.8452857142857135,0.14285714285714285,0.47928130909505057,10 to 14 years
1354,35567,0.8595714285714279,0.2857142857142857,0.49959981505681067,10 to 14 years
1355,34333,0.8881428571428565,0.5714285714285714,0.9867566599243676,10 to 14 years
1356,34078,0.8595714285714279,0.2857142857142857,0.8814591682379314,10 to 14 years
1357,38236,0.8595714285714279,0.2857142857142857,0.6541707325400459,10 to 14 years
1358,34914,0.916714285714285,0.8571428571428571,0.7416893756118202,10 to 14 years
1359,35380,0.8452857142857135,0.14285714285714285,0.21555859071963707,10 to 14 years
1360,39167,0.8881428571428565,0.5714285714285714,0.2095420083130045,10 to 14 years
1361,35798,0.8452857142857135,0.14285714285714285,0.5603384076377367,10 to 14 years
1362,38792,0.8738571428571421,0.42857142857142855,0.9432159389029182,10 to 14 years
1363,38444,0.8452857142857135,0.14285714285714285,0.5555660801222093,10 to 14 years
1364,37370,0.916714285714285,0.8571428571428571,0.8233837070315098,10 to 14 years
1365,38424,0.9309999999999993,1.0,0.4206943610756052,10 to 14 years
1366,34786,0.8881428571428565,0.5714285714285714,0.5408652213154374,10 to 14 years
1367,37463,0.8595714285714279,0.2857142857142857,0.19244444367019742,10 to 14 years
1368,36146,0.9309999999999993,1.0,0.3548944764357116,10 to 14 years
1369,37658,0.8595714285714279,0.2857142857142857,0.16995896414719613,10 to 14 years
1370,35270,0.8881428571428565,0.5714285714285714,0.1649933686054192,10 to 14 years
1371,35093,0.916714285714285,0.8571428571428571,0.6761829556611433,10 to 14 years
1372,36964,0.8452857142857135,0.14285714285714285,0.017466759437379853,10 to 14 years
1373,31913,0.8881428571428565,0.5714285714285714,0.2675882653499378,10 to 14 years
1374,36020,0.8452857142857135,0.14285714285714285,0.3860053521510296,10 to 14 years
1375,35990,0.8595714285714279,0.2857142857142857,0.4248898412679633,10 to 14 years
1376,33760,0.8595714285714279,0.2857142857142857,0.12387784731849083,10 to 14 years
1377,34254,0.8881428571428565,0.5714285714285714,0.8485367365664205,10 to 14 years
1378,37307,0.916714285714285,0.8571428571428571,0.33537827371074935,10 to 14 years
1379,33370,0.8595714285714279,0.2857142857142857,0.3858752842888521,10 to 14 years
1380,38487,0.8452857142857135,0.14285714285714285,0.5755985576281138,10 to 14 years
1381,31239,0.9024285714285707,0.7142857142857142,0.36974208032650846,10 to 14 years
1382,38899,0.8881428571428565,0.5714285714285714,0.11233246825624471,10 to 14 years
1383,37755,0.8881428571428565,0.5714285714285714,0.5654437652636054,10 to 14 years
1384,38366,0.8881428571428565,0.5714285714285714,0.6537612186614427,10 to 14 years
1385,39592,0.8595714285714279,0.2857142857142857,0.08380331673834329,10 to 14 years
1386,34497,0.8881428571428565,0.5714285714285714,0.7705534641122882,10 to 14 years
1387,31814,0.8452857142857135,0.14285714285714285,0.6384539010670701,10 to 14 years
1388,36076,0.8881428571428565,0.5714285714285714,0.23715957812271182,10 to 14 years
1389,32972,0.8595714285714279,0.2857142857142857,0.10024003895786038,10 to 14 years
1390,30299,0.8595714285714279,0.2857142857142857,0.020554602166339864,10 to 14 years
1391,31540,0.8738571428571421,0.42857142857142855,0.16780431195859113,10 to 14 years
1392,39557,0.8595714285714279,0.2857142857142857,0.15418056142274456,10 to 14 years
1393,37583,0.8738571428571421,0.42857142857142855,0.31378567884296504,10 to 14 years
1394,32348,0.9309999999999993,1.0,0.4382614847781844,10 to 14 years
1395,31947,0.8595714285714279,0.2857142857142857,0.7747879517453865,10 to 14 years
1396,33444,0.8452857142857135,0.14285714285714285,0.40044627887472395,10 to 14 years
1397,34969,0.8595714285714279,0.2857142857142857,0.6704693614422376,10 to 14 years
1398,38627,0.8881428571428565,0.5714285714285714,0.5225800752430239,10 to 14 years
1399,32346,0.8881428571428565,0.5714285714285714,0.10388325287145972,10 to 14 years
1400,35301,0.8595714285714279,0.2857142857142857,0.3536839122399984,10 to 14 years
1401,33342,0.916714285714285,0.8571428571428571,0.3489101195415817,10 to 14 years
1402,33721,0.8452857142857135,0.14285714285714285,0.1858724236067601,10 to 14 years
1403,37030,0.8452857142857135,0.14285714285714285,0.3717770239064793,10 to 14 years
1404,35569,0.8881428571428565,0.5714285714285714,0.9097522037808904,10 to 14 years
1405,30391,0.8595714285714279,0.2857142857142857,0.4565765592215981,10 to 14 years
1406,34295,0.8595714285714279,0.2857142857142857,0.990705022563022,10 to 14 years
1407,31526,0.916714285714285,0.8571428571428571,0.5026001496120486,10 to 14 years
1408,38982,0.8452857142857135,0.14285714285714285,0.912494838218872,10 to 14 years
1409,30909,0.8452857142857135,0.14285714285714285,0.5250620491096301,10 to 14 years
1410,39170,0.8452857142857135,0.14285714285714285,0.24222400794426818,10 to 14 years
1411,30736,0.8738571428571421,0.42857142857142855,0.3159006192642194,10 to 14 years
1412,39086,0.916714285714285,0.8571428571428571,0.42509844925573376,10 to 14 years
1413,37847,0.8452857142857135,0.14285714285714285,0.10556186520776928,10 to 14 years
1414,34101,0.0,0.14285714285714285,0.5238497425303943,10 to 14 years
1415,34882,0.8881428571428565,0.5714285714285714,0.5698314390725863,10 to 14 years
1416,37357,0.8595714285714279,0.2857142857142857,0.3947630797569545,10 to 14 years
1417,36258,0.8595714285714279,0.2857142857142857,0.616626564166674,10 to 14 years
1418,33752,0.8881428571428565,0.5714285714285714,0.8347497448616907,10 to 14 years
1419,36316,0.8452857142857135,0.14285714285714285,0.5772881540881624,10 to 14 years
1420,38692,0.9024285714285707,0.7142857142857142,0.20284443393096957,10 to 14 years
1421,30107,0.8595714285714279,0.2857142857142857,0.9086302484006346,10 to 14 years
1422,36134,0.8595714285714279,0.2857142857142857,0.4190101612055799,10 to 14 years
1423,36597,0.8881428571428565,0.5714285714285714,0.9935089665404677,10 to 14 years
1424,32173,0.8881428571428565,0.5714285714285714,0.7941414036712435,10 to 14 years
1425,35468,0.8595714285714279,0.2857142857142857,0.022146597032818405,10 to 14 years
1426,31297,0.8881428571428565,0.5714285714285714,0.32836438748640984,10 to 14 years
1427,37668,0.8452857142857135,0.14285714285714285,0.33470426552182797,10 to 14 years
1428,37140,0.8881428571428565,0.5714285714285714,0.42696087495590235,10 to 14 years
1429,30010,0.8595714285714279,0.2857142857142857,0.16311026389879046,10 to 14 years
1430,30131,0.8881428571428565,0.5714285714285714,0.8966587140570739,10 to 14 years
1431,38115,0.8452857142857135,0.14285714285714285,0.08606599268354354,10 to 14 years
1432,33999,0.8452857142857135,0.14285714285714285,0.7182035417849782,10 to 14 years
1433,35011,0.8452857142857135,0.14285714285714285,0.38199721478965887,10 to 14 years
1434,34362,0.8452857142857135,0.14285714285714285,0.8232026017227151,10 to 14 years
1435,39431,0.8738571428571421,0.42857142857142855,0.37778509362823476,10 to 14 years
1436,33351,0.8595714285714279,0.2857142857142857,0.3268749116781201,10 to 14 years
1437,33784,0.8738571428571421,0.42857142857142855,0.08132050894167842,10 to 14 years
1438,34337,0.8452857142857135,0.14285714285714285,0.08562102220448747,10 to 14 years
1439,34612,0.8595714285714279,0.2857142857142857,0.370091798791455,10 to 14 years
1440,37454,0.8881428571428565,0.5714285714285714,0.21157211461223563,10 to 14 years
1441,37223,0.8595714285714279,0.2857142857142857,0.44490975920015374,10 to 14 years
1442,36295,0.916714285714285,0.8571428571428571,0.04428793241460405,10 to 14 years
1443,32114,0.8738571428571421,0.42857142857142855,0.5678308310116896,10 to 14 years
1444,37908,0.8595714285714279,0.2857142857142857,0.40795226921979844,10 to 14 years
1445,34554,0.8881428571428565,0.5714285714285714,0.2779661947812333,10 to 14 years
1446,37459,0.8595714285714279,0.2857142857142857,0.5773975289258515,10 to 14 years
1447,36188,0.916714285714285,0.8571428571428571,0.6097408116831348,10 to 14 years
1448,39903,0.916714285714285,0.8571428571428571,0.9943007979426217,10 to 14 years
1449,31288,0.8881428571428565,0.5714285714285714,0.10513826956569589,10 to 14 years
1450,36915,0.9309999999999993,1.0,0.24556677630652068,10 to 14 years
1451,33292,0.8595714285714279,0.2857142857142857,0.07387444400807625,10 to 14 years
1452,36409,0.8452857142857135,0.14285714285714285,0.6932521868483219,10 to 14 years
1453,30522,0.8738571428571421,0.42857142857142855,0.6654193968459957,10 to 14 years
1454,30006,-0.07466744354761953,0.14285714285714285,0.37240676643574144,10 to 14 years
1455,36243,0.8881428571428565,0.5714285714285714,0.4814050382593325,10 to 14 years
1456,39830,0.8452857142857135,0.14285714285714285,0.2935547705356326,10 to 14 years
1457,35934,0.916714285714285,0.8571428571428571,0.8174644213218865,10 to 14 years
1458,35732,0.9309999999999993,1.0,0.21324531290502902,10 to 14 years
1459,36730,0.9024285714285707,0.7142857142857142,0.516043446687906,10 to 14 years
1460,35409,0.8595714285714279,0.2857142857142857,0.5601063791207808,10 to 14 years
1461,38575,0.8452857142857135,0.14285714285714285,0.9334414392613519,10 to 14 years
1462,33411,0.9309999999999993,1.0,0.8513258872303187,10 to 14 years
1463,36631,0.8452857142857135,0.14285714285714285,0.4325260493931099,10 to 14 years
1464,32372,0.8452857142857135,0.14285714285714285,0.22523054753035193,10 to 14 years
1465,36881,0.8881428571428565,0.5714285714285714,0.2676445054297852,10 to 14 years
1466,35615,0.8881428571428565,0.5714285714285714,0.9126139015418431,10 to 14 years
1467,35303,0.8738571428571421,0.42857142857142855,0.7517061039520824,10 to 14 years
1468,30798,0.8881428571428565,0.5714285714285714,0.14269003834676708,10 to 14 years
1469,30484,0.8881428571428565,0.5714285714285714,0.07627036970365442,10 to 14 years
1470,35698,0.8595714285714279,0.2857142857142857,0.5564188402246497,10 to 14 years
1471,34869,0.8595714285714279,0.2857142857142857,0.23073904359273706,10 to 14 years
1472,37304,0.916714285714285,0.8571428571428571,0.7598728133078962,10 to 14 years
1473,39008,0.8881428571428565,0.5714285714285714,0.8952465732119061,10 to 14 years
1474,35504,0.8452857142857135,0.14285714285714285,0.047820763560832646,10 to 14 years
1475,39909,0.8595714285714279,0.2857142857142857,0.2916674226397028,10 to 14 years
1476,37260,0.8452857142857135,0.14285714285714285,0.6676635683774104,10 to 14 years
1477,33098,0.9024285714285707,0.7142857142857142,0.14765406687738597,10 to 14 years
1478,38562,0.8595714285714279,0.2857142857142857,0.8801843157156792,10 to 14 years
1479,36896,0.8595714285714279,0.2857142857142857,0.6066102345822572,10 to 14 years
1480,39069,0.8738571428571421,0.42857142857142855,0.9489123246279916,10 to 14 years
1481,37339,0.8881428571428565,0.5714285714285714,0.2522881393870213,10 to 14 years
1482,33880,0.8595714285714279,0.2857142857142857,0.4442475194033317,10 to 14 years
1483,30347,0.916714285714285,0.8571428571428571,0.3577474078556168,10 to 14 years
1484,31973,0.8881428571428565,0.5714285714285714,0.9814818037331505,10 to 14 years
1485,30957,0.8595714285714279,0.2857142857142857,0.908463084592527,10 to 14 years
1486,33600,0.8595714285714279,0.2857142857142857,0.27652370748513033,10 to 14 years
1487,34787,0.8452857142857135,0.14285714285714285,0.14180379195189197,10 to 14 years
1488,33308,0.8452857142857135,0.14285714285714285,0.7336944531388816,10 to 14 years
1489,31498,0.8738571428571421,0.42857142857142855,0.4358517167830641,10 to 14 years
1490,36684,0.916714285714285,0.8571428571428571,0.07873188432774969,10 to 14 years
1491,36234,0.8452857142857135,0.14285714285714285,0.8403709966740501,10 to 14 years
1492,31609,0.8881428571428565,0.5714285714285714,0.23735428666701502,10 to 14 years
1493,36706,0.8881428571428565,0.5714285714285714,0.5659800906729567,10 to 14 years
1494,36230,0.8595714285714279,0.2857142857142857,0.2652942473595631,10 to 14 years
1495,35764,0.8595714285714279,0.2857142857142857,0.0867158682139571,10 to 14 years
1496,33818,0.916714285714285,0.8571428571428571,0.8222621035131705,10 to 14 years
1497,31648,0.9024285714285707,0.7142857142857142,0.5352409337594733,10 to 14 years
1498,32823,0.9309999999999993,1.0,0.590438136153987,10 to 14 years
1499,32077,0.916714285714285,0.8571428571428571,0.5921530219216643,10 to 14 years
1500,34546,0.8881428571428565,0.5714285714285714,0.38439490532908893,10 to 14 years
1501,31006,0.8595714285714279,0.2857142857142857,0.010517808701488218,10 to 14 years
1502,31640,0.8595714285714279,0.2857142857142857,0.4204886396280604,10 to 14 years
1503,39890,0.8595714285714279,0.2857142857142857,0.5064253224683728,10 to 14 years
1504,36604,0.8881428571428565,0.5714285714285714,0.3064894139217374,10 to 14 years
1505,33497,0.8595714285714279,0.2857142857142857,0.22218236132848007,10 to 14 years
1506,33826,0.8881428571428565,0.5714285714285714,0.15815273463453244,10 to 14 years
1507,34086,0.8452857142857135,0.14285714285714285,0.06737609554365681,10 to 14 years
1508,33772,0.8738571428571421,0.42857142857142855,0.94160483358884,10 to 14 years
1509,34393,0.8452857142857135,0.14285714285714285,0.5478878843185526,10 to 14 years
1510,30039,0.8452857142857135,0.14285714285714285,0.5156312892093478,10 to 14 years
1511,36361,0.8595714285714279,0.2857142857142857,0.8168333208621417,10 to 14 years
1512,31083,0.8881428571428565,0.5714285714285714,0.5055662864069577,10 to 14 years
1513,38472,0.8881428571428565,0.5714285714285714,0.5670547235634217,10 to 14 years
1514,35994,0.8452857142857135,0.14285714285714285,0.5395652096568762,10 to 14 years
1515,33732,0.9309999999999993,1.0,0.6545954552619816,10 to 14 years
1516,31892,0.8881428571428565,0.5714285714285714,0.27595319209971586,10 to 14 years
1517,38572,0.8595714285714279,0.2857142857142857,0.16903666543615004,10 to 14 years
1518,35099,0.8881428571428565,0.5714285714285714,0.5804140957602275,10 to 14 years
1519,34031,0.9309999999999993,1.0,0.9516146500353254,10 to 14 years
1520,34532,0.8452857142857135,0.14285714285714285,0.4192775243293482,10 to 14 years
1521,32929,0.916714285714285,0.8571428571428571,0.9309067844451082,10 to 14 years
1522,39720,0.8595714285714279,0.2857142857142857,0.927186113733215,10 to 14 years
1523,38299,0.916714285714285,0.8571428571428571,0.3350213478691384,10 to 14 years
1524,32071,0.8738571428571421,0.42857142857142855,0.18662570828672836,10 to 14 years
1525,36829,0.8452857142857135,0.14285714285714285,0.10586233203293488,10 to 14 years
1526,35924,0.916714285714285,0.8571428571428571,0.3732323964140214,10 to 14 years
1527,38715,0.8881428571428565,0.5714285714285714,0.904949982515685,10 to 14 years
1528,30378,0.8452857142857135,0.14285714285714285,0.5129601838295577,10 to 14 years
1529,34478,0.9309999999999993,1.0,0.5391905233512653,10 to 14 years
1530,39745,0.8595714285714279,0.2857142857142857,0.34195471555715407,10 to 14 years
1531,31632,0.8881428571428565,0.5714285714285714,0.5704669237170562,10 to 14 years
1532,37979,0.8595714285714279,0.2857142857142857,0.30167555190097994,10 to 14 years
1533,36662,0.8595714285714279,0.2857142857142857,0.5773679909919089,10 to 14 years
1534,32292,0.8738571428571421,0.42857142857142855,0.526932861910769,10 to 14 years
1535,33357,0.8452857142857135,0.14285714285714285,0.7850357508668074,10 to 14 years
1536,36575,0.8595714285714279,0.2857142857142857,0.2573490406191871,10 to 14 years
1537,32957,0.8595714285714279,0.2857142857142857,0.44176228350014257,10 to 14 years
1538,30298,0.8452857142857135,0.14285714285714285,0.03563040002872764,10 to 14 years
1539,35539,0.8595714285714279,0.2857142857142857,0.304011188696918,10 to 14 years
1540,33660,0.8452857142857135,0.14285714285714285,0.029171908940106128,10 to 14 years
1541,37714,0.8738571428571421,0.42857142857142855,0.638961486002976,10 to 14 years
1542,31779,0.916714285714285,0.8571428571428571,0.9858772349760694,10 to 14 years
1543,37215,0.8452857142857135,0.14285714285714285,0.7516557635068637,10 to 14 years
1544,35613,0.8881428571428565,0.5714285714285714,0.5130560869043603,10 to 14 years
1545,34887,0.8595714285714279,0.2857142857142857,0.1616700294174639,10 to 14 years
1546,36109,0.8452857142857135,0.14285714285714285,0.2058645659028001,10 to 14 years
1547,33440,0.8881428571428565,0.5714285714285714,0.8055067181451594,10 to 14 years
1548,36317,0.9309999999999993,1.0,0.3637557732505338,10 to 14 years
1549,33827,0.8881428571428565,0.5714285714285714,0.3283201839188884,10 to 14 years
1550,35304,0.8881428571428565,0.5714285714285714,0.0013838833118814398,10 to 14 years
1551,34209,0.9309999999999993,1.0,0.6986261439958058,10 to 14 years
1552,35129,0.9024285714285707,0.7142857142857142,0.10648549629214704,10 to 14 years
1553,33313,0.8452857142857135,0.14285714285714285,0.544695807962141,10 to 14 years
1554,31022,0.916714285714285,0.8571428571428571,0.45883726055961593,10 to 14 years
1555,30096,0.8595714285714279,0.2857142857142857,0.06012764173517865,10 to 14 years
1556,31202,0.8595714285714279,0.2857142857142857,0.3410935145211158,10 to 14 years
1557,39941,0.8595714285714279,0.2857142857142857,0.5316450040828249,10 to 14 years
1558,39919,0.8881428571428565,0.5714285714285714,0.26538361721987297,10 to 14 years
1559,34123,0.916714285714285,0.8571428571428571,0.23619975554800599,10 to 14 years
1560,31697,0.8452857142857135,0.14285714285714285,0.7821103350344898,10 to 14 years
1561,35888,0.8881428571428565,0.5714285714285714,0.34879277164780753,10 to 14 years
1562,34721,0.8452857142857135,0.14285714285714285,0.501058382634665,10 to 14 years
1563,32322,0.8595714285714279,0.2857142857142857,0.6059170915553418,10 to 14 years
1564,34465,0.8452857142857135,0.14285714285714285,0.11135965569088718,10 to 14 years
1565,38853,0.916714285714285,0.8571428571428571,0.6928045025982674,10 to 14 years
1566,38519,0.9309999999999993,1.0,0.29709987644435965,10 to 14 years
1567,31608,0.8881428571428565,0.5714285714285714,0.34254486087101393,10 to 14 years
1568,32676,0.8881428571428565,0.5714285714285714,0.12569835922305078,10 to 14 years
1569,36952,0.8595714285714279,0.2857142857142857,0.3338017184306501,10 to 14 years
1570,34660,0.8595714285714279,0.2857142857142857,0.2799621714513609,10 to 14 years
1571,33962,0.8595714285714279,0.2857142857142857,0.07230958533822895,10 to 14 years
1572,39383,0.8595714285714279,0.2857142857142857,0.4638026271111163,10 to 14 years
1573,37876,0.8738571428571421,0.42857142857142855,0.5149523900096109,10 to 14 years
1574,33372,0.9309999999999993,1.0,0.3270030358682292,10 to 14 years
1575,34135,0.916714285714285,0.8571428571428571,0.2096153188025478,10 to 14 years
1576,36384,0.8595714285714279,0.2857142857142857,0.035781742591477816,10 to 14 years
1577,35324,0.8881428571428565,0.5714285714285714,0.6158145269223356,10 to 14 years
1578,33193,0.8595714285714279,0.2857142857142857,0.32376570756138645,10 to 14 years
1579,34499,0.8738571428571421,0.42857142857142855,0.5422154126210976,10 to 14 years
1580,30755,0.8595714285714279,0.2857142857142857,0.49677505459041554,10 to 14 years
1581,34932,0.8881428571428565,0.5714285714285714,0.8796586385812653,10 to 14 years
1582,31566,0.916714285714285,0.8571428571428571,0.1869301430608193,10 to 14 years
1583,37811,0.9309999999999993,1.0,0.9257605621463558,10 to 14 years
1584,35330,0.8738571428571421,0.42857142857142855,0.6076540223066043,10 to 14 years
1585,32779,0.8595714285714279,0.2857142857142857,0.30629052153125436,10 to 14 years
1586,37764,0.8452857142857135,0.14285714285714285,0.6336930657265187,10 to 14 years
1587,34213,0.8595714285714279,0.2857142857142857,0.7586314767054585,10 to 14 years
1588,33010,0.916714285714285,0.8571428571428571,0.8787060591662303,10 to 14 years
1589,37316,0.8738571428571421,0.42857142857142855,0.8845729677061335,10 to 14 years
1590,36928,0.8881428571428565,0.5714285714285714,0.3064049701143772,10 to 14 years
1591,30076,0.8738571428571421,0.42857142857142855,0.40308280889777165,10 to 14 years
1592,30236,0.8881428571428565,0.5714285714285714,0.5105092994152811,10 to 14 years
1593,37619,0.8595714285714279,0.2857142857142857,0.29144598158450047,10 to 14 years
1594,32750,0.916714285714285,0.8571428571428571,0.4899120878698052,10 to 14 years
1595,32242,0.8595714285714279,0.2857142857142857,0.5379061894210455,10 to 14 years
1596,39578,0.8595714285714279,0.2857142857142857,0.09608351967885942,10 to 14 years
1597,33356,0.8595714285714279,0.2857142857142857,0.07626074253438031,10 to 14 years
1598,39702,0.8881428571428565,0.5714285714285714,0.8541937047418557,10 to 14 years
1599,36357,0.8881428571428565,0.5714285714285714,0.2747339063435787,10 to 14 years
1600,39618,0.8452857142857135,0.14285714285714285,0.2708450994183482,10 to 14 years
1601,31975,0.8595714285714279,0.2857142857142857,0.8114039811613565,10 to 14 years
1602,36333,0.8881428571428565,0.5714285714285714,0.009165528143356916,10 to 14 years
1603,33502,0.8881428571428565,0.5714285714285714,0.09876050445428491,10 to 14 years
1604,32726,0.8881428571428565,0.5714285714285714,0.6235162750716402,10 to 14 years
1605,38405,0.8881428571428565,0.5714285714285714,0.9244564969819122,10 to 14 years
1606,31191,0.8595714285714279,0.2857142857142857,0.07927273971197984,10 to 14 years
1607,30141,0.8595714285714279,0.2857142857142857,0.8723968532348823,10 to 14 years
1608,30505,0.8881428571428565,0.5714285714285714,0.4141460752124194,10 to 14 years
1609,36031,0.8452857142857135,0.14285714285714285,0.3304364828126418,10 to 14 years
1610,33704,0.8881428571428565,0.5714285714285714,0.5012914620263528,10 to 14 years
1611,36756,0.916714285714285,0.8571428571428571,0.23573570288367757,10 to 14 years
1612,30659,0.8595714285714279,0.2857142857142857,0.06388539477069899,10 to 14 years
1613,38318,0.8452857142857135,0.14285714285714285,0.7688373821505978,10 to 14 years
1614,30112,0.916714285714285,0.8571428571428571,0.7075957379661235,10 to 14 years
1615,32671,0.916714285714285,0.8571428571428571,0.5579931894460172,10 to 14 years
1616,39091,0.8595714285714279,0.2857142857142857,0.9981586434851364,10 to 14 years
1617,31547,0.8881428571428565,0.5714285714285714,0.946684125320922,10 to 14 years
1618,30021,0.8595714285714279,0.2857142857142857,0.8792114314690083,10 to 14 years
1619,35334,0.916714285714285,0.8571428571428571,0.09394189073798975,10 to 14 years
1620,31058,0.916714285714285,0.8571428571428571,0.35072816618026936,10 to 14 years
1621,33238,0.8452857142857135,0.14285714285714285,0.6185567255189658,10 to 14 years
1622,36192,0.8595714285714279,0.2857142857142857,0.9567867954000389,10 to 14 years
1623,37218,0.8452857142857135,0.14285714285714285,0.973909620004795,10 to 14 years
1624,35799,0.8595714285714279,0.2857142857142857,0.5815952832699399,10 to 14 years
1625,31313,0.8595714285714279,0.2857142857142857,0.22912583409655374,10 to 14 years
1626,32940,0.8595714285714279,0.2857142857142857,0.41595325245861253,10 to 14 years
1627,39131,0.9024285714285707,0.7142857142857142,0.26210991728277666,10 to 14 years
1628,39093,0.8595714285714279,0.2857142857142857,0.017567008112936766,10 to 14 years
1629,36281,0.8595714285714279,0.2857142857142857,0.3456515610173914,10 to 14 years
1630,32974,0.8595714285714279,0.2857142857142857,0.738991073580065,10 to 14 years
1631,32930,0.8881428571428565,0.5714285714285714,0.40618606029432586,10 to 14 years
1632,39505,0.8452857142857135,0.14285714285714285,0.7324695436729938,10 to 14 years
1633,35997,0.916714285714285,0.8571428571428571,0.08841552541045034,10 to 14 years
1634,34769,0.8595714285714279,0.2857142857142857,0.5781009376353091,10 to 14 years
1635,30384,0.8595714285714279,0.2857142857142857,0.60159563686237,10 to 14 years
1636,35830,0.8738571428571421,0.42857142857142855,0.763136236386101,10 to 14 years
1637,37733,0.8452857142857135,0.14285714285714285,0.8870591473296041,10 to 14 years
1638,30360,0.9024285714285707,0.7142857142857142,0.3136243026111776,10 to 14 years
1639,31073,0.8595714285714279,0.2857142857142857,0.7840822101718626,10 to 14 years
1640,39889,0.8595714285714279,0.2857142857142857,0.9087592215494744,10 to 14 years
1641,37205,0.8595714285714279,0.2857142857142857,0.6363930926551121,10 to 14 years
1642,37791,0.916714285714285,0.8571428571428571,0.7746667524471083,10 to 14 years
1643,35271,0.9309999999999993,1.0,0.3498889397491214,10 to 14 years
1644,34646,0.8452857142857135,0.14285714285714285,0.5420461489760524,10 to 14 years
1645,30724,0.8881428571428565,0.5714285714285714,0.12281794734320722,10 to 14 years
1646,30175,0.8738571428571421,0.42857142857142855,0.0564445606236606,10 to 14 years
1647,35398,0.8881428571428565,0.5714285714285714,0.15063465899005002,10 to 14 years
1648,31452,0.8881428571428565,0.5714285714285714,0.5733061800860809,10 to 14 years
1649,33802,0.0,0.42857142857142855,0.39410508103251873,10 to 14 years
1650,33280,0.8595714285714279,0.2857142857142857,0.11880267008143885,10 to 14 years
1651,37867,0.8595714285714279,0.2857142857142857,0.23070355663150616,10 to 14 years
1652,39679,0.916714285714285,0.8571428571428571,0.7812548970212495,10 to 14 years
1653,37155,0.8595714285714279,0.2857142857142857,0.7328825983200394,10 to 14 years
1654,35995,0.916714285714285,0.8571428571428571,0.8140438369654288,10 to 14 years
1655,33130,0.916714285714285,0.8571428571428571,0.01055209348823094,10 to 14 years
1656,34400,0.8881428571428565,0.5714285714285714,0.6123854764142583,10 to 14 years
1657,36618,0.916714285714285,0.8571428571428571,0.37648669654904066,10 to 14 years
1658,37292,0.916714285714285,0.8571428571428571,0.4183980325512575,10 to 14 years
1659,34171,0.8452857142857135,0.14285714285714285,0.24313706446187278,10 to 14 years
1660,31848,0.916714285714285,0.8571428571428571,0.6126139814153184,10 to 14 years
1661,31105,0.9309999999999993,1.0,0.9771796648069249,10 to 14 years
1662,36370,0.916714285714285,0.8571428571428571,0.3888875704503162,10 to 14 years
1663,36437,0.8881428571428565,0.5714285714285714,0.869993070213279,10 to 14 years
1664,33012,0.8738571428571421,0.42857142857142855,0.2072910761127979,10 to 14 years
1665,35777,0.8738571428571421,0.42857142857142855,0.0796916488130252,10 to 14 years
1666,33000,0.8881428571428565,0.5714285714285714,0.1645297196205009,10 to 14 years
1667,38027,0.8595714285714279,0.2857142857142857,0.05732262569638086,10 to 14 years
1668,32271,0.8738571428571421,0.42857142857142855,0.4199035747130216,10 to 14 years
1669,31389,0.8595714285714279,0.2857142857142857,0.3167976302385349,10 to 14 years
1670,31776,0.916714285714285,0.8571428571428571,0.13394475592021043,10 to 14 years
1671,33740,0.8595714285714279,0.2857142857142857,0.8007085925645806,10 to 14 years
1672,38155,0.8595714285714279,0.2857142857142857,0.21404056643154157,10 to 14 years
1673,34403,0.916714285714285,0.8571428571428571,0.5546862694414778,10 to 14 years
1674,35707,0.916714285714285,0.8571428571428571,0.31551488807017003,10 to 14 years
1675,37661,0.916714285714285,0.8571428571428571,0.6288185692917891,10 to 14 years
1676,39241,0.8452857142857135,0.14285714285714285,0.8118050364675231,10 to 14 years
1677,34664,0.8452857142857135,0.14285714285714285,0.6395151904019423,10 to 14 years
1678,36025,0.8738571428571421,0.42857142857142855,0.8179747213838007,10 to 14 years
1679,37958,0.8595714285714279,0.2857142857142857,0.7479738991732616,10 to 14 years
1680,31467,0.8452857142857135,0.14285714285714285,0.7406085756622963,10 to 14 years
1681,35802,0.9024285714285707,0.7142857142857142,0.3294276571255901,10 to 14 years
1682,31859,0.8881428571428565,0.5714285714285714,0.22068702501557058,10 to 14 years
1683,37001,0.8881428571428565,0.5714285714285714,0.8123044542910216,10 to 14 years
1684,33184,0.8595714285714279,0.2857142857142857,0.40018562251109857,10 to 14 years
1685,37096,0.8881428571428565,0.5714285714285714,0.6275367053537323,10 to 14 years
1686,35639,0.8738571428571421,0.42857142857142855,0.3493722629762791,10 to 14 years
1687,34456,0.8881428571428565,0.5714285714285714,0.5468414305491308,10 to 14 years
1688,38723,0.916714285714285,0.8571428571428571,0.6911481600323203,10 to 14 years
1689,32390,0.8595714285714279,0.2857142857142857,0.48374293769026566,10 to 14 years
1690,32301,0.8881428571428565,0.5714285714285714,0.108001694222087,10 to 14 years
1691,32249,0.916714285714285,0.8571428571428571,0.07964577712090737,10 to 14 years
1692,32020,0.8738571428571421,0.42857142857142855,0.6962672348259338,10 to 14 years
1693,35941,0.8452857142857135,0.14285714285714285,0.5829670309474447,10 to 14 years
1694,38433,0.916714285714285,0.8571428571428571,0.693302845799683,10 to 14 years
1695,34698,0.8595714285714279,0.2857142857142857,0.45950368112828127,10 to 14 years
1696,36225,0.8595714285714279,0.2857142857142857,0.3622590200031034,10 to 14 years
1697,32802,0.8595714285714279,0.2857142857142857,0.6259932785550953,10 to 14 years
1698,35242,0.8595714285714279,0.2857142857142857,0.9439133211632881,10 to 14 years
1699,36418,0.8595714285714279,0.2857142857142857,0.9352660510768562,10 to 14 years
1700,38084,0.8881428571428565,0.5714285714285714,0.3927205207074088,10 to 14 years
1701,36385,0.916714285714285,0.8571428571428571,0.6006683673038807,10 to 14 years
1702,36905,0.8452857142857135,0.14285714285714285,0.1762597990072342,10 to 14 years
1703,38844,0.8595714285714279,0.2857142857142857,0.3296434768506709,10 to 14 years
1704,37647,0.916714285714285,0.8571428571428571,0.6974740033297268,10 to 14 years
1705,30918,0.8881428571428565,0.5714285714285714,0.5990896737635651,10 to 14 years
1706,31484,0.8452857142857135,0.14285714285714285,0.6886972635230503,10 to 14 years
1707,33346,0.8452857142857135,0.14285714285714285,0.4993176323622449,10 to 14 years
1708,37530,0.916714285714285,0.8571428571428571,0.6689431878889072,10 to 14 years
1709,35399,0.916714285714285,0.8571428571428571,0.5484978808840961,10 to 14 years
1710,30255,0.8595714285714279,0.2857142857142857,0.9782829567444354,10 to 14 years
1711,38305,0.8881428571428565,0.5714285714285714,0.9030968168957147,10 to 14 years
1712,31070,0.8452857142857135,0.14285714285714285,0.28821399432921907,10 to 14 years
1713,39243,0.8452857142857135,0.14285714285714285,0.5087509335304796,10 to 14 years
1714,31393,0.8738571428571421,0.42857142857142855,0.7723637267428964,10 to 14 years
1715,39785,0.8595714285714279,0.2857142857142857,0.03860985507636083,10 to 14 years
1716,35297,0.8452857142857135,0.14285714285714285,0.06536114608953209,10 to 14 years
1717,34378,0.916714285714285,0.8571428571428571,0.4757365079653621,10 to 14 years
1718,36593,0.8595714285714279,0.2857142857142857,0.5091608352939772,10 to 14 years
1719,38824,0.8881428571428565,0.5714285714285714,0.18031175007839118,10 to 14 years
1720,34186,0.8595714285714279,0.2857142857142857,0.7907146148194726,10 to 14 years
1721,31543,0.8738571428571421,0.42857142857142855,0.9077525479394242,10 to 14 years
1722,34264,0.8595714285714279,0.2857142857142857,0.3324492156807233,10 to 14 years
1723,30971,0.9309999999999993,1.0,0.6873497107364333,10 to 14 years
1724,39832,0.8738571428571421,0.42857142857142855,0.740261212198678,10 to 14 years
1725,30564,0.8881428571428565,0.5714285714285714,0.6822781387872141,10 to 14 years
1726,34266,0.8881428571428565,0.5714285714285714,0.9348776289804563,10 to 14 years
1727,33037,0.8738571428571421,0.42857142857142855,0.24811424672373011,10 to 14 years
1728,33910,0.9309999999999993,1.0,0.868290583841004,10 to 14 years
1729,33494,0.8881428571428565,0.5714285714285714,0.43405798003522816,10 to 14 years
1730,32098,0.8881428571428565,0.5714285714285714,0.8246873707340521,10 to 14 years
1731,33312,0.8881428571428565,0.5714285714285714,0.35595842896367513,10 to 14 years
1732,32161,0.8595714285714279,0.2857142857142857,0.1086911355553109,10 to 14 years
1733,38569,0.8881428571428565,0.5714285714285714,0.06827085578221742,10 to 14 years
1734,34955,0.8452857142857135,0.14285714285714285,0.45231821379488263,10 to 14 years
1735,39580,0.916714285714285,0.8571428571428571,0.7961708094461565,10 to 14 years
1736,39303,0.8738571428571421,0.42857142857142855,0.6778203458481475,10 to 14 years
1737,37330,0.8452857142857135,0.14285714285714285,0.7696850260639997,10 to 14 years
1738,34591,0.9309999999999993,1.0,0.1731823508730327,10 to 14 years
1739,32089,0.8881428571428565,0.5714285714285714,0.1294039725563928,10 to 14 years
1740,32591,0.8595714285714279,0.2857142857142857,0.25993059958558234,10 to 14 years
1741,34235,0.8738571428571421,0.42857142857142855,0.4407006328007771,10 to 14 years
1742,33749,0.916714285714285,0.8571428571428571,0.963410590631478,10 to 14 years
1743,33694,0.8452857142857135,0.14285714285714285,0.6258575000991291,10 to 14 years
1744,38684,0.8595714285714279,0.2857142857142857,0.5889118270633869,10 to 14 years
1745,38420,0.8595714285714279,0.2857142857142857,0.7531259669464079,10 to 14 years
1746,32696,0.916714285714285,0.8571428571428571,0.3312601389720753,10 to 14 years
1747,34852,0.8595714285714279,0.2857142857142857,0.71244630828589,10 to 14 years
1748,38388,0.8452857142857135,0.14285714285714285,0.30627011146744737,10 to 14 years
1749,30925,0.8452857142857135,0.14285714285714285,0.45463644561982386,10 to 14 years
1750,35667,0.8595714285714279,0.2857142857142857,0.8473064215010959,10 to 14 years
1751,35550,0.8595714285714279,0.2857142857142857,0.760113277332793,10 to 14 years
1752,35766,0.8452857142857135,0.14285714285714285,0.21953165832567745,10 to 14 years
1753,35205,0.8881428571428565,0.5714285714285714,0.4135104974260899,10 to 14 years
1754,37502,0.8452857142857135,0.14285714285714285,0.4610522649830043,10 to 14 years
1755,32184,0.8595714285714279,0.2857142857142857,0.9169776289975362,10 to 14 years
1756,39946,0.8881428571428565,0.5714285714285714,0.8469088001148255,10 to 14 years
1757,36177,0.9024285714285707,0.7142857142857142,0.4373118713467913,10 to 14 years
1758,33955,0.916714285714285,0.8571428571428571,0.5450707337240127,10 to 14 years
1759,33682,0.8881428571428565,0.5714285714285714,0.6518399087211642,10 to 14 years
1760,32789,0.9024285714285707,0.7142857142857142,0.08316595586553449,10 to 14 years
1761,35895,0.8452857142857135,0.14285714285714285,0.6714633604876274,10 to 14 years
1762,30319,0.8881428571428565,0.5714285714285714,0.1245853996076523,10 to 14 years
1763,36145,0.8595714285714279,0.2857142857142857,0.5063601027846524,10 to 14 years
1764,37865,0.8595714285714279,0.2857142857142857,0.5106281269901668,10 to 14 years
1765,39519,0.8595714285714279,0.2857142857142857,0.18351196261636626,10 to 14 years
1766,38216,0.8452857142857135,0.14285714285714285,0.3979316069289657,10 to 14 years
1767,35464,0.8738571428571421,0.42857142857142855,0.44662647842074915,10 to 14 years
1768,32667,0.8452857142857135,0.14285714285714285,0.08827449800925014,10 to 14 years
1769,34934,0.916714285714285,0.8571428571428571,0.6285042348492007,10 to 14 years
1770,36867,0.8452857142857135,0.14285714285714285,0.3208038537493556,10 to 14 years
1771,39986,0.8881428571428565,0.5714285714285714,0.7557948071898799,10 to 14 years
1772,30635,0.8595714285714279,0.2857142857142857,0.3330192123103043,10 to 14 years
1773,30908,0.8881428571428565,0.5714285714285714,0.8164816769198087,10 to 14 years
1774,38049,0.916714285714285,0.8571428571428571,0.7126959552268322,10 to 14 years
1775,38541,0.8595714285714279,0.2857142857142857,0.9432147100728677,10 to 14 years
1776,39761,0.8881428571428565,0.5714285714285714,0.6819088543556704,10 to 14 years
1777,31068,0.8452857142857135,0.14285714285714285,0.3868821787580149,10 to 14 years
1778,36956,0.8738571428571421,0.42857142857142855,0.21865268839720592,10 to 14 years
1779,37874,0.916714285714285,0.8571428571428571,0.16381797347808041,10 to 14 years
1780,35082,0.8738571428571421,0.42857142857142855,0.8873184796006827,10 to 14 years
1781,34395,0.916714285714285,0.8571428571428571,0.23335053313309567,10 to 14 years
1782,30164,0.916714285714285,0.8571428571428571,0.5584085022468299,10 to 14 years
1783,38514,0.8738571428571421,0.42857142857142855,0.3751907486529788,10 to 14 years
1784,33919,0.8595714285714279,0.2857142857142857,0.20412164607240324,10 to 14 years
1785,38943,0.8452857142857135,0.14285714285714285,0.2882054582068951,10 to 14 years
1786,38794,0.916714285714285,0.8571428571428571,0.31058932146313556,10 to 14 years
1787,30224,0.8452857142857135,0.14285714285714285,0.31602057662965316,10 to 14 years
1788,36661,0.8595714285714279,0.2857142857142857,0.36065592635473875,10 to 14 years
1789,38849,0.8595714285714279,0.2857142857142857,0.9487495694200957,10 to 14 years
1790,34091,0.916714285714285,0.8571428571428571,0.4922382459297281,10 to 14 years
1791,33980,0.8738571428571421,0.42857142857142855,0.005619559744232339,10 to 14 years
1792,31402,0.8595714285714279,0.2857142857142857,0.9956210423538141,10 to 14 years
1793,36014,0.9309999999999993,1.0,0.6092956645291356,10 to 14 years
1794,33792,0.8881428571428565,0.5714285714285714,0.5432055798845,10 to 14 years
1795,36506,0.8738571428571421,0.42857142857142855,0.36715726886003,10 to 14 years
1796,39420,0.8595714285714279,0.2857142857142857,0.6292362303517657,10 to 14 years
1797,31835,0.9024285714285707,0.7142857142857142,0.7251792505091252,10 to 14 years
1798,39782,0.8881428571428565,0.5714285714285714,0.3300284853721206,10 to 14 years
1799,32229,0.8452857142857135,0.14285714285714285,0.7851159807549486,10 to 14 years
1800,39035,0.8881428571428565,0.5714285714285714,0.5718711867158954,10 to 14 years
1801,33867,0.8881428571428565,0.5714285714285714,0.7689516105706277,10 to 14 years
1802,38265,0.9309999999999993,1.0,0.7263394641289529,10 to 14 years
1803,39177,0.8881428571428565,0.5714285714285714,0.21481545572279798,10 to 14 years
1804,36696,0.8595714285714279,0.2857142857142857,0.8106446629477371,10 to 14 years
1805,31303,0.8595714285714279,0.2857142857142857,0.6142808779508757,10 to 14 years
1806,33164,0.8595714285714279,0.2857142857142857,0.898468665205686,10 to 14 years
1807,38737,0.916714285714285,0.8571428571428571,0.6388654377956156,10 to 14 years
1808,32129,0.916714285714285,0.8571428571428571,0.08106515148042132,10 to 14 years
1809,33088,0.8452857142857135,0.14285714285714285,0.8683754895433591,10 to 14 years
1810,38139,0.916714285714285,0.8571428571428571,0.9289500770105861,10 to 14 years
1811,39777,0.8595714285714279,0.2857142857142857,0.8741460770598031,10 to 14 years
1812,35692,0.8595714285714279,0.2857142857142857,0.014856361590004252,10 to 14 years
1813,32200,0.8452857142857135,0.14285714285714285,0.9391695477778426,10 to 14 years
1814,32059,0.8738571428571421,0.42857142857142855,0.33524010085743383,10 to 14 years
1815,36903,0.916714285714285,0.8571428571428571,0.785172408265647,10 to 14 years
1816,37104,0.8881428571428565,0.5714285714285714,0.8003932747692589,10 to 14 years
1817,33485,0.8595714285714279,0.2857142857142857,0.710507365343842,10 to 14 years
1818,39213,0.8595714285714279,0.2857142857142857,0.8100706490456642,10 to 14 years
1819,36927,0.8881428571428565,0.5714285714285714,0.48565513510012465,10 to 14 years
1820,37022,0.8881428571428565,0.5714285714285714,0.12117896701334208,10 to 14 years
1821,39317,0.8738571428571421,0.42857142857142855,0.49264378361124905,10 to 14 years
1822,32258,0.8881428571428565,0.5714285714285714,0.40203838669979985,10 to 14 years
1823,30598,0.8452857142857135,0.14285714285714285,0.6016193209843498,10 to 14 years
1824,38347,0.8595714285714279,0.2857142857142857,0.2896584612679628,10 to 14 years
1825,30770,0.8738571428571421,0.42857142857142855,0.32303427523692346,10 to 14 years
1826,35753,0.916714285714285,0.8571428571428571,0.6133030118864734,10 to 14 years
1827,31904,0.8595714285714279,0.2857142857142857,0.10043446138439843,10 to 14 years
1828,35561,0.8881428571428565,0.5714285714285714,0.5711046860121929,10 to 14 years
1829,37734,0.916714285714285,0.8571428571428571,0.5014446141710363,10 to 14 years
1830,34872,0.9024285714285707,0.7142857142857142,0.7312440670900658,10 to 14 years
1831,35251,0.8738571428571421,0.42857142857142855,0.6938668025145245,10 to 14 years
1832,35031,0.8595714285714279,0.2857142857142857,0.07988923749965421,10 to 14 years
1833,31170,0.916714285714285,0.8571428571428571,0.43545248023348765,10 to 14 years
1834,31004,0.8738571428571421,0.42857142857142855,0.30543010398841447,10 to 14 years
1835,30719,0.916714285714285,0.8571428571428571,0.6344740058734604,10 to 14 years
1836,31469,0.8738571428571421,0.42857142857142855,0.6757789454139824,10 to 14 years
1837,36482,0.916714285714285,0.8571428571428571,0.1073701498617528,10 to 14 years
1838,33323,0.8881428571428565,0.5714285714285714,0.15772572647123656,10 to 14 years
1839,33830,0.8452857142857135,0.14285714285714285,0.9401502482631287,10 to 14 years
1840,34200,0.8452857142857135,0.14285714285714285,0.24220463523593144,10 to 14 years
1841,39044,0.8881428571428565,0.5714285714285714,0.2590921819264324,10 to 14 years
1842,37190,0.8595714285714279,0.2857142857142857,0.6825330767894198,10 to 14 years
1843,39680,0.8881428571428565,0.5714285714285714,0.5269420253808417,10 to 14 years
1844,39318,0.916714285714285,0.8571428571428571,0.6074488257187438,10 to 14 years
1845,32738,0.916714285714285,0.8571428571428571,0.5787021223613142,10 to 14 years
1846,35028,0.8595714285714279,0.2857142857142857,0.527660939072421,10 to 14 years
1847,30823,0.8595714285714279,0.2857142857142857,0.16410545081692546,10 to 14 years
1848,39270,0.8881428571428565,0.5714285714285714,0.4044529762718374,10 to 14 years
1849,34314,0.916714285714285,0.8571428571428571,0.5060949233917094,10 to 14 years
1850,36723,0.8452857142857135,0.14285714285714285,0.9951676627330508,10 to 14 years
1851,32760,0.8595714285714279,0.2857142857142857,0.2953502085806774,10 to 14 years
1852,37787,0.8452857142857135,0.14285714285714285,0.11935717703022913,10 to 14 years
1853,34935,0.9309999999999993,1.0,0.28439552812345725,10 to 14 years
1854,38414,0.8881428571428565,0.5714285714285714,0.07544873139284503,10 to 14 years
1855,31408,0.0,0.5714285714285714,0.48466347902923396,10 to 14 years
1856,31604,0.8452857142857135,0.14285714285714285,0.9056222437550037,10 to 14 years
1857,39378,0.8452857142857135,0.14285714285714285,0.9389735486048707,10 to 14 years
1858,34154,0.8881428571428565,0.5714285714285714,0.39306514041679597,10 to 14 years
1859,39870,0.8452857142857135,0.14285714285714285,0.37347967561683004,10 to 14 years
1860,37373,0.916714285714285,0.8571428571428571,0.2654164845886977,10 to 14 years
1861,32621,0.8881428571428565,0.5714285714285714,0.3954652771899732,10 to 14 years
1862,30656,0.8881428571428565,0.5714285714285714,0.2731384467473291,10 to 14 years
1863,37291,0.9024285714285707,0.7142857142857142,0.6485951373917531,10 to 14 years
1864,34568,0.8738571428571421,0.42857142857142855,0.8800043809713771,10 to 14 years
1865,36822,0.8452857142857135,0.14285714285714285,0.762953000537224,10 to 14 years
1866,32644,0.8595714285714279,0.2857142857142857,0.12483489444965923,10 to 14 years
1867,33225,0.8595714285714279,0.2857142857142857,0.42028803360496564,10 to 14 years
1868,32732,0.9024285714285707,0.7142857142857142,0.1295088374123809,10 to 14 years
1869,38270,0.8595714285714279,0.2857142857142857,0.6001880958473124,10 to 14 years
1870,32611,0.8595714285714279,0.2857142857142857,0.13698135479241114,10 to 14 years
1871,31601,0.8881428571428565,0.5714285714285714,0.2780890521427008,10 to 14 years
1872,30850,0.9309999999999993,1.0,0.8888388120039157,10 to 14 years
1873,37784,0.9309999999999993,1.0,0.661702097417193,10 to 14 years
1874,31531,0.8881428571428565,0.5714285714285714,0.6954050123220601,10 to 14 years
1875,36807,0.8738571428571421,0.42857142857142855,0.5603356506283916,10 to 14 years
1876,33078,0.8738571428571421,0.42857142857142855,0.5484657696167381,10 to 14 years
1877,34021,0.8452857142857135,0.14285714285714285,0.7249881589782491,10 to 14 years
1878,33624,0.916714285714285,0.8571428571428571,0.3926685525296778,10 to 14 years
1879,30789,0.916714285714285,0.8571428571428571,0.4228198425170179,10 to 14 years
1880,31007,0.8881428571428565,0.5714285714285714,0.1143158043226587,10 to 14 years
1881,35410,0.916714285714285,0.8571428571428571,0.1768397891202796,10 to 14 years
1882,37743,0.8595714285714279,0.2857142857142857,0.07487677448814195,10 to 14 years
1883,30569,0.8881428571428565,0.5714285714285714,0.20453182993156294,10 to 14 years
1884,31135,0.8738571428571421,0.42857142857142855,0.39142038759801456,10 to 14 years
1885,34258,0.8738571428571421,0.42857142857142855,0.025185726599855296,10 to 14 years
1886,36733,0.8452857142857135,0.14285714285714285,0.5329880300466251,10 to 14 years
1887,36480,0.8595714285714279,0.2857142857142857,0.3642095659654122,10 to 14 years
1888,36276,0.916714285714285,0.8571428571428571,0.42673544192755375,10 to 14 years
1889,37947,0.8881428571428565,0.5714285714285714,0.8613267984775519,10 to 14 years
1890,33985,0.916714285714285,0.8571428571428571,0.607173073103307,10 to 14 years
1891,38673,0.8595714285714279,0.2857142857142857,0.3188340497988,10 to 14 years
1892,38355,0.9024285714285707,0.7142857142857142,0.738777016610081,10 to 14 years
1893,32847,0.9024285714285707,0.7142857142857142,0.5311896964169209,10 to 14 years
1894,37870,0.8595714285714279,0.2857142857142857,0.6120905727323971,10 to 14 years
1895,35745,0.8881428571428565,0.5714285714285714,0.4580233439307038,10 to 14 years
1896,38681,0.916714285714285,0.8571428571428571,0.5955526379029334,10 to 14 years
1897,31984,0.8452857142857135,0.14285714285714285,0.863042395658172,10 to 14 years
1898,35105,0.8881428571428565,0.5714285714285714,0.2140164522548446,10 to 14 years
1899,39549,0.8881428571428565,0.5714285714285714,0.9532626462981293,10 to 14 years
1900,39203,0.8738571428571421,0.42857142857142855,0.41401449407030205,10 to 14 years
1901,34397,0.8738571428571421,0.42857142857142855,0.18527631322345423,10 to 14 years
1902,38333,0.8452857142857135,0.14285714285714285,0.1225476112559809,10 to 14 years
1903,34205,0.916714285714285,0.8571428571428571,0.5933688476124711,10 to 14 years
1904,33963,0.8595714285714279,0.2857142857142857,0.4829598139044376,10 to 14 years
1905,35331,0.916714285714285,0.8571428571428571,0.520853517020667,10 to 14 years
1906,35823,0.916714285714285,0.8571428571428571,0.5935110417524315,10 to 14 years
1907,31275,0.916714285714285,0.8571428571428571,0.7419403008626106,10 to 14 years
1908,34747,0.8881428571428565,0.5714285714285714,0.15178905678151233,10 to 14 years
1909,35190,0.8595714285714279,0.2857142857142857,0.12146055631801972,10 to 14 years
1910,32593,0.8881428571428565,0.5714285714285714,0.45752115500627494,10 to 14 years
1911,32939,0.8508571428571419,0.42857142857142855,0.38366478202370247,15 to 19 years
1912,31305,0.0,0.14285714285714285,0.816458701412351,15 to 19 years
1913,36694,0.8365714285714276,0.2857142857142857,0.07226900249816004,15 to 19 years
1914,36724,0.8937142857142848,0.8571428571428571,0.2448783750473063,15 to 19 years
1915,36774,0.8365714285714276,0.2857142857142857,0.1795611757722677,15 to 19 years
1916,36434,0.8651428571428562,0.5714285714285714,0.9215555333879666,15 to 19 years
1917,30614,0.8937142857142848,0.8571428571428571,0.05257224536111299,15 to 19 years
1918,37831,0.8937142857142848,0.8571428571428571,0.23221800447066482,15 to 19 years
1919,32395,0.907999999999999,1.0,0.9051435310611251,15 to 19 years
1920,38676,0.8794285714285704,0.7142857142857142,0.9196694293014772,15 to 19 years
1921,38693,0.8794285714285704,0.7142857142857142,0.7044944194557874,15 to 19 years
1922,39037,0.8222857142857133,0.14285714285714285,0.4806163565018751,15 to 19 years
1923,33846,0.8365714285714276,0.2857142857142857,0.294575792251353,15 to 19 years
1924,38270,0.8365714285714276,0.2857142857142857,0.6001880958473124,15 to 19 years
1925,38941,0.907999999999999,1.0,0.4888949366889735,15 to 19 years
1926,30404,0.8651428571428562,0.5714285714285714,0.19005000031990776,15 to 19 years
1927,31626,0.8651428571428562,0.5714285714285714,0.43754627814649005,15 to 19 years
1928,39470,0.8222857142857133,0.14285714285714285,0.7965240508530937,15 to 19 years
1929,30710,0.8365714285714276,0.2857142857142857,0.10178970917906244,15 to 19 years
1930,32928,0.8365714285714276,0.2857142857142857,0.040777618277709315,15 to 19 years
1931,30503,0.8222857142857133,0.14285714285714285,0.9020219031107602,15 to 19 years
1932,35303,0.8508571428571419,0.42857142857142855,0.7517061039520824,15 to 19 years
1933,30805,0.8365714285714276,0.2857142857142857,0.2186332926363676,15 to 19 years
1934,39827,0.8222857142857133,0.14285714285714285,0.0007340921839656955,15 to 19 years
1935,32987,0.8365714285714276,0.2857142857142857,0.1696105181511584,15 to 19 years
1936,31646,0.8651428571428562,0.5714285714285714,0.4640402013672191,15 to 19 years
1937,33457,0.8365714285714276,0.2857142857142857,0.2613263399343041,15 to 19 years
1938,34127,0.907999999999999,1.0,0.38229306538050234,15 to 19 years
1939,30207,0.8365714285714276,0.2857142857142857,0.36708720055375577,15 to 19 years
1940,33596,0.8365714285714276,0.2857142857142857,0.9666024992142305,15 to 19 years
1941,31887,0.8651428571428562,0.5714285714285714,0.604174098775283,15 to 19 years
1942,37076,0.8222857142857133,0.14285714285714285,0.595064327041768,15 to 19 years
1943,31889,0.8365714285714276,0.2857142857142857,0.7317294191770635,15 to 19 years
1944,36174,0.8508571428571419,0.42857142857142855,0.41687070792251923,15 to 19 years
1945,37030,0.8222857142857133,0.14285714285714285,0.3717770239064793,15 to 19 years
1946,34456,0.8651428571428562,0.5714285714285714,0.5468414305491308,15 to 19 years
1947,38321,0.8365714285714276,0.2857142857142857,0.15486155176054311,15 to 19 years
1948,34991,0.8651428571428562,0.5714285714285714,0.3101053564080487,15 to 19 years
1949,30328,0.8365714285714276,0.2857142857142857,0.6513498817939837,15 to 19 years
1950,38783,0.8508571428571419,0.42857142857142855,0.35865712858999255,15 to 19 years
1951,35636,0.8222857142857133,0.14285714285714285,0.4366038436836988,15 to 19 years
1952,35500,0.8365714285714276,0.2857142857142857,0.46786542699857886,15 to 19 years
1953,37459,0.8365714285714276,0.2857142857142857,0.5773975289258515,15 to 19 years
1954,36373,0.8651428571428562,0.5714285714285714,0.52092960031227,15 to 19 years
1955,39032,0.8651428571428562,0.5714285714285714,0.32567357984793555,15 to 19 years
1956,31681,0.8365714285714276,0.2857142857142857,0.7962983788506899,15 to 19 years
1957,38742,0.8937142857142848,0.8571428571428571,0.12922884074065671,15 to 19 years
1958,38632,0.8365714285714276,0.2857142857142857,0.545790630197742,15 to 19 years
1959,36616,0.8222857142857133,0.14285714285714285,0.9798947555310794,15 to 19 years
1960,35382,0.8222857142857133,0.14285714285714285,0.7719163376050632,15 to 19 years
1961,33342,0.8937142857142848,0.8571428571428571,0.3489101195415817,15 to 19 years
1962,39862,0.8508571428571419,0.42857142857142855,0.6440318364570166,15 to 19 years
1963,38460,0.8222857142857133,0.14285714285714285,0.9102861505702435,15 to 19 years
1964,32569,0.8937142857142848,0.8571428571428571,0.5671153751176414,15 to 19 years
1965,37424,0.907999999999999,1.0,0.4137642278245927,15 to 19 years
1966,30321,0.8651428571428562,0.5714285714285714,0.23136144654252583,15 to 19 years
1967,32083,0.8937142857142848,0.8571428571428571,0.1307004893117083,15 to 19 years
1968,31759,0.907999999999999,1.0,0.8730266900733274,15 to 19 years
1969,34866,0.8651428571428562,0.5714285714285714,0.703225118658137,15 to 19 years
1970,35053,0.8222857142857133,0.14285714285714285,0.2655261127696325,15 to 19 years
1971,30363,0.8365714285714276,0.2857142857142857,0.9262215444997446,15 to 19 years
1972,31816,0.8222857142857133,0.14285714285714285,0.8392635291114519,15 to 19 years
1973,31131,0.8222857142857133,0.14285714285714285,0.3467884784398497,15 to 19 years
1974,34737,0.8508571428571419,0.42857142857142855,0.5889809959169101,15 to 19 years
1975,37496,0.907999999999999,1.0,0.26650533717239866,15 to 19 years
1976,33425,0.8651428571428562,0.5714285714285714,0.7579665211124911,15 to 19 years
1977,33721,0.8222857142857133,0.14285714285714285,0.1858724236067601,15 to 19 years
1978,39875,0.8508571428571419,0.42857142857142855,0.5639520690143288,15 to 19 years
1979,37018,0.8222857142857133,0.14285714285714285,0.7532892116203953,15 to 19 years
1980,30903,0.8365714285714276,0.2857142857142857,0.4441537415401722,15 to 19 years
1981,35641,0.8365714285714276,0.2857142857142857,0.24764545943389782,15 to 19 years
1982,38995,0.8508571428571419,0.42857142857142855,0.6308994519910479,15 to 19 years
1983,33991,0.8651428571428562,0.5714285714285714,0.2365323522166805,15 to 19 years
1984,33125,0.8365714285714276,0.2857142857142857,0.5805177834004954,15 to 19 years
1985,33944,0.8365714285714276,0.2857142857142857,0.5502457286622208,15 to 19 years
1986,31187,0.8651428571428562,0.5714285714285714,0.3144707558143269,15 to 19 years
1987,35279,0.8937142857142848,0.8571428571428571,0.6302404466010691,15 to 19 years
1988,39331,0.8365714285714276,0.2857142857142857,0.2987391349124247,15 to 19 years
1989,33364,0.8508571428571419,0.42857142857142855,0.5915852809270402,15 to 19 years
1990,33225,0.8365714285714276,0.2857142857142857,0.42028803360496564,15 to 19 years
1991,31443,0.8508571428571419,0.42857142857142855,0.5500377920049268,15 to 19 years
1992,31836,0.8651428571428562,0.5714285714285714,0.4285017923121079,15 to 19 years
1993,39554,0.8651428571428562,0.5714285714285714,0.17513256386087567,15 to 19 years
1994,31699,0.8222857142857133,0.14285714285714285,0.457791446567822,15 to 19 years
1995,31247,0.907999999999999,1.0,0.08224341403552354,15 to 19 years
1996,37929,0.8365714285714276,0.2857142857142857,0.6255435531064096,15 to 19 years
1997,30995,0.8937142857142848,0.8571428571428571,0.3061534562704989,15 to 19 years
1998,32704,0.8508571428571419,0.42857142857142855,0.0966858153446723,15 to 19 years
1999,34394,0.8365714285714276,0.2857142857142857,0.07460823836700431,15 to 19 years
2000,34532,0.8222857142857133,0.14285714285714285,0.4192775243293482,15 to 19 years
2001,37107,0.8222857142857133,0.14285714285714285,0.7011229330153234,15 to 19 years
2002,39595,0.8365714285714276,0.2857142857142857,0.8152330011468825,15 to 19 years
2003,38258,0.8508571428571419,0.42857142857142855,0.4902916103999816,15 to 19 years
2004,39652,0.8222857142857133,0.14285714285714285,0.5016128045097622,15 to 19 years
2005,32967,0.8365714285714276,0.2857142857142857,0.6187483547884038,15 to 19 years
2006,35952,0.907999999999999,1.0,0.6566710947678481,15 to 19 years
2007,33887,0.8365714285714276,0.2857142857142857,0.16889400017922412,15 to 19 years
2008,30786,0.8222857142857133,0.14285714285714285,0.9521573278276962,15 to 19 years
2009,39931,0.8651428571428562,0.5714285714285714,0.9658754243151713,15 to 19 years
2010,35574,0.907999999999999,1.0,0.35230542178856433,15 to 19 years
2011,34832,0.8365714285714276,0.2857142857142857,0.0968992483868848,15 to 19 years
2012,34382,0.8222857142857133,0.14285714285714285,0.5108302114901503,15 to 19 years
2013,35619,0.8222857142857133,0.14285714285714285,0.3209524229887303,15 to 19 years
2014,39829,0.8651428571428562,0.5714285714285714,0.7346454516787968,15 to 19 years
2015,31244,0.8365714285714276,0.2857142857142857,0.189665680384641,15 to 19 years
2016,37357,0.8365714285714276,0.2857142857142857,0.3947630797569545,15 to 19 years
2017,33796,0.8365714285714276,0.2857142857142857,0.2932478501906759,15 to 19 years
2018,36448,0.8222857142857133,0.14285714285714285,0.2675111751241208,15 to 19 years
2019,36954,0.8508571428571419,0.42857142857142855,0.26213263214690014,15 to 19 years
2020,33320,0.8365714285714276,0.2857142857142857,0.04957923322956215,15 to 19 years
2021,35894,0.8651428571428562,0.5714285714285714,0.8774865212156766,15 to 19 years
2022,37108,0.8937142857142848,0.8571428571428571,0.32456654020598114,15 to 19 years
2023,33507,0.8508571428571419,0.42857142857142855,0.5552316081940664,15 to 19 years
2024,35513,0.8937142857142848,0.8571428571428571,0.5895041858186392,15 to 19 years
2025,37016,0.907999999999999,1.0,0.6545832848874238,15 to 19 years
2026,35472,0.8365714285714276,0.2857142857142857,0.8378190526147937,15 to 19 years
2027,39962,0.8365714285714276,0.2857142857142857,0.5616542324202346,15 to 19 years
2028,33818,0.8937142857142848,0.8571428571428571,0.8222621035131705,15 to 19 years
2029,32711,0.8365714285714276,0.2857142857142857,0.4812009879861038,15 to 19 years
2030,30512,0.8365714285714276,0.2857142857142857,0.31658889588036404,15 to 19 years
2031,30521,0.8937142857142848,0.8571428571428571,0.8612769772321714,15 to 19 years
2032,32580,0.8365714285714276,0.2857142857142857,0.7073827691067485,15 to 19 years
2033,34165,0.8651428571428562,0.5714285714285714,0.4563645018264423,15 to 19 years
2034,30488,0.8651428571428562,0.5714285714285714,0.5811762398244864,15 to 19 years
2035,31036,0.8651428571428562,0.5714285714285714,0.8163483537299883,15 to 19 years
2036,31978,0.8365714285714276,0.2857142857142857,0.7710667312633612,15 to 19 years
2037,31061,0.8222857142857133,0.14285714285714285,0.6840023984800968,15 to 19 years
2038,38040,0.8937142857142848,0.8571428571428571,0.14866458390059145,15 to 19 years
2039,32640,0.8222857142857133,0.14285714285714285,0.8274869836920011,15 to 19 years
2040,33719,0.8937142857142848,0.8571428571428571,0.8779317032638745,15 to 19 years
2041,35119,0.8222857142857133,0.14285714285714285,0.9937130303469552,15 to 19 years
2042,36924,0.8222857142857133,0.14285714285714285,0.8256804672327775,15 to 19 years
2043,31196,0.8222857142857133,0.14285714285714285,0.08325202998119963,15 to 19 years
2044,36238,0.8937142857142848,0.8571428571428571,0.3731281659344304,15 to 19 years
2045,30680,0.8937142857142848,0.8571428571428571,0.514088399817039,15 to 19 years
2046,34362,0.8222857142857133,0.14285714285714285,0.8232026017227151,15 to 19 years
2047,37958,0.8365714285714276,0.2857142857142857,0.7479738991732616,15 to 19 years
2048,38984,0.8365714285714276,0.2857142857142857,0.13294949976459924,15 to 19 years
2049,31262,0.8651428571428562,0.5714285714285714,0.15116458673158728,15 to 19 years
2050,32092,0.907999999999999,1.0,0.225621721104191,15 to 19 years
2051,31264,0.8365714285714276,0.2857142857142857,0.5949408802739827,15 to 19 years
2052,33597,0.8365714285714276,0.2857142857142857,0.1949576103343681,15 to 19 years
2053,35874,0.8651428571428562,0.5714285714285714,0.8250602429761978,15 to 19 years
2054,30844,0.8508571428571419,0.42857142857142855,0.09976022612290769,15 to 19 years
2055,35466,0.8937142857142848,0.8571428571428571,0.11150350104560375,15 to 19 years
2056,30415,0.8651428571428562,0.5714285714285714,0.3938443309028927,15 to 19 years
2057,33570,0.8937142857142848,0.8571428571428571,0.3996448928900236,15 to 19 years
2058,39452,0.8222857142857133,0.14285714285714285,0.5350203880098474,15 to 19 years
2059,30967,0.8365714285714276,0.2857142857142857,0.7489483873670125,15 to 19 years
2060,31211,0.8222857142857133,0.14285714285714285,0.43306760643635295,15 to 19 years
2061,34183,0.8365714285714276,0.2857142857142857,0.4975706231831493,15 to 19 years
2062,39460,0.8365714285714276,0.2857142857142857,0.7914002190690618,15 to 19 years
2063,35537,0.8222857142857133,0.14285714285714285,0.693897546081506,15 to 19 years
2064,31640,0.8365714285714276,0.2857142857142857,0.4204886396280604,15 to 19 years
2065,37791,0.8937142857142848,0.8571428571428571,0.7746667524471083,15 to 19 years
2066,37584,0.8365714285714276,0.2857142857142857,0.8617008251296802,15 to 19 years
2067,30217,0.8222857142857133,0.14285714285714285,0.5965641090828678,15 to 19 years
2068,31330,0.8222857142857133,0.14285714285714285,0.24487181464245905,15 to 19 years
2069,35365,0.8365714285714276,0.2857142857142857,0.2554774503325058,15 to 19 years
2070,34757,0.8365714285714276,0.2857142857142857,0.9932856766999894,15 to 19 years
2071,36051,0.8222857142857133,0.14285714285714285,0.3701513741751845,15 to 19 years
2072,39069,0.8508571428571419,0.42857142857142855,0.9489123246279916,15 to 19 years
2073,33950,0.8365714285714276,0.2857142857142857,0.3244640783388984,15 to 19 years
2074,39383,0.8365714285714276,0.2857142857142857,0.4638026271111163,15 to 19 years
2075,36740,0.8937142857142848,0.8571428571428571,0.4820584799945021,15 to 19 years
2076,39915,0.8222857142857133,0.14285714285714285,0.7034961752255513,15 to 19 years
2077,37634,0.8365714285714276,0.2857142857142857,0.5480786529189549,15 to 19 years
2078,32038,0.8365714285714276,0.2857142857142857,0.3557346709954494,15 to 19 years
2079,34220,0.8651428571428562,0.5714285714285714,0.7851403587833268,15 to 19 years
2080,33377,0.907999999999999,1.0,0.3416273138715779,15 to 19 years
2081,35713,0.8222857142857133,0.14285714285714285,0.35288221115889273,15 to 19 years
2082,30540,0.8937142857142848,0.8571428571428571,0.3061257424323747,15 to 19 years
2083,38264,0.8937142857142848,0.8571428571428571,0.16571465806576174,15 to 19 years
2084,38605,0.8937142857142848,0.8571428571428571,0.10950790418470158,15 to 19 years
2085,37771,0.8365714285714276,0.2857142857142857,0.7600645123257558,15 to 19 years
2086,32901,0.907999999999999,1.0,0.29800325219345714,15 to 19 years
2087,39327,0.8222857142857133,0.14285714285714285,0.46617363562371067,15 to 19 years
2088,36674,0.8937142857142848,0.8571428571428571,0.5520401079471952,15 to 19 years
2089,35877,0.8508571428571419,0.42857142857142855,0.9399153585466935,15 to 19 years
2090,30616,0.8794285714285704,0.7142857142857142,0.887826763219322,15 to 19 years
2091,35401,0.8222857142857133,0.14285714285714285,0.9200636240718745,15 to 19 years
2092,39685,0.8222857142857133,0.14285714285714285,0.589892020242809,15 to 19 years
2093,36689,0.8937142857142848,0.8571428571428571,0.2538936277652614,15 to 19 years
2094,36870,0.8508571428571419,0.42857142857142855,0.8102024724818802,15 to 19 years
2095,30356,0.8222857142857133,0.14285714285714285,0.7224541857626122,15 to 19 years
2096,37556,0.8365714285714276,0.2857142857142857,0.6553449929614432,15 to 19 years
2097,30308,0.8651428571428562,0.5714285714285714,0.6828393864949825,15 to 19 years
2098,36105,0.8937142857142848,0.8571428571428571,0.5683508552610498,15 to 19 years
2099,30509,0.8365714285714276,0.2857142857142857,0.5369903524277458,15 to 19 years
2100,36821,0.8365714285714276,0.2857142857142857,0.5309134214167741,15 to 19 years
2101,33732,0.907999999999999,1.0,0.6545954552619816,15 to 19 years
2102,32516,0.8794285714285704,0.7142857142857142,0.2885033179328866,15 to 19 years
2103,36499,0.8222857142857133,0.14285714285714285,0.27389156205293574,15 to 19 years
2104,30049,0.8937142857142848,0.8571428571428571,0.08667702303184105,15 to 19 years
2105,36793,0.907999999999999,1.0,0.5624837349168934,15 to 19 years
2106,33789,0.8794285714285704,0.7142857142857142,0.3479485874707172,15 to 19 years
2107,38248,0.8508571428571419,0.42857142857142855,0.928808670948257,15 to 19 years
2108,35349,0.8651428571428562,0.5714285714285714,0.556833919678054,15 to 19 years
2109,39876,0.8222857142857133,0.14285714285714285,0.7759958455127252,15 to 19 years
2110,31874,0.7732857142857132,0.14285714285714285,0.43906023026205787,15 to 19 years
2111,35369,0.8365714285714276,0.2857142857142857,0.14755048562285583,15 to 19 years
2112,32828,0.8222857142857133,0.14285714285714285,0.6505617991838962,15 to 19 years
2113,32047,0.8365714285714276,0.2857142857142857,0.0861630714772395,15 to 19 years
2114,35362,0.0,0.2857142857142857,0.22087856138314516,15 to 19 years
2115,33886,0.8651428571428562,0.5714285714285714,0.8239791298491226,15 to 19 years
2116,35720,0.8937142857142848,0.8571428571428571,0.5992655800358732,15 to 19 years
2117,31777,0.8365714285714276,0.2857142857142857,0.14458555209974938,15 to 19 years
2118,36197,0.0,0.14285714285714285,0.6606606024627344,15 to 19 years
2119,37894,0.8508571428571419,0.42857142857142855,0.5047355815834048,15 to 19 years
2120,34190,0.8365714285714276,0.2857142857142857,0.18738328455182518,15 to 19 years
2121,39891,0.8365714285714276,0.2857142857142857,0.026777714435055056,15 to 19 years
2122,31602,0.8508571428571419,0.42857142857142855,0.9135600799141987,15 to 19 years
2123,30674,0.8365714285714276,0.2857142857142857,0.4877381218848027,15 to 19 years
2124,32126,0.8651428571428562,0.5714285714285714,0.08572150710094145,15 to 19 years
2125,32871,0.8651428571428562,0.5714285714285714,0.17810229449807463,15 to 19 years
2126,33973,0.8937142857142848,0.8571428571428571,0.7950991577652691,15 to 19 years
2127,39734,0.8937142857142848,0.8571428571428571,0.9881668819164506,15 to 19 years
2128,37800,0.8365714285714276,0.2857142857142857,0.1172456769869869,15 to 19 years
2129,33074,0.8651428571428562,0.5714285714285714,0.962493423411775,15 to 19 years
2130,34550,0.907999999999999,1.0,0.5105777937636469,15 to 19 years
2131,39983,0.8365714285714276,0.2857142857142857,0.23031055060598887,15 to 19 years
2132,34897,0.8222857142857133,0.14285714285714285,0.485549622121492,15 to 19 years
2133,39306,0.8222857142857133,0.14285714285714285,0.02292258451718554,15 to 19 years
2134,31576,0.8365714285714276,0.2857142857142857,0.22612898980891843,15 to 19 years
2135,35242,0.8365714285714276,0.2857142857142857,0.9439133211632881,15 to 19 years
2136,30695,0.8365714285714276,0.2857142857142857,0.6925363507627773,15 to 19 years
2137,35943,0.8508571428571419,0.42857142857142855,0.7603342159630624,15 to 19 years
2138,37001,0.8651428571428562,0.5714285714285714,0.8123044542910216,15 to 19 years
2139,35690,0.8651428571428562,0.5714285714285714,0.9066852166958828,15 to 19 years
2140,34831,0.8365714285714276,0.2857142857142857,0.30530696662824214,15 to 19 years
2141,31779,0.8937142857142848,0.8571428571428571,0.9858772349760694,15 to 19 years
2142,30128,0.8937142857142848,0.8571428571428571,0.7076235036068601,15 to 19 years
2143,36183,0.8222857142857133,0.14285714285714285,0.16940765900256494,15 to 19 years
2144,33280,0.8365714285714276,0.2857142857142857,0.11880267008143885,15 to 19 years
2145,31342,0.8365714285714276,0.2857142857142857,0.7454803653736104,15 to 19 years
2146,32854,0.8937142857142848,0.8571428571428571,0.3443542936190351,15 to 19 years
2147,35019,0.8365714285714276,0.2857142857142857,0.9417347039259385,15 to 19 years
2148,36714,0.8651428571428562,0.5714285714285714,0.5701456902556207,15 to 19 years
2149,32455,0.8365714285714276,0.2857142857142857,0.3454210469783066,15 to 19 years
2150,36067,0.8937142857142848,0.8571428571428571,0.6497761668814435,15 to 19 years
2151,30790,0.8365714285714276,0.2857142857142857,0.7818711030958212,15 to 19 years
2152,32509,0.8508571428571419,0.42857142857142855,0.23398138365140175,15 to 19 years
2153,34151,0.8222857142857133,0.14285714285714285,0.07444986009489113,15 to 19 years
2154,36453,0.8222857142857133,0.14285714285714285,0.3169508626433091,15 to 19 years
2155,38170,0.8937142857142848,0.8571428571428571,0.34236014310762286,15 to 19 years
2156,33650,0.8222857142857133,0.14285714285714285,0.4630486050779491,15 to 19 years
2157,37754,0.8508571428571419,0.42857142857142855,0.6459825189811497,15 to 19 years
2158,34033,0.907999999999999,1.0,0.22063191347537164,15 to 19 years
2159,33491,0.8794285714285704,0.7142857142857142,0.8348021802021798,15 to 19 years
2160,34490,0.8937142857142848,0.8571428571428571,0.6799774707000519,15 to 19 years
2161,39630,0.8365714285714276,0.2857142857142857,0.26742528977647634,15 to 19 years
2162,34508,0.8365714285714276,0.2857142857142857,0.9006772558339831,15 to 19 years
2163,33563,0.8222857142857133,0.14285714285714285,0.7243720995157046,15 to 19 years
2164,38370,0.8222857142857133,0.14285714285714285,0.26472919999664624,15 to 19 years
2165,32541,0.907999999999999,1.0,0.7773978925500088,15 to 19 years
2166,39315,0.8651428571428562,0.5714285714285714,0.8377979058186178,15 to 19 years
2167,33237,0.8651428571428562,0.5714285714285714,0.9812420225646695,15 to 19 years
2168,31658,0.8508571428571419,0.42857142857142855,0.3263161273727513,15 to 19 years
2169,39817,0.8937142857142848,0.8571428571428571,0.6795016211625144,15 to 19 years
2170,33189,0.8222857142857133,0.14285714285714285,0.03997993974237435,15 to 19 years
2171,38036,0.8222857142857133,0.14285714285714285,0.049172444783397495,15 to 19 years
2172,34356,0.8222857142857133,0.14285714285714285,0.8423981711704541,15 to 19 years
2173,30683,0.8365714285714276,0.2857142857142857,0.6367288317360138,15 to 19 years
2174,34461,0.907999999999999,1.0,0.04077524459618115,15 to 19 years
2175,30211,0.907999999999999,1.0,0.3977183942301045,15 to 19 years
2176,35216,0.8365714285714276,0.2857142857142857,0.19265263209913946,15 to 19 years
2177,33047,0.8651428571428562,0.5714285714285714,0.2413398480430189,15 to 19 years
2178,31312,0.8508571428571419,0.42857142857142855,0.08872453388007856,15 to 19 years
2179,36528,0.8651428571428562,0.5714285714285714,0.21764956622485732,15 to 19 years
2180,33502,0.8651428571428562,0.5714285714285714,0.09876050445428491,15 to 19 years
2181,36011,0.8365714285714276,0.2857142857142857,0.3026923814566039,15 to 19 years
2182,31040,0.8365714285714276,0.2857142857142857,0.9081069793175764,15 to 19 years
2183,31842,0.8222857142857133,0.14285714285714285,0.9204997681036928,15 to 19 years
2184,33754,0.907999999999999,1.0,0.9644741144229376,15 to 19 years
2185,35283,0.8508571428571419,0.42857142857142855,0.060351166134665624,15 to 19 years
2186,36945,0.8651428571428562,0.5714285714285714,0.35056322608255003,15 to 19 years
2187,35298,0.8651428571428562,0.5714285714285714,0.26951497523724754,15 to 19 years
2188,37695,0.8937142857142848,0.8571428571428571,0.1640179790048507,15 to 19 years
2189,34587,0.8508571428571419,0.42857142857142855,0.0531521019470888,15 to 19 years
2190,31520,0.8937142857142848,0.8571428571428571,0.9156371725469652,15 to 19 years
2191,38090,0.8651428571428562,0.5714285714285714,0.6882992392564253,15 to 19 years
2192,30163,0.8365714285714276,0.2857142857142857,0.3629801784097522,15 to 19 years
2193,35134,0.8651428571428562,0.5714285714285714,0.34556287934495594,15 to 19 years
2194,37249,0.8937142857142848,0.8571428571428571,0.8763698691762374,15 to 19 years
2195,38683,0.8365714285714276,0.2857142857142857,0.8925046882185141,15 to 19 years
2196,38155,0.8365714285714276,0.2857142857142857,0.21404056643154157,15 to 19 years
2197,32736,0.8508571428571419,0.42857142857142855,0.9894880747515395,15 to 19 years
2198,34079,0.8222857142857133,0.14285714285714285,0.2329167835054699,15 to 19 years
2199,33284,0.907999999999999,1.0,0.5670392894942753,15 to 19 years
2200,38768,0.907999999999999,1.0,0.18784162850490782,15 to 19 years
2201,30623,0.8651428571428562,0.5714285714285714,0.7536049359081097,15 to 19 years
2202,30741,0.8365714285714276,0.2857142857142857,0.4474849545373066,15 to 19 years
2203,33562,0.8365714285714276,0.2857142857142857,0.6504677551534621,15 to 19 years
2204,35234,0.8937142857142848,0.8571428571428571,0.6433839441597626,15 to 19 years
2205,32157,0.8365714285714276,0.2857142857142857,0.9610050276579043,15 to 19 years
2206,30626,0.8365714285714276,0.2857142857142857,0.5622634126605749,15 to 19 years
2207,34156,0.8365714285714276,0.2857142857142857,0.38787454619883055,15 to 19 years
2208,34932,0.8651428571428562,0.5714285714285714,0.8796586385812653,15 to 19 years
2209,34993,0.8651428571428562,0.5714285714285714,0.6039124814968436,15 to 19 years
2210,32481,0.8651428571428562,0.5714285714285714,0.38360863824633296,15 to 19 years
2211,37520,0.8222857142857133,0.14285714285714285,0.9400018408883432,15 to 19 years
2212,37135,0.8365714285714276,0.2857142857142857,0.5645816873888392,15 to 19 years
2213,39964,0.5786190476190467,0.14285714285714285,0.819125475791028,15 to 19 years
2214,38727,0.8651428571428562,0.5714285714285714,0.5017787540918884,15 to 19 years
2215,32751,0.8937142857142848,0.8571428571428571,0.29772994807741904,15 to 19 years
2216,35568,0.8222857142857133,0.14285714285714285,0.7701979642558959,15 to 19 years
2217,38117,0.8365714285714276,0.2857142857142857,0.7487946340501683,15 to 19 years
2218,31688,0.8222857142857133,0.14285714285714285,0.9340665162592628,15 to 19 years
2219,30254,0.8651428571428562,0.5714285714285714,0.4921358907993012,15 to 19 years
2220,34535,0.8651428571428562,0.5714285714285714,0.637937753133168,15 to 19 years
2221,30949,0.8222857142857133,0.14285714285714285,0.6173504156029958,15 to 19 years
2222,33226,0.907999999999999,1.0,0.29106764790695944,15 to 19 years
2223,30733,0.8365714285714276,0.2857142857142857,0.563453693414633,15 to 19 years
2224,37366,0.8937142857142848,0.8571428571428571,0.6228443729213275,15 to 19 years
2225,34555,0.8365714285714276,0.2857142857142857,0.049685432274222174,15 to 19 years
2226,35477,0.8508571428571419,0.42857142857142855,0.461048821274125,15 to 19 years
2227,33251,0.8508571428571419,0.42857142857142855,0.16381430567458005,15 to 19 years
2228,33844,0.8937142857142848,0.8571428571428571,0.0007407376406389776,15 to 19 years
2229,36638,0.8794285714285704,0.7142857142857142,0.09751195897445197,15 to 19 years
2230,35841,0.907999999999999,1.0,0.14243184058826347,15 to 19 years
2231,32206,0.8365714285714276,0.2857142857142857,0.4920861402632777,15 to 19 years
2232,39401,0.8222857142857133,0.14285714285714285,0.4849735591771198,15 to 19 years
2233,38948,0.8651428571428562,0.5714285714285714,0.43151829335479064,15 to 19 years
2234,33869,0.8794285714285704,0.7142857142857142,0.8265541798607946,15 to 19 years
2235,36803,0.8365714285714276,0.2857142857142857,0.24309108212102337,15 to 19 years
2236,36380,0.8365714285714276,0.2857142857142857,0.5163789269010085,15 to 19 years
2237,30598,0.8222857142857133,0.14285714285714285,0.6016193209843498,15 to 19 years
2238,32665,0.8651428571428562,0.5714285714285714,0.41247047925761665,15 to 19 years
2239,37762,0.8651428571428562,0.5714285714285714,0.6610306946661972,15 to 19 years
2240,39125,0.8365714285714276,0.2857142857142857,0.5933256480586696,15 to 19 years
2241,34374,0.8365714285714276,0.2857142857142857,0.6041236789530327,15 to 19 years
2242,30282,0.8222857142857133,0.14285714285714285,0.6780470561457042,15 to 19 years
2243,39195,0.8365714285714276,0.2857142857142857,0.127906432691345,15 to 19 years
2244,35723,0.8222857142857133,0.14285714285714285,0.7569356465799655,15 to 19 years
2245,34515,0.8937142857142848,0.8571428571428571,0.7147998492615546,15 to 19 years
2246,39760,0.8651428571428562,0.5714285714285714,0.886978542658611,15 to 19 years
2247,30729,0.8222857142857133,0.14285714285714285,0.7841196972218992,15 to 19 years
2248,33934,0.8365714285714276,0.2857142857142857,0.3449226082289505,15 to 19 years
2249,32356,0.8651428571428562,0.5714285714285714,0.7120439169060224,15 to 19 years
2250,31214,0.8365714285714276,0.2857142857142857,0.2577797332270207,15 to 19 years
2251,33625,0.8508571428571419,0.42857142857142855,0.9643752544158768,15 to 19 years
2252,38920,0.8365714285714276,0.2857142857142857,0.13429178246860324,15 to 19 years
2253,36119,0.8937142857142848,0.8571428571428571,0.0660687960768731,15 to 19 years
2254,30051,0.907999999999999,1.0,0.9778713320618585,15 to 19 years
2255,31476,0.8365714285714276,0.2857142857142857,0.3449100474743453,15 to 19 years
2256,38360,0.907999999999999,1.0,0.7052695591728537,15 to 19 years
2257,39775,0.907999999999999,1.0,0.09228100013706331,15 to 19 years
2258,37429,0.8651428571428562,0.5714285714285714,0.5290060323572998,15 to 19 years
2259,33760,0.8365714285714276,0.2857142857142857,0.12387784731849083,15 to 19 years
2260,32012,0.8794285714285704,0.7142857142857142,0.3051121011820341,15 to 19 years
2261,32529,0.8365714285714276,0.2857142857142857,0.025716720643287783,15 to 19 years
2262,39453,0.8222857142857133,0.14285714285714285,0.5219109675106527,15 to 19 years
2263,36772,0.8937142857142848,0.8571428571428571,0.2511422520125187,15 to 19 years
2264,35635,0.8651428571428562,0.5714285714285714,0.7047878244474675,15 to 19 years
2265,38177,0.8508571428571419,0.42857142857142855,0.747170917843518,15 to 19 years
2266,39799,0.907999999999999,1.0,0.885595402740666,15 to 19 years
2267,36407,0.8365714285714276,0.2857142857142857,0.44566183588241554,15 to 19 years
2268,31663,0.8651428571428562,0.5714285714285714,0.6766300972990625,15 to 19 years
2269,30377,0.8651428571428562,0.5714285714285714,0.943338755695037,15 to 19 years
2270,37966,0.8508571428571419,0.42857142857142855,0.5314563505553027,15 to 19 years
2271,39421,0.8365714285714276,0.2857142857142857,0.3747709738619733,15 to 19 years
2272,30518,0.8365714285714276,0.2857142857142857,0.6387862687799596,15 to 19 years
2273,39036,0.8365714285714276,0.2857142857142857,0.7052697453322795,15 to 19 years
2274,34010,0.8651428571428562,0.5714285714285714,0.9503680587269707,15 to 19 years
2275,33916,0.8651428571428562,0.5714285714285714,0.5472203482085699,15 to 19 years
2276,31573,0.8651428571428562,0.5714285714285714,0.25440859598895865,15 to 19 years
2277,32870,0.907999999999999,1.0,0.6046810043989341,15 to 19 years
2278,30149,0.8651428571428562,0.5714285714285714,0.2856452073456722,15 to 19 years
2279,35649,0.8937142857142848,0.8571428571428571,0.6609204658843105,15 to 19 years
2280,35201,0.8651428571428562,0.5714285714285714,0.8551823870981656,15 to 19 years
2281,35612,0.8651428571428562,0.5714285714285714,0.4130021790232985,15 to 19 years
2282,32542,0.8651428571428562,0.5714285714285714,0.517226681191918,15 to 19 years
2283,30654,0.8222857142857133,0.14285714285714285,0.24055669324724022,15 to 19 years
2284,33244,0.8937142857142848,0.8571428571428571,0.48859367892128097,15 to 19 years
2285,31475,0.8937142857142848,0.8571428571428571,0.0994278200509166,15 to 19 years
2286,31250,0.8937142857142848,0.8571428571428571,0.9231391896998199,15 to 19 years
2287,35336,0.8651428571428562,0.5714285714285714,0.7122107810628192,15 to 19 years
2288,36678,0.8794285714285704,0.7142857142857142,0.10866018903513253,15 to 19 years
2289,30687,0.907999999999999,1.0,0.7788156732937568,15 to 19 years
2290,36220,0.8794285714285704,0.7142857142857142,0.8026059331285362,15 to 19 years
2291,30788,0.907999999999999,1.0,0.6266697013391527,15 to 19 years
2292,38517,0.8365714285714276,0.2857142857142857,0.4822528118774889,15 to 19 years
2293,39658,0.8937142857142848,0.8571428571428571,0.6825520183300688,15 to 19 years
2294,39864,0.8651428571428562,0.5714285714285714,0.8349541698556866,15 to 19 years
2295,33330,0.8222857142857133,0.14285714285714285,0.804512430836268,15 to 19 years
2296,34013,0.8365714285714276,0.2857142857142857,0.3459098119641338,15 to 19 years
2297,34860,0.8365714285714276,0.2857142857142857,0.44276952763248906,15 to 19 years
2298,32877,0.8937142857142848,0.8571428571428571,0.5417784550973275,15 to 19 years
2299,33561,0.8222857142857133,0.14285714285714285,0.11919004490180735,15 to 19 years
2300,38255,0.8937142857142848,0.8571428571428571,0.14872001166216947,15 to 19 years
2301,38506,0.907999999999999,1.0,0.8565542447553969,15 to 19 years
2302,37521,0.8222857142857133,0.14285714285714285,0.3944646834402512,15 to 19 years
2303,30014,0.8651428571428562,0.5714285714285714,0.3218713236413401,15 to 19 years
2304,34000,0.907999999999999,1.0,0.45154528038114305,15 to 19 years
2305,37211,0.8651428571428562,0.5714285714285714,0.2745979441645627,15 to 19 years
2306,35981,0.8365714285714276,0.2857142857142857,0.7543560075986451,15 to 19 years
2307,34527,0.8365714285714276,0.2857142857142857,0.8186137592846124,15 to 19 years
2308,33749,0.8937142857142848,0.8571428571428571,0.963410590631478,15 to 19 years
2309,30581,0.8365714285714276,0.2857142857142857,0.12445023816892115,15 to 19 years
2310,32214,0.8794285714285704,0.7142857142857142,0.8283425236374403,15 to 19 years
2311,35286,0.8937142857142848,0.8571428571428571,0.6797601518212306,15 to 19 years
2312,39413,0.8937142857142848,0.8571428571428571,0.03731514655306345,15 to 19 years
2313,30324,0.8937142857142848,0.8571428571428571,0.5348502275041495,15 to 19 years
2314,33588,0.8222857142857133,0.14285714285714285,0.6417510599912283,15 to 19 years
2315,35440,0.8365714285714276,0.2857142857142857,0.9314731652132286,15 to 19 years
2316,34872,0.8794285714285704,0.7142857142857142,0.7312440670900658,15 to 19 years
2317,36892,0.8794285714285704,0.7142857142857142,0.3786610328229335,15 to 19 years
2318,31800,0.8222857142857133,0.14285714285714285,0.4396935421196719,15 to 19 years
2319,38403,0.8365714285714276,0.2857142857142857,0.6813161891880339,15 to 19 years
2320,30956,0.8365714285714276,0.2857142857142857,0.9595698331492564,15 to 19 years
2321,37481,0.8222857142857133,0.14285714285714285,0.23003416725530856,15 to 19 years
2322,33359,0.8508571428571419,0.42857142857142855,0.5869341868460005,15 to 19 years
2323,35650,0.8651428571428562,0.5714285714285714,0.21370905052896794,15 to 19 years
2324,38077,0.8651428571428562,0.5714285714285714,0.8496157705707938,15 to 19 years
2325,31056,0.8222857142857133,0.14285714285714285,0.10137688879485351,15 to 19 years
2326,30816,0.8365714285714276,0.2857142857142857,0.635184955007276,15 to 19 years
2327,30342,0.8651428571428562,0.5714285714285714,0.33858991285550943,15 to 19 years
2328,33325,0.8508571428571419,0.42857142857142855,0.5874227972767286,15 to 19 years
2329,35444,0.8651428571428562,0.5714285714285714,0.39538095929574657,15 to 19 years
2330,36046,0.8508571428571419,0.42857142857142855,0.18611941212473354,15 to 19 years
2331,37854,0.8222857142857133,0.14285714285714285,0.30707257877601757,15 to 19 years
2332,36400,0.8651428571428562,0.5714285714285714,0.1238346921330471,15 to 19 years
2333,38854,0.8365714285714276,0.2857142857142857,0.38887142799335295,15 to 19 years
2334,37400,0.8651428571428562,0.5714285714285714,0.7536883440242685,15 to 19 years
2335,39109,0.8937142857142848,0.8571428571428571,0.23094952024105864,15 to 19 years
2336,30063,-0.020776344380119133,0.14285714285714285,0.30431120054537114,15 to 19 years
2337,34264,0.8365714285714276,0.2857142857142857,0.3324492156807233,15 to 19 years
2338,38375,0.8651428571428562,0.5714285714285714,0.4452615526418334,15 to 19 years
2339,33804,0.8651428571428562,0.5714285714285714,0.20328484457267387,15 to 19 years
2340,39206,0.8508571428571419,0.42857142857142855,0.716422813592211,15 to 19 years
2341,38715,0.8651428571428562,0.5714285714285714,0.904949982515685,15 to 19 years
2342,32600,0.8365714285714276,0.2857142857142857,0.6104060747401828,15 to 19 years
2343,36115,0.8651428571428562,0.5714285714285714,0.9370462187202482,15 to 19 years
2344,30145,0.8365714285714276,0.2857142857142857,0.7551844023743394,15 to 19 years
2345,31883,0.7732857142857132,0.14285714285714285,0.6905907991793429,15 to 19 years
2346,32657,0.8508571428571419,0.42857142857142855,0.46550695591019187,15 to 19 years
2347,30957,0.8365714285714276,0.2857142857142857,0.908463084592527,15 to 19 years
2348,37198,0.8365714285714276,0.2857142857142857,0.46392534237306343,15 to 19 years
2349,34123,0.8937142857142848,0.8571428571428571,0.23619975554800599,15 to 19 years
2350,30442,0.8651428571428562,0.5714285714285714,0.4301067818145076,15 to 19 years
2351,37139,0.8937142857142848,0.8571428571428571,0.6338079248077931,15 to 19 years
2352,33414,0.8508571428571419,0.42857142857142855,0.8152866727619311,15 to 19 years
2353,34104,0.8365714285714276,0.2857142857142857,0.6001684482906199,15 to 19 years
2354,30497,0.8365714285714276,0.2857142857142857,0.563040897058684,15 to 19 years
2355,38274,0.8365714285714276,0.2857142857142857,0.9111390626998126,15 to 19 years
2356,37895,0.8651428571428562,0.5714285714285714,0.6836434203953438,15 to 19 years
2357,39128,0.8651428571428562,0.5714285714285714,0.4160118520441285,15 to 19 years
2358,34253,0.8651428571428562,0.5714285714285714,0.46211665843719507,15 to 19 years
2359,35438,0.907999999999999,1.0,0.34882432435938954,15 to 19 years
2360,35317,0.8651428571428562,0.5714285714285714,0.9791942982136426,15 to 19 years
2361,36376,0.8937142857142848,0.8571428571428571,0.4777984193952892,15 to 19 years
2362,35788,0.8508571428571419,0.42857142857142855,0.8555493780937338,15 to 19 years
2363,36180,0.8651428571428562,0.5714285714285714,0.35870811497343186,15 to 19 years
2364,38244,0.8365714285714276,0.2857142857142857,0.7643544189613097,15 to 19 years
2365,38864,0.8222857142857133,0.14285714285714285,0.30113911872792365,15 to 19 years
2366,38208,0.907999999999999,1.0,0.5088933161344328,15 to 19 years
2367,35001,0.8508571428571419,0.42857142857142855,0.8217614709267105,15 to 19 years
2368,34360,0.8365714285714276,0.2857142857142857,0.5096091421933064,15 to 19 years
2369,37209,0.8508571428571419,0.42857142857142855,0.44856550507011894,15 to 19 years
2370,38631,0.8794285714285704,0.7142857142857142,0.11933598441789295,15 to 19 years
2371,32247,0.8365714285714276,0.2857142857142857,0.40246719894934047,15 to 19 years
2372,39538,0.8937142857142848,0.8571428571428571,0.9721497763750981,15 to 19 years
2373,39989,0.8365714285714276,0.2857142857142857,0.3745146989848152,15 to 19 years
2374,32535,0.8651428571428562,0.5714285714285714,0.06407541298534569,15 to 19 years
2375,36068,0.8937142857142848,0.8571428571428571,0.456131213880013,15 to 19 years
2376,33053,0.907999999999999,1.0,0.6829347549533651,15 to 19 years
2377,39271,0.8365714285714276,0.2857142857142857,0.4068381888771172,15 to 19 years
2378,31600,0.8222857142857133,0.14285714285714285,0.044169689854771654,15 to 19 years
2379,32596,0.8365714285714276,0.2857142857142857,0.530011990219666,15 to 19 years
2380,36417,0.8365714285714276,0.2857142857142857,0.4794972959567633,15 to 19 years
2381,34464,0.8651428571428562,0.5714285714285714,0.8091434542068017,15 to 19 years
2382,32849,0.907999999999999,1.0,0.8632761943127668,15 to 19 years
2383,34063,0.8937142857142848,0.8571428571428571,0.5355313309229693,15 to 19 years
2384,38334,0.8365714285714276,0.2857142857142857,0.7545135431709438,15 to 19 years
2385,33536,0.8937142857142848,0.8571428571428571,0.6657329071310325,15 to 19 years
2386,32561,0.8365714285714276,0.2857142857142857,0.7469012861315136,15 to 19 years
2387,31403,0.8651428571428562,0.5714285714285714,0.4281683469927051,15 to 19 years
2388,30551,0.8937142857142848,0.8571428571428571,0.5126035836164926,15 to 19 years
2389,38228,0.8222857142857133,0.14285714285714285,0.4480325694952859,15 to 19 years
2390,30661,0.8222857142857133,0.14285714285714285,0.8676897114772457,15 to 19 years
2391,36129,0.8508571428571419,0.42857142857142855,0.6178160247100307,15 to 19 years
2392,37343,0.8365714285714276,0.2857142857142857,0.735777497732903,15 to 19 years
2393,36667,0.8365714285714276,0.2857142857142857,0.7017041925663398,15 to 19 years
2394,36020,0.8222857142857133,0.14285714285714285,0.3860053521510296,15 to 19 years
2395,33376,0.8222857142857133,0.14285714285714285,0.09671967174474927,15 to 19 years
2396,32630,0.8508571428571419,0.42857142857142855,0.3850835864590325,15 to 19 years
2397,37609,0.8222857142857133,0.14285714285714285,0.5398944389228993,15 to 19 years
2398,37946,0.8508571428571419,0.42857142857142855,0.060263094572833464,15 to 19 years
2399,32977,0.8365714285714276,0.2857142857142857,0.47597580744719126,15 to 19 years
2400,34345,0.907999999999999,1.0,0.9730722072895395,15 to 19 years
2401,31320,0.8365714285714276,0.2857142857142857,0.9391315315534403,15 to 19 years
2402,33778,0.8222857142857133,0.14285714285714285,0.14844279424129775,15 to 19 years
2403,36102,0.8651428571428562,0.5714285714285714,0.8434449375128414,15 to 19 years
2404,33488,0.8937142857142848,0.8571428571428571,0.03595237076337543,15 to 19 years
2405,35857,0.8937142857142848,0.8571428571428571,0.28601821700330593,15 to 19 years
2406,36487,0.8365714285714276,0.2857142857142857,0.4526179499645562,15 to 19 years
2407,39857,0.8651428571428562,0.5714285714285714,0.6126814371981512,15 to 19 years
2408,32788,0.8365714285714276,0.2857142857142857,0.29858344100503453,15 to 19 years
2409,34824,0.8508571428571419,0.42857142857142855,0.8123176500640257,15 to 19 years
2410,31297,0.8651428571428562,0.5714285714285714,0.32836438748640984,15 to 19 years
2411,39583,0.8365714285714276,0.2857142857142857,0.4653012550930119,15 to 19 years
2412,31344,0.8222857142857133,0.14285714285714285,0.9110982193817766,15 to 19 years
2413,30101,0.8937142857142848,0.8571428571428571,0.40882497890617336,15 to 19 years
2414,35261,0.8222857142857133,0.14285714285714285,0.3830742602511145,15 to 19 years
2415,38498,0.8365714285714276,0.2857142857142857,0.10755457385095224,15 to 19 years
2416,31568,0.8508571428571419,0.42857142857142855,0.8517782304409554,15 to 19 years
2417,36725,0.8651428571428562,0.5714285714285714,0.28930528295571983,15 to 19 years
2418,34292,0.8365714285714276,0.2857142857142857,0.8356681832103828,15 to 19 years
2419,37687,0.8651428571428562,0.5714285714285714,0.22006862805618171,15 to 19 years
2420,33434,0.8508571428571419,0.42857142857142855,0.7315139095072744,15 to 19 years
2421,36035,0.8365714285714276,0.2857142857142857,0.879809926031739,15 to 19 years
2422,32931,0.8651428571428562,0.5714285714285714,0.23281734825200634,15 to 19 years
2423,35420,0.8651428571428562,0.5714285714285714,0.9289288078814897,15 to 19 years
2424,36900,0.8365714285714276,0.2857142857142857,0.960649059752506,15 to 19 years
2425,32428,0.8651428571428562,0.5714285714285714,0.35968610253838784,15 to 19 years
2426,32480,0.8651428571428562,0.5714285714285714,0.8807781961747303,15 to 19 years
2427,30412,0.8651428571428562,0.5714285714285714,0.7687107568849112,15 to 19 years
2428,36266,0.8365714285714276,0.2857142857142857,0.4276556825319724,15 to 19 years
2429,33780,0.8222857142857133,0.14285714285714285,0.27961745297844276,15 to 19 years
2430,37080,0.907999999999999,1.0,0.4184329649357321,15 to 19 years
2431,34283,0.8651428571428562,0.5714285714285714,0.4920557784321127,15 to 19 years
2432,34592,0.8222857142857133,0.14285714285714285,0.9285717844691388,15 to 19 years
2433,34607,0.8222857142857133,0.14285714285714285,0.7224648135354761,15 to 19 years
2434,36933,0.8651428571428562,0.5714285714285714,0.8692644880868807,15 to 19 years
2435,32627,0.8937142857142848,0.8571428571428571,0.3068901300120228,15 to 19 years
2436,36104,0.907999999999999,1.0,0.8430428391837734,15 to 19 years
2437,32475,0.8794285714285704,0.7142857142857142,0.20783404462155258,15 to 19 years
2438,37171,0.8794285714285704,0.7142857142857142,0.012307316061236029,15 to 19 years
2439,33427,0.8651428571428562,0.5714285714285714,0.9169827254258855,15 to 19 years
2440,35223,0.8651428571428562,0.5714285714285714,0.05519087853710253,15 to 19 years
2441,32637,0.907999999999999,1.0,0.7668091905605846,15 to 19 years
2442,36484,0.8365714285714276,0.2857142857142857,0.3619719810568439,15 to 19 years
2443,31023,0.8651428571428562,0.5714285714285714,0.8763448269950715,15 to 19 years
2444,32676,0.8651428571428562,0.5714285714285714,0.12569835922305078,15 to 19 years
2445,39899,0.38395238095238043,0.14285714285714285,0.16806263473350208,15 to 19 years
2446,36922,0.907999999999999,1.0,0.7046491444820034,15 to 19 years
2447,38225,0.907999999999999,1.0,0.20893894727805185,15 to 19 years
2448,34952,0.8222857142857133,0.14285714285714285,0.38867011408433016,15 to 19 years
2449,30195,0.8937142857142848,0.8571428571428571,0.5450958481870263,15 to 19 years
2450,36611,0.907999999999999,1.0,0.4624854259506025,15 to 19 years
2451,36452,0.8651428571428562,0.5714285714285714,0.49019836054272636,15 to 19 years
2452,36704,0.8365714285714276,0.2857142857142857,0.4765602871016785,15 to 19 years
2453,30989,0.8222857142857133,0.14285714285714285,0.4064950939664784,15 to 19 years
2454,36095,0.8365714285714276,0.2857142857142857,0.217282074414947,15 to 19 years
2455,38311,0.8937142857142848,0.8571428571428571,0.5308068397422376,15 to 19 years
2456,33711,0.8651428571428562,0.5714285714285714,0.8212959255908949,15 to 19 years
2457,30615,0.8651428571428562,0.5714285714285714,0.9242280003465786,15 to 19 years
2458,36071,0.8222857142857133,0.14285714285714285,0.5038682576220258,15 to 19 years
2459,38866,0.907999999999999,1.0,0.46932872678893167,15 to 19 years
2460,33616,0.8651428571428562,0.5714285714285714,0.37871222845222563,15 to 19 years
2461,32036,0.8365714285714276,0.2857142857142857,0.6923729844144796,15 to 19 years
2462,31217,0.8365714285714276,0.2857142857142857,0.09668357267149957,15 to 19 years
2463,38200,0.8508571428571419,0.42857142857142855,0.9882074180251232,15 to 19 years
2464,35771,0.8222857142857133,0.14285714285714285,0.9431732039802859,15 to 19 years
2465,33722,0.8508571428571419,0.42857142857142855,0.44464502354133906,15 to 19 years
2466,32159,0.8508571428571419,0.42857142857142855,0.2293540309254754,15 to 19 years
2467,35047,0.907999999999999,1.0,0.836842777717724,15 to 19 years
2468,38180,0.8651428571428562,0.5714285714285714,0.8334495263821458,15 to 19 years
2469,32831,0.8365714285714276,0.2857142857142857,0.524266291996207,15 to 19 years
2470,37136,0.8365714285714276,0.2857142857142857,0.21568344680473855,15 to 19 years
2471,31690,0.907999999999999,1.0,0.7270306493510562,15 to 19 years
2472,39277,0.8651428571428562,0.5714285714285714,0.37106624033930513,15 to 19 years
2473,38152,0.8365714285714276,0.2857142857142857,0.9764751767653873,15 to 19 years
2474,35505,0.8365714285714276,0.2857142857142857,0.184709979232059,15 to 19 years
2475,39415,0.8365714285714276,0.2857142857142857,0.7444788365301672,15 to 19 years
2476,36175,0.8937142857142848,0.8571428571428571,0.3613417952283224,15 to 19 years
2477,34300,0.8651428571428562,0.5714285714285714,0.12845903863287328,15 to 19 years
2478,34870,0.8937142857142848,0.8571428571428571,0.4776479816215132,15 to 19 years
2479,33694,0.8222857142857133,0.14285714285714285,0.6258575000991291,15 to 19 years
2480,31783,0.8365714285714276,0.2857142857142857,0.5915053403672024,15 to 19 years
2481,38828,0.8937142857142848,0.8571428571428571,0.373250293825344,15 to 19 years
2482,34409,0.8365714285714276,0.2857142857142857,0.42494629088028796,15 to 19 years
2483,33382,0.8222857142857133,0.14285714285714285,0.4170400550987823,15 to 19 years
2484,32022,0.8365714285714276,0.2857142857142857,0.11532557882369382,15 to 19 years
2485,36583,0.8365714285714276,0.2857142857142857,0.31432600250494125,15 to 19 years
2486,34414,0.8222857142857133,0.14285714285714285,0.6215439610239865,15 to 19 years
2487,36872,0.8651428571428562,0.5714285714285714,0.4923413988475529,15 to 19 years
2488,30962,0.907999999999999,1.0,0.6805534730189526,15 to 19 years
2489,34166,0.8651428571428562,0.5714285714285714,0.896366313402893,15 to 19 years
2490,32374,0.8937142857142848,0.8571428571428571,0.11342174853042397,15 to 19 years
2491,36142,0.8365714285714276,0.2857142857142857,0.27485461985116555,15 to 19 years
2492,38298,0.8651428571428562,0.5714285714285714,0.1882589991059443,15 to 19 years
2493,31270,0.8222857142857133,0.14285714285714285,0.5200764289364266,15 to 19 years
2494,33516,0.8365714285714276,0.2857142857142857,0.9180810374635671,15 to 19 years
2495,36810,0.907999999999999,1.0,0.4644956675390257,15 to 19 years
2496,35150,0.8651428571428562,0.5714285714285714,0.5390713812414089,15 to 19 years
2497,33455,0.8365714285714276,0.2857142857142857,0.17548460640018704,15 to 19 years
2498,35932,0.8222857142857133,0.14285714285714285,0.14233858572576658,15 to 19 years
2499,35346,0.8651428571428562,0.5714285714285714,0.5413702847996905,15 to 19 years
2500,39975,0.8365714285714276,0.2857142857142857,0.13038208154254344,15 to 19 years
2501,33405,0.907999999999999,1.0,0.8101195813248682,15 to 19 years
2502,39440,0.8222857142857133,0.14285714285714285,0.05970096481592574,15 to 19 years
2503,36109,0.8222857142857133,0.14285714285714285,0.2058645659028001,15 to 19 years
2504,39321,0.907999999999999,1.0,0.8994076138990195,15 to 19 years
2505,32249,0.8937142857142848,0.8571428571428571,0.07964577712090737,15 to 19 years
2506,37262,0.8508571428571419,0.42857142857142855,0.18281577542011063,15 to 19 years
2507,31798,0.8365714285714276,0.2857142857142857,0.08162732629537084,15 to 19 years
2508,39598,0.8222857142857133,0.14285714285714285,0.6857045243164144,15 to 19 years
2509,37577,0.8794285714285704,0.7142857142857142,0.773845221263906,15 to 19 years
2510,39166,0.8365714285714276,0.2857142857142857,0.2937927849054387,15 to 19 years
2511,36963,0.8651428571428562,0.5714285714285714,0.6914247193931692,15 to 19 years
2512,36911,0.8937142857142848,0.8571428571428571,0.9981864034936554,15 to 19 years
2513,39699,0.8365714285714276,0.2857142857142857,0.3228702287869943,15 to 19 years
2514,36930,0.8651428571428562,0.5714285714285714,0.6298849011856987,15 to 19 years
2515,32085,0.8365714285714276,0.2857142857142857,0.9081876645367584,15 to 19 years
2516,38957,0.8508571428571419,0.42857142857142855,0.24797428129012078,15 to 19 years
2517,30868,0.8794285714285704,0.7142857142857142,0.43638673373639425,15 to 19 years
2518,31248,0.8508571428571419,0.42857142857142855,0.2200933009337555,15 to 19 years
2519,30127,0.8222857142857133,0.14285714285714285,0.663379520895274,15 to 19 years
2520,39281,0.8365714285714276,0.2857142857142857,0.706506660498964,15 to 19 years
2521,36031,0.8222857142857133,0.14285714285714285,0.3304364828126418,15 to 19 years
2522,39136,0.907999999999999,1.0,0.31645875420597636,15 to 19 years
2523,39903,0.8937142857142848,0.8571428571428571,0.9943007979426217,15 to 19 years
2524,37572,0.8222857142857133,0.14285714285714285,0.24405818818529773,15 to 19 years
2525,36132,0.8365714285714276,0.2857142857142857,0.6388801729220256,15 to 19 years
2526,36353,0.907999999999999,1.0,0.6314541061734369,15 to 19 years
2527,39589,0.8651428571428562,0.5714285714285714,0.951715031921196,15 to 19 years
2528,35145,0.8508571428571419,0.42857142857142855,0.0615683042914677,15 to 19 years
2529,34295,0.8365714285714276,0.2857142857142857,0.990705022563022,15 to 19 years
2530,31450,0.8651428571428562,0.5714285714285714,0.5210705679684414,15 to 19 years
2531,37033,0.8365714285714276,0.2857142857142857,0.6246595079312968,15 to 19 years
2532,34450,-0.030795032740685784,0.14285714285714285,0.876648870931815,15 to 19 years
2533,35422,0.8794285714285704,0.7142857142857142,0.9808289692776351,15 to 19 years
2534,34155,0.907999999999999,1.0,0.027489289000163564,15 to 19 years
2535,31456,0.8222857142857133,0.14285714285714285,0.27060601841091675,15 to 19 years
2536,35374,0.8937142857142848,0.8571428571428571,0.71007072619063,15 to 19 years
2537,39758,0.8651428571428562,0.5714285714285714,0.4145161845576897,15 to 19 years
2538,35082,0.8508571428571419,0.42857142857142855,0.8873184796006827,15 to 19 years
2539,39965,0.8651428571428562,0.5714285714285714,0.20010928779605192,15 to 19 years
2540,30184,0.8937142857142848,0.8571428571428571,0.9686716943682756,15 to 19 years
2541,33855,0.8365714285714276,0.2857142857142857,0.7788162601025692,15 to 19 years
2542,38016,0.907999999999999,1.0,0.6396173730589584,15 to 19 years
2543,32354,0.8365714285714276,0.2857142857142857,0.4942812093272616,15 to 19 years
2544,38717,0.8365714285714276,0.2857142857142857,0.36834475666640365,15 to 19 years
2545,33290,0.8365714285714276,0.2857142857142857,0.7038862715333891,15 to 19 years
2546,33230,0.8222857142857133,0.14285714285714285,0.5111455894170089,15 to 19 years
2547,38466,0.8937142857142848,0.8571428571428571,0.1900259200279612,15 to 19 years
2548,38820,0.8222857142857133,0.14285714285714285,0.6024295467969825,15 to 19 years
2549,32997,0.8365714285714276,0.2857142857142857,0.8355579655022347,15 to 19 years
2550,33878,0.8365714285714276,0.2857142857142857,0.21053263935119826,15 to 19 years
2551,34477,0.8222857142857133,0.14285714285714285,0.5582256567149064,15 to 19 years
2552,32237,0.8222857142857133,0.14285714285714285,0.5846762962815141,15 to 19 years
2553,38960,0.8222857142857133,0.14285714285714285,0.9371667038197685,15 to 19 years
2554,39322,0.8508571428571419,0.42857142857142855,0.8348890851431359,15 to 19 years
2555,38342,0.8222857142857133,0.14285714285714285,0.8955121339249184,15 to 19 years
2556,36187,0.8365714285714276,0.2857142857142857,0.11674080491290045,15 to 19 years
2557,36405,0.8937142857142848,0.8571428571428571,0.8001126591929991,15 to 19 years
2558,38978,0.8651428571428562,0.5714285714285714,0.9081636954681096,15 to 19 years
2559,35716,0.8365714285714276,0.2857142857142857,0.18526876835235284,15 to 19 years
2560,30530,0.8937142857142848,0.8571428571428571,0.5608238058191257,15 to 19 years
2561,37608,0.8365714285714276,0.2857142857142857,0.2232644319574254,15 to 19 years
2562,39303,0.8508571428571419,0.42857142857142855,0.6778203458481475,15 to 19 years
2563,35748,0.8937142857142848,0.8571428571428571,0.8660843913339904,15 to 19 years
2564,31386,0.907999999999999,1.0,0.5565699422705599,15 to 19 years
2565,31290,0.907999999999999,1.0,0.5009929584193682,15 to 19 years
2566,30466,0.8365714285714276,0.2857142857142857,0.8942680315398964,15 to 19 years
2567,35728,0.8365714285714276,0.2857142857142857,0.12472599040958543,15 to 19 years
2568,36148,0.907999999999999,1.0,0.22900624784646512,15 to 19 years
2569,38536,0.8651428571428562,0.5714285714285714,0.3707187112167022,15 to 19 years
2570,39377,0.8937142857142848,0.8571428571428571,0.22185754354300968,15 to 19 years
2571,37622,0.8794285714285704,0.7142857142857142,0.6663285793130802,15 to 19 years
2572,33590,0.8937142857142848,0.8571428571428571,0.5088617975581006,15 to 19 years
2573,33655,0.8222857142857133,0.14285714285714285,0.47928130909505057,15 to 19 years
2574,37911,0.907999999999999,1.0,0.6182606982188055,15 to 19 years
2575,34125,0.8365714285714276,0.2857142857142857,0.7186012432422683,15 to 19 years
2576,36519,0.8222857142857133,0.14285714285714285,0.9191203929587268,15 to 19 years
2577,36315,0.8937142857142848,0.8571428571428571,0.9279765002135141,15 to 19 years
2578,38233,0.8365714285714276,0.2857142857142857,0.5627208022867887,15 to 19 years
2579,31409,0.8365714285714276,0.2857142857142857,0.4155440085890976,15 to 19 years
2580,39562,0.8365714285714276,0.2857142857142857,0.5936358881925907,15 to 19 years
2581,33295,0.8651428571428562,0.5714285714285714,0.7026991091077652,15 to 19 years
2582,33860,0.8222857142857133,0.14285714285714285,0.6964949972892559,15 to 19 years
2583,34039,0.8508571428571419,0.42857142857142855,0.18997658115403698,15 to 19 years
2584,38839,0.8365714285714276,0.2857142857142857,0.9821794373367674,15 to 19 years
2585,38587,0.8651428571428562,0.5714285714285714,0.3459319129157396,15 to 19 years
2586,30875,0.8651428571428562,0.5714285714285714,0.5559327364072363,15 to 19 years
2587,30445,0.8651428571428562,0.5714285714285714,0.9925736747167815,15 to 19 years
2588,33876,0.8222857142857133,0.14285714285714285,0.7925818845830872,15 to 19 years
2589,39973,0.8937142857142848,0.8571428571428571,0.5024619221434541,15 to 19 years
2590,31770,0.8365714285714276,0.2857142857142857,0.4745572105444597,15 to 19 years
2591,37355,0.8222857142857133,0.14285714285714285,0.5219308829269738,15 to 19 years
2592,31158,0.8222857142857133,0.14285714285714285,0.6045451687885893,15 to 19 years
2593,38762,0.907999999999999,1.0,0.11751111148537369,15 to 19 years
2594,30339,0.8794285714285704,0.7142857142857142,0.8108584502186023,15 to 19 years
2595,37832,0.8508571428571419,0.42857142857142855,0.7494476864675266,15 to 19 years
2596,37031,0.8651428571428562,0.5714285714285714,0.25208686081419185,15 to 19 years
2597,34510,0.907999999999999,1.0,0.8233069159130648,15 to 19 years
2598,31231,0.8365714285714276,0.2857142857142857,0.5775173563750351,15 to 19 years
2599,31662,0.8937142857142848,0.8571428571428571,0.058731153700909144,15 to 19 years
2600,34850,0.8365714285714276,0.2857142857142857,0.1988102931388585,15 to 19 years
2601,31674,0.8222857142857133,0.14285714285714285,0.7218740932698398,15 to 19 years
2602,33757,0.8365714285714276,0.2857142857142857,0.8319030012686883,15 to 19 years
2603,30268,0.8222857142857133,0.14285714285714285,0.22719606395061842,15 to 19 years
2604,38457,0.0,0.2857142857142857,0.666348512697436,15 to 19 years
2605,31404,0.8222857142857133,0.14285714285714285,0.6743454559930425,15 to 19 years
2606,33229,0.8365714285714276,0.2857142857142857,0.7816349560522824,15 to 19 years
2607,33623,0.907999999999999,1.0,0.9727986586669197,15 to 19 years
2608,31294,0.8937142857142848,0.8571428571428571,0.04785055905450469,15 to 19 years
2609,34916,0.8937142857142848,0.8571428571428571,0.3747412044753017,15 to 19 years
2610,34640,0.907999999999999,1.0,0.03269755686657427,15 to 19 years
2611,39133,0.8365714285714276,0.2857142857142857,0.6292129893460554,15 to 19 years
2612,31138,0.8365714285714276,0.2857142857142857,0.5061090936221698,15 to 19 years
2613,33954,0.8937142857142848,0.8571428571428571,0.7726539726945639,15 to 19 years
2614,33863,0.8651428571428562,0.5714285714285714,0.7729533438683545,15 to 19 years
2615,38186,0.8222857142857133,0.14285714285714285,0.39211460691058686,15 to 19 years
2616,30662,0.8365714285714276,0.2857142857142857,0.5666113622934043,15 to 19 years
2617,34132,0.8222857142857133,0.14285714285714285,0.8585142527107521,15 to 19 years
2618,34109,0.8937142857142848,0.8571428571428571,0.7521043548862916,15 to 19 years
2619,30735,0.8937142857142848,0.8571428571428571,0.44028783855122766,15 to 19 years
2620,30526,0.8222857142857133,0.14285714285714285,0.9249757617253296,15 to 19 years
2621,32370,0.8651428571428562,0.5714285714285714,0.24919112972075796,15 to 19 years
2622,35939,0.8651428571428562,0.5714285714285714,0.360735855604647,15 to 19 years
2623,38842,0.8365714285714276,0.2857142857142857,0.8763587380390808,15 to 19 years
2624,30830,0.8651428571428562,0.5714285714285714,0.4668083382831646,15 to 19 years
2625,36788,0.8222857142857133,0.14285714285714285,0.21103222754767348,15 to 19 years
2626,34294,0.8651428571428562,0.5714285714285714,0.6565822455902514,15 to 19 years
2627,36703,0.8222857142857133,0.14285714285714285,0.3823676041420619,15 to 19 years
2628,38399,0.8365714285714276,0.2857142857142857,0.5093410793578143,15 to 19 years
2629,36556,0.907999999999999,1.0,0.7443143365601916,15 to 19 years
2630,33550,0.907999999999999,1.0,0.23796898352532647,15 to 19 years
2631,32809,0.8937142857142848,0.8571428571428571,0.20043719989348513,15 to 19 years
2632,36457,0.8651428571428562,0.5714285714285714,0.13499736651070843,15 to 19 years
2633,36030,0.8651428571428562,0.5714285714285714,0.7144423855547751,15 to 19 years
2634,34139,0.8651428571428562,0.5714285714285714,0.7973909776801775,15 to 19 years
2635,39086,0.8937142857142848,0.8571428571428571,0.42509844925573376,15 to 19 years
2636,30227,0.8222857142857133,0.14285714285714285,0.9417509693591174,15 to 19 years
2637,33727,0.8365714285714276,0.2857142857142857,0.16068486066639276,15 to 19 years
2638,34909,0.8508571428571419,0.42857142857142855,0.6432095939138691,15 to 19 years
2639,33369,0.8222857142857133,0.14285714285714285,0.07227715590892364,15 to 19 years
2640,30842,0.8365714285714276,0.2857142857142857,0.6369145439027792,15 to 19 years
2641,32814,0.8222857142857133,0.14285714285714285,0.5587739021689676,15 to 19 years
2642,38518,0.8365714285714276,0.2857142857142857,0.706885043840286,15 to 19 years
2643,30515,0.8222857142857133,0.14285714285714285,0.8873922642771757,15 to 19 years
2644,35853,0.8222857142857133,0.14285714285714285,0.8928316601417761,15 to 19 years
2645,37443,0.8508571428571419,0.42857142857142855,0.31998962240967666,15 to 19 years
2646,37952,0.8222857142857133,0.14285714285714285,0.6117581068174667,15 to 19 years
2647,36775,0.8222857142857133,0.14285714285714285,0.5694011035892296,15 to 19 years
2648,37614,0.8222857142857133,0.14285714285714285,0.9498039207963517,15 to 19 years
2649,34960,0.8651428571428562,0.5714285714285714,0.903571691217899,15 to 19 years
2650,37927,0.8508571428571419,0.42857142857142855,0.23875625590848826,15 to 19 years
2651,36017,0.8937142857142848,0.8571428571428571,0.7577365489854675,15 to 19 years
2652,33820,0.8365714285714276,0.2857142857142857,0.1497224289906205,15 to 19 years
2653,30885,0.8651428571428562,0.5714285714285714,0.367823449057574,15 to 19 years
2654,30845,0.8365714285714276,0.2857142857142857,0.013976983083230476,15 to 19 years
2655,36665,0.8651428571428562,0.5714285714285714,0.8524253418370653,15 to 19 years
2656,34997,0.8365714285714276,0.2857142857142857,0.6417333932536,15 to 19 years
2657,32698,0.8508571428571419,0.42857142857142855,0.8799815027492186,15 to 19 years
2658,37978,0.8937142857142848,0.8571428571428571,0.9688360871357437,15 to 19 years
2659,31784,0.8365714285714276,0.2857142857142857,0.7939316233211458,15 to 19 years
2660,31943,0.8651428571428562,0.5714285714285714,0.9135099940664317,15 to 19 years
2661,34936,0.8222857142857133,0.14285714285714285,0.8912806195090066,15 to 19 years
2662,31052,0.8508571428571419,0.42857142857142855,0.8568383490679106,15 to 19 years
2663,37576,0.8794285714285704,0.7142857142857142,0.27831980595131905,15 to 19 years
2664,34659,0.8508571428571419,0.42857142857142855,0.9097221186597353,15 to 19 years
2665,33964,0.8222857142857133,0.14285714285714285,0.8080146041964789,15 to 19 years
2666,38292,0.8651428571428562,0.5714285714285714,0.2791397568353785,15 to 19 years
2667,36019,0.0,0.2857142857142857,0.2742176815784885,15 to 19 years
2668,35353,0.8222857142857133,0.14285714285714285,0.46626877510950654,15 to 19 years
2669,34949,0.8365714285714276,0.2857142857142857,0.8395278639348149,15 to 19 years
2670,30106,0.8651428571428562,0.5714285714285714,0.4523326575168204,15 to 19 years
2671,34970,0.8937142857142848,0.8571428571428571,0.1650151378215634,15 to 19 years
2672,32968,0.8508571428571419,0.42857142857142855,0.14302030198152077,15 to 19 years
2673,30884,0.8651428571428562,0.5714285714285714,0.8086455489254093,15 to 19 years
2674,36481,0.8365714285714276,0.2857142857142857,0.9806586130534192,15 to 19 years
2675,34639,0.8937142857142848,0.8571428571428571,0.3099905246259028,15 to 19 years
2676,35957,0.8937142857142848,0.8571428571428571,0.18469527287180448,15 to 19 years
2677,39129,0.8937142857142848,0.8571428571428571,0.8589077787358587,15 to 19 years
2678,32774,0.8651428571428562,0.5714285714285714,0.8812668757555618,15 to 19 years
2679,31748,0.8222857142857133,0.14285714285714285,0.6042248755862206,15 to 19 years
2680,36630,0.8365714285714276,0.2857142857142857,0.5442371617129003,15 to 19 years
2681,36013,0.8651428571428562,0.5714285714285714,0.37139270381396156,15 to 19 years
2682,30706,0.8508571428571419,0.42857142857142855,0.15969355185494805,15 to 19 years
2683,37899,0.907999999999999,1.0,0.47515684646519485,15 to 19 years
2684,36845,0.8365714285714276,0.2857142857142857,0.2000988534183194,15 to 19 years
2685,30853,0.8937142857142848,0.8571428571428571,0.4508191673101293,15 to 19 years
2686,31111,0.8651428571428562,0.5714285714285714,0.86158483965185,15 to 19 years
2687,34896,0.8794285714285704,0.7142857142857142,0.2842229774701823,15 to 19 years
2688,34230,0.8222857142857133,0.14285714285714285,0.2731645430632485,15 to 19 years
2689,35507,0.8222857142857133,0.14285714285714285,0.5127460354632216,15 to 19 years
2690,30675,0.8365714285714276,0.2857142857142857,0.8666606997330317,15 to 19 years
2691,38909,0.8508571428571419,0.42857142857142855,0.5877729010532728,15 to 19 years
2692,32936,0.8365714285714276,0.2857142857142857,0.6001286857104051,15 to 19 years
2693,36371,0.8365714285714276,0.2857142857142857,0.22570069390511033,15 to 19 years
2694,32576,0.8651428571428562,0.5714285714285714,0.9242213164852588,15 to 19 years
2695,37597,0.8937142857142848,0.8571428571428571,0.7468348941905691,15 to 19 years
2696,31205,0.8651428571428562,0.5714285714285714,0.14867443262949537,15 to 19 years
2697,39552,0.8365714285714276,0.2857142857142857,0.08753181116052333,15 to 19 years
2698,37381,0.8222857142857133,0.14285714285714285,0.3662547039070417,15 to 19 years
2699,39289,0.907999999999999,1.0,0.4793949725568782,15 to 19 years
2700,31048,0.8365714285714276,0.2857142857142857,0.3257073023106293,15 to 19 years
2701,33877,0.8937142857142848,0.8571428571428571,0.4715928054511068,15 to 19 years
2702,30493,0.8508571428571419,0.42857142857142855,0.6408720210014548,15 to 19 years
2703,36204,0.8222857142857133,0.14285714285714285,0.6158554099557628,15 to 19 years
2704,37205,0.8365714285714276,0.2857142857142857,0.6363930926551121,15 to 19 years
2705,31753,0.8365714285714276,0.2857142857142857,0.294447465807567,15 to 19 years
2706,32040,0.8365714285714276,0.2857142857142857,0.030707911992833514,15 to 19 years
2707,34280,0.8222857142857133,0.14285714285714285,0.8129625941747919,15 to 19 years
2708,37431,0.8365714285714276,0.2857142857142857,0.30693492394179794,15 to 19 years
2709,31203,0.8508571428571419,0.42857142857142855,0.7114510169504756,15 to 19 years
2710,30010,0.8365714285714276,0.2857142857142857,0.16311026389879046,15 to 19 years
2711,37306,0.8651428571428562,0.5714285714285714,0.832243605462132,15 to 19 years
2712,32887,0.8222857142857133,0.14285714285714285,0.7818590565720728,15 to 19 years
2713,37029,0.8937142857142848,0.8571428571428571,0.4861916719360167,15 to 19 years
2714,33275,0.8651428571428562,0.5714285714285714,0.7664668148580134,15 to 19 years
2715,36441,0.907999999999999,1.0,0.6175185086376317,15 to 19 years
2716,33917,0.8508571428571419,0.42857142857142855,0.49183165711010157,15 to 19 years
2717,32731,0.8651428571428562,0.5714285714285714,0.10210492121109666,15 to 19 years
2718,33135,0.8365714285714276,0.2857142857142857,0.18753464354689986,15 to 19 years
2719,34968,0.8508571428571419,0.42857142857142855,0.6925329821431228,15 to 19 years
2720,30850,0.907999999999999,1.0,0.8888388120039157,15 to 19 years
2721,37828,0.8794285714285704,0.7142857142857142,0.9190392657979966,15 to 19 years
2722,31368,0.8508571428571419,0.42857142857142855,0.08706637022753477,15 to 19 years
2723,31984,0.8222857142857133,0.14285714285714285,0.863042395658172,15 to 19 years
2724,39918,0.8937142857142848,0.8571428571428571,0.11992744165049507,15 to 19 years
2725,34361,0.8365714285714276,0.2857142857142857,0.08685586666245682,15 to 19 years
2726,30644,0.8651428571428562,0.5714285714285714,0.15650520781379162,15 to 19 years
2727,37570,0.8508571428571419,0.42857142857142855,0.3860170441645733,15 to 19 years
2728,38804,0.907999999999999,1.0,0.9413344842360233,15 to 19 years
2729,32002,0.8222857142857133,0.14285714285714285,0.42316680832739123,15 to 19 years
2730,30876,0.8937142857142848,0.8571428571428571,0.6767257578972625,15 to 19 years
2731,32773,0.8651428571428562,0.5714285714285714,0.5449150213083148,15 to 19 years
2732,39954,0.8937142857142848,0.8571428571428571,0.1819500285328315,15 to 19 years
2733,36468,0.8508571428571419,0.42857142857142855,0.48179129082207645,15 to 19 years
2734,36781,0.8707142857142846,0.8571428571428571,0.7949452187311573,20 to 24 years
2735,33627,0.799285714285713,0.14285714285714285,0.7481247587722096,20 to 24 years
2736,37773,0.8707142857142846,0.8571428571428571,0.20692993469885917,20 to 24 years
2737,37301,0.8849999999999988,1.0,0.6859267883992385,20 to 24 years
2738,37624,0.8707142857142846,0.8571428571428571,0.463167242363585,20 to 24 years
2739,32528,0.8849999999999988,1.0,0.1665824760893157,20 to 24 years
2740,31148,0.842142857142856,0.5714285714285714,0.8403006015899295,20 to 24 years
2741,34715,0.799285714285713,0.14285714285714285,0.8695000368480243,20 to 24 years
2742,39988,0.8135714285714274,0.2857142857142857,0.350933748543236,20 to 24 years
2743,39996,-0.02601828571428611,0.14285714285714285,0.007933233714624621,20 to 24 years
2744,36528,0.842142857142856,0.5714285714285714,0.21764956622485732,20 to 24 years
2745,34422,0.842142857142856,0.5714285714285714,0.45874266056182633,20 to 24 years
2746,30742,0.8278571428571416,0.42857142857142855,0.6925761255810731,20 to 24 years
2747,30731,0.8707142857142846,0.8571428571428571,0.2830784413298344,20 to 24 years
2748,39926,-0.221991475047619,0.14285714285714285,0.0672592211641197,20 to 24 years
2749,37592,0.8135714285714274,0.2857142857142857,0.38500425985183334,20 to 24 years
2750,32558,0.8849999999999988,1.0,0.8610988418169102,20 to 24 years
2751,32469,0.8135714285714274,0.2857142857142857,0.8237948997957677,20 to 24 years
2752,34296,0.842142857142856,0.5714285714285714,0.7040255948303827,20 to 24 years
2753,35704,0.799285714285713,0.14285714285714285,0.351052373318103,20 to 24 years
2754,30092,0.8707142857142846,0.8571428571428571,0.8165803186855287,20 to 24 years
2755,34222,0.8278571428571416,0.42857142857142855,0.29968491333492014,20 to 24 years
2756,33274,0.8278571428571416,0.42857142857142855,0.4105252390148899,20 to 24 years
2757,38850,0.8707142857142846,0.8571428571428571,0.21806434400015656,20 to 24 years
2758,38085,0.8135714285714274,0.2857142857142857,0.6358572412326031,20 to 24 years
2759,38250,0.8707142857142846,0.8571428571428571,0.41956208183505095,20 to 24 years
2760,39830,0.799285714285713,0.14285714285714285,0.2935547705356326,20 to 24 years
2761,36388,0.8135714285714274,0.2857142857142857,0.9182276222593668,20 to 24 years
2762,30853,0.8707142857142846,0.8571428571428571,0.4508191673101293,20 to 24 years
2763,30994,0.8707142857142846,0.8571428571428571,0.5767050743801047,20 to 24 years
2764,37829,0.8707142857142846,0.8571428571428571,0.5494680883338401,20 to 24 years
2765,34657,0.842142857142856,0.5714285714285714,0.7710387019563709,20 to 24 years
2766,34680,0.842142857142856,0.5714285714285714,0.7694285564284651,20 to 24 years
2767,30359,0.799285714285713,0.14285714285714285,0.9454275940850865,20 to 24 years
2768,34036,0.8849999999999988,1.0,0.9030577225920594,20 to 24 years
2769,37757,0.799285714285713,0.14285714285714285,0.9968932534000681,20 to 24 years
2770,30033,0.8278571428571416,0.42857142857142855,0.49702260579498503,20 to 24 years
2771,33360,0.8135714285714274,0.2857142857142857,0.983654774112928,20 to 24 years
2772,33939,0.799285714285713,0.14285714285714285,0.7995442013514272,20 to 24 years
2773,32693,0.842142857142856,0.5714285714285714,0.7909193980306868,20 to 24 years
2774,34903,0.8707142857142846,0.8571428571428571,0.3963123710413582,20 to 24 years
2775,36455,0.8278571428571416,0.42857142857142855,0.49084154302543076,20 to 24 years
2776,33950,0.8135714285714274,0.2857142857142857,0.3244640783388984,20 to 24 years
2777,33324,0.8278571428571416,0.42857142857142855,0.2992220061748855,20 to 24 years
2778,38000,0.8849999999999988,1.0,0.12005319245678003,20 to 24 years
2779,39740,0.799285714285713,0.14285714285714285,0.29844884260852067,20 to 24 years
2780,30651,0.799285714285713,0.14285714285714285,0.49144043248366664,20 to 24 years
2781,38811,0.842142857142856,0.5714285714285714,0.5317045555824057,20 to 24 years
2782,38271,0.8135714285714274,0.2857142857142857,0.6178025596606095,20 to 24 years
2783,32714,0.8707142857142846,0.8571428571428571,0.3825001315728205,20 to 24 years
2784,30873,0.799285714285713,0.14285714285714285,0.9495026319358948,20 to 24 years
2785,31309,0.799285714285713,0.14285714285714285,0.8727784795061406,20 to 24 years
2786,34979,0.8135714285714274,0.2857142857142857,0.11329590202986961,20 to 24 years
2787,32875,0.799285714285713,0.14285714285714285,0.7961028524350877,20 to 24 years
2788,32015,0.842142857142856,0.5714285714285714,0.7832262613229705,20 to 24 years
2789,36058,0.8849999999999988,1.0,0.5220133872771866,20 to 24 years
2790,37471,0.799285714285713,0.14285714285714285,0.9083187075081369,20 to 24 years
2791,35510,0.842142857142856,0.5714285714285714,0.7844376381178974,20 to 24 years
2792,36874,0.842142857142856,0.5714285714285714,0.479813007641576,20 to 24 years
2793,30222,0.8707142857142846,0.8571428571428571,0.15095805122908945,20 to 24 years
2794,30726,0.799285714285713,0.14285714285714285,0.6511550263224353,20 to 24 years
2795,37469,0.8849999999999988,1.0,0.6814811118469251,20 to 24 years
2796,35874,0.842142857142856,0.5714285714285714,0.8250602429761978,20 to 24 years
2797,33524,0.8564285714285702,0.7142857142857142,0.2357776974854645,20 to 24 years
2798,33258,0.8135714285714274,0.2857142857142857,0.991647336462361,20 to 24 years
2799,37929,0.8135714285714274,0.2857142857142857,0.6255435531064096,20 to 24 years
2800,36255,0.842142857142856,0.5714285714285714,0.21755272244350443,20 to 24 years
2801,39296,0.842142857142856,0.5714285714285714,0.9288445780880001,20 to 24 years
2802,32037,0.8135714285714274,0.2857142857142857,0.4559665669932218,20 to 24 years
2803,38753,0.799285714285713,0.14285714285714285,0.5169352311072007,20 to 24 years
2804,34910,0.842142857142856,0.5714285714285714,0.6298463302544801,20 to 24 years
2805,35953,0.8135714285714274,0.2857142857142857,0.433804148267129,20 to 24 years
2806,33348,0.8135714285714274,0.2857142857142857,0.6514429741242141,20 to 24 years
2807,31404,0.799285714285713,0.14285714285714285,0.6743454559930425,20 to 24 years
2808,32663,0.8278571428571416,0.42857142857142855,0.23333449882049673,20 to 24 years
2809,35275,0.8707142857142846,0.8571428571428571,0.152689117799075,20 to 24 years
2810,32545,0.8849999999999988,1.0,0.31647250294634194,20 to 24 years
2811,39498,0.799285714285713,0.14285714285714285,0.8880788144541856,20 to 24 years
2812,38361,0.8135714285714274,0.2857142857142857,0.4543586625026582,20 to 24 years
2813,37358,0.799285714285713,0.14285714285714285,0.6747705178547715,20 to 24 years
2814,37227,0.8135714285714274,0.2857142857142857,0.8870726547678849,20 to 24 years
2815,33004,0.8135714285714274,0.2857142857142857,0.2254029845591582,20 to 24 years
2816,34467,0.842142857142856,0.5714285714285714,0.5401351938607599,20 to 24 years
2817,31618,0.799285714285713,0.14285714285714285,0.10484782711145496,20 to 24 years
2818,31304,0.842142857142856,0.5714285714285714,0.5400741511014941,20 to 24 years
2819,33897,0.8135714285714274,0.2857142857142857,0.6397038896766132,20 to 24 years
2820,30296,0.8707142857142846,0.8571428571428571,0.573473174845347,20 to 24 years
2821,30871,0.8707142857142846,0.8571428571428571,0.5590407466678599,20 to 24 years
2822,34679,0.8135714285714274,0.2857142857142857,0.6346788363522938,20 to 24 years
2823,36925,0.842142857142856,0.5714285714285714,0.7717928169669072,20 to 24 years
2824,37865,0.8135714285714274,0.2857142857142857,0.5106281269901668,20 to 24 years
2825,32368,0.8707142857142846,0.8571428571428571,0.6369087372185686,20 to 24 years
2826,39985,0.8278571428571416,0.42857142857142855,0.5811929341212683,20 to 24 years
2827,31952,0.8135714285714274,0.2857142857142857,0.612131059826797,20 to 24 years
2828,31461,0.799285714285713,0.14285714285714285,0.5665636255661608,20 to 24 years
2829,34620,0.8707142857142846,0.8571428571428571,0.41646982422332357,20 to 24 years
2830,36266,0.8135714285714274,0.2857142857142857,0.4276556825319724,20 to 24 years
2831,38694,0.799285714285713,0.14285714285714285,0.6468802398828946,20 to 24 years
2832,39519,0.8135714285714274,0.2857142857142857,0.18351196261636626,20 to 24 years
2833,36225,0.8135714285714274,0.2857142857142857,0.3622590200031034,20 to 24 years
2834,39579,0.8278571428571416,0.42857142857142855,0.49467438027076166,20 to 24 years
2835,31797,0.799285714285713,0.14285714285714285,0.5919487970033124,20 to 24 years
2836,37173,0.8707142857142846,0.8571428571428571,0.03639300328005046,20 to 24 years
2837,31582,0.8564285714285702,0.7142857142857142,0.22495723643321885,20 to 24 years
2838,35966,0.799285714285713,0.14285714285714285,0.34763593474475213,20 to 24 years
2839,30525,0.8707142857142846,0.8571428571428571,0.5597824388709984,20 to 24 years
2840,39909,0.8135714285714274,0.2857142857142857,0.2916674226397028,20 to 24 years
2841,30908,0.842142857142856,0.5714285714285714,0.8164816769198087,20 to 24 years
2842,37884,0.842142857142856,0.5714285714285714,0.28615815420418783,20 to 24 years
2843,38101,0.8564285714285702,0.7142857142857142,0.9930607663591925,20 to 24 years
2844,34781,0.8135714285714274,0.2857142857142857,0.17240349460859433,20 to 24 years
2845,31816,0.799285714285713,0.14285714285714285,0.8392635291114519,20 to 24 years
2846,32508,0.8135714285714274,0.2857142857142857,0.8841901813490372,20 to 24 years
2847,31277,0.842142857142856,0.5714285714285714,0.11594424190366931,20 to 24 years
2848,30685,0.842142857142856,0.5714285714285714,0.5648167350104845,20 to 24 years
2849,34105,0.799285714285713,0.14285714285714285,0.5075024491095709,20 to 24 years
2850,39384,0.8278571428571416,0.42857142857142855,0.4287651469679157,20 to 24 years
2851,38285,0.799285714285713,0.14285714285714285,0.5061599195201836,20 to 24 years
2852,30112,0.8707142857142846,0.8571428571428571,0.7075957379661235,20 to 24 years
2853,35896,0.8707142857142846,0.8571428571428571,0.45526391495113017,20 to 24 years
2854,38901,0.8135714285714274,0.2857142857142857,0.17209704128417858,20 to 24 years
2855,32796,0.8278571428571416,0.42857142857142855,0.8617098661979519,20 to 24 years
2856,30535,0.799285714285713,0.14285714285714285,0.53293393059504,20 to 24 years
2857,38682,0.842142857142856,0.5714285714285714,0.6886688694899711,20 to 24 years
2858,38638,0.8135714285714274,0.2857142857142857,0.5204433203881564,20 to 24 years
2859,32122,0.8278571428571416,0.42857142857142855,0.9879840617815305,20 to 24 years
2860,38773,0.842142857142856,0.5714285714285714,0.8149582124583507,20 to 24 years
2861,34034,0.842142857142856,0.5714285714285714,0.17888826174360978,20 to 24 years
2862,37727,0.8707142857142846,0.8571428571428571,0.8609529420863388,20 to 24 years
2863,37860,0.8849999999999988,1.0,0.8398271452700413,20 to 24 years
2864,39925,0.8707142857142846,0.8571428571428571,0.3098917881864609,20 to 24 years
2865,38673,0.8135714285714274,0.2857142857142857,0.3188340497988,20 to 24 years
2866,35607,0.8707142857142846,0.8571428571428571,0.46357516448925196,20 to 24 years
2867,34341,0.842142857142856,0.5714285714285714,0.8371086314125625,20 to 24 years
2868,34242,0.8707142857142846,0.8571428571428571,0.3075281525728659,20 to 24 years
2869,39258,0.842142857142856,0.5714285714285714,0.5346885997841242,20 to 24 years
2870,31730,0.799285714285713,0.14285714285714285,0.8069268836795545,20 to 24 years
2871,38988,0.842142857142856,0.5714285714285714,0.8430412461210965,20 to 24 years
2872,31409,0.8135714285714274,0.2857142857142857,0.4155440085890976,20 to 24 years
2873,31642,0.8849999999999988,1.0,0.1695667497160116,20 to 24 years
2874,36647,0.8849999999999988,1.0,0.9090369779294913,20 to 24 years
2875,32056,0.842142857142856,0.5714285714285714,0.175824985021777,20 to 24 years
2876,34232,0.799285714285713,0.14285714285714285,0.4972784781501162,20 to 24 years
2877,33401,0.842142857142856,0.5714285714285714,0.3686108577783087,20 to 24 years
2878,34635,0.842142857142856,0.5714285714285714,0.9904942562875672,20 to 24 years
2879,37501,0.799285714285713,0.14285714285714285,0.23831190435760635,20 to 24 years
2880,34070,0.8135714285714274,0.2857142857142857,0.47330899270150106,20 to 24 years
2881,34053,0.8135714285714274,0.2857142857142857,0.4930113987039076,20 to 24 years
2882,37395,0.842142857142856,0.5714285714285714,0.4617007078188464,20 to 24 years
2883,38171,0.799285714285713,0.14285714285714285,0.024848070049608206,20 to 24 years
2884,39969,0.842142857142856,0.5714285714285714,0.7137590476001653,20 to 24 years
2885,37528,0.8135714285714274,0.2857142857142857,0.843233639407368,20 to 24 years
2886,37604,0.8849999999999988,1.0,0.41782253827492094,20 to 24 years
2887,38323,0.799285714285713,0.14285714285714285,0.5067844408898814,20 to 24 years
2888,33543,0.8135714285714274,0.2857142857142857,0.25070073042760455,20 to 24 years
2889,32649,0.8135714285714274,0.2857142857142857,0.41083150236312577,20 to 24 years
2890,31097,0.8135714285714274,0.2857142857142857,0.7958762904319235,20 to 24 years
2891,37483,0.8278571428571416,0.42857142857142855,0.6478602610679712,20 to 24 years
2892,38747,0.8707142857142846,0.8571428571428571,0.2566876683495174,20 to 24 years
2893,34963,0.8849999999999988,1.0,0.913258711080609,20 to 24 years
2894,37795,0.842142857142856,0.5714285714285714,0.49468612604891826,20 to 24 years
2895,37009,0.0,0.5714285714285714,0.6768787491978573,20 to 24 years
2896,39179,0.8849999999999988,1.0,0.5856786639834064,20 to 24 years
2897,37049,0.8135714285714274,0.2857142857142857,0.6766860290369583,20 to 24 years
2898,37647,0.8707142857142846,0.8571428571428571,0.6974740033297268,20 to 24 years
2899,30383,0.8707142857142846,0.8571428571428571,0.02518603263692243,20 to 24 years
2900,30916,0.8849999999999988,1.0,0.9782937959561008,20 to 24 years
2901,31300,0.8278571428571416,0.42857142857142855,0.7372364541110124,20 to 24 years
2902,39727,0.8278571428571416,0.42857142857142855,0.30200943257857105,20 to 24 years
2903,33914,0.8135714285714274,0.2857142857142857,0.20766587660831515,20 to 24 years
2904,32982,0.8707142857142846,0.8571428571428571,0.7887844963962588,20 to 24 years
2905,31981,0.8135714285714274,0.2857142857142857,0.6166366810681566,20 to 24 years
2906,37186,0.8849999999999988,1.0,0.4268862524602175,20 to 24 years
2907,32060,0.8849999999999988,1.0,0.45640428266363803,20 to 24 years
2908,38780,0.842142857142856,0.5714285714285714,0.44206265258467636,20 to 24 years
2909,35164,0.8278571428571416,0.42857142857142855,0.2055406416868995,20 to 24 years
2910,31170,0.8707142857142846,0.8571428571428571,0.43545248023348765,20 to 24 years
2911,30187,0.8707142857142846,0.8571428571428571,0.8922096600328427,20 to 24 years
2912,37913,0.8135714285714274,0.2857142857142857,0.519592184396114,20 to 24 years
2913,38790,0.842142857142856,0.5714285714285714,0.6776897147913024,20 to 24 years
2914,38432,0.842142857142856,0.5714285714285714,0.45143602867935373,20 to 24 years
2915,36729,0.842142857142856,0.5714285714285714,0.5355560261379597,20 to 24 years
2916,35087,0.842142857142856,0.5714285714285714,0.7144740354894998,20 to 24 years
2917,31324,0.8849999999999988,1.0,0.0628436899086306,20 to 24 years
2918,34393,0.799285714285713,0.14285714285714285,0.5478878843185526,20 to 24 years
2919,38030,0.799285714285713,0.14285714285714285,0.4703475606181995,20 to 24 years
2920,35415,0.8135714285714274,0.2857142857142857,0.9178684433861537,20 to 24 years
2921,30822,0.8135714285714274,0.2857142857142857,0.09723748380148872,20 to 24 years
2922,39103,0.799285714285713,0.14285714285714285,0.14652070268130518,20 to 24 years
2923,39848,0.842142857142856,0.5714285714285714,0.9664550345980536,20 to 24 years
2924,34621,0.8707142857142846,0.8571428571428571,0.029078980244332864,20 to 24 years
2925,35528,0.8135714285714274,0.2857142857142857,0.24724894972896977,20 to 24 years
2926,37728,0.842142857142856,0.5714285714285714,0.31705162128608005,20 to 24 years
2927,33221,0.842142857142856,0.5714285714285714,0.6632964880419927,20 to 24 years
2928,30184,0.8707142857142846,0.8571428571428571,0.9686716943682756,20 to 24 years
2929,36302,0.8135714285714274,0.2857142857142857,0.25001963427782226,20 to 24 years
2930,35105,0.842142857142856,0.5714285714285714,0.2140164522548446,20 to 24 years
2931,39128,0.842142857142856,0.5714285714285714,0.4160118520441285,20 to 24 years
2932,30172,0.8278571428571416,0.42857142857142855,0.7764618057549864,20 to 24 years
2933,36279,0.8135714285714274,0.2857142857142857,0.9423790196475377,20 to 24 years
2934,39792,0.8849999999999988,1.0,0.07510296234885555,20 to 24 years
2935,32094,0.8278571428571416,0.42857142857142855,0.8602680793723119,20 to 24 years
2936,39065,0.799285714285713,0.14285714285714285,0.6860735744185549,20 to 24 years
2937,37371,0.842142857142856,0.5714285714285714,0.42604451649383884,20 to 24 years
2938,30521,0.8707142857142846,0.8571428571428571,0.8612769772321714,20 to 24 years
2939,37007,0.842142857142856,0.5714285714285714,0.535123362064831,20 to 24 years
2940,33575,0.8564285714285702,0.7142857142857142,0.3396552320919153,20 to 24 years
2941,31671,0.799285714285713,0.14285714285714285,0.729127189161574,20 to 24 years
2942,32523,0.8707142857142846,0.8571428571428571,0.736804765279446,20 to 24 years
2943,31537,0.8849999999999988,1.0,0.24042668619212687,20 to 24 years
2944,34052,0.8278571428571416,0.42857142857142855,0.5682363820070427,20 to 24 years
2945,36306,0.8278571428571416,0.42857142857142855,0.2142709689657047,20 to 24 years
2946,38801,0.8707142857142846,0.8571428571428571,0.6353494770648555,20 to 24 years
2947,32633,0.8707142857142846,0.8571428571428571,0.3485099340130593,20 to 24 years
2948,32197,0.8278571428571416,0.42857142857142855,0.6797100604258488,20 to 24 years
2949,34940,0.799285714285713,0.14285714285714285,0.528009400427887,20 to 24 years
2950,36141,0.842142857142856,0.5714285714285714,0.032801473285424376,20 to 24 years
2951,35728,0.8135714285714274,0.2857142857142857,0.12472599040958543,20 to 24 years
2952,36024,0.842142857142856,0.5714285714285714,0.5020223209240485,20 to 24 years
2953,30940,0.842142857142856,0.5714285714285714,0.7207535073490947,20 to 24 years
2954,35672,0.842142857142856,0.5714285714285714,0.01020902604601237,20 to 24 years
2955,38706,0.8278571428571416,0.42857142857142855,0.7374639261565936,20 to 24 years
2956,33595,0.799285714285713,0.14285714285714285,0.7283582033612749,20 to 24 years
2957,34060,0.8849999999999988,1.0,0.13379383828752472,20 to 24 years
2958,34839,0.8135714285714274,0.2857142857142857,0.8850075731698368,20 to 24 years
2959,30218,0.842142857142856,0.5714285714285714,0.15464105992363553,20 to 24 years
2960,35915,0.799285714285713,0.14285714285714285,0.6554214474054213,20 to 24 years
2961,37300,0.8135714285714274,0.2857142857142857,0.42803904383014113,20 to 24 years
2962,37122,0.8135714285714274,0.2857142857142857,0.59227718079403,20 to 24 years
2963,34856,0.8278571428571416,0.42857142857142855,0.7700938307392686,20 to 24 years
2964,38792,0.8278571428571416,0.42857142857142855,0.9432159389029182,20 to 24 years
2965,37756,0.799285714285713,0.14285714285714285,0.05938893766857917,20 to 24 years
2966,35715,0.8707142857142846,0.8571428571428571,0.3173095222138038,20 to 24 years
2967,34312,0.8135714285714274,0.2857142857142857,0.5223398617109983,20 to 24 years
2968,30495,0.842142857142856,0.5714285714285714,0.860224894485931,20 to 24 years
2969,35732,0.8849999999999988,1.0,0.21324531290502902,20 to 24 years
2970,38687,0.842142857142856,0.5714285714285714,0.7696699144122411,20 to 24 years
2971,38498,0.8135714285714274,0.2857142857142857,0.10755457385095224,20 to 24 years
2972,36801,0.8135714285714274,0.2857142857142857,0.37280489880141615,20 to 24 years
2973,32062,0.842142857142856,0.5714285714285714,0.12051282607177799,20 to 24 years
2974,36126,0.842142857142856,0.5714285714285714,0.6601370387745832,20 to 24 years
2975,39928,0.8135714285714274,0.2857142857142857,0.6420357229552904,20 to 24 years
2976,36651,0.8564285714285702,0.7142857142857142,0.899044793778067,20 to 24 years
2977,39167,0.842142857142856,0.5714285714285714,0.2095420083130045,20 to 24 years
2978,31271,0.842142857142856,0.5714285714285714,0.4104474670537958,20 to 24 years
2979,38094,0.799285714285713,0.14285714285714285,0.9835913899865784,20 to 24 years
2980,35673,0.8135714285714274,0.2857142857142857,0.933545131950712,20 to 24 years
2981,31316,0.8135714285714274,0.2857142857142857,0.9804305271801796,20 to 24 years
2982,37643,0.842142857142856,0.5714285714285714,0.5853952151039324,20 to 24 years
2983,31293,0.8707142857142846,0.8571428571428571,0.16047414290416978,20 to 24 years
2984,39256,0.842142857142856,0.5714285714285714,0.4800546461097159,20 to 24 years
2985,35073,0.799285714285713,0.14285714285714285,0.3746439566493498,20 to 24 years
2986,31523,0.8707142857142846,0.8571428571428571,0.618207682540937,20 to 24 years
2987,34274,0.8707142857142846,0.8571428571428571,0.7371975663384754,20 to 24 years
2988,32827,0.8135714285714274,0.2857142857142857,0.8919709738830364,20 to 24 years
2989,34201,0.842142857142856,0.5714285714285714,0.14474416955996589,20 to 24 years
2990,34081,0.8135714285714274,0.2857142857142857,0.14581119268047943,20 to 24 years
2991,32048,0.799285714285713,0.14285714285714285,0.5167272268864334,20 to 24 years
2992,35348,0.8278571428571416,0.42857142857142855,0.7077202137984436,20 to 24 years
2993,36970,0.842142857142856,0.5714285714285714,0.6862058920381698,20 to 24 years
2994,34130,0.8278571428571416,0.42857142857142855,0.7674455452441113,20 to 24 years
2995,32229,0.799285714285713,0.14285714285714285,0.7851159807549486,20 to 24 years
2996,35965,0.8135714285714274,0.2857142857142857,0.6375009874744588,20 to 24 years
2997,30093,0.799285714285713,0.14285714285714285,0.42209082144569066,20 to 24 years
2998,38215,0.842142857142856,0.5714285714285714,0.3900352263084966,20 to 24 years
2999,30201,0.8135714285714274,0.2857142857142857,0.5203613891985543,20 to 24 years
3000,37951,0.8135714285714274,0.2857142857142857,0.5825655733936538,20 to 24 years
3001,39172,0.8707142857142846,0.8571428571428571,0.008713162491979065,20 to 24 years
3002,35580,0.8135714285714274,0.2857142857142857,0.3755547285381987,20 to 24 years
3003,32783,0.8278571428571416,0.42857142857142855,0.497859952558618,20 to 24 years
3004,37813,0.8707142857142846,0.8571428571428571,0.8564246452986445,20 to 24 years
3005,34723,0.842142857142856,0.5714285714285714,0.9394908753605002,20 to 24 years
3006,39113,0.842142857142856,0.5714285714285714,0.2716042432690648,20 to 24 years
3007,38874,0.8707142857142846,0.8571428571428571,0.6088699109242582,20 to 24 years
3008,35273,0.8135714285714274,0.2857142857142857,0.9110515336147083,20 to 24 years
3009,31007,0.842142857142856,0.5714285714285714,0.1143158043226587,20 to 24 years
3010,33222,0.799285714285713,0.14285714285714285,0.5734982751169752,20 to 24 years
3011,34748,0.8135714285714274,0.2857142857142857,0.23559398096053902,20 to 24 years
3012,32301,0.842142857142856,0.5714285714285714,0.108001694222087,20 to 24 years
3013,37508,0.8707142857142846,0.8571428571428571,0.43257106303270826,20 to 24 years
3014,35030,0.799285714285713,0.14285714285714285,0.47945842641480324,20 to 24 years
3015,38175,0.8135714285714274,0.2857142857142857,0.3384155377890925,20 to 24 years
3016,33322,0.842142857142856,0.5714285714285714,0.8140360419813791,20 to 24 years
3017,34800,0.8135714285714274,0.2857142857142857,0.9863044855365999,20 to 24 years
3018,32956,0.842142857142856,0.5714285714285714,0.19995277303239334,20 to 24 years
3019,39669,0.8278571428571416,0.42857142857142855,0.8253376525725016,20 to 24 years
3020,34646,0.799285714285713,0.14285714285714285,0.5420461489760524,20 to 24 years
3021,32918,0.842142857142856,0.5714285714285714,0.5039142067366605,20 to 24 years
3022,33192,0.8135714285714274,0.2857142857142857,0.6407497447876258,20 to 24 years
3023,31297,0.842142857142856,0.5714285714285714,0.32836438748640984,20 to 24 years
3024,35554,0.8278571428571416,0.42857142857142855,0.5760380795796779,20 to 24 years
3025,34179,0.8135714285714274,0.2857142857142857,0.7301457226161994,20 to 24 years
3026,39370,0.8278571428571416,0.42857142857142855,0.1602288748619361,20 to 24 years
3027,30431,0.842142857142856,0.5714285714285714,0.1504689626428109,20 to 24 years
3028,36119,0.8707142857142846,0.8571428571428571,0.0660687960768731,20 to 24 years
3029,39578,0.8135714285714274,0.2857142857142857,0.09608351967885942,20 to 24 years
3030,35107,0.8278571428571416,0.42857142857142855,0.17576960866203034,20 to 24 years
3031,36664,0.8707142857142846,0.8571428571428571,0.6279958512707686,20 to 24 years
3032,38044,0.8564285714285702,0.7142857142857142,0.08012369408733261,20 to 24 years
3033,35502,0.8135714285714274,0.2857142857142857,0.7141139850908899,20 to 24 years
3034,33006,0.8278571428571416,0.42857142857142855,0.5952883776505755,20 to 24 years
3035,34497,0.842142857142856,0.5714285714285714,0.7705534641122882,20 to 24 years
3036,32931,0.842142857142856,0.5714285714285714,0.23281734825200634,20 to 24 years
3037,31643,0.8135714285714274,0.2857142857142857,0.3145308238860659,20 to 24 years
3038,35516,0.8135714285714274,0.2857142857142857,0.1565318428591937,20 to 24 years
3039,36114,0.799285714285713,0.14285714285714285,0.1961163637803447,20 to 24 years
3040,31987,0.842142857142856,0.5714285714285714,0.1554746211932196,20 to 24 years
3041,37735,0.8849999999999988,1.0,0.6626708332418435,20 to 24 years
3042,37861,0.799285714285713,0.14285714285714285,0.6305980584954478,20 to 24 years
3043,35764,0.8135714285714274,0.2857142857142857,0.0867158682139571,20 to 24 years
3044,39193,0.842142857142856,0.5714285714285714,0.9530377067051595,20 to 24 years
3045,39023,0.799285714285713,0.14285714285714285,0.3471330484180488,20 to 24 years
3046,35418,0.799285714285713,0.14285714285714285,0.8108063331917787,20 to 24 years
3047,38459,-0.027865572714286496,0.14285714285714285,0.2558680001242443,20 to 24 years
3048,32324,0.8849999999999988,1.0,0.7275278548450889,20 to 24 years
3049,33159,0.8135714285714274,0.2857142857142857,0.2551113470041626,20 to 24 years
3050,37334,0.8135714285714274,0.2857142857142857,0.7663914729790582,20 to 24 years
3051,39487,0.8135714285714274,0.2857142857142857,0.6078462307948965,20 to 24 years
3052,32492,0.8707142857142846,0.8571428571428571,0.5094161720305884,20 to 24 years
3053,30690,0.8135714285714274,0.2857142857142857,0.09743474584430595,20 to 24 years
3054,30411,0.8849999999999988,1.0,0.12262909842748254,20 to 24 years
3055,39983,0.8135714285714274,0.2857142857142857,0.23031055060598887,20 to 24 years
3056,34152,0.8278571428571416,0.42857142857142855,0.4956679285036189,20 to 24 years
3057,36759,0.799285714285713,0.14285714285714285,0.6750871237059594,20 to 24 years
3058,32365,0.799285714285713,0.14285714285714285,0.5303059175654117,20 to 24 years
3059,31320,0.8135714285714274,0.2857142857142857,0.9391315315534403,20 to 24 years
3060,39455,0.8278571428571416,0.42857142857142855,0.12582699395301938,20 to 24 years
3061,36616,0.799285714285713,0.14285714285714285,0.9798947555310794,20 to 24 years
3062,32674,0.8849999999999988,1.0,0.773561053187884,20 to 24 years
3063,39124,0.8135714285714274,0.2857142857142857,0.85022485320345,20 to 24 years
3064,32813,0.842142857142856,0.5714285714285714,0.037834885937612195,20 to 24 years
3065,32685,0.8849999999999988,1.0,0.6438241339212201,20 to 24 years
3066,31652,0.842142857142856,0.5714285714285714,0.7793177130430452,20 to 24 years
3067,32700,0.8278571428571416,0.42857142857142855,0.22617040954575834,20 to 24 years
3068,32839,0.8707142857142846,0.8571428571428571,0.389411888418736,20 to 24 years
3069,38575,0.799285714285713,0.14285714285714285,0.9334414392613519,20 to 24 years
3070,35719,0.8849999999999988,1.0,0.3743628462862305,20 to 24 years
3071,37630,0.8707142857142846,0.8571428571428571,0.12984584203286226,20 to 24 years
3072,35355,0.842142857142856,0.5714285714285714,0.10386343439425078,20 to 24 years
3073,38723,0.8707142857142846,0.8571428571428571,0.6911481600323203,20 to 24 years
3074,38775,0.8278571428571416,0.42857142857142855,0.9452729364974772,20 to 24 years
3075,31189,0.8135714285714274,0.2857142857142857,0.11088900327860546,20 to 24 years
3076,36103,0.842142857142856,0.5714285714285714,0.6919866099308127,20 to 24 years
3077,37424,0.8849999999999988,1.0,0.4137642278245927,20 to 24 years
3078,31376,0.8135714285714274,0.2857142857142857,0.6154319168526802,20 to 24 years
3079,30021,0.8135714285714274,0.2857142857142857,0.8792114314690083,20 to 24 years
3080,35153,0.842142857142856,0.5714285714285714,0.25315854249597386,20 to 24 years
3081,34214,0.799285714285713,0.14285714285714285,0.8913570772060357,20 to 24 years
3082,37762,0.842142857142856,0.5714285714285714,0.6610306946661972,20 to 24 years
3083,37941,0.8278571428571416,0.42857142857142855,0.7121221226970529,20 to 24 years
3084,31757,0.799285714285713,0.14285714285714285,0.5366719727717737,20 to 24 years
3085,31164,0.799285714285713,0.14285714285714285,0.38632853290372177,20 to 24 years
3086,38561,0.799285714285713,0.14285714285714285,0.09698268620896938,20 to 24 years
3087,36936,0.842142857142856,0.5714285714285714,0.7994308249030564,20 to 24 years
3088,32763,0.799285714285713,0.14285714285714285,0.1798511545663939,20 to 24 years
3089,39940,0.8135714285714274,0.2857142857142857,0.8768260134276362,20 to 24 years
3090,33859,0.842142857142856,0.5714285714285714,0.35889190495712964,20 to 24 years
3091,30543,0.8707142857142846,0.8571428571428571,0.5138509504307871,20 to 24 years
3092,36441,0.8849999999999988,1.0,0.6175185086376317,20 to 24 years
3093,33771,0.799285714285713,0.14285714285714285,0.044366783138829025,20 to 24 years
3094,31172,0.8135714285714274,0.2857142857142857,0.6098647423653103,20 to 24 years
3095,39762,0.799285714285713,0.14285714285714285,0.4142282557321755,20 to 24 years
3096,37906,0.8135714285714274,0.2857142857142857,0.72937400908867,20 to 24 years
3097,30042,-0.17161860651428676,0.14285714285714285,0.024198778605587945,20 to 24 years
3098,38760,0.8135714285714274,0.2857142857142857,0.20627333720390928,20 to 24 years
3099,30369,0.8564285714285702,0.7142857142857142,0.21082827603887616,20 to 24 years
3100,32012,0.8564285714285702,0.7142857142857142,0.3051121011820341,20 to 24 years
3101,38591,0.8135714285714274,0.2857142857142857,0.7728998213759368,20 to 24 years
3102,38937,0.842142857142856,0.5714285714285714,0.633501619345671,20 to 24 years
3103,38683,0.8135714285714274,0.2857142857142857,0.8925046882185141,20 to 24 years
3104,38400,0.8849999999999988,1.0,0.7110371606718462,20 to 24 years
3105,39137,0.8278571428571416,0.42857142857142855,0.24509218641299813,20 to 24 years
3106,34873,0.8135714285714274,0.2857142857142857,0.44479507435466725,20 to 24 years
3107,31677,0.8135714285714274,0.2857142857142857,0.5404989295741717,20 to 24 years
3108,36391,0.799285714285713,0.14285714285714285,0.6521484195915647,20 to 24 years
3109,39464,0.8707142857142846,0.8571428571428571,0.27060641664971713,20 to 24 years
3110,37536,0.842142857142856,0.5714285714285714,0.5240423641802551,20 to 24 years
3111,39204,0.8849999999999988,1.0,0.5003092996742945,20 to 24 years
3112,30850,0.8849999999999988,1.0,0.8888388120039157,20 to 24 years
3113,39114,0.8278571428571416,0.42857142857142855,0.2666927000655579,20 to 24 years
3114,36204,0.799285714285713,0.14285714285714285,0.6158554099557628,20 to 24 years
3115,34829,0.8135714285714274,0.2857142857142857,0.7622364305617294,20 to 24 years
3116,38872,0.842142857142856,0.5714285714285714,0.21701893344181122,20 to 24 years
3117,32642,0.842142857142856,0.5714285714285714,0.9213915430047863,20 to 24 years
3118,30757,0.8707142857142846,0.8571428571428571,0.17608351350578855,20 to 24 years
3119,34859,0.799285714285713,0.14285714285714285,0.3806978515752595,20 to 24 years
3120,35866,0.842142857142856,0.5714285714285714,0.34121989816264886,20 to 24 years
3121,33700,0.799285714285713,0.14285714285714285,0.9419775331470508,20 to 24 years
3122,31132,0.8707142857142846,0.8571428571428571,0.5910532162937555,20 to 24 years
3123,38994,0.842142857142856,0.5714285714285714,0.4089656480021305,20 to 24 years
3124,39755,0.8135714285714274,0.2857142857142857,0.5638386069383363,20 to 24 years
3125,34899,0.842142857142856,0.5714285714285714,0.3249014524078888,20 to 24 years
3126,33713,0.8707142857142846,0.8571428571428571,0.9163749621038892,20 to 24 years
3127,35827,0.799285714285713,0.14285714285714285,0.6913854923348909,20 to 24 years
3128,38922,0.8278571428571416,0.42857142857142855,0.4312463966930643,20 to 24 years
3129,36953,0.8278571428571416,0.42857142857142855,0.4837839085643767,20 to 24 years
3130,38034,0.8278571428571416,0.42857142857142855,0.2361175641559366,20 to 24 years
3131,31121,0.8135714285714274,0.2857142857142857,0.9536163829202131,20 to 24 years
3132,32022,0.8135714285714274,0.2857142857142857,0.11532557882369382,20 to 24 years
3133,36612,0.799285714285713,0.14285714285714285,0.162541605011788,20 to 24 years
3134,35420,0.842142857142856,0.5714285714285714,0.9289288078814897,20 to 24 years
3135,38967,0.8135714285714274,0.2857142857142857,0.6383390410506914,20 to 24 years
3136,35407,0.799285714285713,0.14285714285714285,0.3741326313553427,20 to 24 years
3137,30255,0.8135714285714274,0.2857142857142857,0.9782829567444354,20 to 24 years
3138,31639,0.842142857142856,0.5714285714285714,0.1708431342867398,20 to 24 years
3139,34580,0.799285714285713,0.14285714285714285,0.5225829644676645,20 to 24 years
3140,31913,0.842142857142856,0.5714285714285714,0.2675882653499378,20 to 24 years
3141,31169,0.8278571428571416,0.42857142857142855,0.5156232366806541,20 to 24 years
3142,39493,0.842142857142856,0.5714285714285714,0.9019574938290056,20 to 24 years
3143,39813,0.8707142857142846,0.8571428571428571,0.016492605679639172,20 to 24 years
3144,36847,0.8707142857142846,0.8571428571428571,0.8479005570116138,20 to 24 years
3145,38031,0.8707142857142846,0.8571428571428571,0.6837530233811122,20 to 24 years
3146,33413,0.799285714285713,0.14285714285714285,0.37979559157430354,20 to 24 years
3147,30679,0.8849999999999988,1.0,0.36173506621804313,20 to 24 years
3148,36906,0.8707142857142846,0.8571428571428571,0.7472082229755852,20 to 24 years
3149,31530,0.799285714285713,0.14285714285714285,0.38115280952904523,20 to 24 years
3150,30628,0.8135714285714274,0.2857142857142857,0.43639003077244737,20 to 24 years
3151,30691,0.8135714285714274,0.2857142857142857,0.8820223851037885,20 to 24 years
3152,30689,0.842142857142856,0.5714285714285714,0.5619860668200408,20 to 24 years
3153,32697,0.8707142857142846,0.8571428571428571,0.7755033217849749,20 to 24 years
3154,33439,0.8564285714285702,0.7142857142857142,0.42554156258037446,20 to 24 years
3155,34264,0.8135714285714274,0.2857142857142857,0.3324492156807233,20 to 24 years
3156,30045,0.842142857142856,0.5714285714285714,0.9720218560158163,20 to 24 years
3157,34740,0.8564285714285702,0.7142857142857142,0.7004392214809776,20 to 24 years
3158,32046,0.8135714285714274,0.2857142857142857,0.6877532063453857,20 to 24 years
3159,39479,0.8278571428571416,0.42857142857142855,0.353331469761364,20 to 24 years
3160,38195,0.8564285714285702,0.7142857142857142,0.4910833557651623,20 to 24 years
3161,37578,0.842142857142856,0.5714285714285714,0.6665510738678142,20 to 24 years
3162,30111,0.799285714285713,0.14285714285714285,0.7652139499597286,20 to 24 years
3163,34517,0.8278571428571416,0.42857142857142855,0.8588027749899809,20 to 24 years
3164,38669,0.799285714285713,0.14285714285714285,0.48109731619985985,20 to 24 years
3165,36949,0.8278571428571416,0.42857142857142855,0.2961821649467651,20 to 24 years
3166,32938,0.8135714285714274,0.2857142857142857,0.5660323492256019,20 to 24 years
3167,33048,0.799285714285713,0.14285714285714285,0.3429653150585284,20 to 24 years
3168,35939,0.842142857142856,0.5714285714285714,0.360735855604647,20 to 24 years
3169,30490,0.8707142857142846,0.8571428571428571,0.16225715290327508,20 to 24 years
3170,39164,0.8135714285714274,0.2857142857142857,0.7179422834218878,20 to 24 years
3171,34860,0.8135714285714274,0.2857142857142857,0.44276952763248906,20 to 24 years
3172,38441,0.8135714285714274,0.2857142857142857,0.12482751731377822,20 to 24 years
3173,30323,0.8135714285714274,0.2857142857142857,0.7741194967575281,20 to 24 years
3174,34440,0.8135714285714274,0.2857142857142857,0.27908973850546276,20 to 24 years
3175,39868,0.799285714285713,0.14285714285714285,0.8916343374632882,20 to 24 years
3176,35754,0.8849999999999988,1.0,0.5079471461558528,20 to 24 years
3177,39416,0.8135714285714274,0.2857142857142857,0.48746471357503646,20 to 24 years
3178,33326,0.8135714285714274,0.2857142857142857,0.3369829994586143,20 to 24 years
3179,33424,0.8135714285714274,0.2857142857142857,0.5140045844473367,20 to 24 years
3180,39621,0.799285714285713,0.14285714285714285,0.1857067888693658,20 to 24 years
3181,37799,0.799285714285713,0.14285714285714285,0.3408687527751002,20 to 24 years
3182,36337,0.8849999999999988,1.0,0.14631166673414353,20 to 24 years
3183,36439,0.8135714285714274,0.2857142857142857,0.11139736526238336,20 to 24 years
3184,32089,0.842142857142856,0.5714285714285714,0.1294039725563928,20 to 24 years
3185,36222,0.8707142857142846,0.8571428571428571,0.7761826950012425,20 to 24 years
3186,32804,0.799285714285713,0.14285714285714285,0.8690551186451607,20 to 24 years
3187,38420,0.8135714285714274,0.2857142857142857,0.7531259669464079,20 to 24 years
3188,31634,0.8707142857142846,0.8571428571428571,0.7157183205384161,20 to 24 years
3189,33793,0.799285714285713,0.14285714285714285,0.1758837460953398,20 to 24 years
3190,33429,0.8135714285714274,0.2857142857142857,0.8489812514756103,20 to 24 years
3191,37160,0.8135714285714274,0.2857142857142857,0.05991696568824045,20 to 24 years
3192,32237,0.799285714285713,0.14285714285714285,0.5846762962815141,20 to 24 years
3193,34784,0.8135714285714274,0.2857142857142857,0.5266269358670952,20 to 24 years
3194,34819,0.8278571428571416,0.42857142857142855,0.19479724353181593,20 to 24 years
3195,37309,0.8135714285714274,0.2857142857142857,0.4815429747799804,20 to 24 years
3196,31228,0.842142857142856,0.5714285714285714,0.7629091357987033,20 to 24 years
3197,36876,0.8707142857142846,0.8571428571428571,0.2520287626893419,20 to 24 years
3198,32443,0.799285714285713,0.14285714285714285,0.990315285246671,20 to 24 years
3199,39034,0.799285714285713,0.14285714285714285,0.7998092160449533,20 to 24 years
3200,35829,0.8707142857142846,0.8571428571428571,0.7204810397135583,20 to 24 years
3201,36482,0.8707142857142846,0.8571428571428571,0.1073701498617528,20 to 24 years
3202,30471,0.8849999999999988,1.0,0.27380376672866064,20 to 24 years
3203,38864,0.799285714285713,0.14285714285714285,0.30113911872792365,20 to 24 years
3204,35804,0.8849999999999988,1.0,0.20045697454630879,20 to 24 years
3205,38090,0.842142857142856,0.5714285714285714,0.6882992392564253,20 to 24 years
3206,39346,0.8707142857142846,0.8571428571428571,0.970739425534547,20 to 24 years
3207,39821,0.8135714285714274,0.2857142857142857,0.8547375472786127,20 to 24 years
3208,34110,0.8849999999999988,1.0,0.9342905799343474,20 to 24 years
3209,31871,0.842142857142856,0.5714285714285714,0.36256047505222194,20 to 24 years
3210,39174,0.842142857142856,0.5714285714285714,0.9006349186320488,20 to 24 years
3211,32881,0.8564285714285702,0.7142857142857142,0.7124965027624703,20 to 24 years
3212,32439,0.8135714285714274,0.2857142857142857,0.508418334895427,20 to 24 years
3213,30942,0.8135714285714274,0.2857142857142857,0.5658028482099171,20 to 24 years
3214,34691,0.8278571428571416,0.42857142857142855,0.5372669729309437,20 to 24 years
3215,33084,0.8278571428571416,0.42857142857142855,0.2611401756792824,20 to 24 years
3216,34981,0.799285714285713,0.14285714285714285,0.6840848035398625,20 to 24 years
3217,33559,0.842142857142856,0.5714285714285714,0.5081990223400291,20 to 24 years
3218,32641,0.8135714285714274,0.2857142857142857,0.542552443377925,20 to 24 years
3219,31658,0.8278571428571416,0.42857142857142855,0.3263161273727513,20 to 24 years
3220,39095,0.8135714285714274,0.2857142857142857,0.3528995991120381,20 to 24 years
3221,31899,0.8135714285714274,0.2857142857142857,0.776552950025825,20 to 24 years
3222,33335,0.799285714285713,0.14285714285714285,0.9218146545013028,20 to 24 years
3223,39668,0.799285714285713,0.14285714285714285,0.918732313466188,20 to 24 years
3224,39833,0.842142857142856,0.5714285714285714,0.023877556136727263,20 to 24 years
3225,31463,0.8135714285714274,0.2857142857142857,0.19158711892720587,20 to 24 years
3226,30499,0.8707142857142846,0.8571428571428571,0.2662959013620825,20 to 24 years
3227,39510,0.8707142857142846,0.8571428571428571,0.7739643119314917,20 to 24 years
3228,35347,0.842142857142856,0.5714285714285714,0.17984043878267325,20 to 24 years
3229,35986,0.842142857142856,0.5714285714285714,0.6526359975590825,20 to 24 years
3230,35574,0.8849999999999988,1.0,0.35230542178856433,20 to 24 years
3231,33005,0.8849999999999988,1.0,0.7406357737561037,20 to 24 years
3232,33497,0.8135714285714274,0.2857142857142857,0.22218236132848007,20 to 24 years
3233,36383,0.8278571428571416,0.42857142857142855,0.7159479347328965,20 to 24 years
3234,35268,0.8849999999999988,1.0,0.9954581427516161,20 to 24 years
3235,38253,0.8278571428571416,0.42857142857142855,0.7813576607600868,20 to 24 years
3236,36486,0.799285714285713,0.14285714285714285,0.2573068839720914,20 to 24 years
3237,35479,0.8135714285714274,0.2857142857142857,0.18076317395253622,20 to 24 years
3238,35219,0.8849999999999988,1.0,0.18762296840490233,20 to 24 years
3239,36813,0.842142857142856,0.5714285714285714,0.8454358864437624,20 to 24 years
3240,31951,0.8278571428571416,0.42857142857142855,0.8892275712299376,20 to 24 years
3241,39867,0.799285714285713,0.14285714285714285,0.3225422667236061,20 to 24 years
3242,36062,0.842142857142856,0.5714285714285714,0.46449449190521364,20 to 24 years
3243,32051,0.799285714285713,0.14285714285714285,0.6324659869417674,20 to 24 years
3244,35533,0.799285714285713,0.14285714285714285,0.12029393193110732,20 to 24 years
3245,34906,0.8278571428571416,0.42857142857142855,0.1597724598338256,20 to 24 years
3246,36562,0.842142857142856,0.5714285714285714,0.6061203113766535,20 to 24 years
3247,34075,0.8135714285714274,0.2857142857142857,0.8539415166595787,20 to 24 years
3248,39000,0.8135714285714274,0.2857142857142857,0.6647299338888788,20 to 24 years
3249,37194,0.8278571428571416,0.42857142857142855,0.44184351463576493,20 to 24 years
3250,36884,0.8707142857142846,0.8571428571428571,0.7048009063815552,20 to 24 years
3251,39522,0.842142857142856,0.5714285714285714,0.7411667540959037,20 to 24 years
3252,32564,0.8135714285714274,0.2857142857142857,0.6235620740220394,20 to 24 years
3253,38005,0.799285714285713,0.14285714285714285,0.51210186080481,20 to 24 years
3254,32008,0.799285714285713,0.14285714285714285,0.32313399202965487,20 to 24 years
3255,37377,0.8564285714285702,0.7142857142857142,0.20688986846810375,20 to 24 years
3256,38761,0.842142857142856,0.5714285714285714,0.7874224185501368,20 to 24 years
3257,36630,0.8135714285714274,0.2857142857142857,0.5442371617129003,20 to 24 years
3258,35156,0.842142857142856,0.5714285714285714,0.802367206499789,20 to 24 years
3259,39021,0.8135714285714274,0.2857142857142857,0.19524528868146407,20 to 24 years
3260,39840,0.8707142857142846,0.8571428571428571,0.18232579295979207,20 to 24 years
3261,38244,0.8135714285714274,0.2857142857142857,0.7643544189613097,20 to 24 years
3262,35780,0.8278571428571416,0.42857142857142855,0.18565820827711066,20 to 24 years
3263,37587,0.8707142857142846,0.8571428571428571,0.7128289899458241,20 to 24 years
3264,39903,0.8707142857142846,0.8571428571428571,0.9943007979426217,20 to 24 years
3265,30284,0.8707142857142846,0.8571428571428571,0.8199478049484683,20 to 24 years
3266,37014,0.8135714285714274,0.2857142857142857,0.09551415636472166,20 to 24 years
3267,37478,0.8278571428571416,0.42857142857142855,0.9144343531519179,20 to 24 years
3268,34949,0.8135714285714274,0.2857142857142857,0.8395278639348149,20 to 24 years
3269,39456,0.799285714285713,0.14285714285714285,0.6502551850222784,20 to 24 years
3270,37743,0.8135714285714274,0.2857142857142857,0.07487677448814195,20 to 24 years
3271,34279,0.8707142857142846,0.8571428571428571,0.5841643374565575,20 to 24 years
3272,37843,0.842142857142856,0.5714285714285714,0.47426712234228174,20 to 24 years
3273,31009,0.8707142857142846,0.8571428571428571,0.3370751272503456,20 to 24 years
3274,31014,0.8707142857142846,0.8571428571428571,0.7538646439003776,20 to 24 years
3275,37337,0.842142857142856,0.5714285714285714,0.6308298357348434,20 to 24 years
3276,36118,0.842142857142856,0.5714285714285714,0.5870057746844153,20 to 24 years
3277,37796,0.842142857142856,0.5714285714285714,0.04536340391385291,20 to 24 years
3278,31708,0.8849999999999988,1.0,0.24383895954629597,20 to 24 years
3279,31718,0.799285714285713,0.14285714285714285,0.33497454111616537,20 to 24 years
3280,36232,0.8278571428571416,0.42857142857142855,0.3687095068427911,20 to 24 years
3281,33680,0.8278571428571416,0.42857142857142855,0.3005869511452284,20 to 24 years
3282,38264,0.8707142857142846,0.8571428571428571,0.16571465806576174,20 to 24 years
3283,31364,0.8849999999999988,1.0,0.5696107558888631,20 to 24 years
3284,39313,0.8564285714285702,0.7142857142857142,0.2242829195370749,20 to 24 years
3285,36757,0.8135714285714274,0.2857142857142857,0.7287096620665761,20 to 24 years
3286,31073,0.8135714285714274,0.2857142857142857,0.7840822101718626,20 to 24 years
3287,35129,0.8564285714285702,0.7142857142857142,0.10648549629214704,20 to 24 years
3288,39788,0.842142857142856,0.5714285714285714,0.22321540146671054,20 to 24 years
3289,36161,0.8707142857142846,0.8571428571428571,0.5239258340124425,20 to 24 years
3290,37504,0.842142857142856,0.5714285714285714,0.8300554876960344,20 to 24 years
3291,38016,0.8849999999999988,1.0,0.6396173730589584,20 to 24 years
3292,32387,0.8849999999999988,1.0,0.5792036640662686,20 to 24 years
3293,35241,0.8135714285714274,0.2857142857142857,0.7992773238540809,20 to 24 years
3294,34240,0.8707142857142846,0.8571428571428571,0.5351827485958056,20 to 24 years
3295,39329,0.8278571428571416,0.42857142857142855,0.14803875044741832,20 to 24 years
3296,30907,0.8278571428571416,0.42857142857142855,0.9674521844238435,20 to 24 years
3297,31977,0.8707142857142846,0.8571428571428571,0.5508902137100661,20 to 24 years
3298,35162,0.8707142857142846,0.8571428571428571,0.9390432981555525,20 to 24 years
3299,35123,0.8278571428571416,0.42857142857142855,0.04753183272059014,20 to 24 years
3300,35914,0.842142857142856,0.5714285714285714,0.2324979782963255,20 to 24 years
3301,31016,0.799285714285713,0.14285714285714285,0.5800573002189247,20 to 24 years
3302,36171,0.842142857142856,0.5714285714285714,0.12855374352224308,20 to 24 years
3303,33099,0.799285714285713,0.14285714285714285,0.39564736962391356,20 to 24 years
3304,34465,0.799285714285713,0.14285714285714285,0.11135965569088718,20 to 24 years
3305,33721,0.799285714285713,0.14285714285714285,0.1858724236067601,20 to 24 years
3306,37676,0.8278571428571416,0.42857142857142855,0.4498536270557697,20 to 24 years
3307,32825,0.8849999999999988,1.0,0.7089517573237637,20 to 24 years
3308,34400,0.842142857142856,0.5714285714285714,0.6123854764142583,20 to 24 years
3309,36538,0.799285714285713,0.14285714285714285,0.6001093471083586,20 to 24 years
3310,37252,0.799285714285713,0.14285714285714285,0.8373296149063107,20 to 24 years
3311,37722,0.8135714285714274,0.2857142857142857,0.09599291992473191,20 to 24 years
3312,32903,0.842142857142856,0.5714285714285714,0.36486502214042704,20 to 24 years
3313,38815,0.842142857142856,0.5714285714285714,0.769069576068736,20 to 24 years
3314,36517,0.8135714285714274,0.2857142857142857,0.7381925386321113,20 to 24 years
3315,31475,0.8707142857142846,0.8571428571428571,0.0994278200509166,20 to 24 years
3316,33973,0.8707142857142846,0.8571428571428571,0.7950991577652691,20 to 24 years
3317,30659,0.8135714285714274,0.2857142857142857,0.06388539477069899,20 to 24 years
3318,39682,0.842142857142856,0.5714285714285714,0.15434383233407123,20 to 24 years
3319,35536,0.8278571428571416,0.42857142857142855,0.6714364174543428,20 to 24 years
3320,33607,0.8564285714285702,0.7142857142857142,0.21490634537002795,20 to 24 years
3321,37716,0.842142857142856,0.5714285714285714,0.33408767490183394,20 to 24 years
3322,39751,0.842142857142856,0.5714285714285714,0.8194886047315296,20 to 24 years
3323,37078,0.8135714285714274,0.2857142857142857,0.43661135682416086,20 to 24 years
3324,30655,0.8135714285714274,0.2857142857142857,0.24602225605236794,20 to 24 years
3325,32594,0.8135714285714274,0.2857142857142857,0.33872860075285927,20 to 24 years
3326,36951,0.8849999999999988,1.0,0.2974008554146885,20 to 24 years
3327,38838,0.799285714285713,0.14285714285714285,0.5012271925906123,20 to 24 years
3328,38221,0.8707142857142846,0.8571428571428571,0.7413763008716383,20 to 24 years
3329,36019,0.0,0.2857142857142857,0.2742176815784885,20 to 24 years
3330,39012,0.8278571428571416,0.42857142857142855,0.5493393335188114,20 to 24 years
3331,38151,0.8278571428571416,0.42857142857142855,0.9116167843349343,20 to 24 years
3332,33913,0.8278571428571416,0.42857142857142855,0.6459732772691149,20 to 24 years
3333,38324,0.799285714285713,0.14285714285714285,0.7864005665067302,20 to 24 years
3334,38729,0.842142857142856,0.5714285714285714,0.7563900581687948,20 to 24 years
3335,34995,0.8135714285714274,0.2857142857142857,0.7921328618745249,20 to 24 years
3336,30357,0.8135714285714274,0.2857142857142857,0.6867842420195929,20 to 24 years
3337,33548,0.799285714285713,0.14285714285714285,0.9177683487096995,20 to 24 years
3338,39450,0.842142857142856,0.5714285714285714,0.25535347683712967,20 to 24 years
3339,30496,0.799285714285713,0.14285714285714285,0.21974149332699844,20 to 24 years
3340,34268,0.8707142857142846,0.8571428571428571,0.6533408792709852,20 to 24 years
3341,38525,0.842142857142856,0.5714285714285714,0.22742752597193922,20 to 24 years
3342,33902,0.8135714285714274,0.2857142857142857,0.06696471578329616,20 to 24 years
3343,31525,0.8135714285714274,0.2857142857142857,0.9308215794044479,20 to 24 years
3344,35477,0.8278571428571416,0.42857142857142855,0.461048821274125,20 to 24 years
3345,32826,0.8707142857142846,0.8571428571428571,0.08501353474149825,20 to 24 years
3346,31465,0.8707142857142846,0.8571428571428571,0.9328380121967188,20 to 24 years
3347,31635,0.8707142857142846,0.8571428571428571,0.8656973220332753,20 to 24 years
3348,33345,0.842142857142856,0.5714285714285714,0.34466378987617863,20 to 24 years
3349,35074,0.842142857142856,0.5714285714285714,0.8049563711567114,20 to 24 years
3350,30805,0.8135714285714274,0.2857142857142857,0.2186332926363676,20 to 24 years
3351,34480,0.8707142857142846,0.8571428571428571,0.7845002051446601,20 to 24 years
3352,36806,0.8278571428571416,0.42857142857142855,0.7992450204356805,20 to 24 years
3353,31389,0.8135714285714274,0.2857142857142857,0.3167976302385349,20 to 24 years
3354,32132,0.8278571428571416,0.42857142857142855,0.7387507776127602,20 to 24 years
3355,39308,0.8135714285714274,0.2857142857142857,0.6606197791788686,20 to 24 years
3356,34388,0.842142857142856,0.5714285714285714,0.4384130407731668,20 to 24 years
3357,37088,0.8564285714285702,0.7142857142857142,0.49138964540565755,20 to 24 years
3358,30058,0.8849999999999988,1.0,0.7421851355372953,20 to 24 years
3359,34735,0.8135714285714274,0.2857142857142857,0.7496850525039227,20 to 24 years
3360,39205,0.8135714285714274,0.2857142857142857,0.5480359146349685,20 to 24 years
3361,32823,0.8849999999999988,1.0,0.590438136153987,20 to 24 years
3362,31208,0.8135714285714274,0.2857142857142857,0.8994157607371515,20 to 24 years
3363,35034,0.8849999999999988,1.0,0.9843264131726353,20 to 24 years
3364,35989,0.799285714285713,0.14285714285714285,0.232964245133588,20 to 24 years
3365,37615,0.8564285714285702,0.7142857142857142,0.4297376695732615,20 to 24 years
3366,37291,0.8564285714285702,0.7142857142857142,0.6485951373917531,20 to 24 years
3367,32429,0.8707142857142846,0.8571428571428571,0.5846624023972201,20 to 24 years
3368,32500,0.8707142857142846,0.8571428571428571,0.4982681383820212,20 to 24 years
3369,31690,0.8849999999999988,1.0,0.7270306493510562,20 to 24 years
3370,34571,0.8849999999999988,1.0,0.5224203384848146,20 to 24 years
3371,32085,0.8135714285714274,0.2857142857142857,0.9081876645367584,20 to 24 years
3372,38588,0.799285714285713,0.14285714285714285,0.4351856866502205,20 to 24 years
3373,37808,0.8135714285714274,0.2857142857142857,0.41630067903795487,20 to 24 years
3374,32270,0.8278571428571416,0.42857142857142855,0.8387394535223686,20 to 24 years
3375,38154,0.799285714285713,0.14285714285714285,0.19779807815836337,20 to 24 years
3376,32442,0.8849999999999988,1.0,0.6028979525593928,20 to 24 years
3377,39250,0.842142857142856,0.5714285714285714,0.2508201501757211,20 to 24 years
3378,37998,0.8135714285714274,0.2857142857142857,0.5621679567634459,20 to 24 years
3379,36015,0.8135714285714274,0.2857142857142857,0.38320615826080107,20 to 24 years
3380,38744,0.799285714285713,0.14285714285714285,0.8754998009696701,20 to 24 years
3381,39407,0.8135714285714274,0.2857142857142857,0.35622165016817375,20 to 24 years
3382,30692,0.799285714285713,0.14285714285714285,0.8810678358119655,20 to 24 years
3383,38536,0.842142857142856,0.5714285714285714,0.3707187112167022,20 to 24 years
3384,36164,0.8278571428571416,0.42857142857142855,0.6312769132891912,20 to 24 years
3385,30228,0.8564285714285702,0.7142857142857142,0.6258245477916782,20 to 24 years
3386,31693,0.799285714285713,0.14285714285714285,0.3887844312726554,20 to 24 years
3387,33384,0.8135714285714274,0.2857142857142857,0.15327389227187999,20 to 24 years
3388,39822,0.799285714285713,0.14285714285714285,0.18825813675744368,20 to 24 years
3389,35733,0.8564285714285702,0.7142857142857142,0.9702638793646081,20 to 24 years
3390,35057,0.842142857142856,0.5714285714285714,0.830925100056943,20 to 24 years
3391,35386,0.8135714285714274,0.2857142857142857,0.9385109172127147,20 to 24 years
3392,39694,0.8849999999999988,1.0,0.3298679417596019,20 to 24 years
3393,35985,0.8135714285714274,0.2857142857142857,0.16937343832083196,20 to 24 years
3394,37149,0.8707142857142846,0.8571428571428571,0.7749045992495764,20 to 24 years
3395,36629,0.8707142857142846,0.8571428571428571,0.571652380058815,20 to 24 years
3396,36633,0.8707142857142846,0.8571428571428571,0.8404233685141749,20 to 24 years
3397,39570,0.8135714285714274,0.2857142857142857,0.9031514351973482,20 to 24 years
3398,32722,0.842142857142856,0.5714285714285714,0.42661572271130893,20 to 24 years
3399,36208,0.8135714285714274,0.2857142857142857,0.7331287715137451,20 to 24 years
3400,36823,0.842142857142856,0.5714285714285714,0.1831985468098843,20 to 24 years
3401,37425,0.799285714285713,0.14285714285714285,0.5713358507532657,20 to 24 years
3402,32259,0.8849999999999988,1.0,0.33810351052855214,20 to 24 years
3403,35240,0.8849999999999988,1.0,0.5267850488578153,20 to 24 years
3404,32866,0.842142857142856,0.5714285714285714,0.6040303098809688,20 to 24 years
3405,33823,0.8135714285714274,0.2857142857142857,0.9235935466882298,20 to 24 years
3406,30484,0.842142857142856,0.5714285714285714,0.07627036970365442,20 to 24 years
3407,32730,0.8135714285714274,0.2857142857142857,0.7410905410003756,20 to 24 years
3408,34012,0.8135714285714274,0.2857142857142857,0.3169228919460859,20 to 24 years
3409,35446,0.8564285714285702,0.7142857142857142,0.3242056751274834,20 to 24 years
3410,32761,0.8707142857142846,0.8571428571428571,0.7566518519668848,20 to 24 years
3411,31986,0.8278571428571416,0.42857142857142855,0.4074244804868473,20 to 24 years
3412,32775,0.8849999999999988,1.0,0.25091072717772006,20 to 24 years
3413,32648,0.8707142857142846,0.8571428571428571,0.23172610103393565,20 to 24 years
3414,35958,0.842142857142856,0.5714285714285714,0.2785688268911777,20 to 24 years
3415,38538,0.842142857142856,0.5714285714285714,0.9699643951014147,20 to 24 years
3416,37487,0.799285714285713,0.14285714285714285,0.6322973146132412,20 to 24 years
3417,34383,0.8278571428571416,0.42857142857142855,0.04087759348052783,20 to 24 years
3418,35766,0.799285714285713,0.14285714285714285,0.21953165832567745,20 to 24 years
3419,34666,0.8135714285714274,0.2857142857142857,0.4256204313494124,20 to 24 years
3420,36431,0.842142857142856,0.5714285714285714,0.33033398537090075,20 to 24 years
3421,38506,0.8849999999999988,1.0,0.8565542447553969,20 to 24 years
3422,30223,0.842142857142856,0.5714285714285714,0.35841261009561687,20 to 24 years
3423,36465,0.8849999999999988,1.0,0.7028867078508836,20 to 24 years
3424,39566,0.799285714285713,0.14285714285714285,0.5945561089915901,20 to 24 years
3425,30528,0.8278571428571416,0.42857142857142855,0.987494529043882,20 to 24 years
3426,30492,0.8135714285714274,0.2857142857142857,0.21410516737731888,20 to 24 years
3427,32222,0.8135714285714274,0.2857142857142857,0.7981550516639899,20 to 24 years
3428,36717,0.8707142857142846,0.8571428571428571,0.5868886868273687,20 to 24 years
3429,36336,0.842142857142856,0.5714285714285714,0.08361365673119825,20 to 24 years
3430,35864,0.842142857142856,0.5714285714285714,0.996392039566156,20 to 24 years
3431,35195,0.8849999999999988,1.0,0.22477014492865854,20 to 24 years
3432,32550,0.842142857142856,0.5714285714285714,0.40379408961535695,20 to 24 years
3433,34858,0.8135714285714274,0.2857142857142857,0.5617785895648725,20 to 24 years
3434,39298,0.799285714285713,0.14285714285714285,0.6144514669760087,20 to 24 years
3435,37554,0.799285714285713,0.14285714285714285,0.846250013218089,20 to 24 years
3436,35783,0.842142857142856,0.5714285714285714,0.28512239288805336,20 to 24 years
3437,30064,-0.0633358217142867,0.14285714285714285,0.193112899369003,20 to 24 years
3438,39057,0.842142857142856,0.5714285714285714,0.7913627005056929,20 to 24 years
3439,38857,0.8278571428571416,0.42857142857142855,0.691206698763195,20 to 24 years
3440,34749,0.842142857142856,0.5714285714285714,0.24252416613766103,20 to 24 years
3441,33980,0.8278571428571416,0.42857142857142855,0.005619559744232339,20 to 24 years
3442,35379,0.8135714285714274,0.2857142857142857,0.07822699656822935,20 to 24 years
3443,35552,0.8707142857142846,0.8571428571428571,0.6037559748364794,20 to 24 years
3444,30276,0.8707142857142846,0.8571428571428571,0.40807541383178875,20 to 24 years
3445,38557,0.8707142857142846,0.8571428571428571,0.14420717115463283,20 to 24 years
3446,35908,0.8849999999999988,1.0,0.8568750719678864,20 to 24 years
3447,32069,0.8135714285714274,0.2857142857142857,0.763150303406809,20 to 24 years
3448,33802,0.0,0.42857142857142855,0.39410508103251873,20 to 24 years
3449,31974,0.8707142857142846,0.8571428571428571,0.7573035471848464,20 to 24 years
3450,31163,0.8135714285714274,0.2857142857142857,0.7455415362558103,20 to 24 years
3451,34751,0.842142857142856,0.5714285714285714,0.033839438508598385,20 to 24 years
3452,38647,0.799285714285713,0.14285714285714285,0.17872530376051154,20 to 24 years
3453,38574,0.8135714285714274,0.2857142857142857,0.39967881170515795,20 to 24 years
3454,31128,0.8135714285714274,0.2857142857142857,0.6213817493893794,20 to 24 years
3455,38955,0.842142857142856,0.5714285714285714,0.6055874694310683,20 to 24 years
3456,34988,0.8135714285714274,0.2857142857142857,0.5552502441538886,20 to 24 years
3457,33343,0.799285714285713,0.14285714285714285,0.9511794632460517,20 to 24 years
3458,35233,0.8707142857142846,0.8571428571428571,0.44400019203538654,20 to 24 years
3459,37658,0.8135714285714274,0.2857142857142857,0.16995896414719613,20 to 24 years
3460,30652,0.8707142857142846,0.8571428571428571,0.7817450329178978,20 to 24 years
3461,34368,0.8135714285714274,0.2857142857142857,0.9619364757660667,20 to 24 years
3462,31245,0.799285714285713,0.14285714285714285,0.08477082754090215,20 to 24 years
3463,39643,0.8135714285714274,0.2857142857142857,0.8815566519957851,20 to 24 years
3464,33751,0.8135714285714274,0.2857142857142857,0.5517567513556463,20 to 24 years
3465,37259,0.8707142857142846,0.8571428571428571,0.7941159997916236,20 to 24 years
3466,36109,0.799285714285713,0.14285714285714285,0.2058645659028001,20 to 24 years
3467,37120,0.8707142857142846,0.8571428571428571,0.3108287841443595,20 to 24 years
3468,32817,0.8707142857142846,0.8571428571428571,0.581827118230203,20 to 24 years
3469,34042,0.842142857142856,0.5714285714285714,0.8893042758502204,20 to 24 years
3470,38056,0.842142857142856,0.5714285714285714,0.1021737404710728,20 to 24 years
3471,39965,0.842142857142856,0.5714285714285714,0.20010928779605192,20 to 24 years
3472,37969,0.8278571428571416,0.42857142857142855,0.9608861623473861,20 to 24 years
3473,35855,0.799285714285713,0.14285714285714285,0.9887954295339065,20 to 24 years
3474,32148,0.8135714285714274,0.2857142857142857,0.6342783720700264,20 to 24 years
3475,36365,0.8707142857142846,0.8571428571428571,0.62402121708705,20 to 24 years
3476,35385,0.8135714285714274,0.2857142857142857,0.43276510789847683,20 to 24 years
3477,34218,0.799285714285713,0.14285714285714285,0.4321076572344618,20 to 24 years
3478,33062,0.8849999999999988,1.0,0.46051687335049935,20 to 24 years
3479,36732,0.842142857142856,0.5714285714285714,0.6246591872048536,20 to 24 years
3480,33482,0.842142857142856,0.5714285714285714,0.5240978273607059,20 to 24 years
3481,36986,0.8278571428571416,0.42857142857142855,0.7352468863738011,20 to 24 years
3482,37927,0.8278571428571416,0.42857142857142855,0.23875625590848826,20 to 24 years
3483,36811,0.842142857142856,0.5714285714285714,0.43032650767245273,20 to 24 years
3484,38733,0.842142857142856,0.5714285714285714,0.786401726900184,20 to 24 years
3485,38206,0.8135714285714274,0.2857142857142857,0.7909913270917435,20 to 24 years
3486,30100,0.8278571428571416,0.42857142857142855,0.12002931603041778,20 to 24 years
3487,30736,0.8278571428571416,0.42857142857142855,0.3159006192642194,20 to 24 years
3488,33501,0.8135714285714274,0.2857142857142857,0.17025415858751697,20 to 24 years
3489,33376,0.799285714285713,0.14285714285714285,0.09671967174474927,20 to 24 years
3490,32865,0.8707142857142846,0.8571428571428571,0.7824252644509835,20 to 24 years
3491,38277,0.8135714285714274,0.2857142857142857,0.9981402879380583,20 to 24 years
3492,30212,0.8707142857142846,0.8571428571428571,0.5856460390037765,20 to 24 years
3493,39015,0.842142857142856,0.5714285714285714,0.5541722727262463,20 to 24 years
3494,30279,0.8278571428571416,0.42857142857142855,0.2333029016467872,20 to 24 years
3495,34573,0.842142857142856,0.5714285714285714,0.7570968854850033,20 to 24 years
3496,37077,0.8278571428571416,0.42857142857142855,0.717882076349592,20 to 24 years
3497,36037,0.8278571428571416,0.42857142857142855,0.8527126227219234,20 to 24 years
3498,35207,0.7905714285714271,0.2857142857142857,0.8602628794993492,25 to 29 years
3499,30486,0.7762857142857128,0.14285714285714285,0.5334380448954779,25 to 29 years
3500,31045,0.7762857142857128,0.14285714285714285,0.9995984140861458,25 to 29 years
3501,32698,0.8048571428571414,0.42857142857142855,0.8799815027492186,25 to 29 years
3502,35524,0.8191428571428557,0.5714285714285714,0.5898164257914471,25 to 29 years
3503,33621,0.8191428571428557,0.5714285714285714,0.9197473076330891,25 to 29 years
3504,37400,0.8191428571428557,0.5714285714285714,0.7536883440242685,25 to 29 years
3505,33510,0.8191428571428557,0.5714285714285714,0.6960423964664142,25 to 29 years
3506,35447,0.8191428571428557,0.5714285714285714,0.43566340385123364,25 to 29 years
3507,38654,0.8477142857142843,0.8571428571428571,0.647864832225513,25 to 29 years
3508,36542,0.7905714285714271,0.2857142857142857,0.39747072526952065,25 to 29 years
3509,34930,0.7905714285714271,0.2857142857142857,0.7955497272374101,25 to 29 years
3510,34125,0.7905714285714271,0.2857142857142857,0.7186012432422683,25 to 29 years
3511,37614,0.7762857142857128,0.14285714285714285,0.9498039207963517,25 to 29 years
3512,36815,0.8191428571428557,0.5714285714285714,0.7806685041616999,25 to 29 years
3513,33207,0.7762857142857128,0.14285714285714285,0.13541326383760716,25 to 29 years
3514,33570,0.8477142857142843,0.8571428571428571,0.3996448928900236,25 to 29 years
3515,31101,0.7905714285714271,0.2857142857142857,0.34482941022470437,25 to 29 years
3516,33665,0.7762857142857128,0.14285714285714285,0.003465067959296908,25 to 29 years
3517,33168,0.7905714285714271,0.2857142857142857,0.690459383965777,25 to 29 years
3518,37350,0.7762857142857128,0.14285714285714285,0.4403539980769731,25 to 29 years
3519,33783,0.8477142857142843,0.8571428571428571,0.12753898635845634,25 to 29 years
3520,33012,0.8048571428571414,0.42857142857142855,0.2072910761127979,25 to 29 years
3521,37699,0.7905714285714271,0.2857142857142857,0.43685628250879466,25 to 29 years
3522,39909,0.7905714285714271,0.2857142857142857,0.2916674226397028,25 to 29 years
3523,36243,0.8191428571428557,0.5714285714285714,0.4814050382593325,25 to 29 years
3524,36961,0.7905714285714271,0.2857142857142857,0.42713765172159734,25 to 29 years
3525,37980,0.7905714285714271,0.2857142857142857,0.019820044915741852,25 to 29 years
3526,37945,0.7905714285714271,0.2857142857142857,0.10762968960207686,25 to 29 years
3527,32461,0.8477142857142843,0.8571428571428571,0.041688590210653076,25 to 29 years
3528,34188,0.8048571428571414,0.42857142857142855,0.5818715866012983,25 to 29 years
3529,37348,0.7762857142857128,0.14285714285714285,0.9048027816233342,25 to 29 years
3530,32478,0.8048571428571414,0.42857142857142855,0.9245418603672404,25 to 29 years
3531,36936,0.8191428571428557,0.5714285714285714,0.7994308249030564,25 to 29 years
3532,37663,0.8477142857142843,0.8571428571428571,0.2834539327972451,25 to 29 years
3533,35132,0.8619999999999985,1.0,0.9326749095970317,25 to 29 years
3534,37010,0.8477142857142843,0.8571428571428571,0.2654869244366377,25 to 29 years
3535,35711,0.7905714285714271,0.2857142857142857,0.9731869246602898,25 to 29 years
3536,37424,0.8619999999999985,1.0,0.4137642278245927,25 to 29 years
3537,36693,0.8619999999999985,1.0,0.3123122023581192,25 to 29 years
3538,33598,0.8477142857142843,0.8571428571428571,0.46924724406826435,25 to 29 years
3539,33721,0.7762857142857128,0.14285714285714285,0.1858724236067601,25 to 29 years
3540,32581,0.7905714285714271,0.2857142857142857,0.8972832103766984,25 to 29 years
3541,33068,0.8048571428571414,0.42857142857142855,0.2131126018187734,25 to 29 years
3542,34649,0.8191428571428557,0.5714285714285714,0.5207471607179007,25 to 29 years
3543,31818,0.7762857142857128,0.14285714285714285,0.1614086231948641,25 to 29 years
3544,31628,0.7905714285714271,0.2857142857142857,0.9378999669485222,25 to 29 years
3545,38085,0.7905714285714271,0.2857142857142857,0.6358572412326031,25 to 29 years
3546,37177,0.7905714285714271,0.2857142857142857,0.05071343847199056,25 to 29 years
3547,30585,0.8191428571428557,0.5714285714285714,0.5930849414044918,25 to 29 years
3548,30544,0.8477142857142843,0.8571428571428571,0.5420745821087128,25 to 29 years
3549,35715,0.8477142857142843,0.8571428571428571,0.3173095222138038,25 to 29 years
3550,38183,0.7905714285714271,0.2857142857142857,0.5717562182546556,25 to 29 years
3551,35058,0.8048571428571414,0.42857142857142855,0.43647751697310067,25 to 29 years
3552,36103,0.8191428571428557,0.5714285714285714,0.6919866099308127,25 to 29 years
3553,32876,0.8477142857142843,0.8571428571428571,0.09670016081498573,25 to 29 years
3554,36443,0.8191428571428557,0.5714285714285714,0.0889296580208333,25 to 29 years
3555,33967,0.7905714285714271,0.2857142857142857,0.5223672555268951,25 to 29 years
3556,32880,0.8048571428571414,0.42857142857142855,0.10618040371808518,25 to 29 years
3557,32021,0.8191428571428557,0.5714285714285714,0.5207871058399296,25 to 29 years
3558,32794,0.7762857142857128,0.14285714285714285,0.5208396983455588,25 to 29 years
3559,39887,0.83342857142857,0.7142857142857142,0.31515181167584216,25 to 29 years
3560,31331,0.8619999999999985,1.0,0.37460675928229237,25 to 29 years
3561,31819,0.7905714285714271,0.2857142857142857,0.99452535272779,25 to 29 years
3562,35303,0.8048571428571414,0.42857142857142855,0.7517061039520824,25 to 29 years
3563,34738,0.7905714285714271,0.2857142857142857,0.5966822580156573,25 to 29 years
3564,37442,0.8619999999999985,1.0,0.7145222816685035,25 to 29 years
3565,30763,0.8477142857142843,0.8571428571428571,0.2545070657078947,25 to 29 years
3566,37313,0.7905714285714271,0.2857142857142857,0.08498197351487069,25 to 29 years
3567,30845,0.7905714285714271,0.2857142857142857,0.013976983083230476,25 to 29 years
3568,33685,0.8191428571428557,0.5714285714285714,0.776164823232187,25 to 29 years
3569,38221,0.8477142857142843,0.8571428571428571,0.7413763008716383,25 to 29 years
3570,33664,0.7905714285714271,0.2857142857142857,0.9214162591996218,25 to 29 years
3571,34392,0.8048571428571414,0.42857142857142855,0.9823185137494461,25 to 29 years
3572,32002,-0.07383653571428692,0.14285714285714285,0.42316680832739123,25 to 29 years
3573,36252,0.8477142857142843,0.8571428571428571,0.830228000372464,25 to 29 years
3574,37389,0.8477142857142843,0.8571428571428571,0.7674089304784979,25 to 29 years
3575,35999,0.8191428571428557,0.5714285714285714,0.3586312815570912,25 to 29 years
3576,34052,0.8048571428571414,0.42857142857142855,0.5682363820070427,25 to 29 years
3577,36133,0.8048571428571414,0.42857142857142855,0.5739205896804309,25 to 29 years
3578,39812,0.7762857142857128,0.14285714285714285,0.2517277663329216,25 to 29 years
3579,31347,0.8619999999999985,1.0,0.34371513250935637,25 to 29 years
3580,33863,0.8191428571428557,0.5714285714285714,0.7729533438683545,25 to 29 years
3581,35075,0.8048571428571414,0.42857142857142855,0.10819524570914985,25 to 29 years
3582,36967,0.7762857142857128,0.14285714285714285,0.4662676259418474,25 to 29 years
3583,35437,0.7905714285714271,0.2857142857142857,0.12498151546418551,25 to 29 years
3584,31218,0.8477142857142843,0.8571428571428571,0.45687405415567095,25 to 29 years
3585,39346,0.8477142857142843,0.8571428571428571,0.970739425534547,25 to 29 years
3586,31840,0.8048571428571414,0.42857142857142855,0.3140275029927506,25 to 29 years
3587,37900,0.8191428571428557,0.5714285714285714,0.10233916299979162,25 to 29 years
3588,35003,0.7905714285714271,0.2857142857142857,0.1602317634624944,25 to 29 years
3589,36985,0.8191428571428557,0.5714285714285714,0.1555912465946081,25 to 29 years
3590,35377,0.7762857142857128,0.14285714285714285,0.7447312588129296,25 to 29 years
3591,36935,0.7905714285714271,0.2857142857142857,0.7503671881713878,25 to 29 years
3592,32639,0.7762857142857128,0.14285714285714285,0.7128906413969944,25 to 29 years
3593,30136,0.7905714285714271,0.2857142857142857,0.7522231164271652,25 to 29 years
3594,33062,0.8619999999999985,1.0,0.46051687335049935,25 to 29 years
3595,31622,0.7905714285714271,0.2857142857142857,0.7893503990505275,25 to 29 years
3596,31459,0.8191428571428557,0.5714285714285714,0.016850699976597272,25 to 29 years
3597,37714,0.8048571428571414,0.42857142857142855,0.638961486002976,25 to 29 years
3598,31814,0.7762857142857128,0.14285714285714285,0.6384539010670701,25 to 29 years
3599,38417,0.8477142857142843,0.8571428571428571,0.7795166448543431,25 to 29 years
3600,39595,0.7905714285714271,0.2857142857142857,0.8152330011468825,25 to 29 years
3601,38977,0.8191428571428557,0.5714285714285714,0.6139184674781818,25 to 29 years
3602,30802,0.8191428571428557,0.5714285714285714,0.8351006009479451,25 to 29 years
3603,37891,0.83342857142857,0.7142857142857142,0.44878089623880574,25 to 29 years
3604,37497,0.0,0.8571428571428571,0.05629732181292885,25 to 29 years
3605,34627,0.8191428571428557,0.5714285714285714,0.3518099822622387,25 to 29 years
3606,35747,0.8048571428571414,0.42857142857142855,0.4195964899807161,25 to 29 years
3607,32035,0.7905714285714271,0.2857142857142857,0.998749978962061,25 to 29 years
3608,38242,0.8048571428571414,0.42857142857142855,0.4040190074706227,25 to 29 years
3609,34315,0.8191428571428557,0.5714285714285714,0.46027829393208375,25 to 29 years
3610,32833,0.7762857142857128,0.14285714285714285,0.5089343304917464,25 to 29 years
3611,36974,0.7905714285714271,0.2857142857142857,0.622832602956331,25 to 29 years
3612,38382,0.8191428571428557,0.5714285714285714,0.3351755753758477,25 to 29 years
3613,36944,0.8477142857142843,0.8571428571428571,0.3575379381553078,25 to 29 years
3614,36232,0.8048571428571414,0.42857142857142855,0.3687095068427911,25 to 29 years
3615,31732,0.8619999999999985,1.0,0.12455012867455162,25 to 29 years
3616,36717,0.8477142857142843,0.8571428571428571,0.5868886868273687,25 to 29 years
3617,33393,0.7762857142857128,0.14285714285714285,0.8098296164408891,25 to 29 years
3618,36028,0.8048571428571414,0.42857142857142855,0.05616620479605561,25 to 29 years
3619,34501,0.8191428571428557,0.5714285714285714,0.4468621723939887,25 to 29 years
3620,36466,0.7905714285714271,0.2857142857142857,0.2115112242067746,25 to 29 years
3621,37460,0.7905714285714271,0.2857142857142857,0.8186387681866538,25 to 29 years
3622,36328,0.8191428571428557,0.5714285714285714,0.8138481797929111,25 to 29 years
3623,33051,0.83342857142857,0.7142857142857142,0.5890140691885218,25 to 29 years
3624,37043,0.8477142857142843,0.8571428571428571,0.738556489907861,25 to 29 years
3625,30854,0.7762857142857128,0.14285714285714285,0.5134931592285288,25 to 29 years
3626,39062,0.7762857142857128,0.14285714285714285,0.9549698192773368,25 to 29 years
3627,35119,0.7762857142857128,0.14285714285714285,0.9937130303469552,25 to 29 years
3628,32777,0.8191428571428557,0.5714285714285714,0.37276653378375,25 to 29 years
3629,39640,0.7905714285714271,0.2857142857142857,0.8265119336579119,25 to 29 years
3630,33324,0.8048571428571414,0.42857142857142855,0.2992220061748855,25 to 29 years
3631,33492,0.8191428571428557,0.5714285714285714,0.5123635607156597,25 to 29 years
3632,33407,0.7905714285714271,0.2857142857142857,0.11471605719346623,25 to 29 years
3633,35493,0.8191428571428557,0.5714285714285714,0.18790412373837945,25 to 29 years
3634,30788,0.8619999999999985,1.0,0.6266697013391527,25 to 29 years
3635,34652,0.8191428571428557,0.5714285714285714,0.09987128508772564,25 to 29 years
3636,34518,0.8477142857142843,0.8571428571428571,0.39782305601994317,25 to 29 years
3637,39677,0.7762857142857128,0.14285714285714285,0.3572799000254099,25 to 29 years
3638,31528,0.7762857142857128,0.14285714285714285,0.4917328970366637,25 to 29 years
3639,32229,0.7762857142857128,0.14285714285714285,0.7851159807549486,25 to 29 years
3640,30640,0.8619999999999985,1.0,0.6610242026478124,25 to 29 years
3641,37866,0.8191428571428557,0.5714285714285714,0.2815234584486376,25 to 29 years
3642,33532,0.7905714285714271,0.2857142857142857,0.5489994154016958,25 to 29 years
3643,32178,0.8191428571428557,0.5714285714285714,0.9079576147872479,25 to 29 years
3644,34881,0.8191428571428557,0.5714285714285714,0.3875269868556665,25 to 29 years
3645,38929,0.7905714285714271,0.2857142857142857,0.6695664897761464,25 to 29 years
3646,39837,0.7905714285714271,0.2857142857142857,0.8024629169734216,25 to 29 years
3647,34475,0.8191428571428557,0.5714285714285714,0.2179018256429952,25 to 29 years
3648,32377,0.7905714285714271,0.2857142857142857,0.5808222432632785,25 to 29 years
3649,36363,0.8048571428571414,0.42857142857142855,0.517567007482635,25 to 29 years
3650,32830,0.7905714285714271,0.2857142857142857,0.954006440740534,25 to 29 years
3651,32659,0.8477142857142843,0.8571428571428571,0.6341322499347513,25 to 29 years
3652,31730,0.7762857142857128,0.14285714285714285,0.8069268836795545,25 to 29 years
3653,34762,0.7762857142857128,0.14285714285714285,0.18151824044134302,25 to 29 years
3654,34396,0.7762857142857128,0.14285714285714285,0.5778473424475137,25 to 29 years
3655,33524,0.83342857142857,0.7142857142857142,0.2357776974854645,25 to 29 years
3656,35704,0.7762857142857128,0.14285714285714285,0.351052373318103,25 to 29 years
3657,33596,0.7905714285714271,0.2857142857142857,0.9666024992142305,25 to 29 years
3658,30036,0.83342857142857,0.7142857142857142,0.21304016875216542,25 to 29 years
3659,35444,0.8191428571428557,0.5714285714285714,0.39538095929574657,25 to 29 years
3660,33695,0.8477142857142843,0.8571428571428571,0.6872424931943699,25 to 29 years
3661,37341,0.8477142857142843,0.8571428571428571,0.10276224319216715,25 to 29 years
3662,33422,0.7762857142857128,0.14285714285714285,0.8183808664555539,25 to 29 years
3663,38863,0.7905714285714271,0.2857142857142857,0.7200940438498256,25 to 29 years
3664,32889,0.8048571428571414,0.42857142857142855,0.6004664694428498,25 to 29 years
3665,33757,0.7905714285714271,0.2857142857142857,0.8319030012686883,25 to 29 years
3666,39566,0.7762857142857128,0.14285714285714285,0.5945561089915901,25 to 29 years
3667,31798,0.7905714285714271,0.2857142857142857,0.08162732629537084,25 to 29 years
3668,38514,0.8048571428571414,0.42857142857142855,0.3751907486529788,25 to 29 years
3669,33650,0.7762857142857128,0.14285714285714285,0.4630486050779491,25 to 29 years
3670,31449,0.7905714285714271,0.2857142857142857,0.11515886478238707,25 to 29 years
3671,35348,0.8048571428571414,0.42857142857142855,0.7077202137984436,25 to 29 years
3672,31321,0.7905714285714271,0.2857142857142857,0.708152858132247,25 to 29 years
3673,36149,0.7905714285714271,0.2857142857142857,0.610890695275329,25 to 29 years
3674,39930,0.8477142857142843,0.8571428571428571,0.7018974774311346,25 to 29 years
3675,33802,0.0,0.42857142857142855,0.39410508103251873,25 to 29 years
3676,36327,0.7905714285714271,0.2857142857142857,0.007233279069122078,25 to 29 years
3677,38354,0.8191428571428557,0.5714285714285714,0.35192689925509557,25 to 29 years
3678,39339,0.8048571428571414,0.42857142857142855,0.09488601175169498,25 to 29 years
3679,38451,0.8048571428571414,0.42857142857142855,0.1838015399642154,25 to 29 years
3680,34189,0.7762857142857128,0.14285714285714285,0.9015225460204883,25 to 29 years
3681,38165,0.8191428571428557,0.5714285714285714,0.6981053861593047,25 to 29 years
3682,30820,0.7905714285714271,0.2857142857142857,0.06613606605480321,25 to 29 years
3683,32875,0.7762857142857128,0.14285714285714285,0.7961028524350877,25 to 29 years
3684,35064,0.8619999999999985,1.0,0.5911374268757872,25 to 29 years
3685,37750,0.7905714285714271,0.2857142857142857,0.2206948086178251,25 to 29 years
3686,35645,0.8191428571428557,0.5714285714285714,0.33999810613977044,25 to 29 years
3687,37581,0.7905714285714271,0.2857142857142857,0.5898965749790793,25 to 29 years
3688,33616,0.8191428571428557,0.5714285714285714,0.37871222845222563,25 to 29 years
3689,34360,0.7905714285714271,0.2857142857142857,0.5096091421933064,25 to 29 years
3690,31827,0.7905714285714271,0.2857142857142857,0.808892026251234,25 to 29 years
3691,33556,0.7762857142857128,0.14285714285714285,0.7410867473262546,25 to 29 years
3692,30359,0.7762857142857128,0.14285714285714285,0.9454275940850865,25 to 29 years
3693,34008,0.7905714285714271,0.2857142857142857,0.8105088636998538,25 to 29 years
3694,37943,0.8191428571428557,0.5714285714285714,0.7681763523373207,25 to 29 years
3695,36663,0.8619999999999985,1.0,0.3729758145134895,25 to 29 years
3696,38197,0.8048571428571414,0.42857142857142855,0.5382762269858415,25 to 29 years
3697,30667,0.8619999999999985,1.0,0.3497713062222205,25 to 29 years
3698,33925,0.7762857142857128,0.14285714285714285,0.4709361316338817,25 to 29 years
3699,32483,0.8048571428571414,0.42857142857142855,0.865222406505483,25 to 29 years
3700,37836,0.8191428571428557,0.5714285714285714,0.08914614255928305,25 to 29 years
3701,34706,0.8477142857142843,0.8571428571428571,0.2678838897068728,25 to 29 years
3702,32298,0.7905714285714271,0.2857142857142857,0.5156442858509558,25 to 29 years
3703,39039,0.7762857142857128,0.14285714285714285,0.04273504571702286,25 to 29 years
3704,39963,0.7905714285714271,0.2857142857142857,0.17576320129433493,25 to 29 years
3705,32477,0.7905714285714271,0.2857142857142857,0.32500201383861627,25 to 29 years
3706,33015,0.7905714285714271,0.2857142857142857,0.4375778960595363,25 to 29 years
3707,30088,0.7905714285714271,0.2857142857142857,0.4270773524172304,25 to 29 years
3708,34994,0.8191428571428557,0.5714285714285714,0.4906687139781701,25 to 29 years
3709,39117,0.7762857142857128,0.14285714285714285,0.5069315047837116,25 to 29 years
3710,33006,0.8048571428571414,0.42857142857142855,0.5952883776505755,25 to 29 years
3711,39462,0.7905714285714271,0.2857142857142857,0.6465380965477829,25 to 29 years
3712,33410,0.8048571428571414,0.42857142857142855,0.6302270340990453,25 to 29 years
3713,35199,0.7762857142857128,0.14285714285714285,0.15472133457599213,25 to 29 years
3714,33539,0.7905714285714271,0.2857142857142857,0.392436198853382,25 to 29 years
3715,34457,0.7905714285714271,0.2857142857142857,0.9996498221404184,25 to 29 years
3716,36518,0.7905714285714271,0.2857142857142857,0.6303236173487866,25 to 29 years
3717,38538,0.8191428571428557,0.5714285714285714,0.9699643951014147,25 to 29 years
3718,33187,0.8048571428571414,0.42857142857142855,0.1579232751014965,25 to 29 years
3719,30451,0.7905714285714271,0.2857142857142857,0.25303146717152114,25 to 29 years
3720,37342,0.8191428571428557,0.5714285714285714,0.8134071655208884,25 to 29 years
3721,32958,0.8477142857142843,0.8571428571428571,0.9474508347732165,25 to 29 years
3722,35432,0.7762857142857128,0.14285714285714285,0.03579787491953035,25 to 29 years
3723,31099,0.8191428571428557,0.5714285714285714,0.6115991051106934,25 to 29 years
3724,34394,0.7905714285714271,0.2857142857142857,0.07460823836700431,25 to 29 years
3725,39902,-0.25948050772174164,0.14285714285714285,0.06747535050523873,25 to 29 years
3726,33246,0.7905714285714271,0.2857142857142857,0.8182098977099701,25 to 29 years
3727,38193,0.7762857142857128,0.14285714285714285,0.6702398489682,25 to 29 years
3728,38260,0.8477142857142843,0.8571428571428571,0.8471401661880702,25 to 29 years
3729,32291,0.7905714285714271,0.2857142857142857,0.7735856450924289,25 to 29 years
3730,33515,0.8477142857142843,0.8571428571428571,0.024726425078471448,25 to 29 years
3731,37154,0.8048571428571414,0.42857142857142855,0.5617557800142491,25 to 29 years
3732,34102,0.8048571428571414,0.42857142857142855,0.19697374854348426,25 to 29 years
3733,38540,0.8191428571428557,0.5714285714285714,0.9512014349587018,25 to 29 years
3734,38369,0.8048571428571414,0.42857142857142855,0.3476121408308398,25 to 29 years
3735,31463,0.7905714285714271,0.2857142857142857,0.19158711892720587,25 to 29 years
3736,34329,0.7905714285714271,0.2857142857142857,0.4026486221528424,25 to 29 years
3737,34599,0.8048571428571414,0.42857142857142855,0.5994078469190876,25 to 29 years
3738,31611,0.7905714285714271,0.2857142857142857,0.8906911153520419,25 to 29 years
3739,32163,0.3025584415584402,0.14285714285714285,0.656915872483543,25 to 29 years
3740,37696,0.8191428571428557,0.5714285714285714,0.7930440513449104,25 to 29 years
3741,39506,0.8191428571428557,0.5714285714285714,0.6241708150178134,25 to 29 years
3742,33881,0.8477142857142843,0.8571428571428571,0.7625102336472142,25 to 29 years
3743,38136,0.7905714285714271,0.2857142857142857,0.5978496888803196,25 to 29 years
3744,37287,0.7762857142857128,0.14285714285714285,0.8388543760004934,25 to 29 years
3745,37719,0.7272857142857128,0.14285714285714285,0.2573040204562772,25 to 29 years
3746,31670,0.7905714285714271,0.2857142857142857,0.20666052527120704,25 to 29 years
3747,35597,0.8191428571428557,0.5714285714285714,0.93249282596982,25 to 29 years
3748,31820,0.7905714285714271,0.2857142857142857,0.39992016545492914,25 to 29 years
3749,32210,0.8191428571428557,0.5714285714285714,0.6244768633000799,25 to 29 years
3750,38185,0.8477142857142843,0.8571428571428571,0.9415357496164685,25 to 29 years
3751,36684,0.8477142857142843,0.8571428571428571,0.07873188432774969,25 to 29 years
3752,39854,0.7762857142857128,0.14285714285714285,0.8805881056321477,25 to 29 years
3753,36905,0.7762857142857128,0.14285714285714285,0.1762597990072342,25 to 29 years
3754,34043,0.7762857142857128,0.14285714285714285,0.8580999242778605,25 to 29 years
3755,33527,0.7905714285714271,0.2857142857142857,0.7657043663811411,25 to 29 years
3756,33251,0.8048571428571414,0.42857142857142855,0.16381430567458005,25 to 29 years
3757,32157,0.7905714285714271,0.2857142857142857,0.9610050276579043,25 to 29 years
3758,36557,0.7905714285714271,0.2857142857142857,0.7207898047553298,25 to 29 years
3759,30749,0.8048571428571414,0.42857142857142855,0.1640530152054629,25 to 29 years
3760,38257,0.7905714285714271,0.2857142857142857,0.34342769105874094,25 to 29 years
3761,37620,0.7905714285714271,0.2857142857142857,0.8814816335310462,25 to 29 years
3762,34464,0.8191428571428557,0.5714285714285714,0.8091434542068017,25 to 29 years
3763,37196,0.8191428571428557,0.5714285714285714,0.7500263441313579,25 to 29 years
3764,35554,0.8048571428571414,0.42857142857142855,0.5760380795796779,25 to 29 years
3765,39048,0.7905714285714271,0.2857142857142857,0.7336623250913344,25 to 29 years
3766,36751,0.7905714285714271,0.2857142857142857,0.4841549781866969,25 to 29 years
3767,35537,0.7762857142857128,0.14285714285714285,0.693897546081506,25 to 29 years
3768,31877,-0.19091279571428624,0.14285714285714285,0.11384423070142446,25 to 29 years
3769,31812,0.7905714285714271,0.2857142857142857,0.7253688448395335,25 to 29 years
3770,31191,0.7905714285714271,0.2857142857142857,0.07927273971197984,25 to 29 years
3771,36801,0.7905714285714271,0.2857142857142857,0.37280489880141615,25 to 29 years
3772,39348,0.7905714285714271,0.2857142857142857,0.1761900750688855,25 to 29 years
3773,37852,0.7762857142857128,0.14285714285714285,0.7147203146384816,25 to 29 years
3774,36667,0.7905714285714271,0.2857142857142857,0.7017041925663398,25 to 29 years
3775,36015,0.7905714285714271,0.2857142857142857,0.38320615826080107,25 to 29 years
3776,32023,0.8619999999999985,1.0,0.9337532933680981,25 to 29 years
3777,33562,0.7905714285714271,0.2857142857142857,0.6504677551534621,25 to 29 years
3778,37515,0.8048571428571414,0.42857142857142855,0.5245243817266123,25 to 29 years
3779,33776,0.7905714285714271,0.2857142857142857,0.18903773271792368,25 to 29 years
3780,38854,0.7905714285714271,0.2857142857142857,0.38887142799335295,25 to 29 years
3781,33533,0.7905714285714271,0.2857142857142857,0.6061062565457347,25 to 29 years
3782,37886,0.7905714285714271,0.2857142857142857,0.7027193307311201,25 to 29 years
3783,32038,0.7905714285714271,0.2857142857142857,0.3557346709954494,25 to 29 years
3784,32677,0.8477142857142843,0.8571428571428571,0.9043761819788795,25 to 29 years
3785,30812,0.8191428571428557,0.5714285714285714,0.4564490010266087,25 to 29 years
3786,35931,0.8191428571428557,0.5714285714285714,0.48056895307662334,25 to 29 years
3787,30935,0.7762857142857128,0.14285714285714285,0.023105123513545323,25 to 29 years
3788,38456,0.8048571428571414,0.42857142857142855,0.13319432230359657,25 to 29 years
3789,34453,-0.047426288024941705,0.14285714285714285,0.2821556018208676,25 to 29 years
3790,37583,0.8048571428571414,0.42857142857142855,0.31378567884296504,25 to 29 years
3791,36718,0.8477142857142843,0.8571428571428571,0.4322236743086606,25 to 29 years
3792,35384,0.8191428571428557,0.5714285714285714,0.7512058498673733,25 to 29 years
3793,38958,0.7762857142857128,0.14285714285714285,0.13818203044735766,25 to 29 years
3794,37103,0.7905714285714271,0.2857142857142857,0.9650520754616315,25 to 29 years
3795,32502,0.8619999999999985,1.0,0.6103730487340626,25 to 29 years
3796,35511,0.8048571428571414,0.42857142857142855,0.3860310328020714,25 to 29 years
3797,33427,0.8191428571428557,0.5714285714285714,0.9169827254258855,25 to 29 years
3798,37806,0.83342857142857,0.7142857142857142,0.9308902524611269,25 to 29 years
3799,33115,0.83342857142857,0.7142857142857142,0.760226403657467,25 to 29 years
3800,38959,0.83342857142857,0.7142857142857142,0.5689387373012821,25 to 29 years
3801,38031,0.8477142857142843,0.8571428571428571,0.6837530233811122,25 to 29 years
3802,39616,0.8048571428571414,0.42857142857142855,0.055945898874492694,25 to 29 years
3803,33432,0.7905714285714271,0.2857142857142857,0.46372829709978114,25 to 29 years
3804,37120,0.8477142857142843,0.8571428571428571,0.3108287841443595,25 to 29 years
3805,30592,0.7905714285714271,0.2857142857142857,0.9632417321778921,25 to 29 years
3806,33671,0.8477142857142843,0.8571428571428571,0.5922337142601632,25 to 29 years
3807,39158,0.83342857142857,0.7142857142857142,0.2857182070088809,25 to 29 years
3808,36811,0.8191428571428557,0.5714285714285714,0.43032650767245273,25 to 29 years
3809,31332,0.8191428571428557,0.5714285714285714,0.8537570445044931,25 to 29 years
3810,31577,0.8048571428571414,0.42857142857142855,0.4581069188695709,25 to 29 years
3811,39988,0.7905714285714271,0.2857142857142857,0.350933748543236,25 to 29 years
3812,30867,0.8619999999999985,1.0,0.5839190995153475,25 to 29 years
3813,32555,0.7762857142857128,0.14285714285714285,0.20306717768547133,25 to 29 years
3814,38802,0.8477142857142843,0.8571428571428571,0.3909343156887295,25 to 29 years
3815,36925,0.8191428571428557,0.5714285714285714,0.7717928169669072,25 to 29 years
3816,34508,0.7905714285714271,0.2857142857142857,0.9006772558339831,25 to 29 years
3817,31368,0.8048571428571414,0.42857142857142855,0.08706637022753477,25 to 29 years
3818,38037,0.7762857142857128,0.14285714285714285,0.12653505478542065,25 to 29 years
3819,33401,0.8191428571428557,0.5714285714285714,0.3686108577783087,25 to 29 years
3820,39390,0.7905714285714271,0.2857142857142857,0.1824862784565504,25 to 29 years
3821,31215,0.7905714285714271,0.2857142857142857,0.5639608170179075,25 to 29 years
3822,32316,0.7905714285714271,0.2857142857142857,0.6176461263300701,25 to 29 years
3823,32125,0.7762857142857128,0.14285714285714285,0.3360123746596349,25 to 29 years
3824,39517,0.8619999999999985,1.0,0.6620760152154337,25 to 29 years
3825,37587,0.8477142857142843,0.8571428571428571,0.7128289899458241,25 to 29 years
3826,34607,0.7762857142857128,0.14285714285714285,0.7224648135354761,25 to 29 years
3827,35795,0.8191428571428557,0.5714285714285714,0.5812555903122035,25 to 29 years
3828,34709,0.7762857142857128,0.14285714285714285,0.9052294072365445,25 to 29 years
3829,39722,0.8191428571428557,0.5714285714285714,0.07687777056550471,25 to 29 years
3830,38610,0.8191428571428557,0.5714285714285714,0.8688239167854105,25 to 29 years
3831,39145,0.7762857142857128,0.14285714285714285,0.6195746010927415,25 to 29 years
3832,31504,0.7762857142857128,0.14285714285714285,0.8005261227137801,25 to 29 years
3833,30192,0.8048571428571414,0.42857142857142855,0.6389750024572748,25 to 29 years
3834,36339,0.7905714285714271,0.2857142857142857,0.5419006048212367,25 to 29 years
3835,35781,0.7905714285714271,0.2857142857142857,0.9348522103400109,25 to 29 years
3836,33908,0.7905714285714271,0.2857142857142857,0.7162829168619627,25 to 29 years
3837,35300,0.7762857142857128,0.14285714285714285,0.8895482592460353,25 to 29 years
3838,32066,0.5149220779220764,0.14285714285714285,0.2341005737638373,25 to 29 years
3839,39600,0.8048571428571414,0.42857142857142855,0.8338787540380994,25 to 29 years
3840,30494,0.8048571428571414,0.42857142857142855,0.8341847828410718,25 to 29 years
3841,38557,0.8477142857142843,0.8571428571428571,0.14420717115463283,25 to 29 years
3842,35806,0.8191428571428557,0.5714285714285714,0.8374731524340645,25 to 29 years
3843,34424,0.7762857142857128,0.14285714285714285,0.5808558358806015,25 to 29 years
3844,33896,0.7905714285714271,0.2857142857142857,0.7229569208048622,25 to 29 years
3845,32946,0.7762857142857128,0.14285714285714285,0.506733474400893,25 to 29 years
3846,37113,0.83342857142857,0.7142857142857142,0.15104552838614949,25 to 29 years
3847,33498,0.8048571428571414,0.42857142857142855,0.13130915576862007,25 to 29 years
3848,30972,0.7905714285714271,0.2857142857142857,0.5748254580246406,25 to 29 years
3849,32694,0.8477142857142843,0.8571428571428571,0.11726537835877904,25 to 29 years
3850,31614,0.8191428571428557,0.5714285714285714,0.17465166495406564,25 to 29 years
3851,32476,0.8477142857142843,0.8571428571428571,0.03766299101220527,25 to 29 years
3852,32371,0.83342857142857,0.7142857142857142,0.8913259427226913,25 to 29 years
3853,37916,0.8191428571428557,0.5714285714285714,0.19122595499774403,25 to 29 years
3854,38231,0.8191428571428557,0.5714285714285714,0.7210623287273813,25 to 29 years
3855,32568,0.7905714285714271,0.2857142857142857,0.5797830396678015,25 to 29 years
3856,38285,0.7762857142857128,0.14285714285714285,0.5061599195201836,25 to 29 years
3857,33063,0.8477142857142843,0.8571428571428571,0.5183608303201699,25 to 29 years
3858,36054,0.8477142857142843,0.8571428571428571,0.046336017415435526,25 to 29 years
3859,36201,0.8191428571428557,0.5714285714285714,0.6242776711635668,25 to 29 years
3860,30664,0.7762857142857128,0.14285714285714285,0.977982176233007,25 to 29 years
3861,39850,0.8048571428571414,0.42857142857142855,0.20168052658373725,25 to 29 years
3862,34794,0.7905714285714271,0.2857142857142857,0.7191329067474308,25 to 29 years
3863,31236,0.7905714285714271,0.2857142857142857,0.6746777633406463,25 to 29 years
3864,37560,0.7762857142857128,0.14285714285714285,0.7298200792731929,25 to 29 years
3865,34827,0.7905714285714271,0.2857142857142857,0.8384145931969111,25 to 29 years
3866,38921,0.7905714285714271,0.2857142857142857,0.7662445158637002,25 to 29 years
3867,30833,0.8477142857142843,0.8571428571428571,0.35693984994234684,25 to 29 years
3868,32063,0.7905714285714271,0.2857142857142857,0.928347055871708,25 to 29 years
3869,33456,0.7762857142857128,0.14285714285714285,0.6760675644918805,25 to 29 years
3870,36107,0.7905714285714271,0.2857142857142857,0.4652959429216646,25 to 29 years
3871,30953,0.8619999999999985,1.0,0.6442215285606149,25 to 29 years
3872,36318,0.7762857142857128,0.14285714285714285,0.5296462275682703,25 to 29 years
3873,34620,0.8477142857142843,0.8571428571428571,0.41646982422332357,25 to 29 years
3874,30385,0.8191428571428557,0.5714285714285714,0.35976658022944596,25 to 29 years
3875,30243,0.7762857142857128,0.14285714285714285,0.8576235469630926,25 to 29 years
3876,34998,0.8191428571428557,0.5714285714285714,0.8670106869798904,25 to 29 years
3877,35912,0.8477142857142843,0.8571428571428571,0.5824296439447981,25 to 29 years
3878,32142,0.7905714285714271,0.2857142857142857,0.9857631192362017,25 to 29 years
3879,33247,0.8619999999999985,1.0,0.6899519507985972,25 to 29 years
3880,36664,0.8477142857142843,0.8571428571428571,0.6279958512707686,25 to 29 years
3881,36919,0.8477142857142843,0.8571428571428571,0.9796290213820551,25 to 29 years
3882,33584,0.7762857142857128,0.14285714285714285,0.2758035150575858,25 to 29 years
3883,33033,0.7762857142857128,0.14285714285714285,0.965946351471362,25 to 29 years
3884,38361,0.7905714285714271,0.2857142857142857,0.4543586625026582,25 to 29 years
3885,32667,0.7762857142857128,0.14285714285714285,0.08827449800925014,25 to 29 years
3886,32602,0.83342857142857,0.7142857142857142,0.0429583753759577,25 to 29 years
3887,33113,0.8477142857142843,0.8571428571428571,0.5482969648731396,25 to 29 years
3888,32468,0.8477142857142843,0.8571428571428571,0.9080641421654201,25 to 29 years
3889,35455,0.7762857142857128,0.14285714285714285,0.3438318397797686,25 to 29 years
3890,38235,0.7762857142857128,0.14285714285714285,0.8678850913038134,25 to 29 years
3891,38501,0.7905714285714271,0.2857142857142857,0.8530833908681386,25 to 29 years
3892,31124,0.7762857142857128,0.14285714285714285,0.2820413165699884,25 to 29 years
3893,31200,0.8619999999999985,1.0,0.8902310431064486,25 to 29 years
3894,31524,0.8191428571428557,0.5714285714285714,0.1456086818945182,25 to 29 years
3895,32220,0.8477142857142843,0.8571428571428571,0.6035359445044126,25 to 29 years
3896,31656,0.7905714285714271,0.2857142857142857,0.3859792357898112,25 to 29 years
3897,38204,0.7905714285714271,0.2857142857142857,0.6138296671992887,25 to 29 years
3898,33930,0.7762857142857128,0.14285714285714285,0.33883233684949654,25 to 29 years
3899,32249,0.8477142857142843,0.8571428571428571,0.07964577712090737,25 to 29 years
3900,32617,0.8191428571428557,0.5714285714285714,0.8237317185178628,25 to 29 years
3901,35647,0.7905714285714271,0.2857142857142857,0.7696381327013528,25 to 29 years
3902,31508,0.8619999999999985,1.0,0.7947183662105102,25 to 29 years
3903,37792,0.7905714285714271,0.2857142857142857,0.4492442681365769,25 to 29 years
3904,35264,0.8619999999999985,1.0,0.29101587862839606,25 to 29 years
3905,36504,0.8477142857142843,0.8571428571428571,0.9724256470223464,25 to 29 years
3906,33328,0.7905714285714271,0.2857142857142857,0.8927105545339955,25 to 29 years
3907,32380,0.8048571428571414,0.42857142857142855,0.8244514638717048,25 to 29 years
3908,31442,0.7762857142857128,0.14285714285714285,0.4311220815040978,25 to 29 years
3909,32344,0.8191428571428557,0.5714285714285714,0.6711047576358453,25 to 29 years
3910,38732,0.7905714285714271,0.2857142857142857,0.1353688200215279,25 to 29 years
3911,33082,0.8477142857142843,0.8571428571428571,0.03112501065054607,25 to 29 years
3912,31701,0.7762857142857128,0.14285714285714285,0.84773066342179,25 to 29 years
3913,31031,0.8048571428571414,0.42857142857142855,0.048215204125675426,25 to 29 years
3914,34149,0.7905714285714271,0.2857142857142857,0.3992769304796052,25 to 29 years
3915,35706,0.8191428571428557,0.5714285714285714,0.8685580930099857,25 to 29 years
3916,31422,0.8191428571428557,0.5714285714285714,0.6230125772955708,25 to 29 years
3917,34494,0.7762857142857128,0.14285714285714285,0.86478921774485,25 to 29 years
3918,37550,0.8619999999999985,1.0,0.04441751536099153,25 to 29 years
3919,32020,0.8048571428571414,0.42857142857142855,0.6962672348259338,25 to 29 years
3920,32413,0.7762857142857128,0.14285714285714285,0.21336908844373842,25 to 29 years
3921,34647,0.7905714285714271,0.2857142857142857,0.16680988376126804,25 to 29 years
3922,33034,0.7762857142857128,0.14285714285714285,0.5760462529204773,25 to 29 years
3923,37982,0.8191428571428557,0.5714285714285714,0.9027227781053166,25 to 29 years
3924,35007,0.7762857142857128,0.14285714285714285,0.5518852156951659,25 to 29 years
3925,33911,0.7905714285714271,0.2857142857142857,0.29835308583218684,25 to 29 years
3926,37425,0.7762857142857128,0.14285714285714285,0.5713358507532657,25 to 29 years
3927,36437,0.8191428571428557,0.5714285714285714,0.869993070213279,25 to 29 years
3928,32060,0.8619999999999985,1.0,0.45640428266363803,25 to 29 years
3929,33821,0.8619999999999985,1.0,0.3585710026533201,25 to 29 years
3930,38002,0.7762857142857128,0.14285714285714285,0.6849292806004565,25 to 29 years
3931,33571,0.8477142857142843,0.8571428571428571,0.4252752502924617,25 to 29 years
3932,32049,0.7905714285714271,0.2857142857142857,0.7764863494340717,25 to 29 years
3933,39738,0.7905714285714271,0.2857142857142857,0.8497005483002775,25 to 29 years
3934,38425,0.8048571428571414,0.42857142857142855,0.38519809324001264,25 to 29 years
3935,38265,0.8619999999999985,1.0,0.7263394641289529,25 to 29 years
3936,30184,0.8477142857142843,0.8571428571428571,0.9686716943682756,25 to 29 years
3937,39606,0.8191428571428557,0.5714285714285714,0.3071973029679371,25 to 29 years
3938,35976,0.8191428571428557,0.5714285714285714,0.9329335419701115,25 to 29 years
3939,31122,0.8477142857142843,0.8571428571428571,0.38343807684673675,25 to 29 years
3940,33601,0.8048571428571414,0.42857142857142855,0.14083303663145902,25 to 29 years
3941,35782,0.7905714285714271,0.2857142857142857,0.8184145933150306,25 to 29 years
3942,33729,0.7762857142857128,0.14285714285714285,0.34550336139811594,25 to 29 years
3943,39720,0.7905714285714271,0.2857142857142857,0.927186113733215,25 to 29 years
3944,32315,0.8191428571428557,0.5714285714285714,0.8246150303076856,25 to 29 years
3945,30018,-0.3818851998851265,0.14285714285714285,0.8450541431223646,25 to 29 years
3946,30153,0.8477142857142843,0.8571428571428571,0.9369769074299507,25 to 29 years
3947,31708,0.8619999999999985,1.0,0.24383895954629597,25 to 29 years
3948,30742,0.8048571428571414,0.42857142857142855,0.6925761255810731,25 to 29 years
3949,33580,0.8048571428571414,0.42857142857142855,0.3894622917595177,25 to 29 years
3950,31669,0.8191428571428557,0.5714285714285714,0.4822753835427311,25 to 29 years
3951,36623,0.8048571428571414,0.42857142857142855,0.29596678004023214,25 to 29 years
3952,31696,0.8477142857142843,0.8571428571428571,0.6785022364240288,25 to 29 years
3953,30819,0.7905714285714271,0.2857142857142857,0.8074472142438338,25 to 29 years
3954,35404,0.8191428571428557,0.5714285714285714,0.8461103433147941,25 to 29 years
3955,38448,0.8191428571428557,0.5714285714285714,0.4968691920295622,25 to 29 years
3956,35727,0.8191428571428557,0.5714285714285714,0.18007340393526095,25 to 29 years
3957,30571,0.8048571428571414,0.42857142857142855,0.07641258567658715,25 to 29 years
3958,34363,0.7762857142857128,0.14285714285714285,0.6447841312144973,25 to 29 years
3959,32989,0.8048571428571414,0.42857142857142855,0.5693262513889336,25 to 29 years
3960,32248,0.8191428571428557,0.5714285714285714,0.9216164709850733,25 to 29 years
3961,35322,0.8477142857142843,0.8571428571428571,0.8564101985167203,25 to 29 years
3962,36475,0.8048571428571414,0.42857142857142855,0.46130711399131863,25 to 29 years
3963,30594,0.83342857142857,0.7142857142857142,0.0006733963184446523,25 to 29 years
3964,31601,0.8191428571428557,0.5714285714285714,0.2780890521427008,25 to 29 years
3965,38700,0.8477142857142843,0.8571428571428571,0.5721046855981653,25 to 29 years
3966,36612,0.7762857142857128,0.14285714285714285,0.162541605011788,25 to 29 years
3967,32469,0.7905714285714271,0.2857142857142857,0.8237948997957677,25 to 29 years
3968,34232,0.7762857142857128,0.14285714285714285,0.4972784781501162,25 to 29 years
3969,38584,0.8048571428571414,0.42857142857142855,0.37879393476442924,25 to 29 years
3970,38992,0.7905714285714271,0.2857142857142857,0.3287205332391506,25 to 29 years
3971,31220,0.8477142857142843,0.8571428571428571,0.8533799237912711,25 to 29 years
3972,37429,0.8191428571428557,0.5714285714285714,0.5290060323572998,25 to 29 years
3973,35048,0.7272857142857128,0.14285714285714285,0.5828834216791434,25 to 29 years
3974,31727,0.7905714285714271,0.2857142857142857,0.32666397084571386,25 to 29 years
3975,36914,0.8477142857142843,0.8571428571428571,0.7724613287796928,25 to 29 years
3976,34653,0.8191428571428557,0.5714285714285714,0.9092336811958653,25 to 29 years
3977,37933,0.7762857142857128,0.14285714285714285,0.7525520453796098,25 to 29 years
3978,39889,0.7905714285714271,0.2857142857142857,0.9087592215494744,25 to 29 years
3979,35582,0.8191428571428557,0.5714285714285714,0.8811963457046104,25 to 29 years
3980,31870,0.7905714285714271,0.2857142857142857,0.984214523750782,25 to 29 years
3981,35395,0.7905714285714271,0.2857142857142857,0.8161038376470748,25 to 29 years
3982,37777,0.7762857142857128,0.14285714285714285,0.31317394510702823,25 to 29 years
3983,38764,0.8048571428571414,0.42857142857142855,0.6347601302829804,25 to 29 years
3984,32099,0.8191428571428557,0.5714285714285714,0.48853352368765496,25 to 29 years
3985,35334,0.8477142857142843,0.8571428571428571,0.09394189073798975,25 to 29 years
3986,35566,0.8477142857142843,0.8571428571428571,0.9951453746774275,25 to 29 years
3987,33687,0.8191428571428557,0.5714285714285714,0.5379340274848444,25 to 29 years
3988,32950,0.7905714285714271,0.2857142857142857,0.607258972056055,25 to 29 years
3989,38818,0.7762857142857128,0.14285714285714285,0.509042658427866,25 to 29 years
3990,33518,0.7762857142857128,0.14285714285714285,0.6592057604310495,25 to 29 years
3991,38586,0.8477142857142843,0.8571428571428571,0.19993679767911837,25 to 29 years
3992,30781,0.8477142857142843,0.8571428571428571,0.04663988303749711,25 to 29 years
3993,36599,0.7905714285714271,0.2857142857142857,0.7972171400530605,25 to 29 years
3994,31044,0.8191428571428557,0.5714285714285714,0.5215966837827763,25 to 29 years
3995,35895,0.7762857142857128,0.14285714285714285,0.6714633604876274,25 to 29 years
3996,30975,0.8477142857142843,0.8571428571428571,0.4040183868565246,25 to 29 years
3997,32908,0.8619999999999985,1.0,0.17937252539690518,25 to 29 years
3998,39216,0.8477142857142843,0.8571428571428571,0.333820927455718,25 to 29 years
3999,39330,0.8477142857142843,0.8571428571428571,0.03826990475393177,25 to 29 years
4000,30101,0.8477142857142843,0.8571428571428571,0.40882497890617336,25 to 29 years
4001,34561,0.83342857142857,0.7142857142857142,0.4920574333852892,25 to 29 years
4002,38169,0.7905714285714271,0.2857142857142857,0.560265649915905,25 to 29 years
4003,36324,0.7762857142857128,0.14285714285714285,0.17859650040100877,25 to 29 years
4004,31199,0.7762857142857128,0.14285714285714285,0.6484711110676065,25 to 29 years
4005,34489,0.8619999999999985,1.0,0.7135352063039799,25 to 29 years
4006,35290,0.7905714285714271,0.2857142857142857,0.35618151828331085,25 to 29 years
4007,37081,0.7762857142857128,0.14285714285714285,0.1622367140828581,25 to 29 years
4008,33871,0.7905714285714271,0.2857142857142857,0.9907973963181591,25 to 29 years
4009,35634,0.8191428571428557,0.5714285714285714,0.30357957512478173,25 to 29 years
4010,30597,0.7762857142857128,0.14285714285714285,0.6343592797117895,25 to 29 years
4011,36346,0.7905714285714271,0.2857142857142857,0.14786853925178112,25 to 29 years
4012,34199,0.8048571428571414,0.42857142857142855,0.5580230632322861,25 to 29 years
4013,33992,0.8477142857142843,0.8571428571428571,0.520533424279531,25 to 29 years
4014,32582,0.8191428571428557,0.5714285714285714,0.49804072045479725,25 to 29 years
4015,32062,0.8191428571428557,0.5714285714285714,0.12051282607177799,25 to 29 years
4016,33834,0.7905714285714271,0.2857142857142857,0.08229708733388152,25 to 29 years
4017,39897,0.7905714285714271,0.2857142857142857,0.4613012010791015,25 to 29 years
4018,31396,0.7762857142857128,0.14285714285714285,0.8295563748527562,25 to 29 years
4019,34371,0.7762857142857128,0.14285714285714285,0.4526641410907241,25 to 29 years
4020,30317,0.8048571428571414,0.42857142857142855,0.7809543826954887,25 to 29 years
4021,35390,0.7905714285714271,0.2857142857142857,0.7523507935644886,25 to 29 years
4022,31323,0.7905714285714271,0.2857142857142857,0.3988839615099924,25 to 29 years
4023,36797,0.8191428571428557,0.5714285714285714,0.7352508180627564,25 to 29 years
4024,36987,0.8191428571428557,0.5714285714285714,0.8992611400087509,25 to 29 years
4025,33216,0.7905714285714271,0.2857142857142857,0.4210211508036389,25 to 29 years
4026,31019,0.7905714285714271,0.2857142857142857,0.501496294441961,25 to 29 years
4027,35923,0.8477142857142843,0.8571428571428571,0.6846312123257828,25 to 29 years
4028,33931,0.7905714285714271,0.2857142857142857,0.36083464661477305,25 to 29 years
4029,36882,0.7905714285714271,0.2857142857142857,0.7367301135763389,25 to 29 years
4030,32656,0.7905714285714271,0.2857142857142857,0.5233709330103331,25 to 29 years
4031,33714,0.7905714285714271,0.2857142857142857,0.5295305208281166,25 to 29 years
4032,37739,0.8477142857142843,0.8571428571428571,0.05592494254963348,25 to 29 years
4033,38044,0.83342857142857,0.7142857142857142,0.08012369408733261,25 to 29 years
4034,30070,0.7905714285714271,0.2857142857142857,0.39970514811514346,25 to 29 years
4035,38074,0.8619999999999985,1.0,0.5976942919261932,25 to 29 years
4036,35037,0.8619999999999985,1.0,0.8111456134939606,25 to 29 years
4037,35109,0.83342857142857,0.7142857142857142,0.8334113488398033,25 to 29 years
4038,32549,0.7762857142857128,0.14285714285714285,0.5862510103048163,25 to 29 years
4039,30839,0.7905714285714271,0.2857142857142857,0.4837537792228222,25 to 29 years
4040,34198,0.83342857142857,0.7142857142857142,0.7810358481207726,25 to 29 years
4041,33151,0.7762857142857128,0.14285714285714285,0.18765947911644443,25 to 29 years
4042,32812,0.7762857142857128,0.14285714285714285,0.4995261003429796,25 to 29 years
4043,30304,0.7905714285714271,0.2857142857142857,0.09940649142818886,25 to 29 years
4044,32167,0.7905714285714271,0.2857142857142857,0.6222800843544153,25 to 29 years
4045,31304,0.8191428571428557,0.5714285714285714,0.5400741511014941,25 to 29 years
4046,38978,0.8191428571428557,0.5714285714285714,0.9081636954681096,25 to 29 years
4047,33945,0.8191428571428557,0.5714285714285714,0.20293468477788695,25 to 29 years
4048,37029,0.8477142857142843,0.8571428571428571,0.4861916719360167,25 to 29 years
4049,38363,0.8619999999999985,1.0,0.6072109308153985,25 to 29 years
4050,34414,0.7762857142857128,0.14285714285714285,0.6215439610239865,25 to 29 years
4051,35926,0.8619999999999985,1.0,0.26372490494816136,25 to 29 years
4052,32460,0.8619999999999985,1.0,0.9186599784444479,25 to 29 years
4053,38196,0.8191428571428557,0.5714285714285714,0.8482725787679916,25 to 29 years
4054,31297,0.8191428571428557,0.5714285714285714,0.32836438748640984,25 to 29 years
4055,38119,0.8191428571428557,0.5714285714285714,0.6763911579343785,25 to 29 years
4056,39296,0.8191428571428557,0.5714285714285714,0.9288445780880001,25 to 29 years
4057,39492,0.8048571428571414,0.42857142857142855,0.8769576299592305,25 to 29 years
4058,30680,0.8477142857142843,0.8571428571428571,0.514088399817039,25 to 29 years
4059,30224,0.7762857142857128,0.14285714285714285,0.31602057662965316,25 to 29 years
4060,30063,-0.020776344380119133,0.14285714285714285,0.30431120054537114,25 to 29 years
4061,36037,0.8048571428571414,0.42857142857142855,0.8527126227219234,25 to 29 years
4062,36312,0.8191428571428557,0.5714285714285714,0.004449677579771216,25 to 29 years
4063,36572,0.7905714285714271,0.2857142857142857,0.20370289607851605,25 to 29 years
4064,39588,0.8477142857142843,0.8571428571428571,0.9763012950176777,25 to 29 years
4065,35741,0.8191428571428557,0.5714285714285714,0.5024849302677686,25 to 29 years
4066,34612,0.7905714285714271,0.2857142857142857,0.370091798791455,25 to 29 years
4067,35515,0.8619999999999985,1.0,0.3088806542197339,25 to 29 years
4068,32982,0.8477142857142843,0.8571428571428571,0.7887844963962588,25 to 29 years
4069,39941,0.7905714285714271,0.2857142857142857,0.5316450040828249,25 to 29 years
4070,35146,0.7905714285714271,0.2857142857142857,0.2975802132957799,25 to 29 years
4071,34891,0.7905714285714271,0.2857142857142857,0.4550985463712496,25 to 29 years
4072,36319,0.8191428571428557,0.5714285714285714,0.12447289341559958,25 to 29 years
4073,30829,0.8191428571428557,0.5714285714285714,0.8408569464628648,25 to 29 years
4074,37441,0.7762857142857128,0.14285714285714285,0.8867250777353883,25 to 29 years
4075,38561,0.7762857142857128,0.14285714285714285,0.09698268620896938,25 to 29 years
4076,33935,0.8048571428571414,0.42857142857142855,0.8159092969581836,25 to 29 years
4077,38544,0.8191428571428557,0.5714285714285714,0.4809118664801502,25 to 29 years
4078,32313,0.8477142857142843,0.8571428571428571,0.5823976445539766,25 to 29 years
4079,36226,0.8477142857142843,0.8571428571428571,0.5880290661396332,25 to 29 years
4080,30532,0.7905714285714271,0.2857142857142857,0.8582516750221504,25 to 29 years
4081,31917,0.7905714285714271,0.2857142857142857,0.31181622783499785,25 to 29 years
4082,32489,0.8477142857142843,0.8571428571428571,0.37432782824788247,25 to 29 years
4083,32148,0.7905714285714271,0.2857142857142857,0.6342783720700264,25 to 29 years
4084,35592,0.7905714285714271,0.2857142857142857,0.07842460657761607,25 to 29 years
4085,36034,0.7762857142857128,0.14285714285714285,0.8234256082550633,25 to 29 years
4086,36157,0.83342857142857,0.7142857142857142,0.3618240139746974,25 to 29 years
4087,34534,0.8191428571428557,0.5714285714285714,0.09007001464299808,25 to 29 years
4088,34157,0.8477142857142843,0.8571428571428571,0.463164617536043,25 to 29 years
4089,36616,0.7762857142857128,0.14285714285714285,0.9798947555310794,25 to 29 years
4090,39692,0.8477142857142843,0.8571428571428571,0.8582009257399452,25 to 29 years
4091,37241,0.8191428571428557,0.5714285714285714,0.24992880761051256,25 to 29 years
4092,35688,0.7905714285714271,0.2857142857142857,0.7219360966762953,25 to 29 years
4093,35809,0.7905714285714271,0.2857142857142857,0.9152476341449968,25 to 29 years
4094,36333,0.8191428571428557,0.5714285714285714,0.009165528143356916,25 to 29 years
4095,33861,0.8048571428571414,0.42857142857142855,0.9908152856718985,25 to 29 years
4096,32151,0.8619999999999985,1.0,0.17468317958355778,25 to 29 years
4097,34238,0.7905714285714271,0.2857142857142857,0.2418412419489102,25 to 29 years
4098,39782,0.8191428571428557,0.5714285714285714,0.3300284853721206,25 to 29 years
4099,37012,0.8048571428571414,0.42857142857142855,0.34313363847612866,25 to 29 years
4100,38223,0.7762857142857128,0.14285714285714285,0.7806600574489693,25 to 29 years
4101,38553,0.8477142857142843,0.8571428571428571,0.16844661722147708,25 to 29 years
4102,31319,0.8048571428571414,0.42857142857142855,0.6015564891232056,25 to 29 years
4103,31177,0.8191428571428557,0.5714285714285714,0.6041107863794779,25 to 29 years
4104,35460,0.8048571428571414,0.42857142857142855,0.5936074659198859,25 to 29 years
4105,35419,0.8619999999999985,1.0,0.08801529437528866,25 to 29 years
4106,39508,0.8477142857142843,0.8571428571428571,0.09924531930043323,25 to 29 years
4107,34755,0.7905714285714271,0.2857142857142857,0.6724088714276782,25 to 29 years
4108,35234,0.8477142857142843,0.8571428571428571,0.6433839441597626,25 to 29 years
4109,37423,0.7762857142857128,0.14285714285714285,0.16129247918744377,25 to 29 years
4110,39556,0.8191428571428557,0.5714285714285714,0.5394778762649499,25 to 29 years
4111,31745,0.7905714285714271,0.2857142857142857,0.08898785184686453,25 to 29 years
4112,37931,0.8619999999999985,1.0,0.08518373735190504,25 to 29 years
4113,33883,0.7762857142857128,0.14285714285714285,0.8111716558503583,25 to 29 years
4114,35127,0.7762857142857128,0.14285714285714285,0.48893995407128577,25 to 29 years
4115,33853,0.7762857142857128,0.14285714285714285,0.5344978024205883,25 to 29 years
4116,38268,0.7905714285714271,0.2857142857142857,0.3397607993831567,25 to 29 years
4117,36890,0.7905714285714271,0.2857142857142857,0.1424967815742862,25 to 29 years
4118,37846,0.7762857142857128,0.14285714285714285,0.8580315399586511,25 to 29 years
4119,33179,0.7905714285714271,0.2857142857142857,0.35080495316084037,25 to 29 years
4120,30912,0.8191428571428557,0.5714285714285714,0.9141094173618415,25 to 29 years
4121,32032,0.8048571428571414,0.42857142857142855,0.2680613944764457,25 to 29 years
4122,31509,0.7905714285714271,0.2857142857142857,0.8631863065484315,25 to 29 years
4123,36691,0.7762857142857128,0.14285714285714285,0.15558571104083663,25 to 29 years
4124,33907,0.7905714285714271,0.2857142857142857,0.8947832438679987,25 to 29 years
4125,36896,0.7905714285714271,0.2857142857142857,0.6066102345822572,25 to 29 years
4126,31456,0.7762857142857128,0.14285714285714285,0.27060601841091675,25 to 29 years
4127,33514,0.8477142857142843,0.8571428571428571,0.1390646571393141,25 to 29 years
4128,37541,0.8477142857142843,0.8571428571428571,0.5283001755956086,25 to 29 years
4129,32084,0.7905714285714271,0.2857142857142857,0.10829935189689355,25 to 29 years
4130,31714,0.7905714285714271,0.2857142857142857,0.040438111303328805,25 to 29 years
4131,31520,0.8477142857142843,0.8571428571428571,0.9156371725469652,25 to 29 years
4132,33105,0.7762857142857128,0.14285714285714285,0.11837756006151828,25 to 29 years
4133,31912,0.8619999999999985,1.0,0.1774736607109007,25 to 29 years
4134,35268,0.8619999999999985,1.0,0.9954581427516161,25 to 29 years
4135,31171,0.8191428571428557,0.5714285714285714,0.6642244243422295,25 to 29 years
4136,35251,0.8048571428571414,0.42857142857142855,0.6938668025145245,25 to 29 years
4137,32309,0.8191428571428557,0.5714285714285714,0.5898064819736344,25 to 29 years
4138,30678,0.7762857142857128,0.14285714285714285,0.26045911872762545,25 to 29 years
4139,31681,0.7905714285714271,0.2857142857142857,0.7962983788506899,25 to 29 years
4140,36928,0.8191428571428557,0.5714285714285714,0.3064049701143772,25 to 29 years
4141,33877,0.8477142857142843,0.8571428571428571,0.4715928054511068,25 to 29 years
4142,33296,0.8191428571428557,0.5714285714285714,0.8082755978125984,25 to 29 years
4143,38153,0.7905714285714271,0.2857142857142857,0.8499986614653553,25 to 29 years
4144,35588,0.8191428571428557,0.5714285714285714,0.1983005470494391,25 to 29 years
4145,37199,0.8619999999999985,1.0,0.334979461655361,25 to 29 years
4146,31723,0.7905714285714271,0.2857142857142857,0.8972851807236268,25 to 29 years
4147,38699,0.8191428571428557,0.5714285714285714,0.47598945475615045,25 to 29 years
4148,34564,0.7762857142857128,0.14285714285714285,0.4211633140931069,25 to 29 years
4149,31700,0.7905714285714271,0.2857142857142857,0.3204290921138273,25 to 29 years
4150,31434,0.8477142857142843,0.8571428571428571,0.24361760914263464,25 to 29 years
4151,35528,0.7905714285714271,0.2857142857142857,0.24724894972896977,25 to 29 years
4152,30699,0.7905714285714271,0.2857142857142857,0.19774859283947616,25 to 29 years
4153,38357,0.8477142857142843,0.8571428571428571,0.4739213099659019,25 to 29 years
4154,38095,0.7905714285714271,0.2857142857142857,0.801655730302776,25 to 29 years
4155,36266,0.7905714285714271,0.2857142857142857,0.4276556825319724,25 to 29 years
4156,33734,0.8048571428571414,0.42857142857142855,0.061957825380035636,25 to 29 years
4157,31585,0.8048571428571414,0.42857142857142855,0.5131526230606275,25 to 29 years
4158,32633,0.8477142857142843,0.8571428571428571,0.3485099340130593,25 to 29 years
4159,31253,0.7905714285714271,0.2857142857142857,0.31435808478071603,25 to 29 years
4160,38628,0.8619999999999985,1.0,0.30333145509364867,25 to 29 years
4161,39097,0.8477142857142843,0.8571428571428571,0.5020073515245851,25 to 29 years
4162,30035,0.7905714285714271,0.2857142857142857,0.9647490686008502,25 to 29 years
4163,37192,0.7762857142857128,0.14285714285714285,0.15696762747978332,25 to 29 years
4164,37200,0.7905714285714271,0.2857142857142857,0.5350208761313824,25 to 29 years
4165,32932,0.8191428571428557,0.5714285714285714,0.7582856271614811,25 to 29 years
4166,35246,0.8477142857142843,0.8571428571428571,0.8936130367753108,25 to 29 years
4167,34496,0.8619999999999985,1.0,0.6359704039397002,25 to 29 years
4168,36851,0.7905714285714271,0.2857142857142857,0.7040843623336409,25 to 29 years
4169,34646,0.7762857142857128,0.14285714285714285,0.5420461489760524,25 to 29 years
4170,35180,0.7762857142857128,0.14285714285714285,0.23239845029249273,25 to 29 years
4171,34680,0.8191428571428557,0.5714285714285714,0.7694285564284651,25 to 29 years
4172,32376,0.8191428571428557,0.5714285714285714,0.8397497301353043,25 to 29 years
4173,33169,0.8191428571428557,0.5714285714285714,0.49892231136499066,25 to 29 years
4174,34034,0.8191428571428557,0.5714285714285714,0.17888826174360978,25 to 29 years
4175,38134,0.8191428571428557,0.5714285714285714,0.3492106658335814,25 to 29 years
4176,34577,0.8619999999999985,1.0,0.45871054633633324,25 to 29 years
4177,30572,0.8048571428571414,0.42857142857142855,0.02443121529149961,25 to 29 years
4178,31973,0.8191428571428557,0.5714285714285714,0.9814818037331505,25 to 29 years
4179,35223,0.8191428571428557,0.5714285714285714,0.05519087853710253,25 to 29 years
4180,33690,0.7762857142857128,0.14285714285714285,0.03455147812117021,25 to 29 years
4181,30177,0.8191428571428557,0.5714285714285714,0.8214282245294149,25 to 29 years
4182,39065,0.7762857142857128,0.14285714285714285,0.6860735744185549,25 to 29 years
4183,30175,0.8048571428571414,0.42857142857142855,0.0564445606236606,25 to 29 years
4184,36888,0.7762857142857128,0.14285714285714285,0.9751559813011302,25 to 29 years
4185,34385,0.7905714285714271,0.2857142857142857,0.09381602626979224,25 to 29 years
4186,32152,0.7905714285714271,0.2857142857142857,0.7564243270350668,25 to 29 years
4187,38497,0.8477142857142843,0.8571428571428571,0.4896424414689655,25 to 29 years
4188,30708,0.8477142857142843,0.8571428571428571,0.5788705211638504,25 to 29 years
4189,36784,0.8477142857142843,0.8571428571428571,0.3597995899565106,25 to 29 years
4190,36730,0.83342857142857,0.7142857142857142,0.516043446687906,25 to 29 years
4191,35817,0.7905714285714271,0.2857142857142857,0.6566216628922109,25 to 29 years
4192,34956,0.7762857142857128,0.14285714285714285,0.4256226895456218,25 to 29 years
4193,30729,0.7762857142857128,0.14285714285714285,0.7841196972218992,25 to 29 years
4194,33236,0.7762857142857128,0.14285714285714285,0.08386442490361351,25 to 29 years
4195,38105,0.8477142857142843,0.8571428571428571,0.25183994219963496,25 to 29 years
4196,33489,0.8191428571428557,0.5714285714285714,0.46965216392864906,25 to 29 years
4197,37093,0.7762857142857128,0.14285714285714285,0.9349879296680499,25 to 29 years
4198,37016,0.8619999999999985,1.0,0.6545832848874238,25 to 29 years
4199,30167,0.8191428571428557,0.5714285714285714,0.2561383159084245,25 to 29 years
4200,31291,0.7762857142857128,0.14285714285714285,0.6265391100339727,25 to 29 years
4201,36011,0.7905714285714271,0.2857142857142857,0.3026923814566039,25 to 29 years
4202,33243,0.7905714285714271,0.2857142857142857,0.06654632725744125,25 to 29 years
4203,36889,0.8477142857142843,0.8571428571428571,0.30719884471693937,25 to 29 years
4204,30410,0.7762857142857128,0.14285714285714285,0.16956081326146455,25 to 29 years
4205,30625,0.7905714285714271,0.2857142857142857,0.1439769402414589,25 to 29 years
4206,38115,0.7762857142857128,0.14285714285714285,0.08606599268354354,25 to 29 years
4207,32059,0.8048571428571414,0.42857142857142855,0.33524010085743383,25 to 29 years
4208,39277,0.7961428571428555,0.5714285714285714,0.37106624033930513,30 to 34 years
4209,31107,0.8389999999999983,1.0,0.24632283536930671,30 to 34 years
4210,39299,0.8389999999999983,1.0,0.3109283460575156,30 to 34 years
4211,39906,0.8389999999999983,1.0,0.2705273899694409,30 to 34 years
4212,38446,0.7675714285714269,0.2857142857142857,0.632957552290844,30 to 34 years
4213,33134,0.7961428571428555,0.5714285714285714,0.649192444253772,30 to 34 years
4214,34618,0.8247142857142841,0.8571428571428571,0.21831602134217837,30 to 34 years
4215,35350,0.7532857142857126,0.14285714285714285,0.35555929759472504,30 to 34 years
4216,34318,0.7532857142857126,0.14285714285714285,0.43360664024951523,30 to 34 years
4217,32382,0.7532857142857126,0.14285714285714285,0.0671995762702291,30 to 34 years
4218,35560,0.8389999999999983,1.0,0.443593721655942,30 to 34 years
4219,37027,0.8247142857142841,0.8571428571428571,0.2562572570322305,30 to 34 years
4220,35341,0.7532857142857126,0.14285714285714285,0.41146276791323727,30 to 34 years
4221,31668,0.7961428571428555,0.5714285714285714,0.1087686265411903,30 to 34 years
4222,39088,0.8247142857142841,0.8571428571428571,0.9789143279506203,30 to 34 years
4223,31299,0.7961428571428555,0.5714285714285714,0.4173345037168671,30 to 34 years
4224,37942,0.7675714285714269,0.2857142857142857,0.21840020778842362,30 to 34 years
4225,37566,0.7675714285714269,0.2857142857142857,0.4151230153640813,30 to 34 years
4226,39785,0.7675714285714269,0.2857142857142857,0.03860985507636083,30 to 34 years
4227,35193,0.7532857142857126,0.14285714285714285,0.8648146045035358,30 to 34 years
4228,38632,0.7675714285714269,0.2857142857142857,0.545790630197742,30 to 34 years
4229,32967,0.7675714285714269,0.2857142857142857,0.6187483547884038,30 to 34 years
4230,38193,0.7532857142857126,0.14285714285714285,0.6702398489682,30 to 34 years
4231,31545,0.7961428571428555,0.5714285714285714,0.10883455397961922,30 to 34 years
4232,38923,0.7532857142857126,0.14285714285714285,0.46847083658243205,30 to 34 years
4233,35702,0.8247142857142841,0.8571428571428571,0.04482315390525904,30 to 34 years
4234,35184,0.7675714285714269,0.2857142857142857,0.4415560234896496,30 to 34 years
4235,38590,0.7961428571428555,0.5714285714285714,0.10292809572974015,30 to 34 years
4236,37982,0.7961428571428555,0.5714285714285714,0.9027227781053166,30 to 34 years
4237,32383,0.8389999999999983,1.0,0.927674067882823,30 to 34 years
4238,32137,0.7818571428571411,0.42857142857142855,0.9685251960793053,30 to 34 years
4239,31562,0.8104285714285697,0.7142857142857142,0.5004644153800547,30 to 34 years
4240,33682,0.7961428571428555,0.5714285714285714,0.6518399087211642,30 to 34 years
4241,31160,0.7675714285714269,0.2857142857142857,0.2041619162258812,30 to 34 years
4242,30090,0.7818571428571411,0.42857142857142855,0.5168625583384404,30 to 34 years
4243,38813,0.8104285714285697,0.7142857142857142,0.6175950599143243,30 to 34 years
4244,35722,0.7961428571428555,0.5714285714285714,0.15034790458051295,30 to 34 years
4245,37923,0.7961428571428555,0.5714285714285714,0.6211908482151058,30 to 34 years
4246,39292,0.7961428571428555,0.5714285714285714,0.3758146858666783,30 to 34 years
4247,30677,0.7675714285714269,0.2857142857142857,0.43662230934212726,30 to 34 years
4248,36296,0.7675714285714269,0.2857142857142857,0.4643250874687401,30 to 34 years
4249,36936,0.7961428571428555,0.5714285714285714,0.7994308249030564,30 to 34 years
4250,38519,0.8389999999999983,1.0,0.29709987644435965,30 to 34 years
4251,33567,0.7961428571428555,0.5714285714285714,0.28465605712863185,30 to 34 years
4252,33989,0.7675714285714269,0.2857142857142857,0.30878111406995384,30 to 34 years
4253,37104,0.7961428571428555,0.5714285714285714,0.8003932747692589,30 to 34 years
4254,30917,0.7961428571428555,0.5714285714285714,0.36855372234940753,30 to 34 years
4255,37111,0.7675714285714269,0.2857142857142857,0.35697600159936893,30 to 34 years
4256,39169,0.7818571428571411,0.42857142857142855,0.17372496739558108,30 to 34 years
4257,30725,0.7675714285714269,0.2857142857142857,0.7373919881158358,30 to 34 years
4258,38777,0.7675714285714269,0.2857142857142857,0.5664268192135878,30 to 34 years
4259,32556,0.8389999999999983,1.0,0.21497653461435728,30 to 34 years
4260,35909,0.7675714285714269,0.2857142857142857,0.16896519928506704,30 to 34 years
4261,30302,0.7675714285714269,0.2857142857142857,0.5017854729102987,30 to 34 years
4262,34823,0.7675714285714269,0.2857142857142857,0.3125844442144644,30 to 34 years
4263,37059,0.7532857142857126,0.14285714285714285,0.9013030023127775,30 to 34 years
4264,35923,0.8247142857142841,0.8571428571428571,0.6846312123257828,30 to 34 years
4265,36895,0.7961428571428555,0.5714285714285714,0.7148542023643933,30 to 34 years
4266,38133,0.7961428571428555,0.5714285714285714,0.7421021386952764,30 to 34 years
4267,30242,0.8104285714285697,0.7142857142857142,0.9130313727764723,30 to 34 years
4268,34057,0.7532857142857126,0.14285714285714285,0.33352893288290575,30 to 34 years
4269,37873,0.7532857142857126,0.14285714285714285,0.7121061396541923,30 to 34 years
4270,31913,0.7961428571428555,0.5714285714285714,0.2675882653499378,30 to 34 years
4271,30962,0.8389999999999983,1.0,0.6805534730189526,30 to 34 years
4272,36830,0.0,0.5714285714285714,0.7551796390983855,30 to 34 years
4273,36612,0.7532857142857126,0.14285714285714285,0.162541605011788,30 to 34 years
4274,32596,0.7675714285714269,0.2857142857142857,0.530011990219666,30 to 34 years
4275,32440,0.7532857142857126,0.14285714285714285,0.7867540113425071,30 to 34 years
4276,38102,0.7961428571428555,0.5714285714285714,0.22763611117444743,30 to 34 years
4277,37790,0.7532857142857126,0.14285714285714285,0.7190327454892244,30 to 34 years
4278,31313,0.7675714285714269,0.2857142857142857,0.22912583409655374,30 to 34 years
4279,32157,0.7675714285714269,0.2857142857142857,0.9610050276579043,30 to 34 years
4280,31118,0.7961428571428555,0.5714285714285714,0.5135892771464903,30 to 34 years
4281,32911,0.7961428571428555,0.5714285714285714,0.19323597214050148,30 to 34 years
4282,37554,0.7532857142857126,0.14285714285714285,0.846250013218089,30 to 34 years
4283,31939,-0.44443853423820684,0.14285714285714285,0.6547332277329416,30 to 34 years
4284,37473,0.7675714285714269,0.2857142857142857,0.5275660818914037,30 to 34 years
4285,39406,0.7675714285714269,0.2857142857142857,0.4846491311479929,30 to 34 years
4286,30346,0.8389999999999983,1.0,0.7052019762456468,30 to 34 years
4287,39075,0.8247142857142841,0.8571428571428571,0.9955720278291305,30 to 34 years
4288,39324,0.7961428571428555,0.5714285714285714,0.958821292712568,30 to 34 years
4289,32431,0.8247142857142841,0.8571428571428571,0.7507829257679821,30 to 34 years
4290,34578,0.7675714285714269,0.2857142857142857,0.4724200566328224,30 to 34 years
4291,37421,0.7961428571428555,0.5714285714285714,0.8042224567328577,30 to 34 years
4292,39560,0.7532857142857126,0.14285714285714285,0.9501630356415571,30 to 34 years
4293,33243,0.7675714285714269,0.2857142857142857,0.06654632725744125,30 to 34 years
4294,30577,0.7675714285714269,0.2857142857142857,0.9134664012372562,30 to 34 years
4295,31501,0.7961428571428555,0.5714285714285714,0.24114601187052948,30 to 34 years
4296,37689,0.7675714285714269,0.2857142857142857,0.002759625022324075,30 to 34 years
4297,32952,0.8247142857142841,0.8571428571428571,0.38416957852567746,30 to 34 years
4298,37726,0.7818571428571411,0.42857142857142855,0.9555638571064937,30 to 34 years
4299,39395,0.7532857142857126,0.14285714285714285,0.4554070194512342,30 to 34 years
4300,31937,0.8104285714285697,0.7142857142857142,0.024228788060647877,30 to 34 years
4301,34141,0.7961428571428555,0.5714285714285714,0.3387581438279841,30 to 34 years
4302,35175,0.7675714285714269,0.2857142857142857,0.43696223184686384,30 to 34 years
4303,34324,0.8389999999999983,1.0,0.6978032689953274,30 to 34 years
4304,37136,0.7675714285714269,0.2857142857142857,0.21568344680473855,30 to 34 years
4305,36303,0.7675714285714269,0.2857142857142857,0.17460483587044978,30 to 34 years
4306,32540,0.8104285714285697,0.7142857142857142,0.7400731323487412,30 to 34 years
4307,33793,0.7532857142857126,0.14285714285714285,0.1758837460953398,30 to 34 years
4308,37956,0.8247142857142841,0.8571428571428571,0.9359673148061978,30 to 34 years
4309,31008,0.7675714285714269,0.2857142857142857,0.7284920021904269,30 to 34 years
4310,30322,0.7675714285714269,0.2857142857142857,0.9099777186276432,30 to 34 years
4311,30029,0.7961428571428555,0.5714285714285714,0.9570042132229446,30 to 34 years
4312,33553,0.7961428571428555,0.5714285714285714,0.8335642319135103,30 to 34 years
4313,30525,0.8247142857142841,0.8571428571428571,0.5597824388709984,30 to 34 years
4314,36129,0.7818571428571411,0.42857142857142855,0.6178160247100307,30 to 34 years
4315,35293,0.8247142857142841,0.8571428571428571,0.8299071539151572,30 to 34 years
4316,35108,0.8247142857142841,0.8571428571428571,0.3206032600157941,30 to 34 years
4317,32552,0.7532857142857126,0.14285714285714285,0.4657531170482974,30 to 34 years
4318,32213,0.7532857142857126,0.14285714285714285,0.06307760578861388,30 to 34 years
4319,35857,0.8247142857142841,0.8571428571428571,0.28601821700330593,30 to 34 years
4320,37162,0.8247142857142841,0.8571428571428571,0.9623767772333514,30 to 34 years
4321,35098,0.7532857142857126,0.14285714285714285,0.4882564586317745,30 to 34 years
4322,31972,0.7042857142857125,0.14285714285714285,0.24194299869277436,30 to 34 years
4323,33766,0.7675714285714269,0.2857142857142857,0.24712466956628015,30 to 34 years
4324,36939,0.7961428571428555,0.5714285714285714,0.5345933554037691,30 to 34 years
4325,38131,0.7818571428571411,0.42857142857142855,0.5968130305784731,30 to 34 years
4326,39553,0.7818571428571411,0.42857142857142855,0.16077234699487786,30 to 34 years
4327,32063,0.7675714285714269,0.2857142857142857,0.928347055871708,30 to 34 years
4328,34921,0.8104285714285697,0.7142857142857142,0.7394392168173444,30 to 34 years
4329,33578,0.8247142857142841,0.8571428571428571,0.8192330373483105,30 to 34 years
4330,35602,0.7675714285714269,0.2857142857142857,0.1177426769909018,30 to 34 years
4331,33413,0.7532857142857126,0.14285714285714285,0.37979559157430354,30 to 34 years
4332,34764,0.7675714285714269,0.2857142857142857,0.7074494427978205,30 to 34 years
4333,39908,0.7961428571428555,0.5714285714285714,0.365301041801498,30 to 34 years
4334,33491,0.8104285714285697,0.7142857142857142,0.8348021802021798,30 to 34 years
4335,33726,0.7818571428571411,0.42857142857142855,0.4681269401013726,30 to 34 years
4336,32728,0.8247142857142841,0.8571428571428571,0.04584020260805477,30 to 34 years
4337,33597,0.7675714285714269,0.2857142857142857,0.1949576103343681,30 to 34 years
4338,38534,-0.15960423772864638,0.14285714285714285,0.7311683604798321,30 to 34 years
4339,39322,0.7818571428571411,0.42857142857142855,0.8348890851431359,30 to 34 years
4340,33291,0.7818571428571411,0.42857142857142855,0.12997686902766226,30 to 34 years
4341,34353,0.8247142857142841,0.8571428571428571,0.5270676847766725,30 to 34 years
4342,37531,0.0,0.2857142857142857,0.3642268634348335,30 to 34 years
4343,30659,0.7675714285714269,0.2857142857142857,0.06388539477069899,30 to 34 years
4344,36865,0.8247142857142841,0.8571428571428571,0.42561912855731737,30 to 34 years
4345,32310,0.8247142857142841,0.8571428571428571,0.6928628462745703,30 to 34 years
4346,33860,0.7532857142857126,0.14285714285714285,0.6964949972892559,30 to 34 years
4347,39365,0.8247142857142841,0.8571428571428571,0.7208835519283523,30 to 34 years
4348,36227,0.7961428571428555,0.5714285714285714,0.6201231764758615,30 to 34 years
4349,35412,0.7818571428571411,0.42857142857142855,0.0468573361548541,30 to 34 years
4350,30899,0.7532857142857126,0.14285714285714285,0.7443118301194034,30 to 34 years
4351,39570,0.7675714285714269,0.2857142857142857,0.9031514351973482,30 to 34 years
4352,32822,0.7961428571428555,0.5714285714285714,0.2765913149103205,30 to 34 years
4353,37908,0.7675714285714269,0.2857142857142857,0.40795226921979844,30 to 34 years
4354,35053,-0.02314148571428671,0.14285714285714285,0.2655261127696325,30 to 34 years
4355,36323,0.8247142857142841,0.8571428571428571,0.40611285465746916,30 to 34 years
4356,34107,0.7675714285714269,0.2857142857142857,0.5721819954151562,30 to 34 years
4357,30747,0.7532857142857126,0.14285714285714285,0.7498479884786566,30 to 34 years
4358,39059,0.7532857142857126,0.14285714285714285,0.6666073160208723,30 to 34 years
4359,39469,0.7675714285714269,0.2857142857142857,0.3580041494615988,30 to 34 years
4360,31035,0.7961428571428555,0.5714285714285714,0.8218017686498669,30 to 34 years
4361,31991,0.7042857142857125,0.14285714285714285,0.9413400024194338,30 to 34 years
4362,38975,0.7675714285714269,0.2857142857142857,0.9267215204753126,30 to 34 years
4363,33109,0.8247142857142841,0.8571428571428571,0.4173598359443653,30 to 34 years
4364,37605,0.7675714285714269,0.2857142857142857,0.47509030133861224,30 to 34 years
4365,37157,0.7532857142857126,0.14285714285714285,0.9927252069960693,30 to 34 years
4366,39134,0.7532857142857126,0.14285714285714285,0.5773393408929701,30 to 34 years
4367,37346,0.7675714285714269,0.2857142857142857,0.6628721811935833,30 to 34 years
4368,35606,0.7675714285714269,0.2857142857142857,0.2422062090286377,30 to 34 years
4369,34621,0.8247142857142841,0.8571428571428571,0.029078980244332864,30 to 34 years
4370,33724,0.7961428571428555,0.5714285714285714,0.6972526062752105,30 to 34 years
4371,34158,0.7818571428571411,0.42857142857142855,0.05586192632624809,30 to 34 years
4372,38887,0.7961428571428555,0.5714285714285714,0.7422645439830283,30 to 34 years
4373,38345,0.7961428571428555,0.5714285714285714,0.0844038229190609,30 to 34 years
4374,34070,0.7675714285714269,0.2857142857142857,0.47330899270150106,30 to 34 years
4375,39084,0.7818571428571411,0.42857142857142855,0.5550376231836702,30 to 34 years
4376,36464,0.7818571428571411,0.42857142857142855,0.8419008335422196,30 to 34 years
4377,30793,0.7675714285714269,0.2857142857142857,0.8235073907678041,30 to 34 years
4378,31275,0.8247142857142841,0.8571428571428571,0.7419403008626106,30 to 34 years
4379,37959,0.8247142857142841,0.8571428571428571,0.18542221879584825,30 to 34 years
4380,32331,0.7675714285714269,0.2857142857142857,0.7922300525506539,30 to 34 years
4381,37874,0.8247142857142841,0.8571428571428571,0.16381797347808041,30 to 34 years
4382,33680,0.7818571428571411,0.42857142857142855,0.3005869511452284,30 to 34 years
4383,33639,0.7961428571428555,0.5714285714285714,0.5508454380742847,30 to 34 years
4384,31853,-0.06741828571428654,0.14285714285714285,0.36541025624329926,30 to 34 years
4385,38991,0.7818571428571411,0.42857142857142855,0.9969540725333079,30 to 34 years
4386,33876,0.7532857142857126,0.14285714285714285,0.7925818845830872,30 to 34 years
4387,32957,0.7675714285714269,0.2857142857142857,0.44176228350014257,30 to 34 years
4388,36103,0.7961428571428555,0.5714285714285714,0.6919866099308127,30 to 34 years
4389,34273,0.7675714285714269,0.2857142857142857,0.6795098756829575,30 to 34 years
4390,38658,0.8389999999999983,1.0,0.24346841377101142,30 to 34 years
4391,36976,0.7961428571428555,0.5714285714285714,0.7418410698243685,30 to 34 years
4392,34077,0.7675714285714269,0.2857142857142857,0.8385795821407788,30 to 34 years
4393,32809,0.8247142857142841,0.8571428571428571,0.20043719989348513,30 to 34 years
4394,39651,0.7532857142857126,0.14285714285714285,0.6267603998118446,30 to 34 years
4395,39002,0.7532857142857126,0.14285714285714285,0.08879146343805855,30 to 34 years
4396,33626,0.7675714285714269,0.2857142857142857,0.7355457816571961,30 to 34 years
4397,38436,-0.1277358217142874,0.14285714285714285,0.76581743005655,30 to 34 years
4398,38462,0.7675714285714269,0.2857142857142857,0.10529449953400111,30 to 34 years
4399,37166,0.7818571428571411,0.42857142857142855,0.19541690206738216,30 to 34 years
4400,35450,0.7675714285714269,0.2857142857142857,0.3266415620165765,30 to 34 years
4401,39333,0.7818571428571411,0.42857142857142855,0.1832074207309199,30 to 34 years
4402,32954,0.7532857142857126,0.14285714285714285,0.35327906636219664,30 to 34 years
4403,39209,0.7675714285714269,0.2857142857142857,0.7636161863635893,30 to 34 years
4404,35470,0.7532857142857126,0.14285714285714285,0.2107122792426691,30 to 34 years
4405,36459,0.7532857142857126,0.14285714285714285,0.32338506269449974,30 to 34 years
4406,36820,0.7532857142857126,0.14285714285714285,0.06871216882658698,30 to 34 years
4407,35256,0.7675714285714269,0.2857142857142857,0.4650125973121407,30 to 34 years
4408,30441,0.7675714285714269,0.2857142857142857,0.18871040053670635,30 to 34 years
4409,38981,0.7675714285714269,0.2857142857142857,0.47279917128669785,30 to 34 years
4410,36021,0.7818571428571411,0.42857142857142855,0.13931283684155454,30 to 34 years
4411,35694,0.7532857142857126,0.14285714285714285,0.9622723757015827,30 to 34 years
4412,32887,0.7532857142857126,0.14285714285714285,0.7818590565720728,30 to 34 years
4413,38409,0.8104285714285697,0.7142857142857142,0.8223832204384951,30 to 34 years
4414,35666,0.7675714285714269,0.2857142857142857,0.7882286522458951,30 to 34 years
4415,33992,0.8247142857142841,0.8571428571428571,0.520533424279531,30 to 34 years
4416,35287,0.7675714285714269,0.2857142857142857,0.5030039611884599,30 to 34 years
4417,38552,0.7675714285714269,0.2857142857142857,0.6053842849460225,30 to 34 years
4418,32384,0.7532857142857126,0.14285714285714285,0.7540829584971566,30 to 34 years
4419,30686,0.7961428571428555,0.5714285714285714,0.672842432781925,30 to 34 years
4420,38314,0.7532857142857126,0.14285714285714285,0.6561324689692639,30 to 34 years
4421,31446,0.7532857142857126,0.14285714285714285,0.7488913820611041,30 to 34 years
4422,36178,0.7818571428571411,0.42857142857142855,0.6399280555755523,30 to 34 years
4423,34784,0.7675714285714269,0.2857142857142857,0.5266269358670952,30 to 34 years
4424,31232,0.8389999999999983,1.0,0.025523197731296965,30 to 34 years
4425,37768,0.7532857142857126,0.14285714285714285,0.19504701338725655,30 to 34 years
4426,32315,0.7961428571428555,0.5714285714285714,0.8246150303076856,30 to 34 years
4427,32334,0.7818571428571411,0.42857142857142855,0.7905237268110421,30 to 34 years
4428,38113,0.8247142857142841,0.8571428571428571,0.634151270776626,30 to 34 years
4429,38854,0.7675714285714269,0.2857142857142857,0.38887142799335295,30 to 34 years
4430,31172,0.7675714285714269,0.2857142857142857,0.6098647423653103,30 to 34 years
4431,34245,0.7961428571428555,0.5714285714285714,0.5787444118785126,30 to 34 years
4432,39750,0.7961428571428555,0.5714285714285714,0.6598930652199215,30 to 34 years
4433,33717,0.8247142857142841,0.8571428571428571,0.5902444867063539,30 to 34 years
4434,38996,0.7675714285714269,0.2857142857142857,0.20790750033469274,30 to 34 years
4435,35020,0.7675714285714269,0.2857142857142857,0.5497042662214776,30 to 34 years
4436,32016,0.7961428571428555,0.5714285714285714,0.5290214108218143,30 to 34 years
4437,30436,0.8389999999999983,1.0,0.9866853080207272,30 to 34 years
4438,38801,0.8247142857142841,0.8571428571428571,0.6353494770648555,30 to 34 years
4439,39693,0.7961428571428555,0.5714285714285714,0.8308807388980953,30 to 34 years
4440,36031,0.7532857142857126,0.14285714285714285,0.3304364828126418,30 to 34 years
4441,30950,0.8389999999999983,1.0,0.19071583601038344,30 to 34 years
4442,38192,0.7818571428571411,0.42857142857142855,0.45557195630654707,30 to 34 years
4443,32221,0.7675714285714269,0.2857142857142857,0.46076638702592976,30 to 34 years
4444,36201,0.7961428571428555,0.5714285714285714,0.6242776711635668,30 to 34 years
4445,39514,0.7675714285714269,0.2857142857142857,0.037615212839807066,30 to 34 years
4446,30535,0.7532857142857126,0.14285714285714285,0.53293393059504,30 to 34 years
4447,38204,0.7675714285714269,0.2857142857142857,0.6138296671992887,30 to 34 years
4448,31414,0.7675714285714269,0.2857142857142857,0.4442741601070543,30 to 34 years
4449,36272,0.7532857142857126,0.14285714285714285,0.43742400557066996,30 to 34 years
4450,34404,0.7818571428571411,0.42857142857142855,0.9176787043639758,30 to 34 years
4451,38730,0.8104285714285697,0.7142857142857142,0.39759302510584604,30 to 34 years
4452,34426,0.8247142857142841,0.8571428571428571,0.24780464980995182,30 to 34 years
4453,37581,0.7675714285714269,0.2857142857142857,0.5898965749790793,30 to 34 years
4454,39743,0.7532857142857126,0.14285714285714285,0.4313947799136023,30 to 34 years
4455,36787,0.7961428571428555,0.5714285714285714,0.2529449348154854,30 to 34 years
4456,32495,0.7675714285714269,0.2857142857142857,0.24194856573317103,30 to 34 years
4457,35624,0.7961428571428555,0.5714285714285714,0.9069571678183708,30 to 34 years
4458,32859,0.7675714285714269,0.2857142857142857,0.7819206100668017,30 to 34 years
4459,38550,0.8389999999999983,1.0,0.8571189057333715,30 to 34 years
4460,30208,0.7961428571428555,0.5714285714285714,0.5327249988947583,30 to 34 years
4461,36794,0.7675714285714269,0.2857142857142857,0.7464877536220602,30 to 34 years
4462,31409,0.7675714285714269,0.2857142857142857,0.4155440085890976,30 to 34 years
4463,30795,0.7675714285714269,0.2857142857142857,0.8836896087703099,30 to 34 years
4464,31267,0.7818571428571411,0.42857142857142855,0.7608873066587983,30 to 34 years
4465,31564,0.7961428571428555,0.5714285714285714,0.05460364816339752,30 to 34 years
4466,39454,0.7818571428571411,0.42857142857142855,0.7271590374795366,30 to 34 years
4467,31303,0.7675714285714269,0.2857142857142857,0.6142808779508757,30 to 34 years
4468,33016,0.8247142857142841,0.8571428571428571,0.19894709248945314,30 to 34 years
4469,31604,0.7532857142857126,0.14285714285714285,0.9056222437550037,30 to 34 years
4470,34780,0.8247142857142841,0.8571428571428571,0.3124313637023717,30 to 34 years
4471,33047,0.7961428571428555,0.5714285714285714,0.2413398480430189,30 to 34 years
4472,32182,0.8389999999999983,1.0,0.28290727465355797,30 to 34 years
4473,30536,0.7675714285714269,0.2857142857142857,0.7026450752268563,30 to 34 years
4474,32551,0.7675714285714269,0.2857142857142857,0.3640486948886281,30 to 34 years
4475,33543,0.7675714285714269,0.2857142857142857,0.25070073042760455,30 to 34 years
4476,37315,0.7532857142857126,0.14285714285714285,0.7723032770941498,30 to 34 years
4477,33451,0.7818571428571411,0.42857142857142855,0.7522123512862218,30 to 34 years
4478,36577,0.8389999999999983,1.0,0.6156108065392265,30 to 34 years
4479,31867,0.7675714285714269,0.2857142857142857,0.0019375952234014227,30 to 34 years
4480,37799,-0.03845628571428723,0.14285714285714285,0.3408687527751002,30 to 34 years
4481,34870,0.8247142857142841,0.8571428571428571,0.4776479816215132,30 to 34 years
4482,31569,0.7675714285714269,0.2857142857142857,0.25838569022227137,30 to 34 years
4483,32779,0.7675714285714269,0.2857142857142857,0.30629052153125436,30 to 34 years
4484,32418,0.7961428571428555,0.5714285714285714,0.9688222656133225,30 to 34 years
4485,38966,0.7675714285714269,0.2857142857142857,0.3966240549532253,30 to 34 years
4486,37932,0.7532857142857126,0.14285714285714285,0.916619874481176,30 to 34 years
4487,33131,0.7532857142857126,0.14285714285714285,0.1805568203149412,30 to 34 years
4488,38175,0.7675714285714269,0.2857142857142857,0.3384155377890925,30 to 34 years
4489,38611,0.8247142857142841,0.8571428571428571,0.24117866289170337,30 to 34 years
4490,36330,0.7532857142857126,0.14285714285714285,0.3921142159344515,30 to 34 years
4491,36867,0.7532857142857126,0.14285714285714285,0.3208038537493556,30 to 34 years
4492,33902,0.7675714285714269,0.2857142857142857,0.06696471578329616,30 to 34 years
4493,39503,0.7675714285714269,0.2857142857142857,0.430778576918297,30 to 34 years
4494,33223,0.8389999999999983,1.0,0.7266166157248786,30 to 34 years
4495,36463,0.8247142857142841,0.8571428571428571,0.48208539590653654,30 to 34 years
4496,31291,0.7532857142857126,0.14285714285714285,0.6265391100339727,30 to 34 years
4497,33338,0.8389999999999983,1.0,0.11066545829783164,30 to 34 years
4498,34772,0.8104285714285697,0.7142857142857142,0.5241185194348984,30 to 34 years
4499,36589,0.7961428571428555,0.5714285714285714,0.08620881386837043,30 to 34 years
4500,37622,0.8104285714285697,0.7142857142857142,0.6663285793130802,30 to 34 years
4501,32351,0.7532857142857126,0.14285714285714285,0.39362442714137535,30 to 34 years
4502,39966,0.02614291428571261,0.14285714285714285,0.12300957972265175,30 to 34 years
4503,30690,0.7675714285714269,0.2857142857142857,0.09743474584430595,30 to 34 years
4504,33360,0.7675714285714269,0.2857142857142857,0.983654774112928,30 to 34 years
4505,38775,0.7818571428571411,0.42857142857142855,0.9452729364974772,30 to 34 years
4506,32966,0.8104285714285697,0.7142857142857142,0.812892684701203,30 to 34 years
4507,36312,0.7961428571428555,0.5714285714285714,0.004449677579771216,30 to 34 years
4508,37871,0.7961428571428555,0.5714285714285714,0.9985707864758115,30 to 34 years
4509,37787,0.7532857142857126,0.14285714285714285,0.11935717703022913,30 to 34 years
4510,37542,0.7675714285714269,0.2857142857142857,0.450446270524172,30 to 34 years
4511,39763,0.7961428571428555,0.5714285714285714,0.7974585374250145,30 to 34 years
4512,33426,0.7532857142857126,0.14285714285714285,0.5372737332868992,30 to 34 years
4513,31747,0.7961428571428555,0.5714285714285714,0.8244709890296216,30 to 34 years
4514,36476,0.7675714285714269,0.2857142857142857,0.4960102949398036,30 to 34 years
4515,32468,0.8247142857142841,0.8571428571428571,0.9080641421654201,30 to 34 years
4516,32225,0.7532857142857126,0.14285714285714285,0.6255255330545517,30 to 34 years
4517,39487,0.7675714285714269,0.2857142857142857,0.6078462307948965,30 to 34 years
4518,33335,0.7532857142857126,0.14285714285714285,0.9218146545013028,30 to 34 years
4519,39748,0.7961428571428555,0.5714285714285714,0.6313023340785864,30 to 34 years
4520,35865,0.8247142857142841,0.8571428571428571,0.9686456385130198,30 to 34 years
4521,36091,0.7961428571428555,0.5714285714285714,0.7874429102143985,30 to 34 years
4522,34943,0.7961428571428555,0.5714285714285714,0.00609440667197636,30 to 34 years
4523,38787,0.7532857142857126,0.14285714285714285,0.7751766616600434,30 to 34 years
4524,39925,0.8247142857142841,0.8571428571428571,0.3098917881864609,30 to 34 years
4525,33041,0.7675714285714269,0.2857142857142857,0.9363112551876218,30 to 34 years
4526,35361,0.7961428571428555,0.5714285714285714,0.4645713747942968,30 to 34 years
4527,34423,0.8104285714285697,0.7142857142857142,0.4426925258435805,30 to 34 years
4528,32151,0.8389999999999983,1.0,0.17468317958355778,30 to 34 years
4529,32790,0.8104285714285697,0.7142857142857142,0.09561893237343949,30 to 34 years
4530,35173,0.7818571428571411,0.42857142857142855,0.9328732802042428,30 to 34 years
4531,36058,0.8389999999999983,1.0,0.5220133872771866,30 to 34 years
4532,32845,0.7532857142857126,0.14285714285714285,0.413719262965707,30 to 34 years
4533,39206,0.7818571428571411,0.42857142857142855,0.716422813592211,30 to 34 years
4534,32442,0.8389999999999983,1.0,0.6028979525593928,30 to 34 years
4535,35325,0.7532857142857126,0.14285714285714285,0.13098049332284678,30 to 34 years
4536,39996,-0.02601828571428611,0.14285714285714285,0.007933233714624621,30 to 34 years
4537,31987,0.7961428571428555,0.5714285714285714,0.1554746211932196,30 to 34 years
4538,38105,0.8247142857142841,0.8571428571428571,0.25183994219963496,30 to 34 years
4539,38310,0.7961428571428555,0.5714285714285714,0.21929708916533547,30 to 34 years
4540,36036,0.7532857142857126,0.14285714285714285,0.650207445688419,30 to 34 years
4541,33115,0.8104285714285697,0.7142857142857142,0.760226403657467,30 to 34 years
4542,38837,0.8247142857142841,0.8571428571428571,0.6825114361754684,30 to 34 years
4543,32955,0.7961428571428555,0.5714285714285714,0.25877549559506724,30 to 34 years
4544,35971,0.8389999999999983,1.0,0.020233532012395528,30 to 34 years
4545,37895,0.7961428571428555,0.5714285714285714,0.6836434203953438,30 to 34 years
4546,34019,0.7532857142857126,0.14285714285714285,0.5248443971172242,30 to 34 years
4547,31555,0.7675714285714269,0.2857142857142857,0.6686704622962939,30 to 34 years
4548,36083,0.7675714285714269,0.2857142857142857,0.622114539363619,30 to 34 years
4549,39188,0.7532857142857126,0.14285714285714285,0.43965880147329806,30 to 34 years
4550,36331,0.7675714285714269,0.2857142857142857,0.6295713708658524,30 to 34 years
4551,31222,0.7675714285714269,0.2857142857142857,0.15845152864364476,30 to 34 years
4552,31573,0.7961428571428555,0.5714285714285714,0.25440859598895865,30 to 34 years
4553,30938,0.7818571428571411,0.42857142857142855,0.3182308566133376,30 to 34 years
4554,34003,0.7675714285714269,0.2857142857142857,0.6798541815134416,30 to 34 years
4555,37762,0.7961428571428555,0.5714285714285714,0.6610306946661972,30 to 34 years
4556,31685,0.7532857142857126,0.14285714285714285,0.3494357032329235,30 to 34 years
4557,38941,0.8389999999999983,1.0,0.4888949366889735,30 to 34 years
4558,32292,0.7818571428571411,0.42857142857142855,0.526932861910769,30 to 34 years
4559,35281,0.7532857142857126,0.14285714285714285,0.13007655854493405,30 to 34 years
4560,37977,0.7675714285714269,0.2857142857142857,0.29020541645877795,30 to 34 years
4561,38964,0.8247142857142841,0.8571428571428571,0.15493956664540853,30 to 34 years
4562,39177,0.7961428571428555,0.5714285714285714,0.21481545572279798,30 to 34 years
4563,34598,0.7961428571428555,0.5714285714285714,0.1977159567574976,30 to 34 years
4564,37857,0.8389999999999983,1.0,0.999635998635727,30 to 34 years
4565,36735,0.7675714285714269,0.2857142857142857,0.9395467681029994,30 to 34 years
4566,38719,0.7818571428571411,0.42857142857142855,0.6609285978769196,30 to 34 years
4567,36658,0.7532857142857126,0.14285714285714285,0.45454932231629375,30 to 34 years
4568,30876,0.8247142857142841,0.8571428571428571,0.6767257578972625,30 to 34 years
4569,31887,0.7961428571428555,0.5714285714285714,0.604174098775283,30 to 34 years
4570,37265,0.7961428571428555,0.5714285714285714,0.6368285481809355,30 to 34 years
4571,32694,0.8247142857142841,0.8571428571428571,0.11726537835877904,30 to 34 years
4572,37533,0.8247142857142841,0.8571428571428571,0.6885908844113947,30 to 34 years
4573,32485,0.7675714285714269,0.2857142857142857,0.3264377144349766,30 to 34 years
4574,35541,0.7675714285714269,0.2857142857142857,0.6343271005427153,30 to 34 years
4575,36493,0.7532857142857126,0.14285714285714285,0.022978758350306827,30 to 34 years
4576,38295,0.7961428571428555,0.5714285714285714,0.6161764179433762,30 to 34 years
4577,32570,0.7675714285714269,0.2857142857142857,0.7609011543145298,30 to 34 years
4578,34793,0.7675714285714269,0.2857142857142857,0.8058866729378774,30 to 34 years
4579,30210,0.7675714285714269,0.2857142857142857,0.3102427860398063,30 to 34 years
4580,32856,0.8389999999999983,1.0,0.8466532058493998,30 to 34 years
4581,31877,-0.19091279571428624,0.14285714285714285,0.11384423070142446,30 to 34 years
4582,34751,0.7961428571428555,0.5714285714285714,0.033839438508598385,30 to 34 years
4583,39620,0.7818571428571411,0.42857142857142855,0.18595588059822687,30 to 34 years
4584,38997,0.8247142857142841,0.8571428571428571,0.8845656181052302,30 to 34 years
4585,36764,0.7675714285714269,0.2857142857142857,0.5740331075062679,30 to 34 years
4586,35308,0.7532857142857126,0.14285714285714285,0.7546072508267132,30 to 34 years
4587,35908,0.8389999999999983,1.0,0.8568750719678864,30 to 34 years
4588,30743,0.8247142857142841,0.8571428571428571,0.9708881925065143,30 to 34 years
4589,32704,0.7818571428571411,0.42857142857142855,0.0966858153446723,30 to 34 years
4590,36996,0.7818571428571411,0.42857142857142855,0.7939181003077835,30 to 34 years
4591,39225,0.7961428571428555,0.5714285714285714,0.5890248632173423,30 to 34 years
4592,33152,0.7675714285714269,0.2857142857142857,0.016886942589461884,30 to 34 years
4593,30955,0.7675714285714269,0.2857142857142857,0.24541031779885358,30 to 34 years
4594,31801,0.7675714285714269,0.2857142857142857,0.40146691200603,30 to 34 years
4595,34872,0.8104285714285697,0.7142857142857142,0.7312440670900658,30 to 34 years
4596,34509,0.7532857142857126,0.14285714285714285,0.5135132903206067,30 to 34 years
4597,36526,0.7961428571428555,0.5714285714285714,0.35626567723313696,30 to 34 years
4598,31474,0.8104285714285697,0.7142857142857142,0.37268765907473667,30 to 34 years
4599,33568,0.7675714285714269,0.2857142857142857,0.35721327470565256,30 to 34 years
4600,37714,0.7818571428571411,0.42857142857142855,0.638961486002976,30 to 34 years
4601,36134,0.7675714285714269,0.2857142857142857,0.4190101612055799,30 to 34 years
4602,34666,0.7675714285714269,0.2857142857142857,0.4256204313494124,30 to 34 years
4603,36796,0.8104285714285697,0.7142857142857142,0.446450403131993,30 to 34 years
4604,33289,0.7961428571428555,0.5714285714285714,0.5561296823558108,30 to 34 years
4605,35728,0.7675714285714269,0.2857142857142857,0.12472599040958543,30 to 34 years
4606,35326,0.7532857142857126,0.14285714285714285,0.6653770111331876,30 to 34 years
4607,32948,0.7675714285714269,0.2857142857142857,0.49587511016938807,30 to 34 years
4608,31700,0.7675714285714269,0.2857142857142857,0.3204290921138273,30 to 34 years
4609,39104,0.7961428571428555,0.5714285714285714,0.7706186769689941,30 to 34 years
4610,34349,0.7961428571428555,0.5714285714285714,0.0478110385708132,30 to 34 years
4611,36800,0.7532857142857126,0.14285714285714285,0.1770223345128185,30 to 34 years
4612,39413,0.8247142857142841,0.8571428571428571,0.03731514655306345,30 to 34 years
4613,30369,0.8104285714285697,0.7142857142857142,0.21082827603887616,30 to 34 years
4614,33206,0.7961428571428555,0.5714285714285714,0.3396285108888504,30 to 34 years
4615,38143,0.7675714285714269,0.2857142857142857,0.5261996675134631,30 to 34 years
4616,35410,0.8247142857142841,0.8571428571428571,0.1768397891202796,30 to 34 years
4617,32287,0.7961428571428555,0.5714285714285714,0.2208258507636956,30 to 34 years
4618,37015,0.8389999999999983,1.0,0.5367372064539803,30 to 34 years
4619,38875,0.7818571428571411,0.42857142857142855,0.4099473217158674,30 to 34 years
4620,35658,0.7818571428571411,0.42857142857142855,0.39412273029549266,30 to 34 years
4621,35637,0.7532857142857126,0.14285714285714285,0.5600401699301356,30 to 34 years
4622,39607,0.7532857142857126,0.14285714285714285,0.9728871885920638,30 to 34 years
4623,31978,0.7675714285714269,0.2857142857142857,0.7710667312633612,30 to 34 years
4624,37439,0.8389999999999983,1.0,0.45950766931480247,30 to 34 years
4625,36064,0.7961428571428555,0.5714285714285714,0.4505055039377105,30 to 34 years
4626,36270,0.7818571428571411,0.42857142857142855,0.5853274035487721,30 to 34 years
4627,33305,0.8247142857142841,0.8571428571428571,0.42708899690856295,30 to 34 years
4628,30585,0.7961428571428555,0.5714285714285714,0.5930849414044918,30 to 34 years
4629,38536,0.7961428571428555,0.5714285714285714,0.3707187112167022,30 to 34 years
4630,35192,0.7675714285714269,0.2857142857142857,0.7945287680910489,30 to 34 years
4631,32416,0.8389999999999983,1.0,0.8729134484222536,30 to 34 years
4632,34088,0.7675714285714269,0.2857142857142857,0.9444356461422285,30 to 34 years
4633,39853,0.7042857142857125,0.14285714285714285,0.5163480515321361,30 to 34 years
4634,32253,0.8104285714285697,0.7142857142857142,0.7043735184940237,30 to 34 years
4635,39673,0.8389999999999983,1.0,0.7027488153965651,30 to 34 years
4636,31316,0.7675714285714269,0.2857142857142857,0.9804305271801796,30 to 34 years
4637,36551,0.8247142857142841,0.8571428571428571,0.4511848174344661,30 to 34 years
4638,36012,0.7961428571428555,0.5714285714285714,0.39355691746743904,30 to 34 years
4639,33668,0.7961428571428555,0.5714285714285714,0.9666920652628708,30 to 34 years
4640,33559,0.7961428571428555,0.5714285714285714,0.5081990223400291,30 to 34 years
4641,37278,0.8389999999999983,1.0,0.3941487471666401,30 to 34 years
4642,34682,0.7961428571428555,0.5714285714285714,0.6141826610223404,30 to 34 years
4643,30716,0.7961428571428555,0.5714285714285714,0.5487787055880777,30 to 34 years
4644,31274,0.7532857142857126,0.14285714285714285,0.41852364239049966,30 to 34 years
4645,31904,0.7675714285714269,0.2857142857142857,0.10043446138439843,30 to 34 years
4646,37283,0.8104285714285697,0.7142857142857142,0.12160769129919657,30 to 34 years
4647,32390,0.7675714285714269,0.2857142857142857,0.48374293769026566,30 to 34 years
4648,35799,0.7675714285714269,0.2857142857142857,0.5815952832699399,30 to 34 years
4649,34317,0.7675714285714269,0.2857142857142857,0.7667266759762856,30 to 34 years
4650,37353,0.7675714285714269,0.2857142857142857,0.6671854913875411,30 to 34 years
4651,38282,0.7532857142857126,0.14285714285714285,0.689733584528813,30 to 34 years
4652,35970,0.7818571428571411,0.42857142857142855,0.7552198126272747,30 to 34 years
4653,38222,0.7961428571428555,0.5714285714285714,0.2038168343774956,30 to 34 years
4654,33079,0.7961428571428555,0.5714285714285714,0.7413078132967592,30 to 34 years
4655,35945,0.8247142857142841,0.8571428571428571,0.23302917725163103,30 to 34 years
4656,34138,0.7675714285714269,0.2857142857142857,0.6116607060099101,30 to 34 years
4657,37472,0.8247142857142841,0.8571428571428571,0.7294029164126401,30 to 34 years
4658,30853,0.8247142857142841,0.8571428571428571,0.4508191673101293,30 to 34 years
4659,39172,0.8247142857142841,0.8571428571428571,0.008713162491979065,30 to 34 years
4660,34814,0.7532857142857126,0.14285714285714285,0.8786455013217213,30 to 34 years
4661,37503,0.7675714285714269,0.2857142857142857,0.46686265888498896,30 to 34 years
4662,37408,0.7675714285714269,0.2857142857142857,0.36865154969560987,30 to 34 years
4663,35881,0.7961428571428555,0.5714285714285714,0.3533397116643343,30 to 34 years
4664,35097,0.7818571428571411,0.42857142857142855,0.4423246406956201,30 to 34 years
4665,31417,0.8104285714285697,0.7142857142857142,0.2840440152829477,30 to 34 years
4666,34253,0.7961428571428555,0.5714285714285714,0.46211665843719507,30 to 34 years
4667,35986,0.7961428571428555,0.5714285714285714,0.6526359975590825,30 to 34 years
4668,38570,0.7961428571428555,0.5714285714285714,0.37820387977534853,30 to 34 years
4669,34333,0.7961428571428555,0.5714285714285714,0.9867566599243676,30 to 34 years
4670,35019,0.7675714285714269,0.2857142857142857,0.9417347039259385,30 to 34 years
4671,37980,0.7675714285714269,0.2857142857142857,0.019820044915741852,30 to 34 years
4672,32999,0.7818571428571411,0.42857142857142855,0.5242476515341632,30 to 34 years
4673,37527,0.8389999999999983,1.0,0.37985640285603195,30 to 34 years
4674,34515,0.8247142857142841,0.8571428571428571,0.7147998492615546,30 to 34 years
4675,32655,0.7532857142857126,0.14285714285714285,0.3691281975305254,30 to 34 years
4676,36560,0.7675714285714269,0.2857142857142857,0.7067558197864425,30 to 34 years
4677,30614,0.8247142857142841,0.8571428571428571,0.05257224536111299,30 to 34 years
4678,30688,0.7961428571428555,0.5714285714285714,0.07934456378445687,30 to 34 years
4679,32840,0.7675714285714269,0.2857142857142857,0.41241880757768534,30 to 34 years
4680,32406,0.8389999999999983,1.0,0.06616168729479666,30 to 34 years
4681,36604,0.7961428571428555,0.5714285714285714,0.3064894139217374,30 to 34 years
4682,35228,0.7961428571428555,0.5714285714285714,0.5521595059875304,30 to 34 years
4683,34303,0.7675714285714269,0.2857142857142857,0.6559707414910022,30 to 34 years
4684,30586,0.7532857142857126,0.14285714285714285,0.07467919022273323,30 to 34 years
4685,37562,0.7818571428571411,0.42857142857142855,0.0322805306764794,30 to 34 years
4686,30336,0.7961428571428555,0.5714285714285714,0.04547629932714575,30 to 34 years
4687,34653,0.7961428571428555,0.5714285714285714,0.9092336811958653,30 to 34 years
4688,39237,0.7532857142857126,0.14285714285714285,0.18267199336040713,30 to 34 years
4689,37662,0.7961428571428555,0.5714285714285714,0.094163275578523,30 to 34 years
4690,31974,0.8247142857142841,0.8571428571428571,0.7573035471848464,30 to 34 years
4691,31848,0.8247142857142841,0.8571428571428571,0.6126139814153184,30 to 34 years
4692,30584,0.8247142857142841,0.8571428571428571,0.08268058841459297,30 to 34 years
4693,39430,0.7675714285714269,0.2857142857142857,0.21785331410389475,30 to 34 years
4694,35579,0.7675714285714269,0.2857142857142857,0.6708397067380036,30 to 34 years
4695,35413,0.8389999999999983,1.0,0.6825166228363346,30 to 34 years
4696,36285,0.7818571428571411,0.42857142857142855,0.6342469941641319,30 to 34 years
4697,32095,-0.12370368341428718,0.14285714285714285,0.5450943095514122,30 to 34 years
4698,34990,0.7818571428571411,0.42857142857142855,0.43818991708502625,30 to 34 years
4699,37321,0.7675714285714269,0.2857142857142857,0.07333630491886006,30 to 34 years
4700,32915,0.8247142857142841,0.8571428571428571,0.6106529289910854,30 to 34 years
4701,38276,0.7961428571428555,0.5714285714285714,0.009530528880578815,30 to 34 years
4702,31061,0.7532857142857126,0.14285714285714285,0.6840023984800968,30 to 34 years
4703,30241,0.7961428571428555,0.5714285714285714,0.573171379037365,30 to 34 years
4704,38275,0.8104285714285697,0.7142857142857142,0.4592483309234859,30 to 34 years
4705,39836,0.7961428571428555,0.5714285714285714,0.5451570997431598,30 to 34 years
4706,36492,0.7532857142857126,0.14285714285714285,0.7707494059791116,30 to 34 years
4707,35963,0.8389999999999983,1.0,0.08937691308158241,30 to 34 years
4708,37743,0.7675714285714269,0.2857142857142857,0.07487677448814195,30 to 34 years
4709,33149,0.7961428571428555,0.5714285714285714,0.11558274968804333,30 to 34 years
4710,31309,0.7532857142857126,0.14285714285714285,0.8727784795061406,30 to 34 years
4711,39791,0.7675714285714269,0.2857142857142857,0.28411587432929036,30 to 34 years
4712,31741,0.7961428571428555,0.5714285714285714,0.6700926303838841,30 to 34 years
4713,35626,0.7532857142857126,0.14285714285714285,0.41199582747906094,30 to 34 years
4714,38993,0.7532857142857126,0.14285714285714285,0.9968585358041846,30 to 34 years
4715,32041,0.8104285714285697,0.7142857142857142,0.30064866088958675,30 to 34 years
4716,36347,0.7675714285714269,0.2857142857142857,0.3503220066890146,30 to 34 years
4717,30480,0.7532857142857126,0.14285714285714285,0.3195097708084069,30 to 34 years
4718,33698,0.7532857142857126,0.14285714285714285,0.9947313289493576,30 to 34 years
4719,34770,0.7818571428571411,0.42857142857142855,0.015231140670845633,30 to 34 years
4720,31342,0.7675714285714269,0.2857142857142857,0.7454803653736104,30 to 34 years
4721,31930,0.7818571428571411,0.42857142857142855,0.010903651627610866,30 to 34 years
4722,35059,-0.038854785714286806,0.14285714285714285,0.3328880946847357,30 to 34 years
4723,32962,0.8247142857142841,0.8571428571428571,0.6047726170027915,30 to 34 years
4724,35856,0.7675714285714269,0.2857142857142857,0.7125682550456145,30 to 34 years
4725,36838,0.8389999999999983,1.0,0.6018074866869657,30 to 34 years
4726,32452,0.7675714285714269,0.2857142857142857,0.5252026836096034,30 to 34 years
4727,39497,0.8247142857142841,0.8571428571428571,0.7930394026943259,30 to 34 years
4728,36927,0.7961428571428555,0.5714285714285714,0.48565513510012465,30 to 34 years
4729,30776,0.8247142857142841,0.8571428571428571,0.08591672542110179,30 to 34 years
4730,34151,0.7532857142857126,0.14285714285714285,0.07444986009489113,30 to 34 years
4731,36854,0.7675714285714269,0.2857142857142857,0.25243162572334193,30 to 34 years
4732,32327,0.7532857142857126,0.14285714285714285,0.9123700001095434,30 to 34 years
4733,36364,0.8247142857142841,0.8571428571428571,0.4779437442473145,30 to 34 years
4734,36836,0.8247142857142841,0.8571428571428571,0.7133255213996188,30 to 34 years
4735,36024,0.7961428571428555,0.5714285714285714,0.5020223209240485,30 to 34 years
4736,36154,0.7675714285714269,0.2857142857142857,0.8871058884494514,30 to 34 years
4737,38108,0.7961428571428555,0.5714285714285714,0.2870818999375178,30 to 34 years
4738,35194,0.7961428571428555,0.5714285714285714,0.20928384613405415,30 to 34 years
4739,31917,0.7675714285714269,0.2857142857142857,0.31181622783499785,30 to 34 years
4740,33927,0.7675714285714269,0.2857142857142857,0.32847192165606987,30 to 34 years
4741,38768,0.8389999999999983,1.0,0.18784162850490782,30 to 34 years
4742,34310,0.7675714285714269,0.2857142857142857,0.4354760060980877,30 to 34 years
4743,36355,0.7818571428571411,0.42857142857142855,0.2232172688802614,30 to 34 years
4744,35140,0.7961428571428555,0.5714285714285714,0.1308053739999384,30 to 34 years
4745,31219,0.7818571428571411,0.42857142857142855,0.2590004144806586,30 to 34 years
4746,34089,0.7818571428571411,0.42857142857142855,0.9698326814298158,30 to 34 years
4747,39647,0.7532857142857126,0.14285714285714285,0.7381324034690653,30 to 34 years
4748,38741,0.7675714285714269,0.2857142857142857,0.912181642389522,30 to 34 years
4749,34999,0.7532857142857126,0.14285714285714285,0.7721026476038834,30 to 34 years
4750,34649,0.7961428571428555,0.5714285714285714,0.5207471607179007,30 to 34 years
4751,37623,0.7961428571428555,0.5714285714285714,0.6508883127511579,30 to 34 years
4752,32520,0.7961428571428555,0.5714285714285714,0.6525084241601031,30 to 34 years
4753,31540,0.7818571428571411,0.42857142857142855,0.16780431195859113,30 to 34 years
4754,36246,0.7961428571428555,0.5714285714285714,0.5775396251445836,30 to 34 years
4755,39056,0.7961428571428555,0.5714285714285714,0.9891104971748617,30 to 34 years
4756,32354,0.7675714285714269,0.2857142857142857,0.4942812093272616,30 to 34 years
4757,32166,0.7961428571428555,0.5714285714285714,0.05007656668706428,30 to 34 years
4758,37947,0.7961428571428555,0.5714285714285714,0.8613267984775519,30 to 34 years
4759,30261,0.8247142857142841,0.8571428571428571,0.32398171656076663,30 to 34 years
4760,33006,0.7818571428571411,0.42857142857142855,0.5952883776505755,30 to 34 years
4761,31115,0.8247142857142841,0.8571428571428571,0.6141844766036519,30 to 34 years
4762,32534,0.7961428571428555,0.5714285714285714,0.6853426054820296,30 to 34 years
4763,30408,0.8389999999999983,1.0,0.17725440946845422,30 to 34 years
4764,30388,0.7675714285714269,0.2857142857142857,0.43845313976088107,30 to 34 years
4765,32164,0.7675714285714269,0.2857142857142857,0.49744127616138667,30 to 34 years
4766,32588,0.8247142857142841,0.8571428571428571,0.9659030824700261,30 to 34 years
4767,31534,0.8389999999999983,1.0,0.43891189553877685,30 to 34 years
4768,34468,0.7532857142857126,0.14285714285714285,0.2898405746556806,30 to 34 years
4769,31040,0.7675714285714269,0.2857142857142857,0.9081069793175764,30 to 34 years
4770,34122,0.7961428571428555,0.5714285714285714,0.46587333523451335,30 to 34 years
4771,37051,0.7675714285714269,0.2857142857142857,0.798936818070457,30 to 34 years
4772,36518,0.7675714285714269,0.2857142857142857,0.6303236173487866,30 to 34 years
4773,37993,0.8247142857142841,0.8571428571428571,0.024049795480760472,30 to 34 years
4774,30736,0.7818571428571411,0.42857142857142855,0.3159006192642194,30 to 34 years
4775,38592,0.7532857142857126,0.14285714285714285,0.4936883543605224,30 to 34 years
4776,38242,0.7818571428571411,0.42857142857142855,0.4040190074706227,30 to 34 years
4777,38381,0.7961428571428555,0.5714285714285714,0.5698641310723547,30 to 34 years
4778,32344,0.7961428571428555,0.5714285714285714,0.6711047576358453,30 to 34 years
4779,31047,0.7532857142857126,0.14285714285714285,0.5179781407085904,30 to 34 years
4780,31441,0.8247142857142841,0.8571428571428571,0.3684106811991378,30 to 34 years
4781,37195,0.7675714285714269,0.2857142857142857,0.547470840618342,30 to 34 years
4782,36214,0.7675714285714269,0.2857142857142857,0.0988427798626414,30 to 34 years
4783,32033,0.7675714285714269,0.2857142857142857,0.560145312799358,30 to 34 years
4784,35291,0.7675714285714269,0.2857142857142857,0.2659230789616691,30 to 34 years
4785,36812,0.7818571428571411,0.42857142857142855,0.17997559376370464,30 to 34 years
4786,34722,0.7961428571428555,0.5714285714285714,0.18520358908778412,30 to 34 years
4787,37646,0.8389999999999983,1.0,0.7346117319202589,30 to 34 years
4788,35718,0.7532857142857126,0.14285714285714285,0.4985055835345112,30 to 34 years
4789,33512,0.7532857142857126,0.14285714285714285,0.5575240275317087,30 to 34 years
4790,33936,0.7532857142857126,0.14285714285714285,0.6902040326919895,30 to 34 years
4791,33363,0.8389999999999983,1.0,0.9425945151492664,30 to 34 years
4792,39969,0.7961428571428555,0.5714285714285714,0.7137590476001653,30 to 34 years
4793,34717,0.7675714285714269,0.2857142857142857,0.34993239848441055,30 to 34 years
4794,30119,-0.09093582171428699,0.14285714285714285,0.4836424898212475,30 to 34 years
4795,36530,0.7675714285714269,0.2857142857142857,0.3435356201279155,30 to 34 years
4796,33981,0.7675714285714269,0.2857142857142857,0.6232556897357902,30 to 34 years
4797,34340,0.7532857142857126,0.14285714285714285,0.6742662571545746,30 to 34 years
4798,39437,0.7675714285714269,0.2857142857142857,0.2513467213763527,30 to 34 years
4799,36689,0.8247142857142841,0.8571428571428571,0.2538936277652614,30 to 34 years
4800,35083,0.7532857142857126,0.14285714285714285,0.05234491013997994,30 to 34 years
4801,37860,0.8389999999999983,1.0,0.8398271452700413,30 to 34 years
4802,37270,0.7818571428571411,0.42857142857142855,0.4843166846869235,30 to 34 years
4803,30131,0.7961428571428555,0.5714285714285714,0.8966587140570739,30 to 34 years
4804,34195,0.7532857142857126,0.14285714285714285,0.8732619781204106,30 to 34 years
4805,30314,0.7532857142857126,0.14285714285714285,0.2777564705427955,30 to 34 years
4806,30197,0.8247142857142841,0.8571428571428571,0.6830498860154482,30 to 34 years
4807,30790,0.7675714285714269,0.2857142857142857,0.7818711030958212,30 to 34 years
4808,34695,0.7675714285714269,0.2857142857142857,0.7482101011973635,30 to 34 years
4809,39594,0.7961428571428555,0.5714285714285714,0.7574833300509443,30 to 34 years
4810,37425,0.7532857142857126,0.14285714285714285,0.5713358507532657,30 to 34 years
4811,31528,0.7532857142857126,0.14285714285714285,0.4917328970366637,30 to 34 years
4812,34319,0.0,0.14285714285714285,0.32463433576856726,30 to 34 years
4813,30041,0.7961428571428555,0.5714285714285714,0.7918094499644428,30 to 34 years
4814,32864,0.7675714285714269,0.2857142857142857,0.49708767546854726,30 to 34 years
4815,33349,0.8389999999999983,1.0,0.5853143412528377,30 to 34 years
4816,34802,0.7675714285714269,0.2857142857142857,0.03542654891078312,30 to 34 years
4817,35331,0.8247142857142841,0.8571428571428571,0.520853517020667,30 to 34 years
4818,31649,0.7675714285714269,0.2857142857142857,0.09164927740038875,30 to 34 years
4819,35086,0.7961428571428555,0.5714285714285714,0.7650977492347503,30 to 34 years
4820,31104,0.8104285714285697,0.7142857142857142,0.7205179881869107,30 to 34 years
4821,37764,0.7532857142857126,0.14285714285714285,0.6336930657265187,30 to 34 years
4822,35154,0.8104285714285697,0.7142857142857142,0.5128566490828311,30 to 34 years
4823,35222,0.7675714285714269,0.2857142857142857,0.1708581384695057,30 to 34 years
4824,30800,0.7961428571428555,0.5714285714285714,0.22111248955341334,30 to 34 years
4825,38904,0.7961428571428555,0.5714285714285714,0.724552331431958,30 to 34 years
4826,38767,0.8389999999999983,1.0,0.7413349031789639,30 to 34 years
4827,32763,0.7532857142857126,0.14285714285714285,0.1798511545663939,30 to 34 years
4828,32170,0.7675714285714269,0.2857142857142857,0.8224652085823664,30 to 34 years
4829,31880,-0.009155120114286201,0.14285714285714285,0.36589454072160066,30 to 34 years
4830,30894,0.7818571428571411,0.42857142857142855,0.9719857983248424,30 to 34 years
4831,37905,0.7961428571428555,0.5714285714285714,0.11121410195262577,30 to 34 years
4832,34630,0.7961428571428555,0.5714285714285714,0.7352862384064082,30 to 34 years
4833,33850,0.7818571428571411,0.42857142857142855,0.10850519933492886,30 to 34 years
4834,39478,0.7532857142857126,0.14285714285714285,0.485465807755565,30 to 34 years
4835,37837,0.7675714285714269,0.2857142857142857,0.02523157223282535,30 to 34 years
4836,32579,0.7675714285714269,0.2857142857142857,0.21840122548513763,30 to 34 years
4837,34730,0.0,0.2857142857142857,0.2305330306120097,30 to 34 years
4838,38328,0.7675714285714269,0.2857142857142857,0.06553926862276599,30 to 34 years
4839,32174,-0.016267649350650962,0.14285714285714285,0.16111275755799664,30 to 34 years
4840,32084,0.7675714285714269,0.2857142857142857,0.10829935189689355,30 to 34 years
4841,37525,0.7961428571428555,0.5714285714285714,0.2696579049110389,30 to 34 years
4842,31229,0.7675714285714269,0.2857142857142857,0.6928652464683602,30 to 34 years
4843,32750,0.8247142857142841,0.8571428571428571,0.4899120878698052,30 to 34 years
4844,33735,0.7961428571428555,0.5714285714285714,0.9699775843744496,30 to 34 years
4845,39284,0.7818571428571411,0.42857142857142855,0.8347424388693456,30 to 34 years
4846,31664,0.7532857142857126,0.14285714285714285,0.4081649134024553,30 to 34 years
4847,33185,0.7532857142857126,0.14285714285714285,0.36171584123389633,30 to 34 years
4848,32593,0.7961428571428555,0.5714285714285714,0.45752115500627494,30 to 34 years
4849,37580,0.7961428571428555,0.5714285714285714,0.686677339228545,30 to 34 years
4850,38127,0.7961428571428555,0.5714285714285714,0.3748771124876661,30 to 34 years
4851,34535,0.7961428571428555,0.5714285714285714,0.637937753133168,30 to 34 years
4852,39102,0.7675714285714269,0.2857142857142857,0.7810467928451686,30 to 34 years
4853,34859,0.7532857142857126,0.14285714285714285,0.3806978515752595,30 to 34 years
4854,30522,0.7818571428571411,0.42857142857142855,0.6654193968459957,30 to 34 years
4855,32054,0.7675714285714269,0.2857142857142857,0.2650840369385827,30 to 34 years
4856,34320,0.7675714285714269,0.2857142857142857,0.23476466477505525,30 to 34 years
4857,32062,0.7961428571428555,0.5714285714285714,0.12051282607177799,30 to 34 years
4858,37518,0.7532857142857126,0.14285714285714285,0.8364230498065821,30 to 34 years
4859,39506,0.7961428571428555,0.5714285714285714,0.6241708150178134,30 to 34 years
4860,32613,0.7961428571428555,0.5714285714285714,0.3961032338225352,30 to 34 years
4861,38170,0.8247142857142841,0.8571428571428571,0.34236014310762286,30 to 34 years
4862,38660,0.8389999999999983,1.0,0.6163188700819623,30 to 34 years
4863,37955,0.7675714285714269,0.2857142857142857,0.18681642700816942,30 to 34 years
4864,39379,0.7961428571428555,0.5714285714285714,0.7087088371936117,30 to 34 years
4865,30745,0.7532857142857126,0.14285714285714285,0.7152510150484597,30 to 34 years
4866,39694,0.8389999999999983,1.0,0.3298679417596019,30 to 34 years
4867,39165,0.7731428571428525,0.5714285714285714,0.5679453109528195,35 to 39 years
4868,35688,0.7445714285714239,0.2857142857142857,0.7219360966762953,35 to 39 years
4869,32293,0.7731428571428525,0.5714285714285714,0.2363106401250611,35 to 39 years
4870,32305,0.801714285714281,0.8571428571428571,0.6676274622654638,35 to 39 years
4871,33891,0.801714285714281,0.8571428571428571,0.6275918945343361,35 to 39 years
4872,30217,0.7302857142857095,0.14285714285714285,0.5965641090828678,35 to 39 years
4873,34533,0.801714285714281,0.8571428571428571,0.7975803086983739,35 to 39 years
4874,30488,0.7731428571428525,0.5714285714285714,0.5811762398244864,35 to 39 years
4875,31112,0.7588571428571381,0.42857142857142855,0.4960901636311819,35 to 39 years
4876,30876,0.801714285714281,0.8571428571428571,0.6767257578972625,35 to 39 years
4877,32589,0.801714285714281,0.8571428571428571,0.8965610288660415,35 to 39 years
4878,33140,0.7731428571428525,0.5714285714285714,0.601351746959458,35 to 39 years
4879,38581,0.7874285714285667,0.7142857142857142,0.6807519997672072,35 to 39 years
4880,39234,0.7731428571428525,0.5714285714285714,0.9271635262765894,35 to 39 years
4881,37481,0.7302857142857095,0.14285714285714285,0.23003416725530856,35 to 39 years
4882,37132,0.7445714285714239,0.2857142857142857,0.3614739617850919,35 to 39 years
4883,35500,0.7445714285714239,0.2857142857142857,0.46786542699857886,35 to 39 years
4884,38198,0.7445714285714239,0.2857142857142857,0.6513070545530361,35 to 39 years
4885,36208,0.7445714285714239,0.2857142857142857,0.7331287715137451,35 to 39 years
4886,35276,0.801714285714281,0.8571428571428571,0.3593817087373287,35 to 39 years
4887,39584,0.7731428571428525,0.5714285714285714,0.6317138691514742,35 to 39 years
4888,39836,0.7731428571428525,0.5714285714285714,0.5451570997431598,35 to 39 years
4889,33689,0.7731428571428525,0.5714285714285714,0.773351871640054,35 to 39 years
4890,38484,0.7445714285714239,0.2857142857142857,0.06616333008024955,35 to 39 years
4891,37683,0.7731428571428525,0.5714285714285714,0.13089927563912773,35 to 39 years
4892,35025,0.7445714285714239,0.2857142857142857,0.9154625261621301,35 to 39 years
4893,36119,0.801714285714281,0.8571428571428571,0.0660687960768731,35 to 39 years
4894,32505,0.7445714285714239,0.2857142857142857,0.7280778442357136,35 to 39 years
4895,32818,0.8159999999999953,1.0,0.8371165497246357,35 to 39 years
4896,30631,0.7445714285714239,0.2857142857142857,0.8097564091306351,35 to 39 years
4897,39969,0.7731428571428525,0.5714285714285714,0.7137590476001653,35 to 39 years
4898,38808,0.7731428571428525,0.5714285714285714,0.7528556500495018,35 to 39 years
4899,30280,0.801714285714281,0.8571428571428571,0.326578380058851,35 to 39 years
4900,38420,0.7445714285714239,0.2857142857142857,0.7531259669464079,35 to 39 years
4901,36344,0.7731428571428525,0.5714285714285714,0.12883520299842238,35 to 39 years
4902,32610,0.7731428571428525,0.5714285714285714,0.2176219532510298,35 to 39 years
4903,39489,0.7588571428571381,0.42857142857142855,0.9683467268184158,35 to 39 years
4904,39914,0.7445714285714239,0.2857142857142857,0.7262747362482731,35 to 39 years
4905,31966,0.801714285714281,0.8571428571428571,0.6405231342969125,35 to 39 years
4906,33634,0.7731428571428525,0.5714285714285714,0.1418657848456183,35 to 39 years
4907,33777,0.801714285714281,0.8571428571428571,0.3523534366343543,35 to 39 years
4908,30410,0.7302857142857095,0.14285714285714285,0.16956081326146455,35 to 39 years
4909,38646,0.7874285714285667,0.7142857142857142,0.4128223591456728,35 to 39 years
4910,37566,0.7445714285714239,0.2857142857142857,0.4151230153640813,35 to 39 years
4911,31903,0.801714285714281,0.8571428571428571,0.03741020616281443,35 to 39 years
4912,39091,0.7445714285714239,0.2857142857142857,0.9981586434851364,35 to 39 years
4913,36228,0.7731428571428525,0.5714285714285714,0.5589204535889648,35 to 39 years
4914,30546,0.801714285714281,0.8571428571428571,0.9548467482662031,35 to 39 years
4915,36845,0.7445714285714239,0.2857142857142857,0.2000988534183194,35 to 39 years
4916,32073,0.6812857142857095,0.14285714285714285,0.7320061761860308,35 to 39 years
4917,37901,0.7731428571428525,0.5714285714285714,0.6438242667000794,35 to 39 years
4918,34308,0.7731428571428525,0.5714285714285714,0.7035945300098702,35 to 39 years
4919,38832,0.7445714285714239,0.2857142857142857,0.1602275066832688,35 to 39 years
4920,30922,0.7302857142857095,0.14285714285714285,0.3760520727120938,35 to 39 years
4921,31732,0.8159999999999953,1.0,0.12455012867455162,35 to 39 years
4922,31757,-0.07014663865546403,0.14285714285714285,0.5366719727717737,35 to 39 years
4923,30675,0.7445714285714239,0.2857142857142857,0.8666606997330317,35 to 39 years
4924,38212,0.801714285714281,0.8571428571428571,0.907790740200914,35 to 39 years
4925,37520,0.7302857142857095,0.14285714285714285,0.9400018408883432,35 to 39 years
4926,32961,0.7588571428571381,0.42857142857142855,0.5147868956539942,35 to 39 years
4927,33966,0.7731428571428525,0.5714285714285714,0.008133228955344629,35 to 39 years
4928,38861,0.8159999999999953,1.0,0.468374322192798,35 to 39 years
4929,33451,0.7588571428571381,0.42857142857142855,0.7522123512862218,35 to 39 years
4930,33348,0.7445714285714239,0.2857142857142857,0.6514429741242141,35 to 39 years
4931,38299,0.801714285714281,0.8571428571428571,0.3350213478691384,35 to 39 years
4932,33779,0.801714285714281,0.8571428571428571,0.791279357157004,35 to 39 years
4933,34775,0.7731428571428525,0.5714285714285714,0.5193301676432185,35 to 39 years
4934,35104,0.7731428571428525,0.5714285714285714,0.7956469805220892,35 to 39 years
4935,37930,0.7588571428571381,0.42857142857142855,0.40683005040725284,35 to 39 years
4936,35992,0.801714285714281,0.8571428571428571,0.8630048469801226,35 to 39 years
4937,39508,0.801714285714281,0.8571428571428571,0.09924531930043323,35 to 39 years
4938,31347,0.8159999999999953,1.0,0.34371513250935637,35 to 39 years
4939,32879,0.7874285714285667,0.7142857142857142,0.9523511993275342,35 to 39 years
4940,30699,0.7445714285714239,0.2857142857142857,0.19774859283947616,35 to 39 years
4941,36300,0.7588571428571381,0.42857142857142855,0.40968861582553606,35 to 39 years
4942,33327,0.7445714285714239,0.2857142857142857,0.48356912318638867,35 to 39 years
4943,38907,0.7302857142857095,0.14285714285714285,0.684446306148361,35 to 39 years
4944,35262,0.7445714285714239,0.2857142857142857,0.6965098779056711,35 to 39 years
4945,30289,0.7731428571428525,0.5714285714285714,0.3613824690665708,35 to 39 years
4946,37738,0.0,0.5714285714285714,0.9870879838533202,35 to 39 years
4947,36248,0.801714285714281,0.8571428571428571,0.19391674120479735,35 to 39 years
4948,32707,0.7445714285714239,0.2857142857142857,0.706520858754304,35 to 39 years
4949,38695,0.7302857142857095,0.14285714285714285,0.17166965972379278,35 to 39 years
4950,31623,0.7445714285714239,0.2857142857142857,0.553419477777943,35 to 39 years
4951,36145,0.7445714285714239,0.2857142857142857,0.5063601027846524,35 to 39 years
4952,37513,0.7731428571428525,0.5714285714285714,0.4486945862856473,35 to 39 years
4953,36955,0.7445714285714239,0.2857142857142857,0.429741109161406,35 to 39 years
4954,34366,0.5352857142857095,0.14285714285714285,0.07259139893294103,35 to 39 years
4955,33105,0.7302857142857095,0.14285714285714285,0.11837756006151828,35 to 39 years
4956,30124,0.7445714285714239,0.2857142857142857,0.15291986256853995,35 to 39 years
4957,38529,0.7588571428571381,0.42857142857142855,0.5857759161514078,35 to 39 years
4958,32884,0.7445714285714239,0.2857142857142857,0.18824119487160879,35 to 39 years
4959,33838,0.7731428571428525,0.5714285714285714,0.7808538159788248,35 to 39 years
4960,32225,-0.3848526486579472,0.14285714285714285,0.6255255330545517,35 to 39 years
4961,39926,-0.221991475047619,0.14285714285714285,0.0672592211641197,35 to 39 years
4962,35928,0.7302857142857095,0.14285714285714285,0.4994468745110227,35 to 39 years
4963,39547,0.7731428571428525,0.5714285714285714,0.8924449189486159,35 to 39 years
4964,35735,0.7874285714285667,0.7142857142857142,0.0986378901329461,35 to 39 years
4965,37055,0.801714285714281,0.8571428571428571,0.3771667966239972,35 to 39 years
4966,31817,0.7445714285714239,0.2857142857142857,0.6411678678864241,35 to 39 years
4967,39449,0.7302857142857095,0.14285714285714285,0.19996315157195355,35 to 39 years
4968,32833,0.7302857142857095,0.14285714285714285,0.5089343304917464,35 to 39 years
4969,34193,0.801714285714281,0.8571428571428571,0.7513967700159051,35 to 39 years
4970,34707,0.7731428571428525,0.5714285714285714,0.3645188391749459,35 to 39 years
4971,35582,0.7731428571428525,0.5714285714285714,0.8811963457046104,35 to 39 years
4972,39377,0.801714285714281,0.8571428571428571,0.22185754354300968,35 to 39 years
4973,33962,0.7445714285714239,0.2857142857142857,0.07230958533822895,35 to 39 years
4974,35487,0.8159999999999953,1.0,0.180539315428132,35 to 39 years
4975,35613,0.7731428571428525,0.5714285714285714,0.5130560869043603,35 to 39 years
4976,33628,0.7731428571428525,0.5714285714285714,0.9411953794764176,35 to 39 years
4977,30115,0.7445714285714239,0.2857142857142857,0.6334776843891535,35 to 39 years
4978,38565,0.7731428571428525,0.5714285714285714,0.32488757387064693,35 to 39 years
4979,33943,0.7302857142857095,0.14285714285714285,0.146714522735384,35 to 39 years
4980,37725,0.7445714285714239,0.2857142857142857,0.5227002363211052,35 to 39 years
4981,36371,0.7445714285714239,0.2857142857142857,0.22570069390511033,35 to 39 years
4982,39210,0.7302857142857095,0.14285714285714285,0.42770906998489877,35 to 39 years
4983,36324,0.7302857142857095,0.14285714285714285,0.17859650040100877,35 to 39 years
4984,37466,0.7731428571428525,0.5714285714285714,0.6463071515023411,35 to 39 years
4985,36126,0.7731428571428525,0.5714285714285714,0.6601370387745832,35 to 39 years
4986,33531,0.7731428571428525,0.5714285714285714,0.19136425806929747,35 to 39 years
4987,30740,0.7302857142857095,0.14285714285714285,0.8909003278238676,35 to 39 years
4988,36352,0.7731428571428525,0.5714285714285714,0.014014691925268052,35 to 39 years
4989,37677,0.7445714285714239,0.2857142857142857,0.9175511353544454,35 to 39 years
4990,32237,0.6812857142857095,0.14285714285714285,0.5846762962815141,35 to 39 years
4991,35448,0.7302857142857095,0.14285714285714285,0.05133959126978743,35 to 39 years
4992,32861,0.8159999999999953,1.0,0.9185395776142367,35 to 39 years
4993,36747,0.7302857142857095,0.14285714285714285,0.8039770048565745,35 to 39 years
4994,30927,0.7302857142857095,0.14285714285714285,0.842878371239559,35 to 39 years
4995,32178,0.7731428571428525,0.5714285714285714,0.9079576147872479,35 to 39 years
4996,38912,0.7731428571428525,0.5714285714285714,0.3108895708433035,35 to 39 years
4997,38400,0.8159999999999953,1.0,0.7110371606718462,35 to 39 years
4998,35886,0.801714285714281,0.8571428571428571,0.1800415617292096,35 to 39 years
4999,32336,-0.14153582171428797,0.14285714285714285,0.17582260877576839,35 to 39 years
5000,39456,0.7302857142857095,0.14285714285714285,0.6502551850222784,35 to 39 years
5001,34074,0.7731428571428525,0.5714285714285714,0.6319965631685972,35 to 39 years
5002,38930,0.7445714285714239,0.2857142857142857,0.5250493254103248,35 to 39 years
5003,33287,0.7731428571428525,0.5714285714285714,0.4637940191849443,35 to 39 years
5004,33497,0.7445714285714239,0.2857142857142857,0.22218236132848007,35 to 39 years
5005,32658,0.801714285714281,0.8571428571428571,0.5378301803356397,35 to 39 years
5006,38203,0.801714285714281,0.8571428571428571,0.5984411237555034,35 to 39 years
5007,33725,0.801714285714281,0.8571428571428571,0.11450756643084509,35 to 39 years
5008,38856,0.7445714285714239,0.2857142857142857,0.32757973269317087,35 to 39 years
5009,38193,0.7302857142857095,0.14285714285714285,0.6702398489682,35 to 39 years
5010,37839,0.7445714285714239,0.2857142857142857,0.4850779146866193,35 to 39 years
5011,35620,0.801714285714281,0.8571428571428571,0.7258007985690534,35 to 39 years
5012,36237,0.7874285714285667,0.7142857142857142,0.3616560573732942,35 to 39 years
5013,38812,0.7445714285714239,0.2857142857142857,0.44517236076715233,35 to 39 years
5014,35152,0.7445714285714239,0.2857142857142857,0.24931223105832412,35 to 39 years
5015,34183,0.7445714285714239,0.2857142857142857,0.4975706231831493,35 to 39 years
5016,30022,0.7445714285714239,0.2857142857142857,0.6692697824144811,35 to 39 years
5017,34551,0.7731428571428525,0.5714285714285714,0.3253030976080924,35 to 39 years
5018,33283,0.7445714285714239,0.2857142857142857,0.4483057550026313,35 to 39 years
5019,34733,0.7445714285714239,0.2857142857142857,0.24367150272968324,35 to 39 years
5020,36506,0.7588571428571381,0.42857142857142855,0.36715726886003,35 to 39 years
5021,32045,0.7588571428571381,0.42857142857142855,0.6556006643659568,35 to 39 years
5022,37452,0.7445714285714239,0.2857142857142857,0.6272340989495899,35 to 39 years
5023,35492,0.8159999999999953,1.0,0.17114629663680692,35 to 39 years
5024,31040,0.7445714285714239,0.2857142857142857,0.9081069793175764,35 to 39 years
5025,34946,0.7731428571428525,0.5714285714285714,0.15555122769678065,35 to 39 years
5026,31823,0.6812857142857095,0.14285714285714285,0.14235812189265235,35 to 39 years
5027,36339,0.7445714285714239,0.2857142857142857,0.5419006048212367,35 to 39 years
5028,32872,0.7731428571428525,0.5714285714285714,0.03321383671476519,35 to 39 years
5029,32726,0.7731428571428525,0.5714285714285714,0.6235162750716402,35 to 39 years
5030,32095,-0.12370368341428718,0.14285714285714285,0.5450943095514122,35 to 39 years
5031,37595,0.7731428571428525,0.5714285714285714,0.8418772083369039,35 to 39 years
5032,39726,0.7302857142857095,0.14285714285714285,0.7269489340477261,35 to 39 years
5033,33565,0.7302857142857095,0.14285714285714285,0.6917372171980769,35 to 39 years
5034,35692,0.7445714285714239,0.2857142857142857,0.014856361590004252,35 to 39 years
5035,38382,0.7731428571428525,0.5714285714285714,0.3351755753758477,35 to 39 years
5036,35963,0.8159999999999953,1.0,0.08937691308158241,35 to 39 years
5037,32785,0.8159999999999953,1.0,0.9114956529668266,35 to 39 years
5038,36342,0.7302857142857095,0.14285714285714285,0.9141898709887739,35 to 39 years
5039,37146,0.7445714285714239,0.2857142857142857,0.2326466690167136,35 to 39 years
5040,30276,0.801714285714281,0.8571428571428571,0.40807541383178875,35 to 39 years
5041,39153,0.7731428571428525,0.5714285714285714,0.9038844045315919,35 to 39 years
5042,30201,0.7445714285714239,0.2857142857142857,0.5203613891985543,35 to 39 years
5043,39097,0.801714285714281,0.8571428571428571,0.5020073515245851,35 to 39 years
5044,31656,0.7445714285714239,0.2857142857142857,0.3859792357898112,35 to 39 years
5045,35830,0.7588571428571381,0.42857142857142855,0.763136236386101,35 to 39 years
5046,37940,0.7445714285714239,0.2857142857142857,0.2600545454640074,35 to 39 years
5047,39873,0.7445714285714239,0.2857142857142857,0.10321789191936614,35 to 39 years
5048,39717,0.7445714285714239,0.2857142857142857,0.5450568743437382,35 to 39 years
5049,35712,0.7445714285714239,0.2857142857142857,0.2593896375898745,35 to 39 years
5050,32573,0.7445714285714239,0.2857142857142857,0.48752546802486113,35 to 39 years
5051,34045,0.801714285714281,0.8571428571428571,0.8384500381236133,35 to 39 years
5052,36989,0.8159999999999953,1.0,0.4085466502722649,35 to 39 years
5053,39397,0.7588571428571381,0.42857142857142855,0.4258242714687632,35 to 39 years
5054,31163,0.7445714285714239,0.2857142857142857,0.7455415362558103,35 to 39 years
5055,36577,0.8159999999999953,1.0,0.6156108065392265,35 to 39 years
5056,33401,0.7731428571428525,0.5714285714285714,0.3686108577783087,35 to 39 years
5057,36663,0.8159999999999953,1.0,0.3729758145134895,35 to 39 years
5058,32745,0.801714285714281,0.8571428571428571,0.9764347887343066,35 to 39 years
5059,36476,0.7445714285714239,0.2857142857142857,0.4960102949398036,35 to 39 years
5060,39439,0.7302857142857095,0.14285714285714285,0.39739892292997636,35 to 39 years
5061,32453,0.7445714285714239,0.2857142857142857,0.50793024634134,35 to 39 years
5062,33179,0.7445714285714239,0.2857142857142857,0.35080495316084037,35 to 39 years
5063,36537,0.7731428571428525,0.5714285714285714,0.5441155391717176,35 to 39 years
5064,33258,0.7445714285714239,0.2857142857142857,0.991647336462361,35 to 39 years
5065,37591,0.801714285714281,0.8571428571428571,0.5303166269656778,35 to 39 years
5066,38653,0.801714285714281,0.8571428571428571,0.9616266354166503,35 to 39 years
5067,35760,0.7731428571428525,0.5714285714285714,0.4742200544252172,35 to 39 years
5068,35264,0.8159999999999953,1.0,0.29101587862839606,35 to 39 years
5069,36792,0.7445714285714239,0.2857142857142857,0.5026069401758584,35 to 39 years
5070,34566,0.7588571428571381,0.42857142857142855,0.8330978928952639,35 to 39 years
5071,35126,0.801714285714281,0.8571428571428571,0.12391713688111589,35 to 39 years
5072,36959,0.7445714285714239,0.2857142857142857,0.4619316936363328,35 to 39 years
5073,33414,0.7588571428571381,0.42857142857142855,0.8152866727619311,35 to 39 years
5074,31007,0.7731428571428525,0.5714285714285714,0.1143158043226587,35 to 39 years
5075,38752,0.801714285714281,0.8571428571428571,0.7324030912142548,35 to 39 years
5076,39007,0.7302857142857095,0.14285714285714285,0.23986528392830359,35 to 39 years
5077,30292,0.7588571428571381,0.42857142857142855,0.25801782289450753,35 to 39 years
5078,34563,0.801714285714281,0.8571428571428571,0.2945265676906476,35 to 39 years
5079,37975,0.7731428571428525,0.5714285714285714,0.8201949016613739,35 to 39 years
5080,32471,0.7588571428571381,0.42857142857142855,0.32150085665833916,35 to 39 years
5081,36403,0.7445714285714239,0.2857142857142857,0.7733834782378313,35 to 39 years
5082,39279,0.801714285714281,0.8571428571428571,0.18201190279627294,35 to 39 years
5083,34113,0.7588571428571381,0.42857142857142855,0.8745213226778032,35 to 39 years
5084,34568,0.7588571428571381,0.42857142857142855,0.8800043809713771,35 to 39 years
5085,32312,0.801714285714281,0.8571428571428571,0.6848594177161045,35 to 39 years
5086,31947,0.7445714285714239,0.2857142857142857,0.7747879517453865,35 to 39 years
5087,35842,0.7445714285714239,0.2857142857142857,0.3350734172212143,35 to 39 years
5088,32112,0.8159999999999953,1.0,0.10422139408709974,35 to 39 years
5089,30759,0.801714285714281,0.8571428571428571,0.9193069390384232,35 to 39 years
5090,34804,0.7731428571428525,0.5714285714285714,0.5238531398927787,35 to 39 years
5091,35394,0.7445714285714239,0.2857142857142857,0.5125714930339946,35 to 39 years
5092,31109,0.7445714285714239,0.2857142857142857,0.22576877648807664,35 to 39 years
5093,35636,0.7302857142857095,0.14285714285714285,0.4366038436836988,35 to 39 years
5094,36210,0.801714285714281,0.8571428571428571,0.4967755013233764,35 to 39 years
5095,32006,0.7731428571428525,0.5714285714285714,0.3325868552799453,35 to 39 years
5096,33443,0.7302857142857095,0.14285714285714285,0.04844694107806152,35 to 39 years
5097,30786,0.7302857142857095,0.14285714285714285,0.9521573278276962,35 to 39 years
5098,33941,0.7302857142857095,0.14285714285714285,0.5776419573602476,35 to 39 years
5099,34771,0.7731428571428525,0.5714285714285714,0.15147201885618078,35 to 39 years
5100,34960,0.7731428571428525,0.5714285714285714,0.903571691217899,35 to 39 years
5101,32881,0.7874285714285667,0.7142857142857142,0.7124965027624703,35 to 39 years
5102,34989,0.7731428571428525,0.5714285714285714,0.040602609202814,35 to 39 years
5103,34431,0.7302857142857095,0.14285714285714285,0.07122686917960186,35 to 39 years
5104,36728,0.801714285714281,0.8571428571428571,0.7311784494731023,35 to 39 years
5105,33544,0.7445714285714239,0.2857142857142857,0.7139314523492296,35 to 39 years
5106,32472,0.7445714285714239,0.2857142857142857,0.44307390536988606,35 to 39 years
5107,38318,-0.007457034013607203,0.14285714285714285,0.7688373821505978,35 to 39 years
5108,38169,0.7445714285714239,0.2857142857142857,0.560265649915905,35 to 39 years
5109,32270,0.7588571428571381,0.42857142857142855,0.8387394535223686,35 to 39 years
5110,33668,0.7731428571428525,0.5714285714285714,0.9666920652628708,35 to 39 years
5111,32682,0.801714285714281,0.8571428571428571,0.40935374733184865,35 to 39 years
5112,39431,0.7588571428571381,0.42857142857142855,0.37778509362823476,35 to 39 years
5113,31318,0.7302857142857095,0.14285714285714285,0.046259735294226056,35 to 39 years
5114,38412,0.801714285714281,0.8571428571428571,0.11209175582206149,35 to 39 years
5115,31746,0.8159999999999953,1.0,0.5233880153529065,35 to 39 years
5116,31964,0.7445714285714239,0.2857142857142857,0.7512986370487247,35 to 39 years
5117,30616,0.7874285714285667,0.7142857142857142,0.887826763219322,35 to 39 years
5118,32467,0.7302857142857095,0.14285714285714285,0.47732759624613386,35 to 39 years
5119,39887,0.7874285714285667,0.7142857142857142,0.31515181167584216,35 to 39 years
5120,39714,0.801714285714281,0.8571428571428571,0.5101632644220869,35 to 39 years
5121,33832,0.7302857142857095,0.14285714285714285,0.180644711108004,35 to 39 years
5122,30800,0.7731428571428525,0.5714285714285714,0.22111248955341334,35 to 39 years
5123,39154,0.8159999999999953,1.0,0.10553620533225705,35 to 39 years
5124,38969,0.7445714285714239,0.2857142857142857,0.6375256039161439,35 to 39 years
5125,36667,0.7445714285714239,0.2857142857142857,0.7017041925663398,35 to 39 years
5126,35270,0.7731428571428525,0.5714285714285714,0.1649933686054192,35 to 39 years
5127,34590,0.8159999999999953,1.0,0.7746442223091494,35 to 39 years
5128,33569,0.7731428571428525,0.5714285714285714,0.36286984321486404,35 to 39 years
5129,35804,0.8159999999999953,1.0,0.20045697454630879,35 to 39 years
5130,32218,0.801714285714281,0.8571428571428571,0.7521289120768785,35 to 39 years
5131,33967,0.7445714285714239,0.2857142857142857,0.5223672555268951,35 to 39 years
5132,36242,0.7731428571428525,0.5714285714285714,0.7696441891014209,35 to 39 years
5133,36929,0.7731428571428525,0.5714285714285714,0.0746681410589361,35 to 39 years
5134,34954,0.801714285714281,0.8571428571428571,0.8863336761062108,35 to 39 years
5135,35426,0.7874285714285667,0.7142857142857142,0.601973794115333,35 to 39 years
5136,36783,0.801714285714281,0.8571428571428571,0.7760409651837279,35 to 39 years
5137,37643,0.7731428571428525,0.5714285714285714,0.5853952151039324,35 to 39 years
5138,39465,0.7731428571428525,0.5714285714285714,0.23256710408528475,35 to 39 years
5139,37569,0.7731428571428525,0.5714285714285714,0.16415855124367235,35 to 39 years
5140,30427,0.801714285714281,0.8571428571428571,0.6701891496083698,35 to 39 years
5141,34327,0.7731428571428525,0.5714285714285714,0.29437726210474185,35 to 39 years
5142,34192,0.7302857142857095,0.14285714285714285,0.10388588914304492,35 to 39 years
5143,34042,0.7731428571428525,0.5714285714285714,0.8893042758502204,35 to 39 years
5144,36725,0.7731428571428525,0.5714285714285714,0.28930528295571983,35 to 39 years
5145,30382,0.7302857142857095,0.14285714285714285,0.4001702522841402,35 to 39 years
5146,35997,0.801714285714281,0.8571428571428571,0.08841552541045034,35 to 39 years
5147,39637,0.7302857142857095,0.14285714285714285,0.4047711389630596,35 to 39 years
5148,32350,0.7445714285714239,0.2857142857142857,0.2724519833379479,35 to 39 years
5149,35879,0.7445714285714239,0.2857142857142857,0.44758915716366404,35 to 39 years
5150,33132,0.7588571428571381,0.42857142857142855,0.5943549689592726,35 to 39 years
5151,30547,0.7731428571428525,0.5714285714285714,0.514264891304085,35 to 39 years
5152,36365,0.801714285714281,0.8571428571428571,0.62402121708705,35 to 39 years
5153,39227,0.7588571428571381,0.42857142857142855,0.13938322016185356,35 to 39 years
5154,31533,0.7445714285714239,0.2857142857142857,0.17295975593565865,35 to 39 years
5155,35354,0.801714285714281,0.8571428571428571,0.2994386568608986,35 to 39 years
5156,39408,0.7731428571428525,0.5714285714285714,0.8989041872513392,35 to 39 years
5157,39284,0.7588571428571381,0.42857142857142855,0.8347424388693456,35 to 39 years
5158,30846,0.7445714285714239,0.2857142857142857,0.19597262419750217,35 to 39 years
5159,39029,0.801714285714281,0.8571428571428571,0.7327344294634995,35 to 39 years
5160,39691,0.801714285714281,0.8571428571428571,0.030949873132319006,35 to 39 years
5161,37611,0.7302857142857095,0.14285714285714285,0.5084010905187307,35 to 39 years
5162,39156,0.7445714285714239,0.2857142857142857,0.347894401289744,35 to 39 years
5163,34577,0.8159999999999953,1.0,0.45871054633633324,35 to 39 years
5164,32466,0.7445714285714239,0.2857142857142857,0.4128103624444719,35 to 39 years
5165,39802,0.7445714285714239,0.2857142857142857,0.16807223096730822,35 to 39 years
5166,37137,0.7731428571428525,0.5714285714285714,0.7168203866170719,35 to 39 years
5167,36982,0.8159999999999953,1.0,0.7148225813951135,35 to 39 years
5168,38314,0.7302857142857095,0.14285714285714285,0.6561324689692639,35 to 39 years
5169,36088,0.7445714285714239,0.2857142857142857,0.5199270497041392,35 to 39 years
5170,39968,0.7445714285714239,0.2857142857142857,0.515371770253521,35 to 39 years
5171,32514,0.7731428571428525,0.5714285714285714,0.5348603226918796,35 to 39 years
5172,37987,0.801714285714281,0.8571428571428571,0.15853460188721502,35 to 39 years
5173,36158,0.7302857142857095,0.14285714285714285,0.35698125745562237,35 to 39 years
5174,35428,0.7445714285714239,0.2857142857142857,0.3843824131769954,35 to 39 years
5175,38984,0.7445714285714239,0.2857142857142857,0.13294949976459924,35 to 39 years
5176,33337,0.8159999999999953,1.0,0.2185438049537784,35 to 39 years
5177,39360,0.801714285714281,0.8571428571428571,0.5406459566916335,35 to 39 years
5178,36639,0.7731428571428525,0.5714285714285714,0.506723341142796,35 to 39 years
5179,39593,0.7445714285714239,0.2857142857142857,0.9804606801240978,35 to 39 years
5180,39931,0.7731428571428525,0.5714285714285714,0.9658754243151713,35 to 39 years
5181,35306,0.7731428571428525,0.5714285714285714,0.78792875870174,35 to 39 years
5182,35355,0.7731428571428525,0.5714285714285714,0.10386343439425078,35 to 39 years
5183,30081,0.7445714285714239,0.2857142857142857,0.8510163026088857,35 to 39 years
5184,39307,0.7445714285714239,0.2857142857142857,0.8356421960125875,35 to 39 years
5185,35773,0.7731428571428525,0.5714285714285714,0.1494891616913928,35 to 39 years
5186,32822,0.7731428571428525,0.5714285714285714,0.2765913149103205,35 to 39 years
5187,38066,0.7731428571428525,0.5714285714285714,0.5911590511167044,35 to 39 years
5188,36223,0.801714285714281,0.8571428571428571,0.32187725160184755,35 to 39 years
5189,39670,0.7874285714285667,0.7142857142857142,0.15263331191568724,35 to 39 years
5190,35739,0.7302857142857095,0.14285714285714285,0.026633259300785972,35 to 39 years
5191,37159,0.7731428571428525,0.5714285714285714,0.8787298320686974,35 to 39 years
5192,34735,0.7445714285714239,0.2857142857142857,0.7496850525039227,35 to 39 years
5193,34930,0.7445714285714239,0.2857142857142857,0.7955497272374101,35 to 39 years
5194,33663,0.7874285714285667,0.7142857142857142,0.9875534743161609,35 to 39 years
5195,39724,0.801714285714281,0.8571428571428571,0.3872367502999359,35 to 39 years
5196,37524,0.7445714285714239,0.2857142857142857,0.354283878295259,35 to 39 years
5197,35611,0.7445714285714239,0.2857142857142857,0.5929964285257333,35 to 39 years
5198,36422,0.7445714285714239,0.2857142857142857,0.9122543331752,35 to 39 years
5199,33979,0.7588571428571381,0.42857142857142855,0.7537716787921709,35 to 39 years
5200,30521,0.801714285714281,0.8571428571428571,0.8612769772321714,35 to 39 years
5201,34802,0.7445714285714239,0.2857142857142857,0.03542654891078312,35 to 39 years
5202,30707,0.7731428571428525,0.5714285714285714,0.47054125905061184,35 to 39 years
5203,35066,0.7445714285714239,0.2857142857142857,0.5041828290552833,35 to 39 years
5204,32179,0.801714285714281,0.8571428571428571,0.7720607666465783,35 to 39 years
5205,31706,0.7445714285714239,0.2857142857142857,0.663146623193573,35 to 39 years
5206,36861,0.7445714285714239,0.2857142857142857,0.2480192070807294,35 to 39 years
5207,38831,0.7445714285714239,0.2857142857142857,0.09053687301649932,35 to 39 years
5208,36047,0.7445714285714239,0.2857142857142857,0.21769481422505876,35 to 39 years
5209,38841,0.801714285714281,0.8571428571428571,0.9587564830481969,35 to 39 years
5210,34578,0.7445714285714239,0.2857142857142857,0.4724200566328224,35 to 39 years
5211,33031,0.7302857142857095,0.14285714285714285,0.10331386056750475,35 to 39 years
5212,35302,0.7731428571428525,0.5714285714285714,0.2543108063665158,35 to 39 years
5213,34014,0.7445714285714239,0.2857142857142857,0.3962777651695565,35 to 39 years
5214,31420,0.7731428571428525,0.5714285714285714,0.2912302097642132,35 to 39 years
5215,38908,0.7302857142857095,0.14285714285714285,0.41124679749995396,35 to 39 years
5216,31430,0.801714285714281,0.8571428571428571,0.22979699609276572,35 to 39 years
5217,32016,0.7731428571428525,0.5714285714285714,0.5290214108218143,35 to 39 years
5218,36936,0.7731428571428525,0.5714285714285714,0.7994308249030564,35 to 39 years
5219,34397,0.7588571428571381,0.42857142857142855,0.18527631322345423,35 to 39 years
5220,36705,0.801714285714281,0.8571428571428571,0.46207591584420526,35 to 39 years
5221,38357,0.801714285714281,0.8571428571428571,0.4739213099659019,35 to 39 years
5222,38590,0.7731428571428525,0.5714285714285714,0.10292809572974015,35 to 39 years
5223,33210,0.801714285714281,0.8571428571428571,0.44049444675309646,35 to 39 years
5224,31194,0.7588571428571381,0.42857142857142855,0.13425281940535305,35 to 39 years
5225,38343,0.7731428571428525,0.5714285714285714,0.31225096752397646,35 to 39 years
5226,30597,0.7302857142857095,0.14285714285714285,0.6343592797117895,35 to 39 years
5227,34072,0.7445714285714239,0.2857142857142857,0.6200700394057257,35 to 39 years
5228,35369,0.7445714285714239,0.2857142857142857,0.14755048562285583,35 to 39 years
5229,39089,0.7731428571428525,0.5714285714285714,0.22132532166295021,35 to 39 years
5230,39168,0.7874285714285667,0.7142857142857142,0.7492161089351811,35 to 39 years
5231,37213,0.7874285714285667,0.7142857142857142,0.7767540830193196,35 to 39 years
5232,38512,0.7588571428571381,0.42857142857142855,0.016374847572485418,35 to 39 years
5233,32200,0.0,0.14285714285714285,0.9391695477778426,35 to 39 years
5234,32066,-0.45387355596286677,0.14285714285714285,0.2341005737638373,35 to 39 years
5235,37536,0.7731428571428525,0.5714285714285714,0.5240423641802551,35 to 39 years
5236,37521,0.7302857142857095,0.14285714285714285,0.3944646834402512,35 to 39 years
5237,31251,0.7445714285714239,0.2857142857142857,0.2122962899239932,35 to 39 years
5238,35197,0.7445714285714239,0.2857142857142857,0.5933198012930393,35 to 39 years
5239,30600,0.7588571428571381,0.42857142857142855,0.6779471462340569,35 to 39 years
5240,36494,0.7445714285714239,0.2857142857142857,0.6122055329587396,35 to 39 years
5241,38328,0.7445714285714239,0.2857142857142857,0.06553926862276599,35 to 39 years
5242,33217,0.7588571428571381,0.42857142857142855,0.9468716109841251,35 to 39 years
5243,35043,0.7731428571428525,0.5714285714285714,0.46863693364717207,35 to 39 years
5244,34542,0.7302857142857095,0.14285714285714285,0.20095255322634142,35 to 39 years
5245,30356,0.7302857142857095,0.14285714285714285,0.7224541857626122,35 to 39 years
5246,38487,-0.2935519158518872,0.14285714285714285,0.5755985576281138,35 to 39 years
5247,38849,0.7445714285714239,0.2857142857142857,0.9487495694200957,35 to 39 years
5248,30796,0.7445714285714239,0.2857142857142857,0.5704441014308794,35 to 39 years
5249,34882,0.7731428571428525,0.5714285714285714,0.5698314390725863,35 to 39 years
5250,35209,0.7445714285714239,0.2857142857142857,0.8738875466891669,35 to 39 years
5251,36480,0.7445714285714239,0.2857142857142857,0.3642095659654122,35 to 39 years
5252,33305,0.801714285714281,0.8571428571428571,0.42708899690856295,35 to 39 years
5253,37211,0.7731428571428525,0.5714285714285714,0.2745979441645627,35 to 39 years
5254,39119,0.7445714285714239,0.2857142857142857,0.7477398529012129,35 to 39 years
5255,34115,0.7445714285714239,0.2857142857142857,0.4616201964379035,35 to 39 years
5256,35249,0.7302857142857095,0.14285714285714285,0.7465544463764734,35 to 39 years
5257,31492,0.7731428571428525,0.5714285714285714,0.3016524494526942,35 to 39 years
5258,39401,0.7302857142857095,0.14285714285714285,0.4849735591771198,35 to 39 years
5259,33720,0.7302857142857095,0.14285714285714285,0.04579083385259197,35 to 39 years
5260,30399,0.8159999999999953,1.0,0.2641947532279305,35 to 39 years
5261,31188,0.7445714285714239,0.2857142857142857,0.765373885453298,35 to 39 years
5262,35240,0.8159999999999953,1.0,0.5267850488578153,35 to 39 years
5263,38464,0.7731428571428525,0.5714285714285714,0.5352082357005539,35 to 39 years
5264,34236,0.7445714285714239,0.2857142857142857,0.5904354502547589,35 to 39 years
5265,33532,0.7445714285714239,0.2857142857142857,0.5489994154016958,35 to 39 years
5266,39322,0.7588571428571381,0.42857142857142855,0.8348890851431359,35 to 39 years
5267,34828,0.7874285714285667,0.7142857142857142,0.9917352825429144,35 to 39 years
5268,38128,0.7588571428571381,0.42857142857142855,0.5895893967068043,35 to 39 years
5269,36076,0.7731428571428525,0.5714285714285714,0.23715957812271182,35 to 39 years
5270,32324,0.8159999999999953,1.0,0.7275278548450889,35 to 39 years
5271,31252,0.7445714285714239,0.2857142857142857,0.4075596274658079,35 to 39 years
5272,37624,0.801714285714281,0.8571428571428571,0.463167242363585,35 to 39 years
5273,36470,0.7445714285714239,0.2857142857142857,0.2616334738110007,35 to 39 years
5274,33072,0.7302857142857095,0.14285714285714285,0.05163770056033756,35 to 39 years
5275,32931,0.7731428571428525,0.5714285714285714,0.23281734825200634,35 to 39 years
5276,36933,0.7731428571428525,0.5714285714285714,0.8692644880868807,35 to 39 years
5277,31949,0.7445714285714239,0.2857142857142857,0.2912691470649613,35 to 39 years
5278,38806,0.801714285714281,0.8571428571428571,0.5903602570930309,35 to 39 years
5279,31536,0.7445714285714239,0.2857142857142857,0.34371175799646025,35 to 39 years
5280,34540,0.7302857142857095,0.14285714285714285,0.530681259070754,35 to 39 years
5281,30298,0.7302857142857095,0.14285714285714285,0.03563040002872764,35 to 39 years
5282,32286,-0.034221958128081036,0.14285714285714285,0.22850280894125446,35 to 39 years
5283,39569,0.7445714285714239,0.2857142857142857,0.5648116581626107,35 to 39 years
5284,34796,0.7731428571428525,0.5714285714285714,0.049562787247823425,35 to 39 years
5285,34146,0.7445714285714239,0.2857142857142857,0.8153523893093784,35 to 39 years
5286,35095,0.7302857142857095,0.14285714285714285,0.806868993511721,35 to 39 years
5287,33596,0.7445714285714239,0.2857142857142857,0.9666024992142305,35 to 39 years
5288,37022,0.7731428571428525,0.5714285714285714,0.12117896701334208,35 to 39 years
5289,31507,0.801714285714281,0.8571428571428571,0.6820098476253604,35 to 39 years
5290,37916,0.7731428571428525,0.5714285714285714,0.19122595499774403,35 to 39 years
5291,38214,0.7302857142857095,0.14285714285714285,0.760449063761766,35 to 39 years
5292,36604,0.7731428571428525,0.5714285714285714,0.3064894139217374,35 to 39 years
5293,37103,0.7445714285714239,0.2857142857142857,0.9650520754616315,35 to 39 years
5294,31006,0.7445714285714239,0.2857142857142857,0.010517808701488218,35 to 39 years
5295,38717,0.7445714285714239,0.2857142857142857,0.36834475666640365,35 to 39 years
5296,30633,0.7445714285714239,0.2857142857142857,0.7028078204094541,35 to 39 years
5297,32868,0.7588571428571381,0.42857142857142855,0.7279521949195178,35 to 39 years
5298,30917,0.7731428571428525,0.5714285714285714,0.36855372234940753,35 to 39 years
5299,30381,0.7445714285714239,0.2857142857142857,0.7301642569787489,35 to 39 years
5300,33613,0.7445714285714239,0.2857142857142857,0.32759036626460114,35 to 39 years
5301,37152,0.7445714285714239,0.2857142857142857,0.5803323239322067,35 to 39 years
5302,33153,0.7445714285714239,0.2857142857142857,0.14449792147867452,35 to 39 years
5303,35260,0.7302857142857095,0.14285714285714285,0.8566763668419737,35 to 39 years
5304,38034,0.7588571428571381,0.42857142857142855,0.2361175641559366,35 to 39 years
5305,34177,0.7588571428571381,0.42857142857142855,0.9395734528675552,35 to 39 years
5306,32428,0.7731428571428525,0.5714285714285714,0.35968610253838784,35 to 39 years
5307,34844,0.801714285714281,0.8571428571428571,0.24906065278377643,35 to 39 years
5308,33379,0.7588571428571381,0.42857142857142855,0.631242244390215,35 to 39 years
5309,38799,0.7731428571428525,0.5714285714285714,0.08563201109694596,35 to 39 years
5310,32560,0.7445714285714239,0.2857142857142857,0.4997893419429604,35 to 39 years
5311,36204,0.7302857142857095,0.14285714285714285,0.6158554099557628,35 to 39 years
5312,33405,0.8159999999999953,1.0,0.8101195813248682,35 to 39 years
5313,35861,0.7731428571428525,0.5714285714285714,0.8129282758767046,35 to 39 years
5314,37639,0.0,0.14285714285714285,0.4327045828845239,35 to 39 years
5315,38282,0.7302857142857095,0.14285714285714285,0.689733584528813,35 to 39 years
5316,31320,0.7445714285714239,0.2857142857142857,0.9391315315534403,35 to 39 years
5317,39018,0.801714285714281,0.8571428571428571,0.8003160698730006,35 to 39 years
5318,33904,0.7731428571428525,0.5714285714285714,0.6953432042165979,35 to 39 years
5319,32334,0.7588571428571381,0.42857142857142855,0.7905237268110421,35 to 39 years
5320,31147,0.7731428571428525,0.5714285714285714,0.2656846615417546,35 to 39 years
5321,33898,0.7445714285714239,0.2857142857142857,0.6958975101797095,35 to 39 years
5322,36478,0.7445714285714239,0.2857142857142857,0.9023476149067851,35 to 39 years
5323,34749,0.7731428571428525,0.5714285714285714,0.24252416613766103,35 to 39 years
5324,32678,0.7731428571428525,0.5714285714285714,0.7232964564938619,35 to 39 years
5325,38507,0.7445714285714239,0.2857142857142857,0.14866883842914852,35 to 39 years
5326,31943,0.7731428571428525,0.5714285714285714,0.9135099940664317,35 to 39 years
5327,31586,0.7731428571428525,0.5714285714285714,0.7323573833622676,35 to 39 years
5328,34296,0.7731428571428525,0.5714285714285714,0.7040255948303827,35 to 39 years
5329,32201,0.7445714285714239,0.2857142857142857,0.15593869008529443,35 to 39 years
5330,36830,0.0,0.5714285714285714,0.7551796390983855,35 to 39 years
5331,33960,0.7302857142857095,0.14285714285714285,0.04530565110324897,35 to 39 years
5332,37482,0.7445714285714239,0.2857142857142857,0.4080703608636925,35 to 39 years
5333,30640,0.8159999999999953,1.0,0.6610242026478124,35 to 39 years
5334,37126,0.8159999999999953,1.0,0.030855528751135175,35 to 39 years
5335,32271,0.7588571428571381,0.42857142857142855,0.4199035747130216,35 to 39 years
5336,34094,0.7302857142857095,0.14285714285714285,0.9102611765419738,35 to 39 years
5337,32240,0.7445714285714239,0.2857142857142857,0.6018395920575994,35 to 39 years
5338,35023,0.7302857142857095,0.14285714285714285,0.737185442269694,35 to 39 years
5339,39864,0.7731428571428525,0.5714285714285714,0.8349541698556866,35 to 39 years
5340,36449,0.7445714285714239,0.2857142857142857,0.8858203400515346,35 to 39 years
5341,30267,0.7445714285714239,0.2857142857142857,0.9913511694752788,35 to 39 years
5342,30663,0.801714285714281,0.8571428571428571,0.3468394638796716,35 to 39 years
5343,31569,0.7445714285714239,0.2857142857142857,0.25838569022227137,35 to 39 years
5344,39196,0.7445714285714239,0.2857142857142857,0.37391682475235277,35 to 39 years
5345,33033,0.7302857142857095,0.14285714285714285,0.965946351471362,35 to 39 years
5346,38847,0.7874285714285667,0.7142857142857142,0.10763836261090642,35 to 39 years
5347,38079,0.7874285714285667,0.7142857142857142,0.9129904697960535,35 to 39 years
5348,33473,0.7445714285714239,0.2857142857142857,0.9463214073256114,35 to 39 years
5349,32762,0.7588571428571381,0.42857142857142855,0.4879538340387606,35 to 39 years
5350,32768,0.7302857142857095,0.14285714285714285,0.43416066061419795,35 to 39 years
5351,38289,0.7874285714285667,0.7142857142857142,0.48239806796803875,35 to 39 years
5352,37895,0.7731428571428525,0.5714285714285714,0.6836434203953438,35 to 39 years
5353,30175,0.7588571428571381,0.42857142857142855,0.0564445606236606,35 to 39 years
5354,31025,0.801714285714281,0.8571428571428571,0.46355251618199345,35 to 39 years
5355,39869,0.7445714285714239,0.2857142857142857,0.9832128617047496,35 to 39 years
5356,33916,0.7731428571428525,0.5714285714285714,0.5472203482085699,35 to 39 years
5357,33746,0.7588571428571381,0.42857142857142855,0.03739726899024087,35 to 39 years
5358,34610,0.7302857142857095,0.14285714285714285,0.5390037289560862,35 to 39 years
5359,30567,0.801714285714281,0.8571428571428571,0.6708105134623356,35 to 39 years
5360,37807,0.7731428571428525,0.5714285714285714,0.6592313319186598,35 to 39 years
5361,31117,0.7588571428571381,0.42857142857142855,0.610929917076569,35 to 39 years
5362,39677,0.7302857142857095,0.14285714285714285,0.3572799000254099,35 to 39 years
5363,34801,0.7302857142857095,0.14285714285714285,0.2893552828339109,35 to 39 years
5364,35912,0.801714285714281,0.8571428571428571,0.5824296439447981,35 to 39 years
5365,38820,0.7302857142857095,0.14285714285714285,0.6024295467969825,35 to 39 years
5366,35147,0.7874285714285667,0.7142857142857142,0.20058046821515096,35 to 39 years
5367,30135,0.7445714285714239,0.2857142857142857,0.5259877235276258,35 to 39 years
5368,33588,0.7302857142857095,0.14285714285714285,0.6417510599912283,35 to 39 years
5369,30878,0.8159999999999953,1.0,0.04546174359051813,35 to 39 years
5370,37991,0.7588571428571381,0.42857142857142855,0.3001892609584645,35 to 39 years
5371,33037,0.7588571428571381,0.42857142857142855,0.24811424672373011,35 to 39 years
5372,35658,0.7588571428571381,0.42857142857142855,0.39412273029549266,35 to 39 years
5373,37707,0.7588571428571381,0.42857142857142855,0.7915058696878949,35 to 39 years
5374,39936,0.7445714285714239,0.2857142857142857,0.05168671952658116,35 to 39 years
5375,34876,0.7302857142857095,0.14285714285714285,0.3279458102699712,35 to 39 years
5376,31973,0.7731428571428525,0.5714285714285714,0.9814818037331505,35 to 39 years
5377,37896,0.7731428571428525,0.5714285714285714,0.5050988315477809,35 to 39 years
5378,35751,0.801714285714281,0.8571428571428571,0.2967326909694737,35 to 39 years
5379,34319,0.0,0.14285714285714285,0.32463433576856726,35 to 39 years
5380,31099,0.7731428571428525,0.5714285714285714,0.6115991051106934,35 to 39 years
5381,37804,0.0,0.2857142857142857,0.6520884918774802,35 to 39 years
5382,38677,0.801714285714281,0.8571428571428571,0.6688300015678018,35 to 39 years
5383,39082,0.801714285714281,0.8571428571428571,0.9453605239678828,35 to 39 years
5384,36496,0.7731428571428525,0.5714285714285714,0.4156612238759131,35 to 39 years
5385,33518,0.7302857142857095,0.14285714285714285,0.6592057604310495,35 to 39 years
5386,38772,0.7302857142857095,0.14285714285714285,0.1211898190573732,35 to 39 years
5387,36979,0.7731428571428525,0.5714285714285714,0.2498875424058027,35 to 39 years
5388,36740,0.801714285714281,0.8571428571428571,0.4820584799945021,35 to 39 years
5389,32616,0.7445714285714239,0.2857142857142857,0.2537225616335459,35 to 39 years
5390,37747,0.7874285714285667,0.7142857142857142,0.5426041264074594,35 to 39 years
5391,37011,0.801714285714281,0.8571428571428571,0.5549310086324674,35 to 39 years
5392,35766,0.7302857142857095,0.14285714285714285,0.21953165832567745,35 to 39 years
5393,39406,0.7445714285714239,0.2857142857142857,0.4846491311479929,35 to 39 years
5394,37131,0.7302857142857095,0.14285714285714285,0.04783957695126212,35 to 39 years
5395,35489,0.8159999999999953,1.0,0.021177251523407326,35 to 39 years
5396,32572,0.7445714285714239,0.2857142857142857,0.09725155074030145,35 to 39 years
5397,38879,0.7731428571428525,0.5714285714285714,0.7612543487504062,35 to 39 years
5398,37420,0.7731428571428525,0.5714285714285714,0.5929636129988158,35 to 39 years
5399,37528,0.7445714285714239,0.2857142857142857,0.843233639407368,35 to 39 years
5400,31216,0.7874285714285667,0.7142857142857142,0.7031397487289955,35 to 39 years
5401,39066,0.801714285714281,0.8571428571428571,0.8775353201322287,35 to 39 years
5402,36337,0.8159999999999953,1.0,0.14631166673414353,35 to 39 years
5403,30285,0.7588571428571381,0.42857142857142855,0.6789509146523443,35 to 39 years
5404,36717,0.801714285714281,0.8571428571428571,0.5868886868273687,35 to 39 years
5405,37322,0.8159999999999953,1.0,0.5549706744182361,35 to 39 years
5406,38108,0.7731428571428525,0.5714285714285714,0.2870818999375178,35 to 39 years
5407,34584,0.7445714285714239,0.2857142857142857,0.4194188200734488,35 to 39 years
5408,35425,0.801714285714281,0.8571428571428571,0.09284147000822823,35 to 39 years
5409,31948,0.7731428571428525,0.5714285714285714,0.6571431472124137,35 to 39 years
5410,39238,0.801714285714281,0.8571428571428571,0.6788386788943019,35 to 39 years
5411,31468,0.801714285714281,0.8571428571428571,0.9060374719536279,35 to 39 years
5412,36891,0.7302857142857095,0.14285714285714285,0.7665217280255383,35 to 39 years
5413,31596,0.8159999999999953,1.0,0.42379042006653067,35 to 39 years
5414,38913,0.7445714285714239,0.2857142857142857,0.3156762654066596,35 to 39 years
5415,37015,0.8159999999999953,1.0,0.5367372064539803,35 to 39 years
5416,37410,0.7302857142857095,0.14285714285714285,0.34510410089391325,35 to 39 years
5417,30568,0.801714285714281,0.8571428571428571,0.6171661815771426,35 to 39 years
5418,35107,0.7588571428571381,0.42857142857142855,0.17576960866203034,35 to 39 years
5419,33616,0.7731428571428525,0.5714285714285714,0.37871222845222563,35 to 39 years
5420,38749,0.7302857142857095,0.14285714285714285,0.40746587243684795,35 to 39 years
5421,39645,0.7302857142857095,0.14285714285714285,0.202646334734148,35 to 39 years
5422,35806,0.7731428571428525,0.5714285714285714,0.8374731524340645,35 to 39 years
5423,35893,0.7731428571428525,0.5714285714285714,0.6024514232871743,35 to 39 years
5424,33026,0.7588571428571381,0.42857142857142855,0.45620810187080296,35 to 39 years
5425,30122,0.801714285714281,0.8571428571428571,0.5587191350309968,35 to 39 years
5426,30009,0.7874285714285667,0.7142857142857142,0.10433367180074427,35 to 39 years
5427,39237,-0.21327541971428884,0.14285714285714285,0.18267199336040713,35 to 39 years
5428,35412,0.7588571428571381,0.42857142857142855,0.0468573361548541,35 to 39 years
5429,32469,0.7445714285714239,0.2857142857142857,0.8237948997957677,35 to 39 years
5430,39894,0.8159999999999953,1.0,0.09864414720588638,35 to 39 years
5431,36574,0.801714285714281,0.8571428571428571,0.41248727337514124,35 to 39 years
5432,34410,0.7731428571428525,0.5714285714285714,0.3347944563188985,35 to 39 years
5433,30021,0.7445714285714239,0.2857142857142857,0.8792114314690083,35 to 39 years
5434,32004,0.801714285714281,0.8571428571428571,0.12975258036837284,35 to 39 years
5435,37416,0.7731428571428525,0.5714285714285714,0.7029685254861053,35 to 39 years
5436,36432,0.7445714285714239,0.2857142857142857,0.13104075617901756,35 to 39 years
5437,31103,0.7588571428571381,0.42857142857142855,0.412964015658831,35 to 39 years
5438,38110,0.7731428571428525,0.5714285714285714,0.7813778050232627,35 to 39 years
5439,35564,0.7731428571428525,0.5714285714285714,0.3596437501856686,35 to 39 years
5440,32557,0.7302857142857095,0.14285714285714285,0.571951466374825,35 to 39 years
5441,36108,0.7731428571428525,0.5714285714285714,0.1742483687716233,35 to 39 years
5442,38599,0.8159999999999953,1.0,0.38935348142872245,35 to 39 years
5443,39607,0.7302857142857095,0.14285714285714285,0.9728871885920638,35 to 39 years
5444,38919,0.801714285714281,0.8571428571428571,0.9383104008664942,35 to 39 years
5445,36004,0.7588571428571381,0.42857142857142855,0.9063505402703799,35 to 39 years
5446,30047,-0.2208301353142859,0.14285714285714285,0.6695290906429232,35 to 39 years
5447,38190,0.801714285714281,0.8571428571428571,0.2822768694389085,35 to 39 years
5448,36153,0.7731428571428525,0.5714285714285714,0.43951666114753707,35 to 39 years
5449,37711,0.8159999999999953,1.0,0.4888247749015003,35 to 39 years
5450,31844,-0.3659435312342873,0.14285714285714285,0.7201698087734196,35 to 39 years
5451,38405,0.7731428571428525,0.5714285714285714,0.9244564969819122,35 to 39 years
5452,33322,0.7731428571428525,0.5714285714285714,0.8140360419813791,35 to 39 years
5453,33945,0.7731428571428525,0.5714285714285714,0.20293468477788695,35 to 39 years
5454,34649,0.7731428571428525,0.5714285714285714,0.5207471607179007,35 to 39 years
5455,30938,0.7588571428571381,0.42857142857142855,0.3182308566133376,35 to 39 years
5456,37360,0.7302857142857095,0.14285714285714285,0.3425692911954581,35 to 39 years
5457,38693,0.7874285714285667,0.7142857142857142,0.7044944194557874,35 to 39 years
5458,33773,0.7731428571428525,0.5714285714285714,0.5073970174872167,35 to 39 years
5459,38332,0.7731428571428525,0.5714285714285714,0.6180474680174963,35 to 39 years
5460,34834,0.801714285714281,0.8571428571428571,0.3880078265260303,35 to 39 years
5461,38944,0.7445714285714239,0.2857142857142857,0.30900901878776443,35 to 39 years
5462,30106,0.7731428571428525,0.5714285714285714,0.4523326575168204,35 to 39 years
5463,30324,0.801714285714281,0.8571428571428571,0.5348502275041495,35 to 39 years
5464,37894,0.7588571428571381,0.42857142857142855,0.5047355815834048,35 to 39 years
5465,33909,0.7588571428571381,0.42857142857142855,0.5394629421463215,35 to 39 years
5466,33004,0.7445714285714239,0.2857142857142857,0.2254029845591582,35 to 39 years
5467,34283,0.7731428571428525,0.5714285714285714,0.4920557784321127,35 to 39 years
5468,38681,0.801714285714281,0.8571428571428571,0.5955526379029334,35 to 39 years
5469,30286,0.7302857142857095,0.14285714285714285,0.4564357408445477,35 to 39 years
5470,33488,0.801714285714281,0.8571428571428571,0.03595237076337543,35 to 39 years
5471,34316,0.7731428571428525,0.5714285714285714,0.002479084297319023,35 to 39 years
5472,31814,-0.36775320376278753,0.14285714285714285,0.6384539010670701,35 to 39 years
5473,32963,0.8159999999999953,1.0,0.7508634890670176,35 to 39 years
5474,32143,0.7445714285714239,0.2857142857142857,0.817760910758635,35 to 39 years
5475,34340,0.7302857142857095,0.14285714285714285,0.6742662571545746,35 to 39 years
5476,35396,0.7731428571428525,0.5714285714285714,0.538488832383856,35 to 39 years
5477,39412,0.7731428571428525,0.5714285714285714,0.15963578902622283,35 to 39 years
5478,38266,0.7731428571428525,0.5714285714285714,0.3817972523210077,35 to 39 years
5479,33788,0.7072857142855317,0.14285714285714285,0.8779438623461726,40 to 44 years
5480,35444,0.7501428571426746,0.5714285714285714,0.39538095929574657,40 to 44 years
5481,38642,0.7501428571426746,0.5714285714285714,0.00637195032861082,40 to 44 years
5482,30533,0.7787142857141032,0.8571428571428571,0.2359310285722887,40 to 44 years
5483,36462,0.7072857142855317,0.14285714285714285,0.6704490518937765,40 to 44 years
5484,30301,0.7787142857141032,0.8571428571428571,0.4276988211144699,40 to 44 years
5485,32434,0.7358571428569602,0.42857142857142855,0.2632909128397045,40 to 44 years
5486,32762,0.7358571428569602,0.42857142857142855,0.4879538340387606,40 to 44 years
5487,38042,0.7787142857141032,0.8571428571428571,0.9856261629705377,40 to 44 years
5488,37320,0.721571428571246,0.2857142857142857,0.7301260788142979,40 to 44 years
5489,36611,0.7929999999998174,1.0,0.4624854259506025,40 to 44 years
5490,36150,0.7787142857141032,0.8571428571428571,0.6218743643118865,40 to 44 years
5491,30331,0.721571428571246,0.2857142857142857,0.4929164405726813,40 to 44 years
5492,33866,0.721571428571246,0.2857142857142857,0.7664741260975774,40 to 44 years
5493,37163,0.721571428571246,0.2857142857142857,0.3313733752414031,40 to 44 years
5494,39386,0.7929999999998174,1.0,0.8409433917285178,40 to 44 years
5495,34326,0.7072857142855317,0.14285714285714285,0.8659624684173566,40 to 44 years
5496,34828,0.7644285714283888,0.7142857142857142,0.9917352825429144,40 to 44 years
5497,35164,0.7358571428569602,0.42857142857142855,0.2055406416868995,40 to 44 years
5498,32756,0.7787142857141032,0.8571428571428571,0.8725870986197166,40 to 44 years
5499,35740,0.7358571428569602,0.42857142857142855,0.11611809955455393,40 to 44 years
5500,32367,0.7501428571426746,0.5714285714285714,0.12463262557345761,40 to 44 years
5501,36768,0.7929999999998174,1.0,0.6424453744017865,40 to 44 years
5502,32906,0.7501428571426746,0.5714285714285714,0.8537180191875194,40 to 44 years
5503,36641,0.7358571428569602,0.42857142857142855,0.0023479752515588315,40 to 44 years
5504,35188,0.7501428571426746,0.5714285714285714,0.7774767193727908,40 to 44 years
5505,30069,0.721571428571246,0.2857142857142857,0.3324802262842446,40 to 44 years
5506,32435,0.721571428571246,0.2857142857142857,0.3216940602158272,40 to 44 years
5507,32767,0.721571428571246,0.2857142857142857,0.5692910729615901,40 to 44 years
5508,36625,0.7358571428569602,0.42857142857142855,0.7854467998366544,40 to 44 years
5509,34137,0.7358571428569602,0.42857142857142855,0.21763189337381222,40 to 44 years
5510,30122,0.7787142857141032,0.8571428571428571,0.5587191350309968,40 to 44 years
5511,38510,0.7358571428569602,0.42857142857142855,0.26586937810923417,40 to 44 years
5512,34450,-0.030795032740685784,0.14285714285714285,0.876648870931815,40 to 44 years
5513,33377,0.7929999999998174,1.0,0.3416273138715779,40 to 44 years
5514,35586,0.0,0.7142857142857142,0.2744616769601154,40 to 44 years
5515,38181,0.721571428571246,0.2857142857142857,0.29005966038165115,40 to 44 years
5516,31431,0.7787142857141032,0.8571428571428571,0.6420505333332129,40 to 44 years
5517,31529,0.7358571428569602,0.42857142857142855,0.44636313143090695,40 to 44 years
5518,33004,0.721571428571246,0.2857142857142857,0.2254029845591582,40 to 44 years
5519,30103,-0.01149120779224718,0.14285714285714285,0.07016936561401149,40 to 44 years
5520,36837,0.7358571428569602,0.42857142857142855,0.741837902101369,40 to 44 years
5521,37470,0.07428571428553163,0.14285714285714285,0.17720362727015077,40 to 44 years
5522,31406,0.7358571428569602,0.42857142857142855,0.6903265124485458,40 to 44 years
5523,38203,0.7787142857141032,0.8571428571428571,0.5984411237555034,40 to 44 years
5524,33603,0.0,0.14285714285714285,0.43594174702295596,40 to 44 years
5525,34497,0.7501428571426746,0.5714285714285714,0.7705534641122882,40 to 44 years
5526,32310,0.7787142857141032,0.8571428571428571,0.6928628462745703,40 to 44 years
5527,33806,0.7358571428569602,0.42857142857142855,0.7744895444281672,40 to 44 years
5528,32644,0.721571428571246,0.2857142857142857,0.12483489444965923,40 to 44 years
5529,36025,0.7358571428569602,0.42857142857142855,0.8179747213838007,40 to 44 years
5530,30907,0.7358571428569602,0.42857142857142855,0.9674521844238435,40 to 44 years
5531,35938,0.721571428571246,0.2857142857142857,0.989125967057973,40 to 44 years
5532,30165,0.7072857142855317,0.14285714285714285,0.6111784652384207,40 to 44 years
5533,33867,0.7501428571426746,0.5714285714285714,0.7689516105706277,40 to 44 years
5534,34219,0.7787142857141032,0.8571428571428571,0.4328870611786124,40 to 44 years
5535,33661,0.7787142857141032,0.8571428571428571,0.949546473168557,40 to 44 years
5536,37806,0.7644285714283888,0.7142857142857142,0.9308902524611269,40 to 44 years
5537,32784,0.721571428571246,0.2857142857142857,0.21146532327952466,40 to 44 years
5538,31836,0.7501428571426746,0.5714285714285714,0.4285017923121079,40 to 44 years
5539,37690,0.7929999999998174,1.0,0.3842160734929159,40 to 44 years
5540,34203,0.7358571428569602,0.42857142857142855,0.6452858755307477,40 to 44 years
5541,38438,0.7787142857141032,0.8571428571428571,0.8316613698059541,40 to 44 years
5542,32724,0.7358571428569602,0.42857142857142855,0.13562450571423268,40 to 44 years
5543,37755,0.7501428571426746,0.5714285714285714,0.5654437652636054,40 to 44 years
5544,35154,0.7644285714283888,0.7142857142857142,0.5128566490828311,40 to 44 years
5545,31831,0.7501428571426746,0.5714285714285714,0.9225208248715612,40 to 44 years
5546,34057,0.7072857142855317,0.14285714285714285,0.33352893288290575,40 to 44 years
5547,39448,0.7072857142855317,0.14285714285714285,0.7665264821704015,40 to 44 years
5548,35973,0.721571428571246,0.2857142857142857,0.5001928728060301,40 to 44 years
5549,34922,0.7358571428569602,0.42857142857142855,0.7754481014751451,40 to 44 years
5550,32732,0.7644285714283888,0.7142857142857142,0.1295088374123809,40 to 44 years
5551,34904,0.0,0.5714285714285714,0.024192378897672562,40 to 44 years
5552,34200,0.7072857142855317,0.14285714285714285,0.24220463523593144,40 to 44 years
5553,38108,0.7501428571426746,0.5714285714285714,0.2870818999375178,40 to 44 years
5554,32964,0.721571428571246,0.2857142857142857,0.45329342877045253,40 to 44 years
5555,30458,0.7501428571426746,0.5714285714285714,0.5157416075724711,40 to 44 years
5556,34697,0.7787142857141032,0.8571428571428571,0.23895037473747271,40 to 44 years
5557,32879,0.7644285714283888,0.7142857142857142,0.9523511993275342,40 to 44 years
5558,30303,0.7358571428569602,0.42857142857142855,0.21277171427680014,40 to 44 years
5559,34150,0.7929999999998174,1.0,0.3336791526653735,40 to 44 years
5560,38539,0.721571428571246,0.2857142857142857,0.4039719374271207,40 to 44 years
5561,39366,0.7787142857141032,0.8571428571428571,0.23865297439229677,40 to 44 years
5562,31991,0.6582857142855316,0.14285714285714285,0.9413400024194338,40 to 44 years
5563,38010,0.7072857142855317,0.14285714285714285,0.19012456279495948,40 to 44 years
5564,31400,0.7501428571426746,0.5714285714285714,0.08776596235247697,40 to 44 years
5565,38460,0.7072857142855317,0.14285714285714285,0.9102861505702435,40 to 44 years
5566,38801,0.7787142857141032,0.8571428571428571,0.6353494770648555,40 to 44 years
5567,33608,0.7787142857141032,0.8571428571428571,0.8017484400928754,40 to 44 years
5568,35901,0.7787142857141032,0.8571428571428571,0.31107678696398244,40 to 44 years
5569,30573,0.721571428571246,0.2857142857142857,0.3405017275622216,40 to 44 years
5570,35898,0.7929999999998174,1.0,0.1870023588367717,40 to 44 years
5571,30525,0.7787142857141032,0.8571428571428571,0.5597824388709984,40 to 44 years
5572,38928,0.7929999999998174,1.0,0.8666023499552462,40 to 44 years
5573,31707,0.721571428571246,0.2857142857142857,0.019922550625642632,40 to 44 years
5574,38612,0.7787142857141032,0.8571428571428571,0.04426298254345329,40 to 44 years
5575,37966,0.7358571428569602,0.42857142857142855,0.5314563505553027,40 to 44 years
5576,37921,0.721571428571246,0.2857142857142857,0.32660333026260147,40 to 44 years
5577,39506,0.7501428571426746,0.5714285714285714,0.6241708150178134,40 to 44 years
5578,34251,0.7358571428569602,0.42857142857142855,0.3838948804926393,40 to 44 years
5579,37574,0.7929999999998174,1.0,0.03235725643877163,40 to 44 years
5580,30662,0.721571428571246,0.2857142857142857,0.5666113622934043,40 to 44 years
5581,30983,0.7501428571426746,0.5714285714285714,0.20967552805539574,40 to 44 years
5582,35386,0.721571428571246,0.2857142857142857,0.9385109172127147,40 to 44 years
5583,32336,-0.14153582171428797,0.14285714285714285,0.17582260877576839,40 to 44 years
5584,36100,0.7501428571426746,0.5714285714285714,0.5450994767038537,40 to 44 years
5585,35942,0.721571428571246,0.2857142857142857,0.9862420088413555,40 to 44 years
5586,31047,0.7072857142855317,0.14285714285714285,0.5179781407085904,40 to 44 years
5587,37121,0.7072857142855317,0.14285714285714285,0.14647502364716242,40 to 44 years
5588,33380,0.7072857142855317,0.14285714285714285,0.26887397972871985,40 to 44 years
5589,31728,0.7501428571426746,0.5714285714285714,0.7141372889319546,40 to 44 years
5590,34554,0.7501428571426746,0.5714285714285714,0.2779661947812333,40 to 44 years
5591,39949,0.7358571428569602,0.42857142857142855,0.38461340849023273,40 to 44 years
5592,33282,0.721571428571246,0.2857142857142857,0.967485811910155,40 to 44 years
5593,32524,0.7358571428569602,0.42857142857142855,0.22677945643308822,40 to 44 years
5594,39687,0.7358571428569602,0.42857142857142855,0.8472215545068988,40 to 44 years
5595,38871,0.7072857142855317,0.14285714285714285,0.25593465340542343,40 to 44 years
5596,34383,0.7358571428569602,0.42857142857142855,0.04087759348052783,40 to 44 years
5597,37666,0.721571428571246,0.2857142857142857,0.293541934184246,40 to 44 years
5598,38514,0.7358571428569602,0.42857142857142855,0.3751907486529788,40 to 44 years
5599,39630,0.721571428571246,0.2857142857142857,0.26742528977647634,40 to 44 years
5600,30048,0.7501428571426746,0.5714285714285714,0.46326568300514787,40 to 44 years
5601,30934,0.7787142857141032,0.8571428571428571,0.16352194639549256,40 to 44 years
5602,39421,0.721571428571246,0.2857142857142857,0.3747709738619733,40 to 44 years
5603,31762,-0.2656574159194156,0.14285714285714285,0.2837782001822246,40 to 44 years
5604,38530,-0.18678561813274894,0.14285714285714285,0.1447167337484584,40 to 44 years
5605,32009,0.7787142857141032,0.8571428571428571,0.25505983414715416,40 to 44 years
5606,38618,0.7501428571426746,0.5714285714285714,0.3277647144832956,40 to 44 years
5607,32275,0.7787142857141032,0.8571428571428571,0.9374537165818769,40 to 44 years
5608,31111,0.7501428571426746,0.5714285714285714,0.86158483965185,40 to 44 years
5609,37431,0.721571428571246,0.2857142857142857,0.30693492394179794,40 to 44 years
5610,39773,0.7501428571426746,0.5714285714285714,0.8202982107655825,40 to 44 years
5611,30250,0.7072857142855317,0.14285714285714285,0.4478997184972923,40 to 44 years
5612,38769,0.721571428571246,0.2857142857142857,0.24851839473588966,40 to 44 years
5613,33570,0.7787142857141032,0.8571428571428571,0.3996448928900236,40 to 44 years
5614,36676,0.7787142857141032,0.8571428571428571,0.7552685725856062,40 to 44 years
5615,37597,0.7787142857141032,0.8571428571428571,0.7468348941905691,40 to 44 years
5616,36660,0.7644285714283888,0.7142857142857142,0.8525899380385552,40 to 44 years
5617,35888,0.7501428571426746,0.5714285714285714,0.34879277164780753,40 to 44 years
5618,30576,0.7929999999998174,1.0,0.25604611890154405,40 to 44 years
5619,38641,0.721571428571246,0.2857142857142857,0.6215309254875294,40 to 44 years
5620,33254,0.7929999999998174,1.0,0.4338485450851888,40 to 44 years
5621,31956,-0.013941485714286335,0.14285714285714285,0.7643337670806132,40 to 44 years
5622,34007,0.7072857142855317,0.14285714285714285,0.410268638738433,40 to 44 years
5623,38164,0.721571428571246,0.2857142857142857,0.9956870957080468,40 to 44 years
5624,33561,0.7072857142855317,0.14285714285714285,0.11919004490180735,40 to 44 years
5625,37211,0.7501428571426746,0.5714285714285714,0.2745979441645627,40 to 44 years
5626,39954,0.7787142857141032,0.8571428571428571,0.1819500285328315,40 to 44 years
5627,31841,0.721571428571246,0.2857142857142857,0.46075439203239654,40 to 44 years
5628,34069,0.7501428571426746,0.5714285714285714,0.6896697834733992,40 to 44 years
5629,31628,0.721571428571246,0.2857142857142857,0.9378999669485222,40 to 44 years
5630,36692,0.721571428571246,0.2857142857142857,0.16788782422078086,40 to 44 years
5631,37738,0.0,0.5714285714285714,0.9870879838533202,40 to 44 years
5632,36299,0.7787142857141032,0.8571428571428571,0.8337081288891786,40 to 44 years
5633,36850,0.7929999999998174,1.0,0.21072776467329452,40 to 44 years
5634,33399,0.7787142857141032,0.8571428571428571,0.8683964413951539,40 to 44 years
5635,32759,0.7787142857141032,0.8571428571428571,0.7469280132373706,40 to 44 years
5636,38591,0.721571428571246,0.2857142857142857,0.7728998213759368,40 to 44 years
5637,38043,0.7501428571426746,0.5714285714285714,0.9445144882334071,40 to 44 years
5638,37693,0.721571428571246,0.2857142857142857,0.7477630362328191,40 to 44 years
5639,39860,0.7787142857141032,0.8571428571428571,0.9113934868119735,40 to 44 years
5640,35468,0.721571428571246,0.2857142857142857,0.022146597032818405,40 to 44 years
5641,36800,0.7072857142855317,0.14285714285714285,0.1770223345128185,40 to 44 years
5642,31597,0.7929999999998174,1.0,0.30584157469519896,40 to 44 years
5643,36934,0.7929999999998174,1.0,0.8644268322589141,40 to 44 years
5644,38148,0.7501428571426746,0.5714285714285714,0.2763590241083094,40 to 44 years
5645,37922,0.7787142857141032,0.8571428571428571,0.25433088152941224,40 to 44 years
5646,39063,0.7501428571426746,0.5714285714285714,0.23794180191242426,40 to 44 years
5647,38172,0.7072857142855317,0.14285714285714285,0.3152797754716875,40 to 44 years
5648,31890,0.721571428571246,0.2857142857142857,0.9755658572251986,40 to 44 years
5649,32181,0.7787142857141032,0.8571428571428571,0.8702094633632667,40 to 44 years
5650,35391,0.7787142857141032,0.8571428571428571,0.6203570848986929,40 to 44 years
5651,39778,0.721571428571246,0.2857142857142857,0.08875533951588754,40 to 44 years
5652,38220,0.7929999999998174,1.0,0.22595138700629935,40 to 44 years
5653,35902,0.721571428571246,0.2857142857142857,0.08806427746637874,40 to 44 years
5654,31220,0.7787142857141032,0.8571428571428571,0.8533799237912711,40 to 44 years
5655,36124,0.7072857142855317,0.14285714285714285,0.4885823151922438,40 to 44 years
5656,32695,0.721571428571246,0.2857142857142857,0.45346360458966595,40 to 44 years
5657,31671,-0.03692807450739132,0.14285714285714285,0.729127189161574,40 to 44 years
5658,35748,0.7787142857141032,0.8571428571428571,0.8660843913339904,40 to 44 years
5659,35101,0.7501428571426746,0.5714285714285714,0.8658146390578845,40 to 44 years
5660,38581,0.7644285714283888,0.7142857142857142,0.6807519997672072,40 to 44 years
5661,34693,0.7929999999998174,1.0,0.24532496907735618,40 to 44 years
5662,33223,0.7929999999998174,1.0,0.7266166157248786,40 to 44 years
5663,32302,0.721571428571246,0.2857142857142857,0.3787246283517297,40 to 44 years
5664,36687,0.7929999999998174,1.0,0.8894745063110341,40 to 44 years
5665,33056,0.7501428571426746,0.5714285714285714,0.3183239339381307,40 to 44 years
5666,33446,0.721571428571246,0.2857142857142857,0.5412824888338117,40 to 44 years
5667,31672,0.721571428571246,0.2857142857142857,0.34215498570084346,40 to 44 years
5668,31296,0.721571428571246,0.2857142857142857,0.028021445299846293,40 to 44 years
5669,32687,0.721571428571246,0.2857142857142857,0.38689474545775937,40 to 44 years
5670,39112,0.721571428571246,0.2857142857142857,0.9280986505811278,40 to 44 years
5671,30088,0.721571428571246,0.2857142857142857,0.4270773524172304,40 to 44 years
5672,39848,0.7501428571426746,0.5714285714285714,0.9664550345980536,40 to 44 years
5673,39301,0.7358571428569602,0.42857142857142855,0.47384291943094153,40 to 44 years
5674,34474,0.7501428571426746,0.5714285714285714,0.16750696727870146,40 to 44 years
5675,37259,0.7787142857141032,0.8571428571428571,0.7941159997916236,40 to 44 years
5676,32047,0.721571428571246,0.2857142857142857,0.0861630714772395,40 to 44 years
5677,38774,0.721571428571246,0.2857142857142857,0.06515193224768145,40 to 44 years
5678,37801,0.7358571428569602,0.42857142857142855,0.6751548865867079,40 to 44 years
5679,35145,0.7358571428569602,0.42857142857142855,0.0615683042914677,40 to 44 years
5680,38913,0.721571428571246,0.2857142857142857,0.3156762654066596,40 to 44 years
5681,38556,-0.06577546218487616,0.14285714285714285,0.9515647563628398,40 to 44 years
5682,39297,0.7787142857141032,0.8571428571428571,0.5547798990092079,40 to 44 years
5683,38929,0.721571428571246,0.2857142857142857,0.6695664897761464,40 to 44 years
5684,35249,0.7072857142855317,0.14285714285714285,0.7465544463764734,40 to 44 years
5685,32188,0.721571428571246,0.2857142857142857,0.41991940611065487,40 to 44 years
5686,37493,0.721571428571246,0.2857142857142857,0.39357612434508105,40 to 44 years
5687,38310,0.7501428571426746,0.5714285714285714,0.21929708916533547,40 to 44 years
5688,35726,0.7787142857141032,0.8571428571428571,0.2566576671953752,40 to 44 years
5689,32703,0.7072857142855317,0.14285714285714285,0.5023388051759362,40 to 44 years
5690,31470,0.7072857142855317,0.14285714285714285,0.15088266750449286,40 to 44 years
5691,31060,0.721571428571246,0.2857142857142857,0.4616955343983327,40 to 44 years
5692,31576,0.721571428571246,0.2857142857142857,0.22612898980891843,40 to 44 years
5693,38749,0.7072857142855317,0.14285714285714285,0.40746587243684795,40 to 44 years
5694,38597,0.721571428571246,0.2857142857142857,0.7833321888856173,40 to 44 years
5695,38126,0.7501428571426746,0.5714285714285714,0.084426207106854,40 to 44 years
5696,32011,0.7501428571426746,0.5714285714285714,0.8425274018933603,40 to 44 years
5697,35023,0.7072857142855317,0.14285714285714285,0.737185442269694,40 to 44 years
5698,36607,0.7644285714283888,0.7142857142857142,0.3830358213323044,40 to 44 years
5699,32553,0.7072857142855317,0.14285714285714285,0.5767765607766859,40 to 44 years
5700,33600,0.721571428571246,0.2857142857142857,0.27652370748513033,40 to 44 years
5701,33819,0.7072857142855317,0.14285714285714285,0.8103783167774518,40 to 44 years
5702,34914,0.7787142857141032,0.8571428571428571,0.7416893756118202,40 to 44 years
5703,35259,0.7929999999998174,1.0,0.4059188511114631,40 to 44 years
5704,35110,0.7929999999998174,1.0,0.032477968176895744,40 to 44 years
5705,34234,0.7929999999998174,1.0,0.615636369559869,40 to 44 years
5706,37670,-0.013972382857151765,0.14285714285714285,0.13051772708128656,40 to 44 years
5707,39101,0.7072857142855317,0.14285714285714285,0.18199897605904974,40 to 44 years
5708,34951,0.7072857142855317,0.14285714285714285,0.3541479188992521,40 to 44 years
5709,33090,0.7072857142855317,0.14285714285714285,0.8379699125602764,40 to 44 years
5710,32999,0.7358571428569602,0.42857142857142855,0.5242476515341632,40 to 44 years
5711,34735,0.721571428571246,0.2857142857142857,0.7496850525039227,40 to 44 years
5712,32133,0.721571428571246,0.2857142857142857,0.8622492644450555,40 to 44 years
5713,37157,0.7072857142855317,0.14285714285714285,0.9927252069960693,40 to 44 years
5714,30398,0.7072857142855317,0.14285714285714285,0.5430923491670149,40 to 44 years
5715,31799,0.7501428571426746,0.5714285714285714,0.42150080099045306,40 to 44 years
5716,34911,0.7072857142855317,0.14285714285714285,0.7401079644888369,40 to 44 years
5717,33107,0.7787142857141032,0.8571428571428571,0.9789440875250612,40 to 44 years
5718,33109,0.7787142857141032,0.8571428571428571,0.4173598359443653,40 to 44 years
5719,32438,0.7501428571426746,0.5714285714285714,0.2013243101511284,40 to 44 years
5720,38393,0.721571428571246,0.2857142857142857,0.8577995638712708,40 to 44 years
5721,36290,0.721571428571246,0.2857142857142857,0.2493840320656288,40 to 44 years
5722,37812,0.7787142857141032,0.8571428571428571,0.7264488983489557,40 to 44 years
5723,36650,0.7072857142855317,0.14285714285714285,0.5884391856522273,40 to 44 years
5724,36644,0.7072857142855317,0.14285714285714285,0.9879852662934616,40 to 44 years
5725,32983,0.7787142857141032,0.8571428571428571,0.26329675536111286,40 to 44 years
5726,30658,0.7787142857141032,0.8571428571428571,0.19515563796099067,40 to 44 years
5727,39869,0.721571428571246,0.2857142857142857,0.9832128617047496,40 to 44 years
5728,38154,0.7072857142855317,0.14285714285714285,0.19779807815836337,40 to 44 years
5729,33275,0.7501428571426746,0.5714285714285714,0.7664668148580134,40 to 44 years
5730,36128,0.721571428571246,0.2857142857142857,0.27539276556974035,40 to 44 years
5731,39095,0.721571428571246,0.2857142857142857,0.3528995991120381,40 to 44 years
5732,33869,0.7644285714283888,0.7142857142857142,0.8265541798607946,40 to 44 years
5733,33749,0.7787142857141032,0.8571428571428571,0.963410590631478,40 to 44 years
5734,30945,0.721571428571246,0.2857142857142857,0.5338136319906057,40 to 44 years
5735,36898,0.7501428571426746,0.5714285714285714,0.24727023806238074,40 to 44 years
5736,39088,0.7787142857141032,0.8571428571428571,0.9789143279506203,40 to 44 years
5737,32036,0.721571428571246,0.2857142857142857,0.6923729844144796,40 to 44 years
5738,39288,0.7501428571426746,0.5714285714285714,0.3300794898662421,40 to 44 years
5739,33138,0.7644285714283888,0.7142857142857142,0.37936210651653046,40 to 44 years
5740,36648,0.721571428571246,0.2857142857142857,0.0714480322534427,40 to 44 years
5741,38733,0.7501428571426746,0.5714285714285714,0.786401726900184,40 to 44 years
5742,38504,0.7501428571426746,0.5714285714285714,0.7257653908250826,40 to 44 years
5743,38315,0.721571428571246,0.2857142857142857,0.9819598328451797,40 to 44 years
5744,39158,0.7644285714283888,0.7142857142857142,0.2857182070088809,40 to 44 years
5745,30288,0.7072857142855317,0.14285714285714285,0.01573489932736316,40 to 44 years
5746,34032,0.7787142857141032,0.8571428571428571,0.6778849311679033,40 to 44 years
5747,30522,0.0,0.42857142857142855,0.6654193968459957,40 to 44 years
5748,32834,0.7644285714283888,0.7142857142857142,0.6105034954512849,40 to 44 years
5749,35447,0.7501428571426746,0.5714285714285714,0.43566340385123364,40 to 44 years
5750,34617,0.7072857142855317,0.14285714285714285,0.7271039796951558,40 to 44 years
5751,39315,0.7501428571426746,0.5714285714285714,0.8377979058186178,40 to 44 years
5752,36103,0.7501428571426746,0.5714285714285714,0.6919866099308127,40 to 44 years
5753,33277,0.721571428571246,0.2857142857142857,0.3113263940050083,40 to 44 years
5754,38617,0.7501428571426746,0.5714285714285714,0.8728976749342404,40 to 44 years
5755,33529,0.7358571428569602,0.42857142857142855,0.7779714766673156,40 to 44 years
5756,39828,0.7787142857141032,0.8571428571428571,0.7629552899784633,40 to 44 years
5757,38290,0.7787142857141032,0.8571428571428571,0.5333654678316896,40 to 44 years
5758,39657,0.7358571428569602,0.42857142857142855,0.6674907712374992,40 to 44 years
5759,38477,0.7929999999998174,1.0,0.07639360467411505,40 to 44 years
5760,34947,0.721571428571246,0.2857142857142857,0.9264363012712851,40 to 44 years
5761,33633,0.7358571428569602,0.42857142857142855,0.8300883685680445,40 to 44 years
5762,35551,0.7501428571426746,0.5714285714285714,0.14647059552034353,40 to 44 years
5763,31422,0.7501428571426746,0.5714285714285714,0.6230125772955708,40 to 44 years
5764,36095,0.721571428571246,0.2857142857142857,0.217282074414947,40 to 44 years
5765,34667,0.7501428571426746,0.5714285714285714,0.9969335138904631,40 to 44 years
5766,31729,0.7358571428569602,0.42857142857142855,0.21709193180457081,40 to 44 years
5767,39007,0.7072857142855317,0.14285714285714285,0.23986528392830359,40 to 44 years
5768,31640,0.721571428571246,0.2857142857142857,0.4204886396280604,40 to 44 years
5769,31706,0.721571428571246,0.2857142857142857,0.663146623193573,40 to 44 years
5770,32641,0.721571428571246,0.2857142857142857,0.542552443377925,40 to 44 years
5771,31282,0.721571428571246,0.2857142857142857,0.858655793847622,40 to 44 years
5772,37181,0.7501428571426746,0.5714285714285714,0.6489547800651333,40 to 44 years
5773,30338,0.7929999999998174,1.0,0.8887174537495824,40 to 44 years
5774,31902,0.721571428571246,0.2857142857142857,0.7895226265054385,40 to 44 years
5775,32733,0.7787142857141032,0.8571428571428571,0.7593739639241067,40 to 44 years
5776,30564,0.7501428571426746,0.5714285714285714,0.6822781387872141,40 to 44 years
5777,32721,0.7501428571426746,0.5714285714285714,0.2689490627188273,40 to 44 years
5778,34848,0.7072857142855317,0.14285714285714285,0.4362015679445772,40 to 44 years
5779,34799,0.7072857142855317,0.14285714285714285,0.5272773146806793,40 to 44 years
5780,31590,0.7501428571426746,0.5714285714285714,0.26666613686846513,40 to 44 years
5781,31202,0.721571428571246,0.2857142857142857,0.3410935145211158,40 to 44 years
5782,32276,0.7501428571426746,0.5714285714285714,0.5099935292520528,40 to 44 years
5783,35058,0.7358571428569602,0.42857142857142855,0.43647751697310067,40 to 44 years
5784,35040,0.7787142857141032,0.8571428571428571,0.4300534730092622,40 to 44 years
5785,34344,0.7358571428569602,0.42857142857142855,0.6167290466225822,40 to 44 years
5786,30367,0.7501428571426746,0.5714285714285714,0.6878173109261098,40 to 44 years
5787,35865,0.7787142857141032,0.8571428571428571,0.9686456385130198,40 to 44 years
5788,37567,0.7787142857141032,0.8571428571428571,0.6848345035849766,40 to 44 years
5789,37764,0.38714285714267455,0.14285714285714285,0.6336930657265187,40 to 44 years
5790,31538,0.721571428571246,0.2857142857142857,0.46030605914332035,40 to 44 years
5791,32630,0.7358571428569602,0.42857142857142855,0.3850835864590325,40 to 44 years
5792,30448,0.721571428571246,0.2857142857142857,0.21287967340742875,40 to 44 years
5793,30681,0.7501428571426746,0.5714285714285714,0.35964223706885307,40 to 44 years
5794,35156,0.7501428571426746,0.5714285714285714,0.802367206499789,40 to 44 years
5795,31059,0.721571428571246,0.2857142857142857,0.21347156366837822,40 to 44 years
5796,30891,0.721571428571246,0.2857142857142857,0.24659033587187218,40 to 44 years
5797,36646,0.721571428571246,0.2857142857142857,0.5625421565011703,40 to 44 years
5798,38077,0.7501428571426746,0.5714285714285714,0.8496157705707938,40 to 44 years
5799,37393,0.7787142857141032,0.8571428571428571,0.9475742947399162,40 to 44 years
5800,31189,0.721571428571246,0.2857142857142857,0.11088900327860546,40 to 44 years
5801,32961,0.7358571428569602,0.42857142857142855,0.5147868956539942,40 to 44 years
5802,35838,0.7787142857141032,0.8571428571428571,0.7279143620808816,40 to 44 years
5803,34552,0.7072857142855317,0.14285714285714285,0.888155605326967,40 to 44 years
5804,38546,0.7501428571426746,0.5714285714285714,0.2822902901734145,40 to 44 years
5805,38580,0.7929999999998174,1.0,0.6214125525961061,40 to 44 years
5806,30254,0.7501428571426746,0.5714285714285714,0.4921358907993012,40 to 44 years
5807,31222,0.721571428571246,0.2857142857142857,0.15845152864364476,40 to 44 years
5808,36121,0.7787142857141032,0.8571428571428571,0.5886536144169254,40 to 44 years
5809,37679,-0.4850289164321841,0.14285714285714285,0.5818057969025782,40 to 44 years
5810,39418,0.7501428571426746,0.5714285714285714,0.6128660076535685,40 to 44 years
5811,39068,0.721571428571246,0.2857142857142857,0.6229980068820969,40 to 44 years
5812,37960,0.721571428571246,0.2857142857142857,0.8629998247248327,40 to 44 years
5813,30152,0.721571428571246,0.2857142857142857,0.7122121741795464,40 to 44 years
5814,39565,0.7501428571426746,0.5714285714285714,0.45247812486412065,40 to 44 years
5815,38271,0.721571428571246,0.2857142857142857,0.6178025596606095,40 to 44 years
5816,35847,0.7787142857141032,0.8571428571428571,0.6796140055086243,40 to 44 years
5817,30471,0.7929999999998174,1.0,0.27380376672866064,40 to 44 years
5818,31033,0.721571428571246,0.2857142857142857,0.3308959753846598,40 to 44 years
5819,36910,0.7644285714283888,0.7142857142857142,0.2718590559586891,40 to 44 years
5820,34550,0.7929999999998174,1.0,0.5105777937636469,40 to 44 years
5821,33401,0.7501428571426746,0.5714285714285714,0.3686108577783087,40 to 44 years
5822,37159,0.7501428571426746,0.5714285714285714,0.8787298320686974,40 to 44 years
5823,36441,0.7929999999998174,1.0,0.6175185086376317,40 to 44 years
5824,39347,0.721571428571246,0.2857142857142857,0.2866805456167156,40 to 44 years
5825,34676,0.7787142857141032,0.8571428571428571,0.07792391657530606,40 to 44 years
5826,30809,0.7072857142855317,0.14285714285714285,0.7539435402315032,40 to 44 years
5827,31736,0.7501428571426746,0.5714285714285714,0.07982474329081263,40 to 44 years
5828,38211,0.7072857142855317,0.14285714285714285,0.9270637364228831,40 to 44 years
5829,36204,0.7072857142855317,0.14285714285714285,0.6158554099557628,40 to 44 years
5830,30255,0.721571428571246,0.2857142857142857,0.9782829567444354,40 to 44 years
5831,35659,0.7358571428569602,0.42857142857142855,0.4383222142863692,40 to 44 years
5832,32190,0.7501428571426746,0.5714285714285714,0.6208912463116529,40 to 44 years
5833,35211,0.7501428571426746,0.5714285714285714,0.9541082522388487,40 to 44 years
5834,33317,0.721571428571246,0.2857142857142857,0.7056937870989433,40 to 44 years
5835,39915,-0.41134797157592984,0.14285714285714285,0.7034961752255513,40 to 44 years
5836,35533,0.7072857142855317,0.14285714285714285,0.12029393193110732,40 to 44 years
5837,38008,0.721571428571246,0.2857142857142857,0.5155229649096853,40 to 44 years
5838,34567,0.7072857142855317,0.14285714285714285,0.8507101438667553,40 to 44 years
5839,36024,0.7501428571426746,0.5714285714285714,0.5020223209240485,40 to 44 years
5840,31410,0.7072857142855317,0.14285714285714285,0.26030736138007554,40 to 44 years
5841,35021,0.721571428571246,0.2857142857142857,0.9910137052567372,40 to 44 years
5842,32520,0.7501428571426746,0.5714285714285714,0.6525084241601031,40 to 44 years
5843,32106,-0.26837385844156,0.14285714285714285,0.17564828459787868,40 to 44 years
5844,39161,0.7787142857141032,0.8571428571428571,0.9584783346762042,40 to 44 years
5845,38173,0.7358571428569602,0.42857142857142855,0.3174299110593558,40 to 44 years
5846,30012,0.7929999999998174,1.0,0.5956139727701348,40 to 44 years
5847,38264,0.7787142857141032,0.8571428571428571,0.16571465806576174,40 to 44 years
5848,35363,0.7787142857141032,0.8571428571428571,0.48571130266870044,40 to 44 years
5849,36152,0.7501428571426746,0.5714285714285714,0.6341933120969319,40 to 44 years
5850,34514,0.7072857142855317,0.14285714285714285,0.4841979354922631,40 to 44 years
5851,38117,0.721571428571246,0.2857142857142857,0.7487946340501683,40 to 44 years
5852,31128,0.721571428571246,0.2857142857142857,0.6213817493893794,40 to 44 years
5853,37580,0.7501428571426746,0.5714285714285714,0.686677339228545,40 to 44 years
5854,39016,0.7501428571426746,0.5714285714285714,0.6229848535321258,40 to 44 years
5855,39658,0.7787142857141032,0.8571428571428571,0.6825520183300688,40 to 44 years
5856,32874,0.721571428571246,0.2857142857142857,0.42805532548830294,40 to 44 years
5857,35907,0.7358571428569602,0.42857142857142855,0.8684527863436432,40 to 44 years
5858,35055,-0.022792935714286817,0.14285714285714285,0.24317276837175933,40 to 44 years
5859,39453,0.7072857142855317,0.14285714285714285,0.5219109675106527,40 to 44 years
5860,33219,0.7501428571426746,0.5714285714285714,0.5017597116400155,40 to 44 years
5861,30123,0.7787142857141032,0.8571428571428571,0.25115176185009697,40 to 44 years
5862,33946,0.7501428571426746,0.5714285714285714,0.5691931514502104,40 to 44 years
5863,32410,-0.24928902584628312,0.14285714285714285,0.047744990305214896,40 to 44 years
5864,39580,0.7787142857141032,0.8571428571428571,0.7961708094461565,40 to 44 years
5865,31744,-0.06784982352941368,0.14285714285714285,0.3758059449523309,40 to 44 years
5866,32279,0.7358571428569602,0.42857142857142855,0.6863843574628986,40 to 44 years
5867,37219,0.7072857142855317,0.14285714285714285,0.3479991410132699,40 to 44 years
5868,31864,0.7358571428569602,0.42857142857142855,0.4286118684487833,40 to 44 years
5869,35353,0.7072857142855317,0.14285714285714285,0.46626877510950654,40 to 44 years
5870,39767,0.7072857142855317,0.14285714285714285,0.5516052410024381,40 to 44 years
5871,34653,0.7501428571426746,0.5714285714285714,0.9092336811958653,40 to 44 years
5872,32851,0.721571428571246,0.2857142857142857,0.25857215226709795,40 to 44 years
5873,35682,0.721571428571246,0.2857142857142857,0.6363117698680656,40 to 44 years
5874,30375,0.7072857142855317,0.14285714285714285,0.3709446318244924,40 to 44 years
5875,31710,0.7501428571426746,0.5714285714285714,0.9614630097578836,40 to 44 years
5876,31475,0.7787142857141032,0.8571428571428571,0.0994278200509166,40 to 44 years
5877,31218,0.7787142857141032,0.8571428571428571,0.45687405415567095,40 to 44 years
5878,34046,0.721571428571246,0.2857142857142857,0.3507997981525114,40 to 44 years
5879,35318,0.721571428571246,0.2857142857142857,0.49661412967866514,40 to 44 years
5880,38023,0.7358571428569602,0.42857142857142855,0.14488899148523465,40 to 44 years
5881,31119,0.7787142857141032,0.8571428571428571,0.13246857001794154,40 to 44 years
5882,34986,0.7929999999998174,1.0,0.40835339917239144,40 to 44 years
5883,39215,0.7358571428569602,0.42857142857142855,0.5342588647208989,40 to 44 years
5884,35638,0.721571428571246,0.2857142857142857,0.48748883025467243,40 to 44 years
5885,35811,0.7787142857141032,0.8571428571428571,0.43762534265258624,40 to 44 years
5886,31082,0.7072857142855317,0.14285714285714285,0.6110677245816596,40 to 44 years
5887,30006,-0.07466744354761953,0.14285714285714285,0.37240676643574144,40 to 44 years
5888,35804,0.7929999999998174,1.0,0.20045697454630879,40 to 44 years
5889,30835,0.7072857142855317,0.14285714285714285,0.3303568677357185,40 to 44 years
5890,33593,0.7072857142855317,0.14285714285714285,0.8706146829932686,40 to 44 years
5891,30580,0.721571428571246,0.2857142857142857,0.6037868461721323,40 to 44 years
5892,30196,0.7072857142855317,0.14285714285714285,0.4093089816479269,40 to 44 years
5893,38145,0.7072857142855317,0.14285714285714285,0.7550867146661793,40 to 44 years
5894,30908,0.7501428571426746,0.5714285714285714,0.8164816769198087,40 to 44 years
5895,37238,0.721571428571246,0.2857142857142857,0.02413813064934489,40 to 44 years
5896,35260,0.7072857142855317,0.14285714285714285,0.8566763668419737,40 to 44 years
5897,34370,0.7501428571426746,0.5714285714285714,0.16590525111192012,40 to 44 years
5898,31612,0.7787142857141032,0.8571428571428571,0.8141864208595642,40 to 44 years
5899,38790,0.7501428571426746,0.5714285714285714,0.6776897147913024,40 to 44 years
5900,32372,-0.15716343581296124,0.14285714285714285,0.22523054753035193,40 to 44 years
5901,35951,0.721571428571246,0.2857142857142857,0.42484360817928496,40 to 44 years
5902,33386,0.7501428571426746,0.5714285714285714,0.28678765137071727,40 to 44 years
5903,38379,0.721571428571246,0.2857142857142857,0.26973221667171715,40 to 44 years
5904,33675,0.7072857142855317,0.14285714285714285,0.9902840651292377,40 to 44 years
5905,36270,0.7358571428569602,0.42857142857142855,0.5853274035487721,40 to 44 years
5906,39460,0.721571428571246,0.2857142857142857,0.7914002190690618,40 to 44 years
5907,32789,0.7644285714283888,0.7142857142857142,0.08316595586553449,40 to 44 years
5908,30300,0.7358571428569602,0.42857142857142855,0.7664053348499489,40 to 44 years
5909,31013,0.7358571428569602,0.42857142857142855,0.8204640065888739,40 to 44 years
5910,38559,-0.07106910924369933,0.14285714285714285,0.6250311743948019,40 to 44 years
5911,35171,0.7787142857141032,0.8571428571428571,0.6449513324924188,40 to 44 years
5912,38995,0.7358571428569602,0.42857142857142855,0.6308994519910479,40 to 44 years
5913,38465,0.7501428571426746,0.5714285714285714,0.13586988759762642,40 to 44 years
5914,38590,0.7501428571426746,0.5714285714285714,0.10292809572974015,40 to 44 years
5915,39455,0.7358571428569602,0.42857142857142855,0.12582699395301938,40 to 44 years
5916,34442,0.7358571428569602,0.42857142857142855,0.2610240826705243,40 to 44 years
5917,32653,0.7501428571426746,0.5714285714285714,0.6276758321950334,40 to 44 years
5918,32554,0.7787142857141032,0.8571428571428571,0.19491853536677034,40 to 44 years
5919,35683,0.7501428571426746,0.5714285714285714,0.21302300130906238,40 to 44 years
5920,32324,0.7929999999998174,1.0,0.7275278548450889,40 to 44 years
5921,37161,0.7787142857141032,0.8571428571428571,0.20745620089919642,40 to 44 years
5922,37487,0.7072857142855317,0.14285714285714285,0.6322973146132412,40 to 44 years
5923,38483,0.7644285714283888,0.7142857142857142,0.9731396029896939,40 to 44 years
5924,32802,0.721571428571246,0.2857142857142857,0.6259932785550953,40 to 44 years
5925,37022,0.7501428571426746,0.5714285714285714,0.12117896701334208,40 to 44 years
5926,32843,0.721571428571246,0.2857142857142857,0.2927326840840824,40 to 44 years
5927,35252,0.7787142857141032,0.8571428571428571,0.9207374355509308,40 to 44 years
5928,39967,0.7929999999998174,1.0,0.3903985037431909,40 to 44 years
5929,39324,0.7501428571426746,0.5714285714285714,0.958821292712568,40 to 44 years
5930,39775,0.7929999999998174,1.0,0.09228100013706331,40 to 44 years
5931,36731,0.7501428571426746,0.5714285714285714,0.80812908836176,40 to 44 years
5932,36755,0.7501428571426746,0.5714285714285714,0.08642061577785148,40 to 44 years
5933,35002,0.721571428571246,0.2857142857142857,0.14766982823081137,40 to 44 years
5934,37825,-0.3216452645661443,0.14285714285714285,0.423830439899631,40 to 44 years
5935,35326,0.7072857142855317,0.14285714285714285,0.6653770111331876,40 to 44 years
5936,36068,0.7787142857141032,0.8571428571428571,0.456131213880013,40 to 44 years
5937,30475,0.7501428571426746,0.5714285714285714,0.9463727285753356,40 to 44 years
5938,30121,-0.6111223513092303,0.14285714285714285,0.5801726693167992,40 to 44 years
5939,30698,0.7072857142855317,0.14285714285714285,0.0788825490886153,40 to 44 years
5940,39002,0.7072857142855317,0.14285714285714285,0.08879146343805855,40 to 44 years
5941,37005,0.7501428571426746,0.5714285714285714,0.2926936579360482,40 to 44 years
5942,32431,0.7787142857141032,0.8571428571428571,0.7507829257679821,40 to 44 years
5943,36610,0.7501428571426746,0.5714285714285714,0.30316802868138015,40 to 44 years
5944,30173,0.7501428571426746,0.5714285714285714,0.4058126727824548,40 to 44 years
5945,34928,0.7072857142855317,0.14285714285714285,0.38621602767521535,40 to 44 years
5946,30101,0.7787142857141032,0.8571428571428571,0.40882497890617336,40 to 44 years
5947,37180,0.721571428571246,0.2857142857142857,0.024368766785042517,40 to 44 years
5948,32595,0.7501428571426746,0.5714285714285714,0.317242480050186,40 to 44 years
5949,39427,0.7501428571426746,0.5714285714285714,0.8199533701667668,40 to 44 years
5950,30952,0.7787142857141032,0.8571428571428571,0.7927279908639694,40 to 44 years
5951,39312,0.721571428571246,0.2857142857142857,0.334543435238414,40 to 44 years
5952,31761,0.7358571428569602,0.42857142857142855,0.22820072772145134,40 to 44 years
5953,35976,0.7501428571426746,0.5714285714285714,0.9329335419701115,40 to 44 years
5954,33952,0.721571428571246,0.2857142857142857,0.5888643789378424,40 to 44 years
5955,36832,0.721571428571246,0.2857142857142857,0.665392706863989,40 to 44 years
5956,34044,0.7358571428569602,0.42857142857142855,0.21193917665820794,40 to 44 years
5957,33589,0.7358571428569602,0.42857142857142855,0.25390184582072794,40 to 44 years
5958,35651,0.721571428571246,0.2857142857142857,0.2523605705535427,40 to 44 years
5959,34783,0.721571428571246,0.2857142857142857,0.42316441090992923,40 to 44 years
5960,35426,0.7644285714283888,0.7142857142857142,0.601973794115333,40 to 44 years
5961,36040,0.721571428571246,0.2857142857142857,0.6920714818452556,40 to 44 years
5962,38109,0.7072857142855317,0.14285714285714285,0.11022350819241722,40 to 44 years
5963,36992,0.7072857142855317,0.14285714285714285,0.24921874222845458,40 to 44 years
5964,36028,0.7358571428569602,0.42857142857142855,0.05616620479605561,40 to 44 years
5965,36140,0.7072857142855317,0.14285714285714285,0.07027259094757349,40 to 44 years
5966,33898,0.721571428571246,0.2857142857142857,0.6958975101797095,40 to 44 years
5967,30229,0.7358571428569602,0.42857142857142855,0.48539004346377274,40 to 44 years
5968,38065,0.7358571428569602,0.42857142857142855,0.8722362467194725,40 to 44 years
5969,34538,0.721571428571246,0.2857142857142857,0.5983930762187282,40 to 44 years
5970,39003,0.7358571428569602,0.42857142857142855,0.8819974362405916,40 to 44 years
5971,30775,0.7787142857141032,0.8571428571428571,0.7529036617420194,40 to 44 years
5972,39694,0.7929999999998174,1.0,0.3298679417596019,40 to 44 years
5973,31772,0.7358571428569602,0.42857142857142855,0.7656159354577726,40 to 44 years
5974,30960,0.7787142857141032,0.8571428571428571,0.92565887493272,40 to 44 years
5975,33935,0.7358571428569602,0.42857142857142855,0.8159092969581836,40 to 44 years
5976,32867,0.7501428571426746,0.5714285714285714,0.4516051561711299,40 to 44 years
5977,34742,0.7787142857141032,0.8571428571428571,0.928810482410193,40 to 44 years
5978,36807,0.7358571428569602,0.42857142857142855,0.5603356506283916,40 to 44 years
5979,31620,0.7787142857141032,0.8571428571428571,0.82332475214059,40 to 44 years
5980,37725,0.721571428571246,0.2857142857142857,0.5227002363211052,40 to 44 years
5981,31737,0.721571428571246,0.2857142857142857,0.5456546571041705,40 to 44 years
5982,35028,0.721571428571246,0.2857142857142857,0.527660939072421,40 to 44 years
5983,34128,0.7787142857141032,0.8571428571428571,0.37009192636539967,40 to 44 years
5984,38229,0.7787142857141032,0.8571428571428571,0.6306096649457152,40 to 44 years
5985,36371,0.721571428571246,0.2857142857142857,0.22570069390511033,40 to 44 years
5986,35157,0.721571428571246,0.2857142857142857,0.8531749812357636,40 to 44 years
5987,37637,0.7787142857141032,0.8571428571428571,0.820230972309095,40 to 44 years
5988,33078,0.7358571428569602,0.42857142857142855,0.5484657696167381,40 to 44 years
5989,36357,0.7501428571426746,0.5714285714285714,0.2747339063435787,40 to 44 years
5990,39927,0.7501428571426746,0.5714285714285714,0.39625419814162,40 to 44 years
5991,32621,0.7501428571426746,0.5714285714285714,0.3954652771899732,40 to 44 years
5992,39931,0.7501428571426746,0.5714285714285714,0.9658754243151713,40 to 44 years
5993,36895,0.7501428571426746,0.5714285714285714,0.7148542023643933,40 to 44 years
5994,39802,0.721571428571246,0.2857142857142857,0.16807223096730822,40 to 44 years
5995,31103,0.7358571428569602,0.42857142857142855,0.412964015658831,40 to 44 years
5996,34732,0.7929999999998174,1.0,0.3414309534276069,40 to 44 years
5997,39569,0.721571428571246,0.2857142857142857,0.5648116581626107,40 to 44 years
5998,32818,0.7929999999998174,1.0,0.8371165497246357,40 to 44 years
5999,31823,0.6582857142855316,0.14285714285714285,0.14235812189265235,40 to 44 years
6000,38699,0.7501428571426746,0.5714285714285714,0.47598945475615045,40 to 44 years
6001,37604,0.7929999999998174,1.0,0.41782253827492094,40 to 44 years
6002,36856,0.7072857142855317,0.14285714285714285,0.6758260994882176,40 to 44 years
6003,36301,0.7787142857141032,0.8571428571428571,0.2613113998160312,40 to 44 years
6004,36106,0.7501428571426746,0.5714285714285714,0.28126168955333597,40 to 44 years
6005,35770,0.7072857142855317,0.14285714285714285,0.5106832138047235,40 to 44 years
6006,30171,0.7358571428569602,0.42857142857142855,0.5657776130954606,40 to 44 years
6007,31789,-0.21183226475428713,0.14285714285714285,0.5145660624785312,40 to 44 years
6008,35464,0.7358571428569602,0.42857142857142855,0.44662647842074915,40 to 44 years
6009,31525,0.721571428571246,0.2857142857142857,0.9308215794044479,40 to 44 years
6010,32266,-0.015964040705214393,0.14285714285714285,0.5808153249168528,40 to 44 years
6011,35409,0.721571428571246,0.2857142857142857,0.5601063791207808,40 to 44 years
6012,32656,0.721571428571246,0.2857142857142857,0.5233709330103331,40 to 44 years
6013,36724,0.7787142857141032,0.8571428571428571,0.2448783750473063,40 to 44 years
6014,38537,0.7501428571426746,0.5714285714285714,0.7139461233543554,40 to 44 years
6015,30369,0.7644285714283888,0.7142857142857142,0.21082827603887616,40 to 44 years
6016,32318,0.7358571428569602,0.42857142857142855,0.51167840556039,40 to 44 years
6017,39463,0.7501428571426746,0.5714285714285714,0.7201770474453449,40 to 44 years
6018,36159,0.7072857142855317,0.14285714285714285,0.5882275835747699,40 to 44 years
6019,31918,0.6582857142855316,0.14285714285714285,0.8456525584351037,40 to 44 years
6020,30706,0.7358571428569602,0.42857142857142855,0.15969355185494805,40 to 44 years
6021,37752,-0.10901721904762386,0.14285714285714285,0.6563258756595264,40 to 44 years
6022,33155,0.7501428571426746,0.5714285714285714,0.38341222171001677,40 to 44 years
6023,31004,0.7358571428569602,0.42857142857142855,0.30543010398841447,40 to 44 years
6024,33498,0.7358571428569602,0.42857142857142855,0.13130915576862007,40 to 44 years
6025,39618,0.7072857142855317,0.14285714285714285,0.2708450994183482,40 to 44 years
6026,30880,0.7787142857141032,0.8571428571428571,0.4428454003187882,40 to 44 years
6027,34733,0.721571428571246,0.2857142857142857,0.24367150272968324,40 to 44 years
6028,34639,0.7787142857141032,0.8571428571428571,0.3099905246259028,40 to 44 years
6029,30116,0.7358571428569602,0.42857142857142855,0.5798866625195438,40 to 44 years
6030,31180,0.721571428571246,0.2857142857142857,0.7545860771270521,40 to 44 years
6031,35611,0.721571428571246,0.2857142857142857,0.5929964285257333,40 to 44 years
6032,38960,0.7072857142855317,0.14285714285714285,0.9371667038197685,40 to 44 years
6033,33481,0.7929999999998174,1.0,0.06419744545390849,40 to 44 years
6034,33434,0.7358571428569602,0.42857142857142855,0.7315139095072744,40 to 44 years
6035,35186,0.7501428571426746,0.5714285714285714,0.1365499143400567,40 to 44 years
6036,35607,0.7787142857141032,0.8571428571428571,0.46357516448925196,40 to 44 years
6037,31266,0.7501428571426746,0.5714285714285714,0.8623399254790546,40 to 44 years
6038,31900,0.7787142857141032,0.8571428571428571,0.5156744226486039,40 to 44 years
6039,31095,0.7787142857141032,0.8571428571428571,0.8173276280575137,40 to 44 years
6040,39582,0.7787142857141032,0.8571428571428571,0.5979941676435382,40 to 44 years
6041,31997,0.7501428571426746,0.5714285714285714,0.1475679323314028,40 to 44 years
6042,31934,0.721571428571246,0.2857142857142857,0.03739068450853544,40 to 44 years
6043,31692,0.7358571428569602,0.42857142857142855,0.6532718821885618,40 to 44 years
6044,38567,0.7358571428569602,0.42857142857142855,0.6148879641395334,40 to 44 years
6045,36280,0.721571428571246,0.2857142857142857,0.7645313958182093,40 to 44 years
6046,32313,0.7787142857141032,0.8571428571428571,0.5823976445539766,40 to 44 years
6047,32978,0.7787142857141032,0.8571428571428571,0.37694028484339337,40 to 44 years
6048,37098,0.6842857142790725,0.14285714285714285,0.8738733707391467,45 to 49 years
6049,38349,0.7128571428505011,0.42857142857142855,0.3088229284906703,45 to 49 years
6050,30929,0.7414285714219296,0.7142857142857142,0.4817073605891205,45 to 49 years
6051,30050,0.7271428571362154,0.5714285714285714,0.9595819566701655,45 to 49 years
6052,33295,0.7271428571362154,0.5714285714285714,0.7026991091077652,45 to 49 years
6053,38779,0.6985714285647868,0.2857142857142857,0.5122566940718488,45 to 49 years
6054,35459,0.6842857142790725,0.14285714285714285,0.7781595669870767,45 to 49 years
6055,31863,0.6985714285647868,0.2857142857142857,0.8426918232315548,45 to 49 years
6056,32175,0.6985714285647868,0.2857142857142857,0.4319454588365601,45 to 49 years
6057,39010,0.7128571428505011,0.42857142857142855,0.33405577313456913,45 to 49 years
6058,31579,0.7699999999933582,1.0,0.41678893639295633,45 to 49 years
6059,36226,0.755714285707644,0.8571428571428571,0.5880290661396332,45 to 49 years
6060,39277,0.7271428571362154,0.5714285714285714,0.37106624033930513,45 to 49 years
6061,34252,0.7271428571362154,0.5714285714285714,0.5498133932969196,45 to 49 years
6062,37261,0.6842857142790725,0.14285714285714285,0.35182975972478925,45 to 49 years
6063,39046,0.7699999999933582,1.0,0.9056002397512104,45 to 49 years
6064,37071,0.7271428571362154,0.5714285714285714,0.14575679869106645,45 to 49 years
6065,36462,0.6842857142790725,0.14285714285714285,0.6704490518937765,45 to 49 years
6066,30840,0.7128571428505011,0.42857142857142855,0.5156837353706831,45 to 49 years
6067,35626,0.6842857142790725,0.14285714285714285,0.41199582747906094,45 to 49 years
6068,30539,0.6985714285647868,0.2857142857142857,0.21461253897088128,45 to 49 years
6069,39844,0.6985714285647868,0.2857142857142857,0.8058613797183464,45 to 49 years
6070,39371,-0.11236327009263115,0.14285714285714285,0.16991059811786385,45 to 49 years
6071,33819,0.6842857142790725,0.14285714285714285,0.8103783167774518,45 to 49 years
6072,31964,0.6985714285647868,0.2857142857142857,0.7512986370487247,45 to 49 years
6073,35075,0.7128571428505011,0.42857142857142855,0.10819524570914985,45 to 49 years
6074,35110,0.7699999999933582,1.0,0.032477968176895744,45 to 49 years
6075,38272,0.7699999999933582,1.0,0.04750270294726677,45 to 49 years
6076,38130,0.755714285707644,0.8571428571428571,0.4354842259311423,45 to 49 years
6077,35750,0.7414285714219296,0.7142857142857142,0.621874325959552,45 to 49 years
6078,39267,0.7128571428505011,0.42857142857142855,0.06107793669111411,45 to 49 years
6079,35420,0.7271428571362154,0.5714285714285714,0.9289288078814897,45 to 49 years
6080,31449,0.6985714285647868,0.2857142857142857,0.11515886478238707,45 to 49 years
6081,37664,0.7414285714219296,0.7142857142857142,0.21552864167388192,45 to 49 years
6082,36434,0.7271428571362154,0.5714285714285714,0.9215555333879666,45 to 49 years
6083,30543,0.755714285707644,0.8571428571428571,0.5138509504307871,45 to 49 years
6084,34479,0.6842857142790725,0.14285714285714285,0.3264760579763617,45 to 49 years
6085,37284,0.7271428571362154,0.5714285714285714,0.7402709079479713,45 to 49 years
6086,39239,0.6985714285647868,0.2857142857142857,0.674618900306079,45 to 49 years
6087,31674,-0.34194039699073875,0.14285714285714285,0.7218740932698398,45 to 49 years
6088,33534,0.755714285707644,0.8571428571428571,0.5753615607055074,45 to 49 years
6089,35082,0.7128571428505011,0.42857142857142855,0.8873184796006827,45 to 49 years
6090,32493,0.755714285707644,0.8571428571428571,0.8611338515194343,45 to 49 years
6091,39768,0.7271428571362154,0.5714285714285714,0.1989963795457214,45 to 49 years
6092,31241,0.6985714285647868,0.2857142857142857,0.8753516757067463,45 to 49 years
6093,35625,0.6985714285647868,0.2857142857142857,0.286831323195322,45 to 49 years
6094,38577,0.7271428571362154,0.5714285714285714,0.056788547239635834,45 to 49 years
6095,31548,0.7271428571362154,0.5714285714285714,0.058939068470197975,45 to 49 years
6096,32718,0.6985714285647868,0.2857142857142857,0.6018016933564705,45 to 49 years
6097,37691,0.7271428571362154,0.5714285714285714,0.6666942393237616,45 to 49 years
6098,39483,0.7271428571362154,0.5714285714285714,0.4097537449402947,45 to 49 years
6099,38509,0.6985714285647868,0.2857142857142857,0.7424005204634131,45 to 49 years
6100,38209,0.6842857142790725,0.14285714285714285,0.790932153430079,45 to 49 years
6101,31177,0.7271428571362154,0.5714285714285714,0.6041107863794779,45 to 49 years
6102,36280,0.6985714285647868,0.2857142857142857,0.7645313958182093,45 to 49 years
6103,32599,0.6842857142790725,0.14285714285714285,0.5391006219563776,45 to 49 years
6104,35893,0.7271428571362154,0.5714285714285714,0.6024514232871743,45 to 49 years
6105,37635,0.7128571428505011,0.42857142857142855,0.9666141569605794,45 to 49 years
6106,31918,-0.22936674380640973,0.14285714285714285,0.8456525584351037,45 to 49 years
6107,35049,0.7128571428505011,0.42857142857142855,0.159879304274738,45 to 49 years
6108,38736,0.7271428571362154,0.5714285714285714,0.11150697962658929,45 to 49 years
6109,34462,0.7271428571362154,0.5714285714285714,0.9756533903725214,45 to 49 years
6110,32125,-0.3336731968093959,0.14285714285714285,0.3360123746596349,45 to 49 years
6111,31397,0.755714285707644,0.8571428571428571,0.8163117032083804,45 to 49 years
6112,30248,0.755714285707644,0.8571428571428571,0.09875789377997407,45 to 49 years
6113,31129,0.7699999999933582,1.0,0.0901277607851414,45 to 49 years
6114,31143,0.7271428571362154,0.5714285714285714,0.9209629325986473,45 to 49 years
6115,36551,0.755714285707644,0.8571428571428571,0.4511848174344661,45 to 49 years
6116,36170,0.7128571428505011,0.42857142857142855,0.5491809254015844,45 to 49 years
6117,38093,0.7128571428505011,0.42857142857142855,0.7492362239019078,45 to 49 years
6118,34267,0.7128571428505011,0.42857142857142855,0.5713844514039649,45 to 49 years
6119,30673,0.7414285714219296,0.7142857142857142,0.9753258840674237,45 to 49 years
6120,36060,0.7699999999933582,1.0,0.729151039010922,45 to 49 years
6121,31401,0.755714285707644,0.8571428571428571,0.25718838116930015,45 to 49 years
6122,33424,0.6985714285647868,0.2857142857142857,0.5140045844473367,45 to 49 years
6123,39470,0.6842857142790725,0.14285714285714285,0.7965240508530937,45 to 49 years
6124,35993,0.6842857142790725,0.14285714285714285,0.7049106427651474,45 to 49 years
6125,36935,0.6985714285647868,0.2857142857142857,0.7503671881713878,45 to 49 years
6126,38489,0.7271428571362154,0.5714285714285714,0.5420211821353444,45 to 49 years
6127,33803,0.7699999999933582,1.0,0.6709226333939428,45 to 49 years
6128,37186,0.7699999999933582,1.0,0.4268862524602175,45 to 49 years
6129,32393,0.6985714285647868,0.2857142857142857,0.3997843206042251,45 to 49 years
6130,31757,-0.07014663865546403,0.14285714285714285,0.5366719727717737,45 to 49 years
6131,38123,0.6842857142790725,0.14285714285714285,0.7792252965220925,45 to 49 years
6132,38242,0.7128571428505011,0.42857142857142855,0.4040190074706227,45 to 49 years
6133,39825,0.7271428571362154,0.5714285714285714,0.3713777083842353,45 to 49 years
6134,38054,0.7271428571362154,0.5714285714285714,0.20728156604343884,45 to 49 years
6135,31797,-0.05379888571428722,0.14285714285714285,0.5919487970033124,45 to 49 years
6136,39479,0.7128571428505011,0.42857142857142855,0.353331469761364,45 to 49 years
6137,30199,0.6842857142790725,0.14285714285714285,0.2799753757656645,45 to 49 years
6138,32010,0.7271428571362154,0.5714285714285714,0.7532565878114008,45 to 49 years
6139,30499,0.755714285707644,0.8571428571428571,0.2662959013620825,45 to 49 years
6140,39789,0.7699999999933582,1.0,0.8139116509288818,45 to 49 years
6141,30293,0.755714285707644,0.8571428571428571,0.2445473180306862,45 to 49 years
6142,38201,0.7271428571362154,0.5714285714285714,0.12476924813864249,45 to 49 years
6143,39411,0.755714285707644,0.8571428571428571,0.7786284669050186,45 to 49 years
6144,33229,0.6985714285647868,0.2857142857142857,0.7816349560522824,45 to 49 years
6145,31408,0.0,0.5714285714285714,0.48466347902923396,45 to 49 years
6146,32783,0.7128571428505011,0.42857142857142855,0.497859952558618,45 to 49 years
6147,36879,0.7699999999933582,1.0,0.2572247270601083,45 to 49 years
6148,39004,0.6985714285647868,0.2857142857142857,0.5001055666888069,45 to 49 years
6149,31141,0.7271428571362154,0.5714285714285714,0.5015969082024568,45 to 49 years
6150,39418,0.7271428571362154,0.5714285714285714,0.6128660076535685,45 to 49 years
6151,31393,0.7128571428505011,0.42857142857142855,0.7723637267428964,45 to 49 years
6152,33340,0.7271428571362154,0.5714285714285714,0.7011160356095074,45 to 49 years
6153,37364,0.755714285707644,0.8571428571428571,0.6362713853907749,45 to 49 years
6154,36772,0.755714285707644,0.8571428571428571,0.2511422520125187,45 to 49 years
6155,37082,0.6842857142790725,0.14285714285714285,0.28477747378694324,45 to 49 years
6156,31537,0.0,1.0,0.24042668619212687,45 to 49 years
6157,34295,0.0,0.2857142857142857,0.990705022563022,45 to 49 years
6158,32091,0.7271428571362154,0.5714285714285714,0.4117493280167468,45 to 49 years
6159,38380,-0.262471458983481,0.14285714285714285,0.4078861045479323,45 to 49 years
6160,34232,0.6842857142790725,0.14285714285714285,0.4972784781501162,45 to 49 years
6161,33097,0.7271428571362154,0.5714285714285714,0.07362381420771802,45 to 49 years
6162,39788,0.7271428571362154,0.5714285714285714,0.22321540146671054,45 to 49 years
6163,30891,0.6985714285647868,0.2857142857142857,0.24659033587187218,45 to 49 years
6164,35105,0.7271428571362154,0.5714285714285714,0.2140164522548446,45 to 49 years
6165,30768,0.6985714285647868,0.2857142857142857,0.8921653066380559,45 to 49 years
6166,38344,0.6985714285647868,0.2857142857142857,0.2100248714857862,45 to 49 years
6167,30159,0.6985714285647868,0.2857142857142857,0.21868729045020746,45 to 49 years
6168,33470,0.7271428571362154,0.5714285714285714,0.7101116027133131,45 to 49 years
6169,35576,0.6985714285647868,0.2857142857142857,0.160833693618253,45 to 49 years
6170,33791,0.7128571428505011,0.42857142857142855,0.8392337795234135,45 to 49 years
6171,31949,0.6985714285647868,0.2857142857142857,0.2912691470649613,45 to 49 years
6172,38982,0.6842857142790725,0.14285714285714285,0.912494838218872,45 to 49 years
6173,33882,0.6985714285647868,0.2857142857142857,0.6693349668517411,45 to 49 years
6174,39368,0.6985714285647868,0.2857142857142857,0.8164501183803545,45 to 49 years
6175,32672,0.7414285714219296,0.7142857142857142,0.32285808399965443,45 to 49 years
6176,32418,0.7271428571362154,0.5714285714285714,0.9688222656133225,45 to 49 years
6177,35931,0.7271428571362154,0.5714285714285714,0.48056895307662334,45 to 49 years
6178,35787,0.755714285707644,0.8571428571428571,0.2244555823983167,45 to 49 years
6179,39228,0.7271428571362154,0.5714285714285714,0.28164625132920745,45 to 49 years
6180,30139,0.6842857142790725,0.14285714285714285,0.8911274953898087,45 to 49 years
6181,38541,0.6985714285647868,0.2857142857142857,0.9432147100728677,45 to 49 years
6182,38874,0.755714285707644,0.8571428571428571,0.6088699109242582,45 to 49 years
6183,37525,0.7271428571362154,0.5714285714285714,0.2696579049110389,45 to 49 years
6184,30064,-0.0633358217142867,0.14285714285714285,0.193112899369003,45 to 49 years
6185,30661,0.6842857142790725,0.14285714285714285,0.8676897114772457,45 to 49 years
6186,38829,0.7128571428505011,0.42857142857142855,0.42120186894457623,45 to 49 years
6187,36858,0.6985714285647868,0.2857142857142857,0.2417014685187352,45 to 49 years
6188,37589,-0.24145620658701453,0.14285714285714285,0.19257883592547959,45 to 49 years
6189,37717,0.7128571428505011,0.42857142857142855,0.23217066672695091,45 to 49 years
6190,33090,0.6842857142790725,0.14285714285714285,0.8379699125602764,45 to 49 years
6191,36124,0.6842857142790725,0.14285714285714285,0.4885823151922438,45 to 49 years
6192,35709,0.7128571428505011,0.42857142857142855,0.31370174838541126,45 to 49 years
6193,39123,0.6985714285647868,0.2857142857142857,0.699742469223146,45 to 49 years
6194,31271,0.7271428571362154,0.5714285714285714,0.4104474670537958,45 to 49 years
6195,36157,0.7414285714219296,0.7142857142857142,0.3618240139746974,45 to 49 years
6196,37962,0.755714285707644,0.8571428571428571,0.09224581839110169,45 to 49 years
6197,32522,0.7699999999933582,1.0,0.5001657851858441,45 to 49 years
6198,31451,0.6985714285647868,0.2857142857142857,0.3598674892425756,45 to 49 years
6199,37620,0.6985714285647868,0.2857142857142857,0.8814816335310462,45 to 49 years
6200,35032,0.755714285707644,0.8571428571428571,0.37320990436291257,45 to 49 years
6201,37197,0.7699999999933582,1.0,0.8569589611939826,45 to 49 years
6202,38623,0.7271428571362154,0.5714285714285714,0.2712625263707526,45 to 49 years
6203,38426,0.7699999999933582,1.0,0.38727180743128353,45 to 49 years
6204,30881,0.7271428571362154,0.5714285714285714,0.4486623102701183,45 to 49 years
6205,39285,0.6985714285647868,0.2857142857142857,0.45076303681553614,45 to 49 years
6206,37458,0.755714285707644,0.8571428571428571,0.6734239847334442,45 to 49 years
6207,36020,0.6842857142790725,0.14285714285714285,0.3860053521510296,45 to 49 years
6208,37540,0.7271428571362154,0.5714285714285714,0.04771439974441599,45 to 49 years
6209,38952,0.6985714285647868,0.2857142857142857,0.12229598761321886,45 to 49 years
6210,35992,0.755714285707644,0.8571428571428571,0.8630048469801226,45 to 49 years
6211,34273,0.6985714285647868,0.2857142857142857,0.6795098756829575,45 to 49 years
6212,37927,0.7128571428505011,0.42857142857142855,0.23875625590848826,45 to 49 years
6213,30737,0.7271428571362154,0.5714285714285714,0.16499193702131648,45 to 49 years
6214,30955,0.6985714285647868,0.2857142857142857,0.24541031779885358,45 to 49 years
6215,38484,0.6985714285647868,0.2857142857142857,0.06616333008024955,45 to 49 years
6216,30766,0.6985714285647868,0.2857142857142857,0.13425757014942719,45 to 49 years
6217,39137,0.7128571428505011,0.42857142857142855,0.24509218641299813,45 to 49 years
6218,32017,0.755714285707644,0.8571428571428571,0.10480315952523256,45 to 49 years
6219,32117,0.7699999999933582,1.0,0.22681259137832604,45 to 49 years
6220,34071,0.7271428571362154,0.5714285714285714,0.4278539133606014,45 to 49 years
6221,32181,0.755714285707644,0.8571428571428571,0.8702094633632667,45 to 49 years
6222,33240,0.7128571428505011,0.42857142857142855,0.5264687539723626,45 to 49 years
6223,33533,0.6985714285647868,0.2857142857142857,0.6061062565457347,45 to 49 years
6224,38671,0.7271428571362154,0.5714285714285714,0.5336309051950732,45 to 49 years
6225,39643,0.6985714285647868,0.2857142857142857,0.8815566519957851,45 to 49 years
6226,39503,0.6985714285647868,0.2857142857142857,0.430778576918297,45 to 49 years
6227,33861,0.7128571428505011,0.42857142857142855,0.9908152856718985,45 to 49 years
6228,38486,-0.008702619047620822,0.14285714285714285,0.8714398715037004,45 to 49 years
6229,30762,0.755714285707644,0.8571428571428571,0.8247982719949174,45 to 49 years
6230,31764,0.6985714285647868,0.2857142857142857,0.2608840104383231,45 to 49 years
6231,30469,0.755714285707644,0.8571428571428571,0.9822037262427041,45 to 49 years
6232,36587,0.7128571428505011,0.42857142857142855,0.6261368252402656,45 to 49 years
6233,30505,0.7271428571362154,0.5714285714285714,0.4141460752124194,45 to 49 years
6234,36141,0.7271428571362154,0.5714285714285714,0.032801473285424376,45 to 49 years
6235,30197,0.755714285707644,0.8571428571428571,0.6830498860154482,45 to 49 years
6236,30124,0.6985714285647868,0.2857142857142857,0.15291986256853995,45 to 49 years
6237,35778,0.6985714285647868,0.2857142857142857,0.22023858039523547,45 to 49 years
6238,33888,0.755714285707644,0.8571428571428571,0.8296924518096319,45 to 49 years
6239,35457,0.7128571428505011,0.42857142857142855,0.09355017702229179,45 to 49 years
6240,31171,0.7271428571362154,0.5714285714285714,0.6642244243422295,45 to 49 years
6241,36777,0.755714285707644,0.8571428571428571,0.33734476214336917,45 to 49 years
6242,37851,0.6985714285647868,0.2857142857142857,0.4413595763968855,45 to 49 years
6243,34793,0.6985714285647868,0.2857142857142857,0.8058866729378774,45 to 49 years
6244,36981,0.6842857142790725,0.14285714285714285,0.7698256827645577,45 to 49 years
6245,32060,0.7699999999933582,1.0,0.45640428266363803,45 to 49 years
6246,36586,0.7271428571362154,0.5714285714285714,0.043453482480463546,45 to 49 years
6247,33080,0.7699999999933582,1.0,0.7206861622859586,45 to 49 years
6248,37617,0.755714285707644,0.8571428571428571,0.6105952758572779,45 to 49 years
6249,35320,0.7414285714219296,0.7142857142857142,0.27408233445807684,45 to 49 years
6250,39373,0.7699999999933582,1.0,0.8449853356783471,45 to 49 years
6251,35384,0.7271428571362154,0.5714285714285714,0.7512058498673733,45 to 49 years
6252,38825,0.755714285707644,0.8571428571428571,0.5758813903520927,45 to 49 years
6253,38458,0.6985714285647868,0.2857142857142857,0.606972327497165,45 to 49 years
6254,36989,0.7699999999933582,1.0,0.4085466502722649,45 to 49 years
6255,35150,0.7271428571362154,0.5714285714285714,0.5390713812414089,45 to 49 years
6256,31688,-0.15352546076614093,0.14285714285714285,0.9340665162592628,45 to 49 years
6257,31349,0.755714285707644,0.8571428571428571,0.2202244308620031,45 to 49 years
6258,33377,0.7699999999933582,1.0,0.3416273138715779,45 to 49 years
6259,38194,0.7271428571362154,0.5714285714285714,0.9162481142406739,45 to 49 years
6260,33148,0.755714285707644,0.8571428571428571,0.4669897688196678,45 to 49 years
6261,39105,0.7128571428505011,0.42857142857142855,0.932372251802106,45 to 49 years
6262,30813,0.6842857142790725,0.14285714285714285,0.7771489995071479,45 to 49 years
6263,30402,0.755714285707644,0.8571428571428571,0.6453511991316183,45 to 49 years
6264,38899,0.7271428571362154,0.5714285714285714,0.11233246825624471,45 to 49 years
6265,38173,0.7128571428505011,0.42857142857142855,0.3174299110593558,45 to 49 years
6266,32369,0.7271428571362154,0.5714285714285714,0.42381296636863397,45 to 49 years
6267,34907,0.0,1.0,0.9819519333813636,45 to 49 years
6268,32990,0.6842857142790725,0.14285714285714285,0.5354120774460518,45 to 49 years
6269,32914,0.7271428571362154,0.5714285714285714,0.6721737326948556,45 to 49 years
6270,33093,0.7271428571362154,0.5714285714285714,0.9397510867331524,45 to 49 years
6271,32620,0.7271428571362154,0.5714285714285714,0.9168267696775784,45 to 49 years
6272,38530,-0.18678561813274894,0.14285714285714285,0.1447167337484584,45 to 49 years
6273,33030,0.755714285707644,0.8571428571428571,0.274700452825263,45 to 49 years
6274,31304,0.7271428571362154,0.5714285714285714,0.5400741511014941,45 to 49 years
6275,38974,0.7128571428505011,0.42857142857142855,0.27747538890740336,45 to 49 years
6276,34072,0.6985714285647868,0.2857142857142857,0.6200700394057257,45 to 49 years
6277,30311,0.7699999999933582,1.0,0.4491589830836749,45 to 49 years
6278,35260,0.6842857142790725,0.14285714285714285,0.8566763668419737,45 to 49 years
6279,39401,-0.07668640550929769,0.14285714285714285,0.4849735591771198,45 to 49 years
6280,35031,0.6985714285647868,0.2857142857142857,0.07988923749965421,45 to 49 years
6281,34084,0.755714285707644,0.8571428571428571,0.31915649630312154,45 to 49 years
6282,37223,0.6985714285647868,0.2857142857142857,0.44490975920015374,45 to 49 years
6283,34313,0.6842857142790725,0.14285714285714285,0.052025770754210776,45 to 49 years
6284,37450,0.5184857142790724,0.14285714285714285,0.7710928824361005,45 to 49 years
6285,39061,0.7699999999933582,1.0,0.8804889044439799,45 to 49 years
6286,35611,0.6985714285647868,0.2857142857142857,0.5929964285257333,45 to 49 years
6287,37770,0.7271428571362154,0.5714285714285714,0.024406475362680147,45 to 49 years
6288,37639,0.0,0.14285714285714285,0.4327045828845239,45 to 49 years
6289,34178,0.7271428571362154,0.5714285714285714,0.570381752578941,45 to 49 years
6290,33508,0.7271428571362154,0.5714285714285714,0.37010008463538396,45 to 49 years
6291,38159,0.6985714285647868,0.2857142857142857,0.24663091732512443,45 to 49 years
6292,36620,0.6985714285647868,0.2857142857142857,0.2826646856143911,45 to 49 years
6293,33469,0.6842857142790725,0.14285714285714285,0.5569607333853023,45 to 49 years
6294,35394,0.6985714285647868,0.2857142857142857,0.5125714930339946,45 to 49 years
6295,36071,0.6842857142790725,0.14285714285714285,0.5038682576220258,45 to 49 years
6296,31178,0.6985714285647868,0.2857142857142857,0.5664021105020772,45 to 49 years
6297,33898,0.6985714285647868,0.2857142857142857,0.6958975101797095,45 to 49 years
6298,31355,0.6985714285647868,0.2857142857142857,0.7148374075946596,45 to 49 years
6299,37074,0.7271428571362154,0.5714285714285714,0.4522668986573667,45 to 49 years
6300,39335,0.6985714285647868,0.2857142857142857,0.1052772292405072,45 to 49 years
6301,35013,0.7271428571362154,0.5714285714285714,0.6949386774819779,45 to 49 years
6302,37550,0.7699999999933582,1.0,0.04441751536099153,45 to 49 years
6303,31181,0.0,0.8571428571428571,0.656250678145568,45 to 49 years
6304,37778,0.7699999999933582,1.0,0.5669186521462832,45 to 49 years
6305,38368,0.6985714285647868,0.2857142857142857,0.653613872075167,45 to 49 years
6306,38737,0.755714285707644,0.8571428571428571,0.6388654377956156,45 to 49 years
6307,30096,0.6985714285647868,0.2857142857142857,0.06012764173517865,45 to 49 years
6308,39162,0.6842857142790725,0.14285714285714285,0.6141230202101908,45 to 49 years
6309,33087,0.7128571428505011,0.42857142857142855,0.6475392506599411,45 to 49 years
6310,37213,0.7414285714219296,0.7142857142857142,0.7767540830193196,45 to 49 years
6311,36599,0.6985714285647868,0.2857142857142857,0.7972171400530605,45 to 49 years
6312,34503,0.755714285707644,0.8571428571428571,0.5459537593227486,45 to 49 years
6313,30407,0.7414285714219296,0.7142857142857142,0.12722737896150177,45 to 49 years
6314,38907,0.6842857142790725,0.14285714285714285,0.684446306148361,45 to 49 years
6315,33366,0.6985714285647868,0.2857142857142857,0.37948529866212927,45 to 49 years
6316,36450,0.755714285707644,0.8571428571428571,0.5120855812851017,45 to 49 years
6317,30788,0.7699999999933582,1.0,0.6266697013391527,45 to 49 years
6318,36140,0.6842857142790725,0.14285714285714285,0.07027259094757349,45 to 49 years
6319,39036,0.6985714285647868,0.2857142857142857,0.7052697453322795,45 to 49 years
6320,38998,0.755714285707644,0.8571428571428571,0.4338928008861012,45 to 49 years
6321,32906,0.7271428571362154,0.5714285714285714,0.8537180191875194,45 to 49 years
6322,31094,0.6985714285647868,0.2857142857142857,0.8756270805205162,45 to 49 years
6323,35235,0.7414285714219296,0.7142857142857142,0.29223555734971407,45 to 49 years
6324,32360,0.755714285707644,0.8571428571428571,0.4139155894609185,45 to 49 years
6325,37151,0.6842857142790725,0.14285714285714285,0.6206096988573724,45 to 49 years
6326,36771,0.7128571428505011,0.42857142857142855,0.9150566168558099,45 to 49 years
6327,38679,0.7414285714219296,0.7142857142857142,0.3606300834943344,45 to 49 years
6328,37866,0.7271428571362154,0.5714285714285714,0.2815234584486376,45 to 49 years
6329,30797,0.7271428571362154,0.5714285714285714,0.981179270715244,45 to 49 years
6330,35589,0.7128571428505011,0.42857142857142855,0.5790304926020382,45 to 49 years
6331,34485,0.6985714285647868,0.2857142857142857,0.2854540622088012,45 to 49 years
6332,35901,0.755714285707644,0.8571428571428571,0.31107678696398244,45 to 49 years
6333,38995,0.7128571428505011,0.42857142857142855,0.6308994519910479,45 to 49 years
6334,35104,0.7271428571362154,0.5714285714285714,0.7956469805220892,45 to 49 years
6335,33775,0.6985714285647868,0.2857142857142857,0.4099713323489474,45 to 49 years
6336,36787,0.7271428571362154,0.5714285714285714,0.2529449348154854,45 to 49 years
6337,34340,0.6842857142790725,0.14285714285714285,0.6742662571545746,45 to 49 years
6338,30559,0.7271428571362154,0.5714285714285714,0.759783064448242,45 to 49 years
6339,38479,0.7699999999933582,1.0,0.9377697533855457,45 to 49 years
6340,36335,0.3910820105753688,0.14285714285714285,0.22538566789204756,45 to 49 years
6341,35914,0.7271428571362154,0.5714285714285714,0.2324979782963255,45 to 49 years
6342,33057,0.755714285707644,0.8571428571428571,0.246809138937149,45 to 49 years
6343,30593,0.6842857142790725,0.14285714285714285,0.9864104614041798,45 to 49 years
6344,36082,0.7271428571362154,0.5714285714285714,0.4851802995872404,45 to 49 years
6345,31209,0.6985714285647868,0.2857142857142857,0.33568342757459735,45 to 49 years
6346,39437,0.6985714285647868,0.2857142857142857,0.2513467213763527,45 to 49 years
6347,32515,0.7699999999933582,1.0,0.7635082690131757,45 to 49 years
6348,36454,0.6842857142790725,0.14285714285714285,0.24677094272480415,45 to 49 years
6349,32631,0.755714285707644,0.8571428571428571,0.49868892176759944,45 to 49 years
6350,32305,0.755714285707644,0.8571428571428571,0.6676274622654638,45 to 49 years
6351,34716,0.7271428571362154,0.5714285714285714,0.8867696877185768,45 to 49 years
6352,39871,0.6985714285647868,0.2857142857142857,0.49103319972685805,45 to 49 years
6353,37479,0.04741871236336372,0.14285714285714285,0.39584234810181085,45 to 49 years
6354,36352,0.7271428571362154,0.5714285714285714,0.014014691925268052,45 to 49 years
6355,39866,0.7128571428505011,0.42857142857142855,0.5758070248667808,45 to 49 years
6356,36539,0.7271428571362154,0.5714285714285714,0.8246595058074395,45 to 49 years
6357,37474,0.6158190476124058,0.14285714285714285,0.13790398997147463,45 to 49 years
6358,38186,0.6842857142790725,0.14285714285714285,0.39211460691058686,45 to 49 years
6359,38826,0.6985714285647868,0.2857142857142857,0.2707078972646905,45 to 49 years
6360,38312,0.6985714285647868,0.2857142857142857,0.44230650475291444,45 to 49 years
6361,39227,0.7128571428505011,0.42857142857142855,0.13938322016185356,45 to 49 years
6362,35606,0.6985714285647868,0.2857142857142857,0.2422062090286377,45 to 49 years
6363,35004,0.7271428571362154,0.5714285714285714,0.8048065622056415,45 to 49 years
6364,32993,0.7699999999933582,1.0,0.8057922851803874,45 to 49 years
6365,37758,0.6985714285647868,0.2857142857142857,0.5695655751410822,45 to 49 years
6366,36229,0.7271428571362154,0.5714285714285714,0.5931888902832378,45 to 49 years
6367,37295,0.7128571428505011,0.42857142857142855,0.9116526191516802,45 to 49 years
6368,30722,0.7271428571362154,0.5714285714285714,0.924782753465191,45 to 49 years
6369,36370,0.755714285707644,0.8571428571428571,0.3888875704503162,45 to 49 years
6370,33692,0.755714285707644,0.8571428571428571,0.3870963528914091,45 to 49 years
6371,39715,0.7699999999933582,1.0,0.6828133786618114,45 to 49 years
6372,31847,0.7128571428505011,0.42857142857142855,0.02825682008789565,45 to 49 years
6373,38810,0.7271428571362154,0.5714285714285714,0.5535439872245386,45 to 49 years
6374,34862,0.7271428571362154,0.5714285714285714,0.7754128108894358,45 to 49 years
6375,33125,0.6985714285647868,0.2857142857142857,0.5805177834004954,45 to 49 years
6376,37373,0.755714285707644,0.8571428571428571,0.2654164845886977,45 to 49 years
6377,30213,0.755714285707644,0.8571428571428571,0.6858870157404121,45 to 49 years
6378,34214,0.6842857142790725,0.14285714285714285,0.8913570772060357,45 to 49 years
6379,35350,0.6842857142790725,0.14285714285714285,0.35555929759472504,45 to 49 years
6380,39460,0.6985714285647868,0.2857142857142857,0.7914002190690618,45 to 49 years
6381,33273,0.6985714285647868,0.2857142857142857,0.8109765049250286,45 to 49 years
6382,30553,0.6985714285647868,0.2857142857142857,0.05284898954192124,45 to 49 years
6383,37092,0.6842857142790725,0.14285714285714285,0.4872380673241222,45 to 49 years
6384,30800,0.7271428571362154,0.5714285714285714,0.22111248955341334,45 to 49 years
6385,34404,0.7128571428505011,0.42857142857142855,0.9176787043639758,45 to 49 years
6386,38515,0.7128571428505011,0.42857142857142855,0.4756270590198635,45 to 49 years
6387,38029,0.755714285707644,0.8571428571428571,0.2256567409519905,45 to 49 years
6388,37765,0.755714285707644,0.8571428571428571,0.054781884067860664,45 to 49 years
6389,39719,0.7128571428505011,0.42857142857142855,0.4829132336125128,45 to 49 years
6390,38095,0.6985714285647868,0.2857142857142857,0.801655730302776,45 to 49 years
6391,32198,0.7128571428505011,0.42857142857142855,0.9524195739677772,45 to 49 years
6392,31350,0.7699999999933582,1.0,0.6532086302933583,45 to 49 years
6393,35687,0.6985714285647868,0.2857142857142857,0.4821662787671176,45 to 49 years
6394,37354,0.7699999999933582,1.0,0.24676854342370713,45 to 49 years
6395,34829,0.6985714285647868,0.2857142857142857,0.7622364305617294,45 to 49 years
6396,36838,0.7699999999933582,1.0,0.6018074866869657,45 to 49 years
6397,38346,0.755714285707644,0.8571428571428571,0.5859875114554765,45 to 49 years
6398,33744,0.7414285714219296,0.7142857142857142,0.675012013738662,45 to 49 years
6399,31421,0.7128571428505011,0.42857142857142855,0.2286564106303458,45 to 49 years
6400,35442,0.6985714285647868,0.2857142857142857,0.3173086212712743,45 to 49 years
6401,33141,0.6985714285647868,0.2857142857142857,0.5495272560657842,45 to 49 years
6402,32571,0.7699999999933582,1.0,0.36117516408330613,45 to 49 years
6403,36995,0.6842857142790725,0.14285714285714285,0.5422695613507861,45 to 49 years
6404,33595,0.6842857142790725,0.14285714285714285,0.7283582033612749,45 to 49 years
6405,36751,0.6985714285647868,0.2857142857142857,0.4841549781866969,45 to 49 years
6406,39819,0.6985714285647868,0.2857142857142857,0.12355551624692285,45 to 49 years
6407,34625,0.7128571428505011,0.42857142857142855,0.9211578845015618,45 to 49 years
6408,39095,0.6985714285647868,0.2857142857142857,0.3528995991120381,45 to 49 years
6409,31255,0.7271428571362154,0.5714285714285714,0.2973634783294412,45 to 49 years
6410,38022,0.6842857142790725,0.14285714285714285,0.8054185846606605,45 to 49 years
6411,34928,0.6842857142790725,0.14285714285714285,0.38621602767521535,45 to 49 years
6412,34083,0.6985714285647868,0.2857142857142857,0.3509381320449463,45 to 49 years
6413,30861,0.7128571428505011,0.42857142857142855,0.7660006127677592,45 to 49 years
6414,32382,-0.006263256555573601,0.14285714285714285,0.0671995762702291,45 to 49 years
6415,37128,0.755714285707644,0.8571428571428571,0.9948980766953122,45 to 49 years
6416,32061,0.6985714285647868,0.2857142857142857,0.6984668503565641,45 to 49 years
6417,34446,0.7128571428505011,0.42857142857142855,0.6379096561173195,45 to 49 years
6418,32994,0.6842857142790725,0.14285714285714285,0.1933672441952473,45 to 49 years
6419,36413,0.7271428571362154,0.5714285714285714,0.40165497196260247,45 to 49 years
6420,36109,0.370267195760554,0.14285714285714285,0.2058645659028001,45 to 49 years
6421,34569,0.6842857142790725,0.14285714285714285,0.021842412635910136,45 to 49 years
6422,38978,0.7271428571362154,0.5714285714285714,0.9081636954681096,45 to 49 years
6423,32790,0.7414285714219296,0.7142857142857142,0.09561893237343949,45 to 49 years
6424,32908,0.7699999999933582,1.0,0.17937252539690518,45 to 49 years
6425,36529,0.7271428571362154,0.5714285714285714,0.7054027639173815,45 to 49 years
6426,36531,0.7128571428505011,0.42857142857142855,0.6832842744725263,45 to 49 years
6427,36728,0.755714285707644,0.8571428571428571,0.7311784494731023,45 to 49 years
6428,33442,0.7699999999933582,1.0,0.7134378389637595,45 to 49 years
6429,31238,0.7271428571362154,0.5714285714285714,0.4822216160286025,45 to 49 years
6430,36347,0.6985714285647868,0.2857142857142857,0.3503220066890146,45 to 49 years
6431,35270,0.7271428571362154,0.5714285714285714,0.1649933686054192,45 to 49 years
6432,34579,0.7699999999933582,1.0,0.6638835906710439,45 to 49 years
6433,39773,0.7271428571362154,0.5714285714285714,0.8202982107655825,45 to 49 years
6434,34858,0.6985714285647868,0.2857142857142857,0.5617785895648725,45 to 49 years
6435,30280,0.755714285707644,0.8571428571428571,0.326578380058851,45 to 49 years
6436,32856,0.7699999999933582,1.0,0.8466532058493998,45 to 49 years
6437,33690,0.6842857142790725,0.14285714285714285,0.03455147812117021,45 to 49 years
6438,34405,0.7128571428505011,0.42857142857142855,0.5928452391198945,45 to 49 years
6439,39494,0.7699999999933582,1.0,0.9526068245636738,45 to 49 years
6440,32602,0.7414285714219296,0.7142857142857142,0.0429583753759577,45 to 49 years
6441,31256,0.6985714285647868,0.2857142857142857,0.8136672167930916,45 to 49 years
6442,31379,0.44061904761240583,0.14285714285714285,0.6117622208986159,45 to 49 years
6443,37638,-0.028626540259741776,0.14285714285714285,0.3625674038252377,45 to 49 years
6444,38809,0.755714285707644,0.8571428571428571,0.6788630114047067,45 to 49 years
6445,33648,0.7128571428505011,0.42857142857142855,0.49104894222663037,45 to 49 years
6446,30581,0.6985714285647868,0.2857142857142857,0.12445023816892115,45 to 49 years
6447,35777,0.7128571428505011,0.42857142857142855,0.0796916488130252,45 to 49 years
6448,31547,0.7271428571362154,0.5714285714285714,0.946684125320922,45 to 49 years
6449,35283,0.7128571428505011,0.42857142857142855,0.060351166134665624,45 to 49 years
6450,34491,0.7271428571362154,0.5714285714285714,0.732883574531937,45 to 49 years
6451,33678,0.7271428571362154,0.5714285714285714,0.3628781340586912,45 to 49 years
6452,30450,0.6985714285647868,0.2857142857142857,0.5301289580774217,45 to 49 years
6453,32327,-0.19850409085976212,0.14285714285714285,0.9123700001095434,45 to 49 years
6454,30323,0.6985714285647868,0.2857142857142857,0.7741194967575281,45 to 49 years
6455,38771,0.755714285707644,0.8571428571428571,0.708904573763543,45 to 49 years
6456,32206,0.6985714285647868,0.2857142857142857,0.4920861402632777,45 to 49 years
6457,33892,0.6985714285647868,0.2857142857142857,0.5276981781101633,45 to 49 years
6458,35602,0.6985714285647868,0.2857142857142857,0.1177426769909018,45 to 49 years
6459,35439,0.755714285707644,0.8571428571428571,0.34541128604681204,45 to 49 years
6460,34117,0.755714285707644,0.8571428571428571,0.8857211323998606,45 to 49 years
6461,38798,0.7128571428505011,0.42857142857142855,0.02140080877226569,45 to 49 years
6462,30444,0.6985714285647868,0.2857142857142857,0.9445675578004724,45 to 49 years
6463,34643,0.755714285707644,0.8571428571428571,0.9442617132642908,45 to 49 years
6464,38855,0.7128571428505011,0.42857142857142855,0.5910209885013595,45 to 49 years
6465,39147,0.6842857142790725,0.14285714285714285,0.5893409586070234,45 to 49 years
6466,33640,0.6985714285647868,0.2857142857142857,0.5985931642630655,45 to 49 years
6467,33716,0.6842857142790725,0.14285714285714285,0.8914738867793077,45 to 49 years
6468,34475,0.7271428571362154,0.5714285714285714,0.2179018256429952,45 to 49 years
6469,32727,0.6842857142790725,0.14285714285714285,0.5905872240134002,45 to 49 years
6470,37831,0.755714285707644,0.8571428571428571,0.23221800447066482,45 to 49 years
6471,30276,0.755714285707644,0.8571428571428571,0.40807541383178875,45 to 49 years
6472,33519,0.7271428571362154,0.5714285714285714,0.28440266158720817,45 to 49 years
6473,39296,0.7271428571362154,0.5714285714285714,0.9288445780880001,45 to 49 years
6474,33123,0.6842857142790725,0.14285714285714285,0.7823200134984409,45 to 49 years
6475,34322,0.7699999999933582,1.0,0.580430328321621,45 to 49 years
6476,35160,0.6985714285647868,0.2857142857142857,0.589169090356892,45 to 49 years
6477,32257,0.6985714285647868,0.2857142857142857,0.7001082096044127,45 to 49 years
6478,33279,0.7271428571362154,0.5714285714285714,0.47442704859670826,45 to 49 years
6479,33996,0.7128571428505011,0.42857142857142855,0.24289454644816638,45 to 49 years
6480,32939,0.7128571428505011,0.42857142857142855,0.38366478202370247,45 to 49 years
6481,39240,0.7699999999933582,1.0,0.45967072985573476,45 to 49 years
6482,32411,0.6985714285647868,0.2857142857142857,0.46729626507903876,45 to 49 years
6483,32665,0.7271428571362154,0.5714285714285714,0.41247047925761665,45 to 49 years
6484,34133,0.755714285707644,0.8571428571428571,0.8832257049949119,45 to 49 years
6485,39439,0.059210630328455215,0.14285714285714285,0.39739892292997636,45 to 49 years
6486,30908,0.7271428571362154,0.5714285714285714,0.8164816769198087,45 to 49 years
6487,33022,0.7271428571362154,0.5714285714285714,0.20233188485010334,45 to 49 years
6488,33190,0.7271428571362154,0.5714285714285714,0.2743580162736398,45 to 49 years
6489,37797,0.7271428571362154,0.5714285714285714,0.4084268864821859,45 to 49 years
6490,39348,0.6985714285647868,0.2857142857142857,0.1761900750688855,45 to 49 years
6491,31958,0.0,0.2857142857142857,0.8458663652100116,45 to 49 years
6492,39623,0.6985714285647868,0.2857142857142857,0.9557300358756973,45 to 49 years
6493,32848,0.7271428571362154,0.5714285714285714,0.07525087566976113,45 to 49 years
6494,35413,0.7699999999933582,1.0,0.6825166228363346,45 to 49 years
6495,36021,0.7128571428505011,0.42857142857142855,0.13931283684155454,45 to 49 years
6496,39662,0.6985714285647868,0.2857142857142857,0.3775360792312447,45 to 49 years
6497,33869,0.7414285714219296,0.7142857142857142,0.8265541798607946,45 to 49 years
6498,39523,0.6842857142790725,0.14285714285714285,0.43736178338697557,45 to 49 years
6499,30548,0.6985714285647868,0.2857142857142857,0.7265922900694188,45 to 49 years
6500,37528,0.6985714285647868,0.2857142857142857,0.843233639407368,45 to 49 years
6501,31175,0.6842857142790725,0.14285714285714285,0.10132042342660369,45 to 49 years
6502,39174,0.7271428571362154,0.5714285714285714,0.9006349186320488,45 to 49 years
6503,35244,0.7699999999933582,1.0,0.45159136092722846,45 to 49 years
6504,31364,0.7699999999933582,1.0,0.5696107558888631,45 to 49 years
6505,30732,0.7128571428505011,0.42857142857142855,0.23666132148949887,45 to 49 years
6506,36623,0.7128571428505011,0.42857142857142855,0.29596678004023214,45 to 49 years
6507,30313,0.6985714285647868,0.2857142857142857,0.11576915697238793,45 to 49 years
6508,32163,-0.013369467532468989,0.14285714285714285,0.656915872483543,45 to 49 years
6509,37874,0.755714285707644,0.8571428571428571,0.16381797347808041,45 to 49 years
6510,30261,0.755714285707644,0.8571428571428571,0.32398171656076663,45 to 49 years
6511,32693,0.7271428571362154,0.5714285714285714,0.7909193980306868,45 to 49 years
6512,33883,0.6842857142790725,0.14285714285714285,0.8111716558503583,45 to 49 years
6513,32574,0.6842857142790725,0.14285714285714285,0.7116391661135708,45 to 49 years
6514,36218,0.33904497353833174,0.14285714285714285,0.08449366197227526,45 to 49 years
6515,35215,0.755714285707644,0.8571428571428571,0.09466901697443453,45 to 49 years
6516,30618,0.755714285707644,0.8571428571428571,0.4010616987899449,45 to 49 years
6517,37561,0.6985714285647868,0.2857142857142857,0.8068489039932877,45 to 49 years
6518,30833,0.755714285707644,0.8571428571428571,0.35693984994234684,45 to 49 years
6519,39199,0.6985714285647868,0.2857142857142857,0.6444767510694657,45 to 49 years
6520,35854,0.6985714285647868,0.2857142857142857,0.8238079567852865,45 to 49 years
6521,38090,0.7271428571362154,0.5714285714285714,0.6882992392564253,45 to 49 years
6522,39661,0.7271428571362154,0.5714285714285714,0.7618136566482789,45 to 49 years
6523,38107,0.7128571428505011,0.42857142857142855,0.46786361703516655,45 to 49 years
6524,34852,0.6985714285647868,0.2857142857142857,0.71244630828589,45 to 49 years
6525,39686,0.6985714285647868,0.2857142857142857,0.5375020410789192,45 to 49 years
6526,39845,0.7128571428505011,0.42857142857142855,0.31891521845744375,45 to 49 years
6527,37762,0.7271428571362154,0.5714285714285714,0.6610306946661972,45 to 49 years
6528,35665,0.6842857142790725,0.14285714285714285,0.8436319455391659,45 to 49 years
6529,36613,0.6842857142790725,0.14285714285714285,0.4634747412213561,45 to 49 years
6530,38168,0.6985714285647868,0.2857142857142857,0.5729861422553507,45 to 49 years
6531,30057,0.7271428571362154,0.5714285714285714,0.4587190619896091,45 to 49 years
6532,32442,0.7699999999933582,1.0,0.6028979525593928,45 to 49 years
6533,39330,0.755714285707644,0.8571428571428571,0.03826990475393177,45 to 49 years
6534,32644,0.6985714285647868,0.2857142857142857,0.12483489444965923,45 to 49 years
6535,34967,0.7271428571362154,0.5714285714285714,0.5202556473784867,45 to 49 years
6536,39987,0.7128571428505011,0.42857142857142855,0.8573430704591227,45 to 49 years
6537,39400,0.7699999999933582,1.0,0.5880722478031875,45 to 49 years
6538,32647,0.6985714285647868,0.2857142857142857,0.7492552424744942,45 to 49 years
6539,30241,0.7271428571362154,0.5714285714285714,0.573171379037365,45 to 49 years
6540,39391,0.7128571428505011,0.42857142857142855,0.8358086505873352,45 to 49 years
6541,31085,0.6985714285647868,0.2857142857142857,0.2393922592947142,45 to 49 years
6542,30907,0.7128571428505011,0.42857142857142855,0.9674521844238435,45 to 49 years
6543,38351,0.6985714285647868,0.2857142857142857,0.4165199271394462,45 to 49 years
6544,30912,0.7271428571362154,0.5714285714285714,0.9141094173618415,45 to 49 years
6545,37575,-0.4412152563370317,0.14285714285714285,0.6933647961144392,45 to 49 years
6546,38921,0.6985714285647868,0.2857142857142857,0.7662445158637002,45 to 49 years
6547,30114,-0.23127031870531567,0.14285714285714285,0.6746612539811625,45 to 49 years
6548,39248,0.7128571428505011,0.42857142857142855,0.3696469253583027,45 to 49 years
6549,36103,0.7271428571362154,0.5714285714285714,0.6919866099308127,45 to 49 years
6550,36851,0.6985714285647868,0.2857142857142857,0.7040843623336409,45 to 49 years
6551,33745,0.6842857142790725,0.14285714285714285,0.8238828980185375,45 to 49 years
6552,33458,0.6842857142790725,0.14285714285714285,0.22809932967278324,45 to 49 years
6553,30607,0.7271428571362154,0.5714285714285714,0.10139903084088242,45 to 49 years
6554,35042,0.755714285707644,0.8571428571428571,0.4959999627238938,45 to 49 years
6555,33221,0.7271428571362154,0.5714285714285714,0.6632964880419927,45 to 49 years
6556,37451,0.755714285707644,0.8571428571428571,0.0016675219695631016,45 to 49 years
6557,38835,0.755714285707644,0.8571428571428571,0.49370814355339254,45 to 49 years
6558,39364,0.6985714285647868,0.2857142857142857,0.7660817799561377,45 to 49 years
6559,35483,0.755714285707644,0.8571428571428571,0.8831148181166371,45 to 49 years
6560,33697,0.7271428571362154,0.5714285714285714,0.7166095172756747,45 to 49 years
6561,31997,0.7271428571362154,0.5714285714285714,0.1475679323314028,45 to 49 years
6562,39456,-0.0693167086342978,0.14285714285714285,0.6502551850222784,45 to 49 years
6563,36211,0.7699999999933582,1.0,0.8772463403635934,45 to 49 years
6564,36917,0.7271428571362154,0.5714285714285714,0.006200188343710611,45 to 49 years
6565,35694,0.6842857142790725,0.14285714285714285,0.9622723757015827,45 to 49 years
6566,36204,0.33384126983462803,0.14285714285714285,0.6158554099557628,45 to 49 years
6567,37333,0.6842857142790725,0.14285714285714285,0.047056869326422224,45 to 49 years
6568,39783,0.6842857142790725,0.14285714285714285,0.8132813707583361,45 to 49 years
6569,32879,0.7414285714219296,0.7142857142857142,0.9523511993275342,45 to 49 years
6570,37148,0.6985714285647868,0.2857142857142857,0.5663677297203682,45 to 49 years
6571,36762,0.6842857142790725,0.14285714285714285,0.20195311172662794,45 to 49 years
6572,39806,0.6985714285647868,0.2857142857142857,0.8121878005979992,45 to 49 years
6573,39960,0.6985714285647868,0.2857142857142857,0.7984335855762799,45 to 49 years
6574,35860,0.7271428571362154,0.5714285714285714,0.2844378578506391,45 to 49 years
6575,32514,0.7271428571362154,0.5714285714285714,0.5348603226918796,45 to 49 years
6576,35917,0.7271428571362154,0.5714285714285714,0.3866220264327851,45 to 49 years
6577,35021,0.8825714285714281,0.2857142857142857,0.9910137052567372,5 to 9 years
6578,37549,0.9397142857142853,0.8571428571428571,0.8274198043644261,5 to 9 years
6579,34586,0.8968571428571424,0.42857142857142855,0.23077900798987688,5 to 9 years
6580,38581,0.9254285714285709,0.7142857142857142,0.6807519997672072,5 to 9 years
6581,31324,0.9539999999999995,1.0,0.0628436899086306,5 to 9 years
6582,30116,0.8968571428571424,0.42857142857142855,0.5798866625195438,5 to 9 years
6583,38425,0.8968571428571424,0.42857142857142855,0.38519809324001264,5 to 9 years
6584,37637,0.9397142857142853,0.8571428571428571,0.820230972309095,5 to 9 years
6585,37712,0.8682857142857138,0.14285714285714285,0.36385881968697575,5 to 9 years
6586,31080,0.8825714285714281,0.2857142857142857,0.3787296237492105,5 to 9 years
6587,30970,0.8825714285714281,0.2857142857142857,0.27997165369222876,5 to 9 years
6588,37565,0.9254285714285709,0.7142857142857142,0.7019486520290312,5 to 9 years
6589,32071,0.8968571428571424,0.42857142857142855,0.18662570828672836,5 to 9 years
6590,39476,0.8825714285714281,0.2857142857142857,0.48690700026990164,5 to 9 years
6591,31866,0.8682857142857138,0.14285714285714285,0.46621607517580915,5 to 9 years
6592,37706,0.9254285714285709,0.7142857142857142,0.6744860015743608,5 to 9 years
6593,35349,0.9111428571428567,0.5714285714285714,0.556833919678054,5 to 9 years
6594,36751,0.8825714285714281,0.2857142857142857,0.4841549781866969,5 to 9 years
6595,32551,0.8825714285714281,0.2857142857142857,0.3640486948886281,5 to 9 years
6596,30347,0.9397142857142853,0.8571428571428571,0.3577474078556168,5 to 9 years
6597,37591,0.9397142857142853,0.8571428571428571,0.5303166269656778,5 to 9 years
6598,37194,0.8968571428571424,0.42857142857142855,0.44184351463576493,5 to 9 years
6599,33812,0.9539999999999995,1.0,0.9403358747015308,5 to 9 years
6600,37350,0.8682857142857138,0.14285714285714285,0.4403539980769731,5 to 9 years
6601,37704,0.8825714285714281,0.2857142857142857,0.761967427543588,5 to 9 years
6602,38272,0.9539999999999995,1.0,0.04750270294726677,5 to 9 years
6603,30927,0.8682857142857138,0.14285714285714285,0.842878371239559,5 to 9 years
6604,30285,0.8968571428571424,0.42857142857142855,0.6789509146523443,5 to 9 years
6605,30861,0.8968571428571424,0.42857142857142855,0.7660006127677592,5 to 9 years
6606,31085,0.8825714285714281,0.2857142857142857,0.2393922592947142,5 to 9 years
6607,39274,0.8968571428571424,0.42857142857142855,0.5636750138274794,5 to 9 years
6608,35940,0.9539999999999995,1.0,0.4956171555523347,5 to 9 years
6609,32985,0.9539999999999995,1.0,0.09165109120174192,5 to 9 years
6610,30989,0.8682857142857138,0.14285714285714285,0.4064950939664784,5 to 9 years
6611,31448,0.8682857142857138,0.14285714285714285,0.7070923343808992,5 to 9 years
6612,36431,0.9111428571428567,0.5714285714285714,0.33033398537090075,5 to 9 years
6613,37033,0.8825714285714281,0.2857142857142857,0.6246595079312968,5 to 9 years
6614,36253,0.8825714285714281,0.2857142857142857,0.9752741014900631,5 to 9 years
6615,36313,0.9539999999999995,1.0,0.6158307352305838,5 to 9 years
6616,32973,0.9539999999999995,1.0,0.4827478113008877,5 to 9 years
6617,34107,0.8825714285714281,0.2857142857142857,0.5721819954151562,5 to 9 years
6618,33511,0.8682857142857138,0.14285714285714285,0.9377059654264842,5 to 9 years
6619,36491,0.9397142857142853,0.8571428571428571,0.48024948426364394,5 to 9 years
6620,31592,0.8825714285714281,0.2857142857142857,0.6787671526053276,5 to 9 years
6621,37544,0.8825714285714281,0.2857142857142857,0.9795242498610637,5 to 9 years
6622,39765,0.9111428571428567,0.5714285714285714,0.8260626785143248,5 to 9 years
6623,31554,0.9111428571428567,0.5714285714285714,0.30929530994272825,5 to 9 years
6624,36031,0.8682857142857138,0.14285714285714285,0.3304364828126418,5 to 9 years
6625,36159,0.8682857142857138,0.14285714285714285,0.5882275835747699,5 to 9 years
6626,35626,0.8682857142857138,0.14285714285714285,0.41199582747906094,5 to 9 years
6627,33277,0.8825714285714281,0.2857142857142857,0.3113263940050083,5 to 9 years
6628,30016,0.8682857142857138,0.14285714285714285,0.27310895150888814,5 to 9 years
6629,34186,0.8825714285714281,0.2857142857142857,0.7907146148194726,5 to 9 years
6630,30843,0.8825714285714281,0.2857142857142857,0.39864317087662327,5 to 9 years
6631,39444,0.9397142857142853,0.8571428571428571,0.08977087520187998,5 to 9 years
6632,33981,0.8825714285714281,0.2857142857142857,0.6232556897357902,5 to 9 years
6633,33171,0.8825714285714281,0.2857142857142857,0.6316556964944128,5 to 9 years
6634,38511,0.8825714285714281,0.2857142857142857,0.3446438264912268,5 to 9 years
6635,37377,0.9254285714285709,0.7142857142857142,0.20688986846810375,5 to 9 years
6636,33862,0.9111428571428567,0.5714285714285714,0.49964549180625784,5 to 9 years
6637,38505,0.9397142857142853,0.8571428571428571,0.49817833258350813,5 to 9 years
6638,32112,0.9539999999999995,1.0,0.10422139408709974,5 to 9 years
6639,39143,0.8825714285714281,0.2857142857142857,0.1658963499741412,5 to 9 years
6640,31006,0.8825714285714281,0.2857142857142857,0.010517808701488218,5 to 9 years
6641,39105,0.8968571428571424,0.42857142857142855,0.932372251802106,5 to 9 years
6642,32668,0.9111428571428567,0.5714285714285714,0.8002504318815642,5 to 9 years
6643,30206,0.8825714285714281,0.2857142857142857,0.47987495969012783,5 to 9 years
6644,34782,0.9254285714285709,0.7142857142857142,0.4924684571797947,5 to 9 years
6645,33867,0.9111428571428567,0.5714285714285714,0.7689516105706277,5 to 9 years
6646,37214,0.8825714285714281,0.2857142857142857,0.6855917070079073,5 to 9 years
6647,31300,0.8968571428571424,0.42857142857142855,0.7372364541110124,5 to 9 years
6648,36036,0.8682857142857138,0.14285714285714285,0.650207445688419,5 to 9 years
6649,32946,0.8682857142857138,0.14285714285714285,0.506733474400893,5 to 9 years
6650,30342,0.9111428571428567,0.5714285714285714,0.33858991285550943,5 to 9 years
6651,33531,0.9111428571428567,0.5714285714285714,0.19136425806929747,5 to 9 years
6652,32369,0.9111428571428567,0.5714285714285714,0.42381296636863397,5 to 9 years
6653,30578,0.8968571428571424,0.42857142857142855,0.5314556726950583,5 to 9 years
6654,35931,0.9111428571428567,0.5714285714285714,0.48056895307662334,5 to 9 years
6655,34951,0.8682857142857138,0.14285714285714285,0.3541479188992521,5 to 9 years
6656,30412,0.9111428571428567,0.5714285714285714,0.7687107568849112,5 to 9 years
6657,31205,0.9111428571428567,0.5714285714285714,0.14867443262949537,5 to 9 years
6658,30555,0.8968571428571424,0.42857142857142855,0.23850469570855037,5 to 9 years
6659,36591,0.9254285714285709,0.7142857142857142,0.6028858323514914,5 to 9 years
6660,39847,0.9539999999999995,1.0,0.05902599919716378,5 to 9 years
6661,38160,0.9539999999999995,1.0,0.04001211478018668,5 to 9 years
6662,37372,0.8825714285714281,0.2857142857142857,0.039212838217083545,5 to 9 years
6663,32277,0.9539999999999995,1.0,0.4070880065693956,5 to 9 years
6664,37559,0.8682857142857138,0.14285714285714285,0.26372544421939764,5 to 9 years
6665,38131,0.8968571428571424,0.42857142857142855,0.5968130305784731,5 to 9 years
6666,32569,0.9397142857142853,0.8571428571428571,0.5671153751176414,5 to 9 years
6667,38993,0.8682857142857138,0.14285714285714285,0.9968585358041846,5 to 9 years
6668,35453,0.8682857142857138,0.14285714285714285,0.8815278500409929,5 to 9 years
6669,37369,0.8968571428571424,0.42857142857142855,0.04870367118043872,5 to 9 years
6670,34477,0.8682857142857138,0.14285714285714285,0.5582256567149064,5 to 9 years
6671,35715,0.9397142857142853,0.8571428571428571,0.3173095222138038,5 to 9 years
6672,32804,0.8682857142857138,0.14285714285714285,0.8690551186451607,5 to 9 years
6673,36108,0.9111428571428567,0.5714285714285714,0.1742483687716233,5 to 9 years
6674,37755,0.9111428571428567,0.5714285714285714,0.5654437652636054,5 to 9 years
6675,35310,0.8825714285714281,0.2857142857142857,0.12924735822709577,5 to 9 years
6676,39114,0.8968571428571424,0.42857142857142855,0.2666927000655579,5 to 9 years
6677,35440,0.8825714285714281,0.2857142857142857,0.9314731652132286,5 to 9 years
6678,39447,0.8825714285714281,0.2857142857142857,0.7557976573371403,5 to 9 years
6679,37040,0.9397142857142853,0.8571428571428571,0.8886507168742751,5 to 9 years
6680,38528,0.8968571428571424,0.42857142857142855,0.8245604841802718,5 to 9 years
6681,31596,0.9539999999999995,1.0,0.42379042006653067,5 to 9 years
6682,39029,0.9397142857142853,0.8571428571428571,0.7327344294634995,5 to 9 years
6683,34228,0.8968571428571424,0.42857142857142855,0.5220647722134241,5 to 9 years
6684,35583,0.8682857142857138,0.14285714285714285,0.624661005282649,5 to 9 years
6685,31390,0.8682857142857138,0.14285714285714285,0.157086969687949,5 to 9 years
6686,35176,0.9397142857142853,0.8571428571428571,0.41186169882415036,5 to 9 years
6687,32591,0.8825714285714281,0.2857142857142857,0.25993059958558234,5 to 9 years
6688,31280,0.9397142857142853,0.8571428571428571,0.7786366184583821,5 to 9 years
6689,38391,0.9397142857142853,0.8571428571428571,0.8315053033286174,5 to 9 years
6690,31350,0.9539999999999995,1.0,0.6532086302933583,5 to 9 years
6691,39917,0.9111428571428567,0.5714285714285714,0.5487493071887555,5 to 9 years
6692,34253,0.9111428571428567,0.5714285714285714,0.46211665843719507,5 to 9 years
6693,36685,0.8825714285714281,0.2857142857142857,0.5048622993164862,5 to 9 years
6694,39042,0.8825714285714281,0.2857142857142857,0.3337725900158466,5 to 9 years
6695,39742,0.8968571428571424,0.42857142857142855,0.46912978595630217,5 to 9 years
6696,35246,0.9397142857142853,0.8571428571428571,0.8936130367753108,5 to 9 years
6697,36454,0.8682857142857138,0.14285714285714285,0.24677094272480415,5 to 9 years
6698,33367,0.8968571428571424,0.42857142857142855,0.41777146856495573,5 to 9 years
6699,36846,0.8825714285714281,0.2857142857142857,0.6864860452288206,5 to 9 years
6700,35408,0.8825714285714281,0.2857142857142857,0.8707873210064387,5 to 9 years
6701,30414,0.8825714285714281,0.2857142857142857,0.23242154177639895,5 to 9 years
6702,38736,0.9111428571428567,0.5714285714285714,0.11150697962658929,5 to 9 years
6703,33443,0.8682857142857138,0.14285714285714285,0.04844694107806152,5 to 9 years
6704,30360,0.9254285714285709,0.7142857142857142,0.3136243026111776,5 to 9 years
6705,35917,0.9111428571428567,0.5714285714285714,0.3866220264327851,5 to 9 years
6706,32703,0.8682857142857138,0.14285714285714285,0.5023388051759362,5 to 9 years
6707,30136,0.8825714285714281,0.2857142857142857,0.7522231164271652,5 to 9 years
6708,32921,0.9539999999999995,1.0,0.684664718963431,5 to 9 years
6709,38782,0.8825714285714281,0.2857142857142857,0.8020442649754667,5 to 9 years
6710,39099,0.8825714285714281,0.2857142857142857,0.34769991938709655,5 to 9 years
6711,39537,0.8682857142857138,0.14285714285714285,0.7706599226320238,5 to 9 years
6712,30259,0.8825714285714281,0.2857142857142857,0.327154373830633,5 to 9 years
6713,31847,0.8968571428571424,0.42857142857142855,0.02825682008789565,5 to 9 years
6714,36149,0.8825714285714281,0.2857142857142857,0.610890695275329,5 to 9 years
6715,35756,0.8682857142857138,0.14285714285714285,0.4929565617338005,5 to 9 years
6716,35401,0.8682857142857138,0.14285714285714285,0.9200636240718745,5 to 9 years
6717,32784,0.8825714285714281,0.2857142857142857,0.21146532327952466,5 to 9 years
6718,38605,0.9397142857142853,0.8571428571428571,0.10950790418470158,5 to 9 years
6719,35918,0.9397142857142853,0.8571428571428571,0.16704397424413997,5 to 9 years
6720,33982,0.9111428571428567,0.5714285714285714,0.9187969847412141,5 to 9 years
6721,37575,0.8682857142857138,0.14285714285714285,0.6933647961144392,5 to 9 years
6722,32109,0.9397142857142853,0.8571428571428571,0.11864483713830482,5 to 9 years
6723,32052,0.8825714285714281,0.2857142857142857,0.5328726368236218,5 to 9 years
6724,33148,0.9397142857142853,0.8571428571428571,0.4669897688196678,5 to 9 years
6725,36322,0.8682857142857138,0.14285714285714285,0.5947480518031392,5 to 9 years
6726,31179,0.9397142857142853,0.8571428571428571,0.653566019046165,5 to 9 years
6727,36089,0.9539999999999995,1.0,0.0638003489968122,5 to 9 years
6728,32675,0.9539999999999995,1.0,0.7555015722445508,5 to 9 years
6729,36974,0.8825714285714281,0.2857142857142857,0.622832602956331,5 to 9 years
6730,30291,0.9397142857142853,0.8571428571428571,0.23507350767548196,5 to 9 years
6731,33310,0.9111428571428567,0.5714285714285714,0.18071422294214257,5 to 9 years
6732,37954,0.8825714285714281,0.2857142857142857,0.2877965450879694,5 to 9 years
6733,30130,0.9254285714285709,0.7142857142857142,0.3140579856092305,5 to 9 years
6734,39245,0.9111428571428567,0.5714285714285714,0.33962293695608764,5 to 9 years
6735,31489,0.9111428571428567,0.5714285714285714,0.7447002883572089,5 to 9 years
6736,35048,0.8682857142857138,0.14285714285714285,0.5828834216791434,5 to 9 years
6737,31806,0.8968571428571424,0.42857142857142855,0.7802802091702115,5 to 9 years
6738,39504,0.9254285714285709,0.7142857142857142,0.890707670948591,5 to 9 years
6739,31561,0.8682857142857138,0.14285714285714285,0.561377488585021,5 to 9 years
6740,30242,0.9254285714285709,0.7142857142857142,0.9130313727764723,5 to 9 years
6741,33085,0.8968571428571424,0.42857142857142855,0.6127831869211617,5 to 9 years
6742,32805,0.9397142857142853,0.8571428571428571,0.3582668847655792,5 to 9 years
6743,33873,0.9111428571428567,0.5714285714285714,0.37764890573965937,5 to 9 years
6744,31294,0.9397142857142853,0.8571428571428571,0.04785055905450469,5 to 9 years
6745,39093,0.8825714285714281,0.2857142857142857,0.017567008112936766,5 to 9 years
6746,39820,0.9111428571428567,0.5714285714285714,0.34462686221099914,5 to 9 years
6747,35205,0.9111428571428567,0.5714285714285714,0.4135104974260899,5 to 9 years
6748,31560,0.8968571428571424,0.42857142857142855,0.07792534923717875,5 to 9 years
6749,30048,0.9111428571428567,0.5714285714285714,0.46326568300514787,5 to 9 years
6750,32228,0.8825714285714281,0.2857142857142857,0.3587758591648154,5 to 9 years
6751,33065,0.8968571428571424,0.42857142857142855,0.6610730591096802,5 to 9 years
6752,37877,0.8682857142857138,0.14285714285714285,0.3648923994362724,5 to 9 years
6753,30603,0.8825714285714281,0.2857142857142857,0.5275535873745811,5 to 9 years
6754,36363,0.8968571428571424,0.42857142857142855,0.517567007482635,5 to 9 years
6755,37660,0.9397142857142853,0.8571428571428571,0.7131784036648439,5 to 9 years
6756,31659,0.8682857142857138,0.14285714285714285,0.20521659834947753,5 to 9 years
6757,36895,0.9111428571428567,0.5714285714285714,0.7148542023643933,5 to 9 years
6758,39400,0.9539999999999995,1.0,0.5880722478031875,5 to 9 years
6759,37945,0.8825714285714281,0.2857142857142857,0.10762968960207686,5 to 9 years
6760,32404,0.8682857142857138,0.14285714285714285,0.4257747053174398,5 to 9 years
6761,33784,0.8968571428571424,0.42857142857142855,0.08132050894167842,5 to 9 years
6762,30289,0.9111428571428567,0.5714285714285714,0.3613824690665708,5 to 9 years
6763,32421,0.8825714285714281,0.2857142857142857,0.8733015578104353,5 to 9 years
6764,36088,0.8825714285714281,0.2857142857142857,0.5199270497041392,5 to 9 years
6765,32567,0.8682857142857138,0.14285714285714285,0.039332717384475635,5 to 9 years
6766,34971,0.8682857142857138,0.14285714285714285,0.7973609365514671,5 to 9 years
6767,36553,0.9111428571428567,0.5714285714285714,0.7541258029796933,5 to 9 years
6768,31925,0.9254285714285709,0.7142857142857142,0.5951972237034038,5 to 9 years
6769,35855,0.8682857142857138,0.14285714285714285,0.9887954295339065,5 to 9 years
6770,31699,0.8682857142857138,0.14285714285714285,0.457791446567822,5 to 9 years
6771,34124,0.9397142857142853,0.8571428571428571,0.017707105825553238,5 to 9 years
6772,37413,0.9539999999999995,1.0,0.13984292694996792,5 to 9 years
6773,30842,0.8825714285714281,0.2857142857142857,0.6369145439027792,5 to 9 years
6774,32323,0.8682857142857138,0.14285714285714285,0.6524969269224793,5 to 9 years
6775,35669,0.8825714285714281,0.2857142857142857,0.22643714953389515,5 to 9 years
6776,30292,0.8968571428571424,0.42857142857142855,0.25801782289450753,5 to 9 years
6777,32068,0.8825714285714281,0.2857142857142857,0.7381680183597308,5 to 9 years
6778,39449,0.8682857142857138,0.14285714285714285,0.19996315157195355,5 to 9 years
6779,38927,0.8682857142857138,0.14285714285714285,0.3495184030456433,5 to 9 years
6780,36257,0.9539999999999995,1.0,0.06238023500945128,5 to 9 years
6781,30786,0.8682857142857138,0.14285714285714285,0.9521573278276962,5 to 9 years
6782,35908,0.9539999999999995,1.0,0.8568750719678864,5 to 9 years
6783,33108,0.8968571428571424,0.42857142857142855,0.3349454492237126,5 to 9 years
6784,38671,0.9111428571428567,0.5714285714285714,0.5336309051950732,5 to 9 years
6785,36146,0.9539999999999995,1.0,0.3548944764357116,5 to 9 years
6786,36950,0.8825714285714281,0.2857142857142857,0.12255374684795395,5 to 9 years
6787,31291,0.8682857142857138,0.14285714285714285,0.6265391100339727,5 to 9 years
6788,37270,0.8968571428571424,0.42857142857142855,0.4843166846869235,5 to 9 years
6789,35108,0.9397142857142853,0.8571428571428571,0.3206032600157941,5 to 9 years
6790,37359,0.8968571428571424,0.42857142857142855,0.17076971285576242,5 to 9 years
6791,32810,0.8825714285714281,0.2857142857142857,0.38751379088436183,5 to 9 years
6792,30857,0.8825714285714281,0.2857142857142857,0.4973372565988824,5 to 9 years
6793,35588,0.9111428571428567,0.5714285714285714,0.1983005470494391,5 to 9 years
6794,30549,0.9397142857142853,0.8571428571428571,0.2207842668602512,5 to 9 years
6795,36248,0.9397142857142853,0.8571428571428571,0.19391674120479735,5 to 9 years
6796,36091,0.9111428571428567,0.5714285714285714,0.7874429102143985,5 to 9 years
6797,39870,0.8682857142857138,0.14285714285714285,0.37347967561683004,5 to 9 years
6798,39083,0.8825714285714281,0.2857142857142857,0.343370254430029,5 to 9 years
6799,34076,0.8825714285714281,0.2857142857142857,0.798736905608715,5 to 9 years
6800,31222,0.8825714285714281,0.2857142857142857,0.15845152864364476,5 to 9 years
6801,36354,0.8825714285714281,0.2857142857142857,0.343422157879001,5 to 9 years
6802,31841,0.8825714285714281,0.2857142857142857,0.46075439203239654,5 to 9 years
6803,30971,0.9539999999999995,1.0,0.6873497107364333,5 to 9 years
6804,39929,0.8825714285714281,0.2857142857142857,0.4700574070609752,5 to 9 years
6805,39109,0.9397142857142853,0.8571428571428571,0.23094952024105864,5 to 9 years
6806,32855,0.9397142857142853,0.8571428571428571,0.8335589937523005,5 to 9 years
6807,34988,0.8825714285714281,0.2857142857142857,0.5552502441538886,5 to 9 years
6808,36879,0.9539999999999995,1.0,0.2572247270601083,5 to 9 years
6809,34977,0.9111428571428567,0.5714285714285714,0.9996966389787623,5 to 9 years
6810,30257,0.8825714285714281,0.2857142857142857,0.7335829051655726,5 to 9 years
6811,32881,0.9254285714285709,0.7142857142857142,0.7124965027624703,5 to 9 years
6812,39362,0.8825714285714281,0.2857142857142857,0.9580988803552345,5 to 9 years
6813,36780,0.8682857142857138,0.14285714285714285,0.08235948743701393,5 to 9 years
6814,35000,0.9111428571428567,0.5714285714285714,0.5343281647366999,5 to 9 years
6815,32022,0.8825714285714281,0.2857142857142857,0.11532557882369382,5 to 9 years
6816,37856,0.8682857142857138,0.14285714285714285,0.00551747410513681,5 to 9 years
6817,30633,0.8825714285714281,0.2857142857142857,0.7028078204094541,5 to 9 years
6818,37759,0.8682857142857138,0.14285714285714285,0.013697045137272656,5 to 9 years
6819,35283,0.8968571428571424,0.42857142857142855,0.060351166134665624,5 to 9 years
6820,30814,0.9111428571428567,0.5714285714285714,0.6787201548084014,5 to 9 years
6821,35443,0.9111428571428567,0.5714285714285714,0.10412618991537181,5 to 9 years
6822,32802,0.8825714285714281,0.2857142857142857,0.6259932785550953,5 to 9 years
6823,37694,0.9111428571428567,0.5714285714285714,0.7344042154908322,5 to 9 years
6824,38714,0.9111428571428567,0.5714285714285714,0.9217848337966488,5 to 9 years
6825,39323,0.9111428571428567,0.5714285714285714,0.4933175077645561,5 to 9 years
6826,37277,0.9397142857142853,0.8571428571428571,0.9882436496473304,5 to 9 years
6827,34853,0.9111428571428567,0.5714285714285714,0.07973338510926425,5 to 9 years
6828,33203,0.9397142857142853,0.8571428571428571,0.6501103659893993,5 to 9 years
6829,32354,0.8825714285714281,0.2857142857142857,0.4942812093272616,5 to 9 years
6830,33219,0.9111428571428567,0.5714285714285714,0.5017597116400155,5 to 9 years
6831,35258,0.8968571428571424,0.42857142857142855,0.5337075908208663,5 to 9 years
6832,37538,0.8825714285714281,0.2857142857142857,0.25926805334107406,5 to 9 years
6833,35050,0.8825714285714281,0.2857142857142857,0.8634330916405868,5 to 9 years
6834,37684,0.9397142857142853,0.8571428571428571,0.8381183160285703,5 to 9 years
6835,32442,0.9539999999999995,1.0,0.6028979525593928,5 to 9 years
6836,38824,0.9111428571428567,0.5714285714285714,0.18031175007839118,5 to 9 years
6837,30042,0.8682857142857138,0.14285714285714285,0.024198778605587945,5 to 9 years
6838,39396,0.8682857142857138,0.14285714285714285,0.5221212150086788,5 to 9 years
6839,34896,0.9254285714285709,0.7142857142857142,0.2842229774701823,5 to 9 years
6840,32248,0.9111428571428567,0.5714285714285714,0.9216164709850733,5 to 9 years
6841,34746,0.9111428571428567,0.5714285714285714,0.4176386491232295,5 to 9 years
6842,34522,0.8968571428571424,0.42857142857142855,0.39919221065630284,5 to 9 years
6843,38255,0.9397142857142853,0.8571428571428571,0.14872001166216947,5 to 9 years
6844,39564,0.9397142857142853,0.8571428571428571,0.6613537421899188,5 to 9 years
6845,35303,0.8968571428571424,0.42857142857142855,0.7517061039520824,5 to 9 years
6846,34655,0.9397142857142853,0.8571428571428571,0.09292210035249143,5 to 9 years
6847,34189,0.8682857142857138,0.14285714285714285,0.9015225460204883,5 to 9 years
6848,36894,0.8968571428571424,0.42857142857142855,0.7744465584578916,5 to 9 years
6849,32465,0.9397142857142853,0.8571428571428571,0.40986788069145597,5 to 9 years
6850,30949,0.8682857142857138,0.14285714285714285,0.6173504156029958,5 to 9 years
6851,33904,0.9111428571428567,0.5714285714285714,0.6953432042165979,5 to 9 years
6852,34509,0.8682857142857138,0.14285714285714285,0.5135132903206067,5 to 9 years
6853,34913,0.9397142857142853,0.8571428571428571,0.8657590600517225,5 to 9 years
6854,33040,0.9111428571428567,0.5714285714285714,0.16375876315477844,5 to 9 years
6855,37406,0.8968571428571424,0.42857142857142855,0.1339237435064185,5 to 9 years
6856,36166,0.9397142857142853,0.8571428571428571,0.5476527257528822,5 to 9 years
6857,32870,0.9539999999999995,1.0,0.6046810043989341,5 to 9 years
6858,31873,0.8825714285714281,0.2857142857142857,0.5093105834339832,5 to 9 years
6859,38744,0.8682857142857138,0.14285714285714285,0.8754998009696701,5 to 9 years
6860,38963,0.8682857142857138,0.14285714285714285,0.6495386106688263,5 to 9 years
6861,39089,0.9111428571428567,0.5714285714285714,0.22132532166295021,5 to 9 years
6862,31952,0.8825714285714281,0.2857142857142857,0.612131059826797,5 to 9 years
6863,33193,0.8825714285714281,0.2857142857142857,0.32376570756138645,5 to 9 years
6864,31183,0.8825714285714281,0.2857142857142857,0.11976420718879949,5 to 9 years
6865,34473,0.9111428571428567,0.5714285714285714,0.8956785600520134,5 to 9 years
6866,36633,0.9397142857142853,0.8571428571428571,0.8404233685141749,5 to 9 years
6867,36949,0.8968571428571424,0.42857142857142855,0.2961821649467651,5 to 9 years
6868,38626,0.8968571428571424,0.42857142857142855,0.26556700319107285,5 to 9 years
6869,33998,0.8968571428571424,0.42857142857142855,0.5548542196485221,5 to 9 years
6870,35620,0.9397142857142853,0.8571428571428571,0.7258007985690534,5 to 9 years
6871,32415,0.9397142857142853,0.8571428571428571,0.7148850348114805,5 to 9 years
6872,35124,0.8968571428571424,0.42857142857142855,0.8676332307056436,5 to 9 years
6873,32646,0.8968571428571424,0.42857142857142855,0.8617798905490228,5 to 9 years
6874,34845,0.8825714285714281,0.2857142857142857,0.09914825181419401,5 to 9 years
6875,33946,0.9111428571428567,0.5714285714285714,0.5691931514502104,5 to 9 years
6876,31690,0.9539999999999995,1.0,0.7270306493510562,5 to 9 years
6877,34251,0.8968571428571424,0.42857142857142855,0.3838948804926393,5 to 9 years
6878,38780,0.9111428571428567,0.5714285714285714,0.44206265258467636,5 to 9 years
6879,39104,0.9111428571428567,0.5714285714285714,0.7706186769689941,5 to 9 years
6880,39672,0.9397142857142853,0.8571428571428571,0.7012126769827309,5 to 9 years
6881,32919,0.9254285714285709,0.7142857142857142,0.8767822923516293,5 to 9 years
6882,36868,0.8968571428571424,0.42857142857142855,0.4654138101819272,5 to 9 years
6883,37115,0.8682857142857138,0.14285714285714285,0.763967569292948,5 to 9 years
6884,38932,0.8968571428571424,0.42857142857142855,0.7601162762491247,5 to 9 years
6885,35618,0.9111428571428567,0.5714285714285714,0.5836792766809757,5 to 9 years
6886,30167,0.9111428571428567,0.5714285714285714,0.2561383159084245,5 to 9 years
6887,32448,0.9397142857142853,0.8571428571428571,0.31813020426814265,5 to 9 years
6888,38209,0.8682857142857138,0.14285714285714285,0.790932153430079,5 to 9 years
6889,33954,0.9397142857142853,0.8571428571428571,0.7726539726945639,5 to 9 years
6890,37368,0.9111428571428567,0.5714285714285714,0.8775398171350681,5 to 9 years
6891,39877,0.9539999999999995,1.0,0.478287124807276,5 to 9 years
6892,30327,0.9254285714285709,0.7142857142857142,0.7750267115945167,5 to 9 years
6893,37352,0.9111428571428567,0.5714285714285714,0.34986968621313885,5 to 9 years
6894,39159,0.8825714285714281,0.2857142857142857,0.7942361322899524,5 to 9 years
6895,32400,0.8825714285714281,0.2857142857142857,0.8311864096399322,5 to 9 years
6896,39452,0.8682857142857138,0.14285714285714285,0.5350203880098474,5 to 9 years
6897,30234,0.8825714285714281,0.2857142857142857,0.8278354095414631,5 to 9 years
6898,38182,0.8825714285714281,0.2857142857142857,0.8841078921098671,5 to 9 years
6899,37427,0.9111428571428567,0.5714285714285714,0.11610886609364751,5 to 9 years
6900,35220,0.8682857142857138,0.14285714285714285,0.7889748809674391,5 to 9 years
6901,37260,0.8682857142857138,0.14285714285714285,0.6676635683774104,5 to 9 years
6902,33937,0.8825714285714281,0.2857142857142857,0.14661436652523868,5 to 9 years
6903,39448,0.8682857142857138,0.14285714285714285,0.7665264821704015,5 to 9 years
6904,34805,0.8682857142857138,0.14285714285714285,0.28556031775477847,5 to 9 years
6905,30262,0.8682857142857138,0.14285714285714285,0.7767303339973086,5 to 9 years
6906,39952,0.8682857142857138,0.14285714285714285,0.5026249679706121,5 to 9 years
6907,33355,0.9254285714285709,0.7142857142857142,0.39660460614212567,5 to 9 years
6908,38060,0.9111428571428567,0.5714285714285714,0.41116939040530387,5 to 9 years
6909,30403,0.8825714285714281,0.2857142857142857,0.3857052306317271,5 to 9 years
6910,33480,0.8825714285714281,0.2857142857142857,0.4768920523895821,5 to 9 years
6911,38525,0.9111428571428567,0.5714285714285714,0.22742752597193922,5 to 9 years
6912,36295,0.9397142857142853,0.8571428571428571,0.04428793241460405,5 to 9 years
6913,35470,0.8682857142857138,0.14285714285714285,0.2107122792426691,5 to 9 years
6914,34792,0.8682857142857138,0.14285714285714285,0.3279148000882604,5 to 9 years
6915,35828,0.8825714285714281,0.2857142857142857,0.6005205646170468,5 to 9 years
6916,34482,0.9111428571428567,0.5714285714285714,0.02722123652165198,5 to 9 years
6917,35045,0.8682857142857138,0.14285714285714285,0.23228753535713403,5 to 9 years
6918,36115,0.9111428571428567,0.5714285714285714,0.9370462187202482,5 to 9 years
6919,39154,0.9539999999999995,1.0,0.10553620533225705,5 to 9 years
6920,39237,0.8682857142857138,0.14285714285714285,0.18267199336040713,5 to 9 years
6921,32715,0.8825714285714281,0.2857142857142857,0.016438054706530814,5 to 9 years
6922,39789,0.9539999999999995,1.0,0.8139116509288818,5 to 9 years
6923,36137,0.8968571428571424,0.42857142857142855,0.3345533096199333,5 to 9 years
6924,36067,0.9397142857142853,0.8571428571428571,0.6497761668814435,5 to 9 years
6925,34778,0.8968571428571424,0.42857142857142855,0.32535124746783695,5 to 9 years
6926,31135,0.8968571428571424,0.42857142857142855,0.39142038759801456,5 to 9 years
6927,37241,0.9111428571428567,0.5714285714285714,0.24992880761051256,5 to 9 years
6928,37519,0.9111428571428567,0.5714285714285714,0.8577544223604434,5 to 9 years
6929,35647,0.8825714285714281,0.2857142857142857,0.7696381327013528,5 to 9 years
6930,30171,0.8968571428571424,0.42857142857142855,0.5657776130954606,5 to 9 years
6931,35629,0.8825714285714281,0.2857142857142857,0.26622616780049774,5 to 9 years
6932,34479,0.8682857142857138,0.14285714285714285,0.3264760579763617,5 to 9 years
6933,35891,0.8825714285714281,0.2857142857142857,0.5503026951271636,5 to 9 years
6934,30448,0.8825714285714281,0.2857142857142857,0.21287967340742875,5 to 9 years
6935,35962,0.8825714285714281,0.2857142857142857,0.5509500937163316,5 to 9 years
6936,33414,0.8968571428571424,0.42857142857142855,0.8152866727619311,5 to 9 years
6937,38497,0.9397142857142853,0.8571428571428571,0.4896424414689655,5 to 9 years
6938,36743,0.8825714285714281,0.2857142857142857,0.5118387073280727,5 to 9 years
6939,32845,0.8682857142857138,0.14285714285714285,0.413719262965707,5 to 9 years
6940,39472,0.9111428571428567,0.5714285714285714,0.6045070038284976,5 to 9 years
6941,39921,0.8825714285714281,0.2857142857142857,0.4313059321731195,5 to 9 years
6942,35780,0.8968571428571424,0.42857142857142855,0.18565820827711066,5 to 9 years
6943,36988,0.8825714285714281,0.2857142857142857,0.9288642001286812,5 to 9 years
6944,32017,0.9397142857142853,0.8571428571428571,0.10480315952523256,5 to 9 years
6945,31829,0.8825714285714281,0.2857142857142857,0.4800275113461626,5 to 9 years
6946,32742,0.8682857142857138,0.14285714285714285,0.5625818184936464,5 to 9 years
6947,33081,0.8825714285714281,0.2857142857142857,0.7779530794611145,5 to 9 years
6948,34441,0.8968571428571424,0.42857142857142855,0.9136620295098515,5 to 9 years
6949,35384,0.9111428571428567,0.5714285714285714,0.7512058498673733,5 to 9 years
6950,36320,0.9397142857142853,0.8571428571428571,0.09476837562592766,5 to 9 years
6951,34501,0.9111428571428567,0.5714285714285714,0.4468621723939887,5 to 9 years
6952,38199,0.8682857142857138,0.14285714285714285,0.3650923774687994,5 to 9 years
6953,36281,0.8825714285714281,0.2857142857142857,0.3456515610173914,5 to 9 years
6954,35354,0.9397142857142853,0.8571428571428571,0.2994386568608986,5 to 9 years
6955,33497,0.8825714285714281,0.2857142857142857,0.22218236132848007,5 to 9 years
6956,36809,0.8825714285714281,0.2857142857142857,0.3785314508395864,5 to 9 years
6957,31704,0.9111428571428567,0.5714285714285714,0.2928661043997106,5 to 9 years
6958,37259,0.9397142857142853,0.8571428571428571,0.7941159997916236,5 to 9 years
6959,32660,0.9111428571428567,0.5714285714285714,0.4611394019803643,5 to 9 years
6960,38743,0.8682857142857138,0.14285714285714285,0.765157540790469,5 to 9 years
6961,32925,0.9397142857142853,0.8571428571428571,0.2028093559348147,5 to 9 years
6962,39199,0.8825714285714281,0.2857142857142857,0.6444767510694657,5 to 9 years
6963,36162,0.8825714285714281,0.2857142857142857,0.7638024129114862,5 to 9 years
6964,31366,0.9539999999999995,1.0,0.18151844504153347,5 to 9 years
6965,32900,0.9539999999999995,1.0,0.3137982693800041,5 to 9 years
6966,35676,0.8825714285714281,0.2857142857142857,0.33363141235582094,5 to 9 years
6967,32135,0.8825714285714281,0.2857142857142857,0.6742469423072371,5 to 9 years
6968,36590,0.8825714285714281,0.2857142857142857,0.6286257342704977,5 to 9 years
6969,33014,0.8825714285714281,0.2857142857142857,0.47319598095304255,5 to 9 years
6970,37175,0.9539999999999995,1.0,0.3990959406686274,5 to 9 years
6971,33056,0.9111428571428567,0.5714285714285714,0.3183239339381307,5 to 9 years
6972,39938,0.9111428571428567,0.5714285714285714,0.5709829001988683,5 to 9 years
6973,31243,0.8825714285714281,0.2857142857142857,0.5259732855873371,5 to 9 years
6974,39243,0.8682857142857138,0.14285714285714285,0.5087509335304796,5 to 9 years
6975,37874,0.9397142857142853,0.8571428571428571,0.16381797347808041,5 to 9 years
6976,38033,0.9397142857142853,0.8571428571428571,0.8646376925116995,5 to 9 years
6977,34701,0.9397142857142853,0.8571428571428571,0.5192422127594893,5 to 9 years
6978,38936,0.9111428571428567,0.5714285714285714,0.7756708867102592,5 to 9 years
6979,37606,0.9111428571428567,0.5714285714285714,0.02118200411337856,5 to 9 years
6980,38975,0.8825714285714281,0.2857142857142857,0.9267215204753126,5 to 9 years
6981,37926,0.9539999999999995,1.0,0.26837581367114366,5 to 9 years
6982,31332,0.9111428571428567,0.5714285714285714,0.8537570445044931,5 to 9 years
6983,32475,0.9254285714285709,0.7142857142857142,0.20783404462155258,5 to 9 years
6984,34205,0.9397142857142853,0.8571428571428571,0.5933688476124711,5 to 9 years
6985,34195,0.8682857142857138,0.14285714285714285,0.8732619781204106,5 to 9 years
6986,30824,0.9397142857142853,0.8571428571428571,0.3776314911405384,5 to 9 years
6987,34395,0.9397142857142853,0.8571428571428571,0.23335053313309567,5 to 9 years
6988,35345,0.9111428571428567,0.5714285714285714,0.5875522865808278,5 to 9 years
6989,31285,0.8825714285714281,0.2857142857142857,0.30823370437790365,5 to 9 years
6990,37126,0.9539999999999995,1.0,0.030855528751135175,5 to 9 years
6991,37586,0.8968571428571424,0.42857142857142855,0.5354704629713184,5 to 9 years
6992,38719,0.8968571428571424,0.42857142857142855,0.6609285978769196,5 to 9 years
6993,32082,0.8825714285714281,0.2857142857142857,0.9571240073842797,5 to 9 years
6994,32139,0.8682857142857138,0.14285714285714285,0.672366938706308,5 to 9 years
6995,38920,0.8825714285714281,0.2857142857142857,0.13429178246860324,5 to 9 years
6996,39360,0.9397142857142853,0.8571428571428571,0.5406459566916335,5 to 9 years
6997,32140,0.8825714285714281,0.2857142857142857,0.6811005939812308,5 to 9 years
6998,37906,0.8825714285714281,0.2857142857142857,0.72937400908867,5 to 9 years
6999,34634,0.9254285714285709,0.7142857142857142,0.2790342074735988,5 to 9 years
7000,34083,0.8825714285714281,0.2857142857142857,0.3509381320449463,5 to 9 years
7001,34396,0.8682857142857138,0.14285714285714285,0.5778473424475137,5 to 9 years
7002,33801,0.9539999999999995,1.0,0.5270827598257999,5 to 9 years
7003,33672,0.8825714285714281,0.2857142857142857,0.44527528609071915,5 to 9 years
7004,39073,0.8682857142857138,0.14285714285714285,0.5411717263226103,5 to 9 years
7005,39522,0.9111428571428567,0.5714285714285714,0.7411667540959037,5 to 9 years
7006,38347,0.8825714285714281,0.2857142857142857,0.2896584612679628,5 to 9 years
7007,32638,0.8968571428571424,0.42857142857142855,0.6241249804706253,5 to 9 years
7008,35898,0.9539999999999995,1.0,0.1870023588367717,5 to 9 years
7009,33532,0.8825714285714281,0.2857142857142857,0.5489994154016958,5 to 9 years
7010,38688,0.9539999999999995,1.0,0.6761363915429686,5 to 9 years
7011,35206,0.9111428571428567,0.5714285714285714,0.4618173176248014,5 to 9 years
7012,33406,0.9111428571428567,0.5714285714285714,0.7662697073196413,5 to 9 years
7013,32181,0.9397142857142853,0.8571428571428571,0.8702094633632667,5 to 9 years
7014,34487,0.8825714285714281,0.2857142857142857,0.8877533140284926,5 to 9 years
7015,33803,0.9539999999999995,1.0,0.6709226333939428,5 to 9 years
7016,38689,0.8682857142857138,0.14285714285714285,0.48773842396924544,5 to 9 years
7017,34209,0.9539999999999995,1.0,0.6986261439958058,5 to 9 years
7018,30812,0.9111428571428567,0.5714285714285714,0.4564490010266087,5 to 9 years
7019,30885,0.9111428571428567,0.5714285714285714,0.367823449057574,5 to 9 years
7020,32436,0.8682857142857138,0.14285714285714285,0.24584732409094512,5 to 9 years
7021,35746,0.8682857142857138,0.14285714285714285,0.904471717236051,5 to 9 years
7022,35579,0.8825714285714281,0.2857142857142857,0.6708397067380036,5 to 9 years
7023,38237,0.8968571428571424,0.42857142857142855,0.14837273490632297,5 to 9 years
7024,30478,0.8968571428571424,0.42857142857142855,0.7918306584896091,5 to 9 years
7025,35809,0.8825714285714281,0.2857142857142857,0.9152476341449968,5 to 9 years
7026,32994,0.8682857142857138,0.14285714285714285,0.1933672441952473,5 to 9 years
7027,39824,0.8682857142857138,0.14285714285714285,0.14590086180303014,5 to 9 years
7028,39321,0.9539999999999995,1.0,0.8994076138990195,5 to 9 years
7029,32605,0.8682857142857138,0.14285714285714285,0.224237116407557,5 to 9 years
7030,38921,0.8825714285714281,0.2857142857142857,0.7662445158637002,5 to 9 years
7031,31643,0.8825714285714281,0.2857142857142857,0.3145308238860659,5 to 9 years
7032,33101,0.8825714285714281,0.2857142857142857,0.5146929180036217,5 to 9 years
7033,35178,0.9111428571428567,0.5714285714285714,0.08605997728060549,5 to 9 years
7034,38037,0.8682857142857138,0.14285714285714285,0.12653505478542065,5 to 9 years
7035,35544,0.9111428571428567,0.5714285714285714,0.8073347595972522,5 to 9 years
7036,37217,0.9397142857142853,0.8571428571428571,0.7973911901847616,5 to 9 years
7037,33753,0.8968571428571424,0.42857142857142855,0.6323766244661086,5 to 9 years
7038,37644,0.8968571428571424,0.42857142857142855,0.9755842553415317,5 to 9 years
7039,32200,0.8682857142857138,0.14285714285714285,0.9391695477778426,5 to 9 years
7040,34356,0.8682857142857138,0.14285714285714285,0.8423981711704541,5 to 9 years
7041,33654,0.8825714285714281,0.2857142857142857,0.8977778144543673,5 to 9 years
7042,35530,0.9397142857142853,0.8571428571428571,0.07034175275278837,5 to 9 years
7043,39271,0.8825714285714281,0.2857142857142857,0.4068381888771172,5 to 9 years
7044,38988,0.9111428571428567,0.5714285714285714,0.8430412461210965,5 to 9 years
7045,32566,0.9397142857142853,0.8571428571428571,0.3137177525710453,5 to 9 years
7046,35415,0.8825714285714281,0.2857142857142857,0.9178684433861537,5 to 9 years
7047,31567,0.9397142857142853,0.8571428571428571,0.9211619000317841,5 to 9 years
7048,36288,0.8682857142857138,0.14285714285714285,0.8343528939373872,5 to 9 years
7049,35295,0.9111428571428567,0.5714285714285714,0.2907464598504784,5 to 9 years
7050,31277,0.9111428571428567,0.5714285714285714,0.11594424190366931,5 to 9 years
7051,35600,0.9397142857142853,0.8571428571428571,0.6193590942470041,5 to 9 years
7052,34654,0.8825714285714281,0.2857142857142857,0.6754306182059553,5 to 9 years
7053,32026,0.8682857142857138,0.14285714285714285,0.22046638516757555,5 to 9 years
7054,34057,0.8682857142857138,0.14285714285714285,0.33352893288290575,5 to 9 years
7055,38467,0.9111428571428567,0.5714285714285714,0.35623129356323874,5 to 9 years
7056,32272,0.9539999999999995,1.0,0.7464353979043118,5 to 9 years
7057,39840,0.9397142857142853,0.8571428571428571,0.18232579295979207,5 to 9 years
7058,32990,0.8682857142857138,0.14285714285714285,0.5354120774460518,5 to 9 years
7059,37244,0.9397142857142853,0.8571428571428571,0.3992926134266013,5 to 9 years
7060,38802,0.9397142857142853,0.8571428571428571,0.3909343156887295,5 to 9 years
7061,34170,0.8825714285714281,0.2857142857142857,0.20105589701862675,5 to 9 years
7062,35970,0.8968571428571424,0.42857142857142855,0.7552198126272747,5 to 9 years
7063,33204,0.8968571428571424,0.42857142857142855,0.1378431386016234,5 to 9 years
7064,32001,0.8682857142857138,0.14285714285714285,0.18793838293064802,5 to 9 years
7065,32495,0.8825714285714281,0.2857142857142857,0.24194856573317103,5 to 9 years
7066,39048,0.8825714285714281,0.2857142857142857,0.7336623250913344,5 to 9 years
7067,35496,0.9111428571428567,0.5714285714285714,0.9056431809828469,5 to 9 years
7068,35615,0.9111428571428567,0.5714285714285714,0.9126139015418431,5 to 9 years
7069,37213,0.9254285714285709,0.7142857142857142,0.7767540830193196,5 to 9 years
7070,31407,0.8825714285714281,0.2857142857142857,0.6058771603420702,5 to 9 years
7071,38481,0.9111428571428567,0.5714285714285714,0.5301391449018205,5 to 9 years
7072,31876,0.8825714285714281,0.2857142857142857,0.8698935029874016,5 to 9 years
7073,30880,0.9397142857142853,0.8571428571428571,0.4428454003187882,5 to 9 years
7074,31858,0.9111428571428567,0.5714285714285714,0.5778125013646114,5 to 9 years
7075,38754,0.9397142857142853,0.8571428571428571,0.5165958015575493,5 to 9 years
7076,32769,0.9397142857142853,0.8571428571428571,0.40209257965193673,5 to 9 years
7077,36707,0.9539999999999995,1.0,0.5929682535026218,5 to 9 years
7078,37140,0.9111428571428567,0.5714285714285714,0.42696087495590235,5 to 9 years
7079,33087,0.8968571428571424,0.42857142857142855,0.6475392506599411,5 to 9 years
7080,39279,0.9397142857142853,0.8571428571428571,0.18201190279627294,5 to 9 years
7081,36019,0.8825714285714281,0.2857142857142857,0.2742176815784885,5 to 9 years
7082,30115,0.8825714285714281,0.2857142857142857,0.6334776843891535,5 to 9 years
7083,30409,0.9111428571428567,0.5714285714285714,0.07595717771671928,5 to 9 years
7084,35419,0.9539999999999995,1.0,0.08801529437528866,5 to 9 years
7085,30873,0.8682857142857138,0.14285714285714285,0.9495026319358948,5 to 9 years
7086,33437,0.8682857142857138,0.14285714285714285,0.5862115538422384,5 to 9 years
7087,31184,0.9397142857142853,0.8571428571428571,0.971049303345203,5 to 9 years
7088,36207,0.9397142857142853,0.8571428571428571,0.7074225971688128,5 to 9 years
7089,37536,0.9111428571428567,0.5714285714285714,0.5240423641802551,5 to 9 years
7090,32355,0.9111428571428567,0.5714285714285714,0.054784234747900507,5 to 9 years
7091,38903,0.8682857142857138,0.14285714285714285,0.9931441544431869,5 to 9 years
7092,32009,0.9397142857142853,0.8571428571428571,0.25505983414715416,5 to 9 years
7093,37701,0.8968571428571424,0.42857142857142855,0.49638034773288425,5 to 9 years
7094,39781,0.9397142857142853,0.8571428571428571,0.2724852018536697,5 to 9 years
7095,35269,0.8968571428571424,0.42857142857142855,0.3507155516101077,5 to 9 years
7096,35120,0.8825714285714281,0.2857142857142857,0.38529408946358673,5 to 9 years
7097,37101,0.8825714285714281,0.2857142857142857,0.09603034216194806,5 to 9 years
7098,35605,0.9397142857142853,0.8571428571428571,0.3711769167122414,5 to 9 years
7099,30543,0.9397142857142853,0.8571428571428571,0.5138509504307871,5 to 9 years
7100,37589,0.8682857142857138,0.14285714285714285,0.19257883592547959,5 to 9 years
7101,32141,0.8682857142857138,0.14285714285714285,0.48405616477651064,5 to 9 years
7102,38956,0.8825714285714281,0.2857142857142857,0.632481332956674,5 to 9 years
7103,30867,0.9539999999999995,1.0,0.5839190995153475,5 to 9 years
7104,39091,0.8825714285714281,0.2857142857142857,0.9981586434851364,5 to 9 years
7105,31975,0.8825714285714281,0.2857142857142857,0.8114039811613565,5 to 9 years
7106,38837,0.9397142857142853,0.8571428571428571,0.6825114361754684,5 to 9 years
7107,32947,0.9111428571428567,0.5714285714285714,0.9398340495610426,5 to 9 years
7108,36034,0.8682857142857138,0.14285714285714285,0.8234256082550633,5 to 9 years
7109,30855,0.9539999999999995,1.0,0.7888088626117554,5 to 9 years
7110,31471,0.8825714285714281,0.2857142857142857,0.19690368984887918,5 to 9 years
7111,37917,0.8682857142857138,0.14285714285714285,0.5812227013717114,5 to 9 years
7112,34841,0.9111428571428567,0.5714285714285714,0.23944783544340803,5 to 9 years
7113,30286,0.8682857142857138,0.14285714285714285,0.4564357408445477,5 to 9 years
7114,32607,0.9397142857142853,0.8571428571428571,0.5710110592695624,5 to 9 years
7115,38681,0.9397142857142853,0.8571428571428571,0.5955526379029334,5 to 9 years
7116,34930,0.8825714285714281,0.2857142857142857,0.7955497272374101,5 to 9 years
7117,35801,0.8825714285714281,0.2857142857142857,0.5435529112254737,5 to 9 years
7118,38777,0.8825714285714281,0.2857142857142857,0.5664268192135878,5 to 9 years
7119,30058,0.9539999999999995,1.0,0.7421851355372953,5 to 9 years
7120,35012,0.8825714285714281,0.2857142857142857,0.7834076870175603,5 to 9 years
7121,39319,0.8682857142857138,0.14285714285714285,0.37626132502692544,5 to 9 years
7122,34702,0.9111428571428567,0.5714285714285714,0.2009147162035601,5 to 9 years
7123,37195,0.8825714285714281,0.2857142857142857,0.547470840618342,5 to 9 years
7124,33979,0.8968571428571424,0.42857142857142855,0.7537716787921709,5 to 9 years
7125,31171,0.9111428571428567,0.5714285714285714,0.6642244243422295,5 to 9 years
7126,37038,0.9111428571428567,0.5714285714285714,0.009045037245808185,5 to 9 years
7127,31865,0.8682857142857138,0.14285714285714285,0.6846951631278425,5 to 9 years
7128,30550,0.8825714285714281,0.2857142857142857,0.8230350848964506,5 to 9 years
7129,39334,0.8682857142857138,0.14285714285714285,0.11453898172916699,5 to 9 years
7130,36407,0.8825714285714281,0.2857142857142857,0.44566183588241554,5 to 9 years
7131,37065,0.9397142857142853,0.8571428571428571,0.6297282168571796,5 to 9 years
7132,32301,0.9111428571428567,0.5714285714285714,0.108001694222087,5 to 9 years
7133,33212,0.9111428571428567,0.5714285714285714,0.2988718363014147,5 to 9 years
7134,33887,0.8825714285714281,0.2857142857142857,0.16889400017922412,5 to 9 years
7135,39300,0.9397142857142853,0.8571428571428571,0.7778682827802821,5 to 9 years
7136,30208,0.9111428571428567,0.5714285714285714,0.5327249988947583,5 to 9 years
7137,33303,0.9397142857142853,0.8571428571428571,0.45165774542804826,5 to 9 years
7138,36416,0.9397142857142853,0.8571428571428571,0.5233141086510457,5 to 9 years
7139,36062,0.9111428571428567,0.5714285714285714,0.46449449190521364,5 to 9 years
7140,34911,0.8682857142857138,0.14285714285714285,0.7401079644888369,5 to 9 years
7141,33659,0.8682857142857138,0.14285714285714285,0.707237910106985,5 to 9 years
7142,32940,0.8825714285714281,0.2857142857142857,0.41595325245861253,5 to 9 years
7143,38931,0.9254285714285709,0.7142857142857142,0.5651176798135363,5 to 9 years
7144,37647,0.9397142857142853,0.8571428571428571,0.6974740033297268,5 to 9 years
7145,31604,0.8682857142857138,0.14285714285714285,0.9056222437550037,5 to 9 years
7146,37528,0.8825714285714281,0.2857142857142857,0.843233639407368,5 to 9 years
7147,30650,0.9397142857142853,0.8571428571428571,0.6242539572579128,5 to 9 years
7148,34279,0.9397142857142853,0.8571428571428571,0.5841643374565575,5 to 9 years
7149,37512,0.8825714285714281,0.2857142857142857,0.0542255708689644,5 to 9 years
7150,36474,0.8682857142857138,0.14285714285714285,0.47752320080201344,5 to 9 years
7151,35641,0.8825714285714281,0.2857142857142857,0.24764545943389782,5 to 9 years
7152,38532,0.8968571428571424,0.42857142857142855,0.1719861118239684,5 to 9 years
7153,34575,0.8825714285714281,0.2857142857142857,0.7140176661154967,5 to 9 years
7154,39340,0.8968571428571424,0.42857142857142855,0.056016586291610215,5 to 9 years
7155,34738,0.8825714285714281,0.2857142857142857,0.5966822580156573,5 to 9 years
7156,38175,0.8825714285714281,0.2857142857142857,0.3384155377890925,5 to 9 years
7157,36896,0.8825714285714281,0.2857142857142857,0.6066102345822572,5 to 9 years
7158,39415,0.8825714285714281,0.2857142857142857,0.7444788365301672,5 to 9 years
7159,37044,0.9111428571428567,0.5714285714285714,0.2608322304171796,5 to 9 years
7160,30945,0.8825714285714281,0.2857142857142857,0.5338136319906057,5 to 9 years
7161,35356,0.9111428571428567,0.5714285714285714,0.4987566269906383,5 to 9 years
7162,35074,0.9111428571428567,0.5714285714285714,0.8049563711567114,5 to 9 years
7163,36597,0.9111428571428567,0.5714285714285714,0.9935089665404677,5 to 9 years
7164,38833,0.8825714285714281,0.2857142857142857,0.783999810818555,5 to 9 years
7165,39703,0.8825714285714281,0.2857142857142857,0.8709543153783654,5 to 9 years
7166,36348,0.8825714285714281,0.2857142857142857,0.563510698978495,5 to 9 years
7167,37078,0.8825714285714281,0.2857142857142857,0.43661135682416086,5 to 9 years
7168,35364,0.8825714285714281,0.2857142857142857,0.04589259095276271,5 to 9 years
7169,38521,0.9397142857142853,0.8571428571428571,0.27961576738206756,5 to 9 years
7170,32397,0.9111428571428567,0.5714285714285714,0.027550100670352684,5 to 9 years
7171,33644,0.0,0.5714285714285714,0.9890051135719691,5 to 9 years
7172,38701,0.8682857142857138,0.14285714285714285,0.5790599035001794,5 to 9 years
7173,39301,0.8968571428571424,0.42857142857142855,0.47384291943094153,5 to 9 years
7174,35735,0.9254285714285709,0.7142857142857142,0.0986378901329461,5 to 9 years
7175,38161,0.9539999999999995,1.0,0.421265788911416,5 to 9 years
7176,39596,0.8682857142857138,0.14285714285714285,0.9422787240874166,5 to 9 years
7177,35185,0.9397142857142853,0.8571428571428571,0.7062503289094393,5 to 9 years
7178,39982,0.8825714285714281,0.2857142857142857,0.525981417582274,5 to 9 years
7179,32610,0.9111428571428567,0.5714285714285714,0.2176219532510298,5 to 9 years
7180,35884,0.8968571428571424,0.42857142857142855,0.15459620632587417,5 to 9 years
7181,38432,0.9111428571428567,0.5714285714285714,0.45143602867935373,5 to 9 years
7182,34103,0.8682857142857138,0.14285714285714285,0.2872127391433718,5 to 9 years
7183,32598,0.8682857142857138,0.14285714285714285,0.3883238134854239,5 to 9 years
7184,30378,0.8682857142857138,0.14285714285714285,0.5129601838295577,5 to 9 years
7185,30315,0.9111428571428567,0.5714285714285714,0.21248781761213148,5 to 9 years
7186,37158,0.9539999999999995,1.0,0.1176158145249917,5 to 9 years
7187,37434,0.9111428571428567,0.5714285714285714,0.6079724003059932,5 to 9 years
7188,33410,0.8968571428571424,0.42857142857142855,0.6302270340990453,5 to 9 years
7189,32455,0.8825714285714281,0.2857142857142857,0.3454210469783066,5 to 9 years
7190,36283,0.8968571428571424,0.42857142857142855,0.5494843117074919,5 to 9 years
7191,34604,0.8682857142857138,0.14285714285714285,0.206468839339096,5 to 9 years
7192,30617,0.8968571428571424,0.42857142857142855,0.20439747669014463,5 to 9 years
7193,39234,0.9111428571428567,0.5714285714285714,0.9271635262765894,5 to 9 years
7194,36649,0.9111428571428567,0.5714285714285714,0.45191646856777823,5 to 9 years
7195,33290,0.8825714285714281,0.2857142857142857,0.7038862715333891,5 to 9 years
7196,37573,0.8682857142857138,0.14285714285714285,0.5701935488122312,5 to 9 years
7197,32294,0.8682857142857138,0.14285714285714285,0.4024522165514911,5 to 9 years
7198,31529,0.8968571428571424,0.42857142857142855,0.44636313143090695,5 to 9 years
7199,35753,0.9397142857142853,0.8571428571428571,0.6133030118864734,5 to 9 years
7200,34569,0.8682857142857138,0.14285714285714285,0.021842412635910136,5 to 9 years
7201,36576,0.9539999999999995,1.0,0.198531792503799,5 to 9 years
7202,35471,0.9111428571428567,0.5714285714285714,0.22749171812931596,5 to 9 years
7203,39690,0.9111428571428567,0.5714285714285714,0.13636301661796962,5 to 9 years
7204,34646,0.8682857142857138,0.14285714285714285,0.5420461489760524,5 to 9 years
7205,38013,0.8682857142857138,0.14285714285714285,0.8390650103335353,5 to 9 years
7206,38094,0.8682857142857138,0.14285714285714285,0.9835913899865784,5 to 9 years
7207,38515,0.8968571428571424,0.42857142857142855,0.4756270590198635,5 to 9 years
7208,34928,0.8682857142857138,0.14285714285714285,0.38621602767521535,5 to 9 years
7209,37478,0.8968571428571424,0.42857142857142855,0.9144343531519179,5 to 9 years
7210,32395,0.9539999999999995,1.0,0.9051435310611251,5 to 9 years
7211,33095,0.9397142857142853,0.8571428571428571,0.15445589451763286,5 to 9 years
7212,32384,0.8682857142857138,0.14285714285714285,0.7540829584971566,5 to 9 years
7213,33538,0.9111428571428567,0.5714285714285714,0.21198718457686144,5 to 9 years
7214,34463,0.8825714285714281,0.2857142857142857,0.253469845595912,5 to 9 years
7215,32608,0.8968571428571424,0.42857142857142855,0.2531888411813465,5 to 9 years
7216,32491,0.9397142857142853,0.8571428571428571,0.6140718284825861,5 to 9 years
7217,30794,0.0,0.2857142857142857,0.24849418680076046,5 to 9 years
7218,38459,0.8682857142857138,0.14285714285714285,0.2558680001242443,5 to 9 years
7219,38989,0.8682857142857138,0.14285714285714285,0.8571529962722131,5 to 9 years
7220,34152,0.8968571428571424,0.42857142857142855,0.4956679285036189,5 to 9 years
7221,37349,0.9397142857142853,0.8571428571428571,0.2766393117931309,5 to 9 years
7222,32896,0.9397142857142853,0.8571428571428571,0.08320635154541556,5 to 9 years
7223,39207,0.9111428571428567,0.5714285714285714,0.32392641575543557,5 to 9 years
7224,33626,0.8825714285714281,0.2857142857142857,0.7355457816571961,5 to 9 years
7225,33343,0.8682857142857138,0.14285714285714285,0.9511794632460517,5 to 9 years
7226,37253,0.8825714285714281,0.2857142857142857,0.1923041406362384,5 to 9 years
7227,39962,0.8825714285714281,0.2857142857142857,0.5616542324202346,5 to 9 years
7228,32211,0.9111428571428567,0.5714285714285714,0.9052819205888984,5 to 9 years
7229,38763,0.8682857142857138,0.14285714285714285,0.708319726746795,5 to 9 years
7230,36131,0.9397142857142853,0.8571428571428571,0.2431930075189654,5 to 9 years
7231,34907,0.9539999999999995,1.0,0.9819519333813636,5 to 9 years
7232,35253,0.8825714285714281,0.2857142857142857,0.12011741240409773,5 to 9 years
7233,30330,0.8682857142857138,0.14285714285714285,0.3898891367216939,5 to 9 years
7234,31060,0.8825714285714281,0.2857142857142857,0.4616955343983327,5 to 9 years
7235,36000,0.8682857142857138,0.14285714285714285,0.8992063838310295,5 to 9 years
7236,31874,0.8192857142857137,0.14285714285714285,0.43906023026205787,5 to 9 years
7237,34014,0.8825714285714281,0.2857142857142857,0.3962777651695565,5 to 9 years
7238,36769,0.9111428571428567,0.5714285714285714,0.5850612935155994,5 to 9 years
7239,35582,0.9111428571428567,0.5714285714285714,0.8811963457046104,5 to 9 years
7240,36277,0.9111428571428567,0.5714285714285714,0.1574565394879136,5 to 9 years
7241,32625,0.9111428571428567,0.5714285714285714,0.05779211247144944,5 to 9 years
7242,38756,0.8825714285714281,0.2857142857142857,0.17627066664491176,5 to 9 years
7243,31588,0.8825714285714281,0.2857142857142857,0.45102091160864405,5 to 9 years
7244,34289,0.9397142857142853,0.8571428571428571,0.7677963822295186,5 to 9 years
7245,35576,0.8825714285714281,0.2857142857142857,0.160833693618253,5 to 9 years
7246,35621,0.8968571428571424,0.42857142857142855,0.8681801751714293,5 to 9 years
7247,31719,0.8682857142857138,0.14285714285714285,0.05334629019223747,5 to 9 years
7248,39439,0.8682857142857138,0.14285714285714285,0.39739892292997636,5 to 9 years
7249,31733,0.9539999999999995,1.0,0.48862491323885193,5 to 9 years
7250,32401,0.8968571428571424,0.42857142857142855,0.5196146851837519,5 to 9 years
7251,34516,0.8682857142857138,0.14285714285714285,0.3542688461517789,5 to 9 years
7252,34140,0.8682857142857138,0.14285714285714285,0.8943416481448837,5 to 9 years
7253,38488,0.9397142857142853,0.8571428571428571,0.8893409702224963,5 to 9 years
7254,37041,0.9111428571428567,0.5714285714285714,0.28634152579919536,5 to 9 years
7255,33833,0.8682857142857138,0.14285714285714285,0.4549392634465141,5 to 9 years
7256,38563,0.9111428571428567,0.5714285714285714,0.3508097584343384,5 to 9 years
7257,38451,0.8968571428571424,0.42857142857142855,0.1838015399642154,5 to 9 years
7258,31214,0.8825714285714281,0.2857142857142857,0.2577797332270207,5 to 9 years
7259,33008,0.8968571428571424,0.42857142857142855,0.389600033272729,5 to 9 years
7260,36754,0.8682857142857138,0.14285714285714285,0.24584385813221415,5 to 9 years
7261,34694,0.8825714285714281,0.2857142857142857,0.6584216590998346,5 to 9 years
7262,37811,0.9539999999999995,1.0,0.9257605621463558,5 to 9 years
7263,34952,0.8682857142857138,0.14285714285714285,0.38867011408433016,5 to 9 years
7264,32232,0.8825714285714281,0.2857142857142857,0.28041191060295995,5 to 9 years
7265,31500,0.8968571428571424,0.42857142857142855,0.8491801371487598,5 to 9 years
7266,31983,0.8682857142857138,0.14285714285714285,0.7316364719733301,5 to 9 years
7267,38335,0.9539999999999995,1.0,0.22993681840539748,5 to 9 years
7268,34350,0.8825714285714281,0.2857142857142857,0.8682921686123866,5 to 9 years
7269,31868,0.9111428571428567,0.5714285714285714,0.8369071501530683,5 to 9 years
7270,31161,0.9111428571428567,0.5714285714285714,0.17701715145849023,5 to 9 years
7271,35770,0.8682857142857138,0.14285714285714285,0.5106832138047235,5 to 9 years
7272,31674,0.8682857142857138,0.14285714285714285,0.7218740932698398,5 to 9 years
7273,39173,0.8825714285714281,0.2857142857142857,0.19858132395669087,5 to 9 years
7274,33043,0.8968571428571424,0.42857142857142855,0.6925158959029819,5 to 9 years
7275,38610,0.9111428571428567,0.5714285714285714,0.8688239167854105,5 to 9 years
7276,39552,0.8825714285714281,0.2857142857142857,0.08753181116052333,5 to 9 years
7277,32777,0.9111428571428567,0.5714285714285714,0.37276653378375,5 to 9 years
7278,37489,0.9111428571428567,0.5714285714285714,0.7794332429487958,5 to 9 years
7279,37191,0.8682857142857138,0.14285714285714285,0.8242135929955254,5 to 9 years
7280,37016,0.9539999999999995,1.0,0.6545832848874238,5 to 9 years
7281,33956,0.9111428571428567,0.5714285714285714,0.5093363722953833,5 to 9 years
7282,39284,0.8968571428571424,0.42857142857142855,0.8347424388693456,5 to 9 years
7283,35331,0.9397142857142853,0.8571428571428571,0.520853517020667,5 to 9 years
7284,33413,0.8682857142857138,0.14285714285714285,0.37979559157430354,5 to 9 years
7285,36821,0.8825714285714281,0.2857142857142857,0.5309134214167741,5 to 9 years
7286,30117,0.9397142857142853,0.8571428571428571,0.7132881755164349,5 to 9 years
7287,31337,0.8825714285714281,0.2857142857142857,0.8466400502381839,5 to 9 years
7288,36101,0.8968571428571424,0.42857142857142855,0.28620356383120504,5 to 9 years
7289,30494,0.8968571428571424,0.42857142857142855,0.8341847828410718,5 to 9 years
7290,37084,0.8825714285714281,0.2857142857142857,0.17146789846187527,5 to 9 years
7291,33386,0.9111428571428567,0.5714285714285714,0.28678765137071727,5 to 9 years
7292,30124,0.8825714285714281,0.2857142857142857,0.15291986256853995,5 to 9 years
7293,38267,0.8825714285714281,0.2857142857142857,0.6109581893819458,5 to 9 years
7294,36140,0.8682857142857138,0.14285714285714285,0.07027259094757349,5 to 9 years
7295,39045,0.9111428571428567,0.5714285714285714,0.2904047172970557,5 to 9 years
7296,38470,0.9539999999999995,1.0,0.6807316991792132,5 to 9 years
7297,35895,0.8682857142857138,0.14285714285714285,0.6714633604876274,5 to 9 years
7298,32972,0.8825714285714281,0.2857142857142857,0.10024003895786038,5 to 9 years
7299,33313,0.8682857142857138,0.14285714285714285,0.544695807962141,5 to 9 years
7300,33800,0.9111428571428567,0.5714285714285714,0.8166745199895111,5 to 9 years
7301,32680,0.9111428571428567,0.5714285714285714,0.6517498160209854,5 to 9 years
7302,31896,0.9254285714285709,0.7142857142857142,0.6833204030092108,5 to 9 years
7303,33609,0.9111428571428567,0.5714285714285714,0.674302742396361,5 to 9 years
7304,33385,0.9111428571428567,0.5714285714285714,0.16973550856424396,5 to 9 years
7305,30946,0.9111428571428567,0.5714285714285714,0.10156054227695782,5 to 9 years
7306,34534,0.9111428571428567,0.5714285714285714,0.09007001464299808,5 to 9 years
7307,35745,0.9111428571428567,0.5714285714285714,0.4580233439307038,5 to 9 years
7308,33395,0.8968571428571424,0.42857142857142855,0.13865002672094456,5 to 9 years
7309,38737,0.9397142857142853,0.8571428571428571,0.6388654377956156,5 to 9 years
7310,35758,0.9111428571428567,0.5714285714285714,0.19489220374556415,5 to 9 years
7311,33175,0.9539999999999995,1.0,0.36033445152264865,5 to 9 years
7312,39855,0.9397142857142853,0.8571428571428571,0.3743507243409252,5 to 9 years
7313,36285,0.8968571428571424,0.42857142857142855,0.6342469941641319,5 to 9 years
7314,38955,0.9111428571428567,0.5714285714285714,0.6055874694310683,5 to 9 years
7315,34800,0.8825714285714281,0.2857142857142857,0.9863044855365999,5 to 9 years
7316,35711,0.8825714285714281,0.2857142857142857,0.9731869246602898,5 to 9 years
7317,39151,0.8682857142857138,0.14285714285714285,0.4198725143102204,5 to 9 years
7318,30576,0.9539999999999995,1.0,0.25604611890154405,5 to 9 years
7319,37615,0.9254285714285709,0.7142857142857142,0.4297376695732615,5 to 9 years
7320,36171,0.9111428571428567,0.5714285714285714,0.12855374352224308,5 to 9 years
7321,31145,0.9111428571428567,0.5714285714285714,0.3300943413685622,5 to 9 years
7322,39919,0.9111428571428567,0.5714285714285714,0.26538361721987297,5 to 9 years
7323,30475,0.9111428571428567,0.5714285714285714,0.9463727285753356,5 to 9 years
7324,30293,0.9397142857142853,0.8571428571428571,0.2445473180306862,5 to 9 years
7325,37661,0.9397142857142853,0.8571428571428571,0.6288185692917891,5 to 9 years
7326,31363,0.8825714285714281,0.2857142857142857,0.7058814939554825,5 to 9 years
7327,36964,0.8682857142857138,0.14285714285714285,0.017466759437379853,5 to 9 years
7328,39795,0.8682857142857138,0.14285714285714285,0.520656573478507,5 to 9 years
7329,35321,0.9539999999999995,1.0,0.3440459573648414,5 to 9 years
7330,32858,0.9397142857142853,0.8571428571428571,0.32096997722744725,5 to 9 years
7331,30183,0.9397142857142853,0.8571428571428571,0.03136141649210933,5 to 9 years
7332,39227,0.8968571428571424,0.42857142857142855,0.13938322016185356,5 to 9 years
7333,38697,0.8682857142857138,0.14285714285714285,0.15859356290260423,5 to 9 years
7334,35837,0.8968571428571424,0.42857142857142855,0.5374481113128362,5 to 9 years
7335,33963,0.8825714285714281,0.2857142857142857,0.4829598139044376,5 to 9 years
7336,38075,0.8825714285714281,0.2857142857142857,0.5651672899679425,5 to 9 years
7337,38124,0.8968571428571424,0.42857142857142855,0.3574791248657139,5 to 9 years
7338,36525,0.9397142857142853,0.8571428571428571,0.8686797323767095,5 to 9 years
7339,34632,0.8825714285714281,0.2857142857142857,0.282280572122854,5 to 9 years
7340,36804,0.8825714285714281,0.2857142857142857,0.5996339148492589,5 to 9 years
7341,32007,0.9111428571428567,0.5714285714285714,0.8415002805488507,5 to 9 years
7342,34622,0.9111428571428567,0.5714285714285714,0.052618877524068075,5 to 9 years
7343,35993,0.8682857142857138,0.14285714285714285,0.7049106427651474,5 to 9 years
7344,37470,0.8682857142857138,0.14285714285714285,0.17720362727015077,5 to 9 years
7345,34113,0.8968571428571424,0.42857142857142855,0.8745213226778032,5 to 9 years
7346,30363,0.8825714285714281,0.2857142857142857,0.9262215444997446,5 to 9 years
7347,39647,0.8682857142857138,0.14285714285714285,0.7381324034690653,5 to 9 years
7348,36398,0.8825714285714281,0.2857142857142857,0.7194783854452136,5 to 9 years
7349,36834,0.9397142857142853,0.8571428571428571,0.5339461660161483,5 to 9 years
7350,31393,0.8968571428571424,0.42857142857142855,0.7723637267428964,5 to 9 years
7351,39756,0.9539999999999995,1.0,0.6941023312833873,5 to 9 years
7352,39418,0.9111428571428567,0.5714285714285714,0.6128660076535685,5 to 9 years
7353,39054,0.8825714285714281,0.2857142857142857,0.5935403084103337,5 to 9 years
7354,38197,0.8968571428571424,0.42857142857142855,0.5382762269858415,5 to 9 years
7355,36433,0.8968571428571424,0.42857142857142855,0.7607381957398244,5 to 9 years
7356,30278,0.9397142857142853,0.8571428571428571,0.7285968504898517,5 to 9 years
7357,39246,0.8825714285714281,0.2857142857142857,0.18922474345593582,5 to 9 years
7358,39121,0.9111428571428567,0.5714285714285714,0.12575153970179342,5 to 9 years
7359,30283,0.9397142857142853,0.8571428571428571,0.6308277978003818,5 to 9 years
7360,36094,0.8825714285714281,0.2857142857142857,0.33313092714910886,5 to 9 years
7361,34934,0.9397142857142853,0.8571428571428571,0.6285042348492007,5 to 9 years
7362,32427,0.9397142857142853,0.8571428571428571,0.6581944267347237,5 to 9 years
7363,31802,0.8682857142857138,0.14285714285714285,0.2120755086896648,5 to 9 years
7364,38654,0.9397142857142853,0.8571428571428571,0.647864832225513,5 to 9 years
7365,39385,0.9397142857142853,0.8571428571428571,0.7427967273301412,5 to 9 years
7366,35249,0.8682857142857138,0.14285714285714285,0.7465544463764734,5 to 9 years
7367,38300,0.8825714285714281,0.2857142857142857,0.30527909960858757,5 to 9 years
7368,38940,0.8968571428571424,0.42857142857142855,0.1058038726119726,5 to 9 years
7369,33333,0.8825714285714281,0.2857142857142857,0.71131648448724,5 to 9 years
7370,33832,0.8682857142857138,0.14285714285714285,0.180644711108004,5 to 9 years
7371,30651,0.8682857142857138,0.14285714285714285,0.49144043248366664,5 to 9 years
7372,31684,0.8682857142857138,0.14285714285714285,0.2946751725542074,5 to 9 years
7373,37562,0.8968571428571424,0.42857142857142855,0.0322805306764794,5 to 9 years
7374,35817,0.8825714285714281,0.2857142857142857,0.6566216628922109,5 to 9 years
7375,32006,0.9111428571428567,0.5714285714285714,0.3325868552799453,5 to 9 years
7376,35448,0.8682857142857138,0.14285714285714285,0.05133959126978743,5 to 9 years
7377,37916,0.9111428571428567,0.5714285714285714,0.19122595499774403,5 to 9 years
7378,39317,0.8968571428571424,0.42857142857142855,0.49264378361124905,5 to 9 years
7379,35009,0.8825714285714281,0.2857142857142857,0.6368208573344102,5 to 9 years
7380,33851,0.8825714285714281,0.2857142857142857,0.6331353220664575,5 to 9 years
7381,36122,0.8682857142857138,0.14285714285714285,0.2456577078155064,5 to 9 years
7382,34000,0.9539999999999995,1.0,0.45154528038114305,5 to 9 years
7383,31034,0.8825714285714281,0.2857142857142857,0.599863055711493,5 to 9 years
7384,32721,0.9111428571428567,0.5714285714285714,0.2689490627188273,5 to 9 years
7385,31882,0.9111428571428567,0.5714285714285714,0.3235394049250745,5 to 9 years
7386,36519,0.8682857142857138,0.14285714285714285,0.9191203929587268,5 to 9 years
7387,31136,0.8682857142857138,0.14285714285714285,0.5075779604530262,5 to 9 years
7388,39238,0.9397142857142853,0.8571428571428571,0.6788386788943019,5 to 9 years
7389,38649,0.8968571428571424,0.42857142857142855,0.6747808572845765,5 to 9 years
7390,30785,0.8968571428571424,0.42857142857142855,0.6363509787088222,5 to 9 years
7391,34577,0.9539999999999995,1.0,0.45871054633633324,5 to 9 years
7392,38923,0.8682857142857138,0.14285714285714285,0.46847083658243205,5 to 9 years
7393,38383,0.9397142857142853,0.8571428571428571,0.5698447625073849,5 to 9 years
7394,33271,0.8682857142857138,0.14285714285714285,0.34945736737239674,5 to 9 years
7395,32066,0.8682857142857138,0.14285714285714285,0.2341005737638373,5 to 9 years
7396,33178,0.8968571428571424,0.42857142857142855,0.6289509154339465,5 to 9 years
7397,38798,0.8968571428571424,0.42857142857142855,0.02140080877226569,5 to 9 years
7398,37488,0.9539999999999995,1.0,0.6131794108580823,5 to 9 years
7399,36240,0.8682857142857138,0.14285714285714285,0.420006841229967,5 to 9 years
7400,33821,0.9539999999999995,1.0,0.3585710026533201,5 to 9 years
7401,36432,0.8825714285714281,0.2857142857142857,0.13104075617901756,5 to 9 years
7402,35441,0.9111428571428567,0.5714285714285714,0.15030985483168108,5 to 9 years
7403,33037,0.8968571428571424,0.42857142857142855,0.24811424672373011,5 to 9 years
7404,38987,0.8968571428571424,0.42857142857142855,0.5026126394123233,5 to 9 years
7405,30461,0.9397142857142853,0.8571428571428571,0.35788487220380716,5 to 9 years
7406,35559,0.8682857142857138,0.14285714285714285,0.6451799488753478,5 to 9 years
7407,33063,0.9397142857142853,0.8571428571428571,0.5183608303201699,5 to 9 years
7408,34763,0.9397142857142853,0.8571428571428571,0.7181137734181822,5 to 9 years
7409,31930,0.8968571428571424,0.42857142857142855,0.010903651627610866,5 to 9 years
7410,33280,0.8825714285714281,0.2857142857142857,0.11880267008143885,5 to 9 years
7411,30758,0.8682857142857138,0.14285714285714285,0.18610401154476153,5 to 9 years
7412,36414,0.8682857142857138,0.14285714285714285,0.27522028700087686,5 to 9 years
7413,30708,0.9397142857142853,0.8571428571428571,0.5788705211638504,5 to 9 years
7414,31352,0.8825714285714281,0.2857142857142857,0.4607689267836839,5 to 9 years
7415,37638,0.8682857142857138,0.14285714285714285,0.3625674038252377,5 to 9 years
7416,32110,0.8825714285714281,0.2857142857142857,0.19593898113679287,5 to 9 years
7417,37281,0.9111428571428567,0.5714285714285714,0.039361756911852064,5 to 9 years
7418,36952,0.8825714285714281,0.2857142857142857,0.3338017184306501,5 to 9 years
7419,37652,0.9397142857142853,0.8571428571428571,0.34910358150769605,5 to 9 years
7420,30503,0.8682857142857138,0.14285714285714285,0.9020219031107602,5 to 9 years
7421,37766,0.8825714285714281,0.2857142857142857,0.5734727434874866,5 to 9 years
7422,35223,0.9111428571428567,0.5714285714285714,0.05519087853710253,5 to 9 years
7423,37531,0.0,0.2857142857142857,0.3642268634348335,5 to 9 years
7424,34184,0.9397142857142853,0.8571428571428571,0.9681887143748389,5 to 9 years
7425,37816,0.9111428571428567,0.5714285714285714,0.6100409281666666,5 to 9 years
7426,32341,0.8825714285714281,0.2857142857142857,0.5205171303983512,5 to 9 years
7427,36381,0.9539999999999995,1.0,0.9640847516587694,5 to 9 years
7428,32332,0.8825714285714281,0.2857142857142857,0.49068932150965616,5 to 9 years
7429,32148,0.8825714285714281,0.2857142857142857,0.6342783720700264,5 to 9 years
7430,30819,0.8825714285714281,0.2857142857142857,0.8074472142438338,5 to 9 years
7431,36437,0.9111428571428567,0.5714285714285714,0.869993070213279,5 to 9 years
7432,36610,0.9111428571428567,0.5714285714285714,0.30316802868138015,5 to 9 years
7433,35580,0.8825714285714281,0.2857142857142857,0.3755547285381987,5 to 9 years
7434,31426,0.8825714285714281,0.2857142857142857,0.3237115436626611,5 to 9 years
7435,30834,0.8682857142857138,0.14285714285714285,0.32937269660720997,5 to 9 years
7436,30784,0.8968571428571424,0.42857142857142855,0.7200930770194115,5 to 9 years
7437,33078,0.8968571428571424,0.42857142857142855,0.5484657696167381,5 to 9 years
7438,39192,0.9397142857142853,0.8571428571428571,0.2045685818063303,5 to 9 years
7439,35574,0.9539999999999995,1.0,0.35230542178856433,5 to 9 years
7440,31460,0.9111428571428567,0.5714285714285714,0.0008257163113681854,5 to 9 years
7441,38177,0.8968571428571424,0.42857142857142855,0.747170917843518,5 to 9 years
7442,32175,0.8825714285714281,0.2857142857142857,0.4319454588365601,5 to 9 years
7443,34123,0.9397142857142853,0.8571428571428571,0.23619975554800599,5 to 9 years
7444,31683,0.8968571428571424,0.42857142857142855,0.773201244107595,5 to 9 years
7445,32604,0.9539999999999995,1.0,0.7212153811200812,5 to 9 years
7446,38291,0.9111428571428567,0.5714285714285714,0.0016506132046392175,5 to 9 years
7447,37258,0.9111428571428567,0.5714285714285714,0.4078326312089042,5 to 9 years
7448,34607,0.8682857142857138,0.14285714285714285,0.7224648135354761,5 to 9 years
7449,39956,0.8682857142857138,0.14285714285714285,0.22033835881068486,5 to 9 years
7450,36180,0.9111428571428567,0.5714285714285714,0.35870811497343186,5 to 9 years
7451,35186,0.9111428571428567,0.5714285714285714,0.1365499143400567,5 to 9 years
7452,31278,0.8825714285714281,0.2857142857142857,0.8694322258073361,5 to 9 years
7453,31414,0.8825714285714281,0.2857142857142857,0.4442741601070543,5 to 9 years
7454,38877,0.8968571428571424,0.42857142857142855,0.40627878569546017,5 to 9 years
7455,34994,0.9111428571428567,0.5714285714285714,0.4906687139781701,5 to 9 years
7456,38438,0.9397142857142853,0.8571428571428571,0.8316613698059541,5 to 9 years
7457,32850,0.9397142857142853,0.8571428571428571,0.5714852012103708,5 to 9 years
7458,39214,0.8825714285714281,0.2857142857142857,0.9169571948684327,5 to 9 years
7459,31682,0.9397142857142853,0.8571428571428571,0.32468407548138656,5 to 9 years
7460,31912,0.9539999999999995,1.0,0.1774736607109007,5 to 9 years
7461,38382,0.9111428571428567,0.5714285714285714,0.3351755753758477,5 to 9 years
7462,34272,0.8682857142857138,0.14285714285714285,0.4771736225433074,5 to 9 years
7463,38609,0.8682857142857138,0.14285714285714285,0.45144762225532176,5 to 9 years
7464,31187,0.9111428571428567,0.5714285714285714,0.3144707558143269,5 to 9 years
7465,35867,0.9397142857142853,0.8571428571428571,0.23771800719603736,5 to 9 years
7466,38339,0.8682857142857138,0.14285714285714285,0.29033401472609677,5 to 9 years
7467,31947,0.8825714285714281,0.2857142857142857,0.7747879517453865,5 to 9 years
7468,32534,0.9111428571428567,0.5714285714285714,0.6853426054820296,5 to 9 years
7469,32261,0.8825714285714281,0.2857142857142857,0.8035908672098904,5 to 9 years
7470,36190,0.9111428571428567,0.5714285714285714,0.9498895020179194,5 to 9 years
7471,31193,0.8682857142857138,0.14285714285714285,0.5341823989041508,5 to 9 years
7472,33060,0.8968571428571424,0.42857142857142855,0.40522825792895156,5 to 9 years
7473,38213,0.8968571428571424,0.42857142857142855,0.36135290844029266,5 to 9 years
7474,35774,0.9397142857142853,0.8571428571428571,0.3833064635347748,5 to 9 years
7475,33910,0.9539999999999995,1.0,0.868290583841004,5 to 9 years
7476,31052,0.8968571428571424,0.42857142857142855,0.8568383490679106,5 to 9 years
7477,32056,0.9111428571428567,0.5714285714285714,0.175824985021777,5 to 9 years
7478,31836,0.9111428571428567,0.5714285714285714,0.4285017923121079,5 to 9 years
7479,38042,0.9397142857142853,0.8571428571428571,0.9856261629705377,5 to 9 years
7480,36224,0.9397142857142853,0.8571428571428571,0.2894187894523302,5 to 9 years
7481,30022,0.8825714285714281,0.2857142857142857,0.6692697824144811,5 to 9 years
7482,36428,0.8968571428571424,0.42857142857142855,0.8463749041184725,5 to 9 years
7483,38234,0.8682857142857138,0.14285714285714285,0.48156626264553115,5 to 9 years
7484,32764,0.9111428571428567,0.5714285714285714,0.7100050223984924,5 to 9 years
7485,31967,0.9111428571428567,0.5714285714285714,0.8719446605797353,5 to 9 years
7486,35633,0.8825714285714281,0.2857142857142857,0.9744581445809433,5 to 9 years
7487,36399,0.9397142857142853,0.8571428571428571,0.5770114129142351,5 to 9 years
7488,34727,0.9539999999999995,1.0,0.28765306853635514,5 to 9 years
7489,34282,0.9397142857142853,0.8571428571428571,0.5686801269605795,5 to 9 years
7490,30509,0.8825714285714281,0.2857142857142857,0.5369903524277458,5 to 9 years
7491,36908,0.8682857142857138,0.14285714285714285,0.373312113360747,5 to 9 years
7492,37680,0.9111428571428567,0.5714285714285714,0.29584919379108576,5 to 9 years
7493,36855,0.8825714285714281,0.2857142857142857,0.6129558517628474,5 to 9 years
7494,34785,0.9111428571428567,0.5714285714285714,0.343990503002988,5 to 9 years
7495,37845,0.8825714285714281,0.2857142857142857,0.6684385976779958,5 to 9 years
7496,35234,0.9397142857142853,0.8571428571428571,0.6433839441597626,5 to 9 years
7497,31630,0.9111428571428567,0.5714285714285714,0.977329725599901,5 to 9 years
7498,35718,0.8682857142857138,0.14285714285714285,0.4985055835345112,5 to 9 years
7499,34566,0.8968571428571424,0.42857142857142855,0.8330978928952639,5 to 9 years
7500,34997,0.8825714285714281,0.2857142857142857,0.6417333932536,5 to 9 years
7501,30974,0.8682857142857138,0.14285714285714285,0.8204021087056843,5 to 9 years
7502,39985,0.8968571428571424,0.42857142857142855,0.5811929341212683,5 to 9 years
7503,36129,0.8968571428571424,0.42857142857142855,0.6178160247100307,5 to 9 years
7504,31791,0.9397142857142853,0.8571428571428571,0.9917696212380658,5 to 9 years
7505,36234,0.8682857142857138,0.14285714285714285,0.8403709966740501,5 to 9 years
7506,33765,0.9111428571428567,0.5714285714285714,0.5562889636314069,5 to 9 years
7507,32736,0.8968571428571424,0.42857142857142855,0.9894880747515395,5 to 9 years
7508,33157,0.8825714285714281,0.2857142857142857,0.721016038833906,5 to 9 years
7509,31457,0.8825714285714281,0.2857142857142857,0.1616654314150317,5 to 9 years
7510,39871,0.8825714285714281,0.2857142857142857,0.49103319972685805,5 to 9 years
7511,37967,0.9111428571428567,0.5714285714285714,0.3743973942847859,5 to 9 years
7512,34485,0.8825714285714281,0.2857142857142857,0.2854540622088012,5 to 9 years
7513,35137,0.9539999999999995,1.0,0.8822894478799528,5 to 9 years
7514,38185,0.9397142857142853,0.8571428571428571,0.9415357496164685,5 to 9 years
7515,36923,0.9397142857142853,0.8571428571428571,0.35471248217969653,5 to 9 years
7516,31182,0.9539999999999995,1.0,0.6172591506335079,5 to 9 years
7517,39351,0.8682857142857138,0.14285714285714285,0.9064718355547998,5 to 9 years
7518,38394,0.8682857142857138,0.14285714285714285,0.07038511474685982,5 to 9 years
7519,33520,0.9111428571428567,0.5714285714285714,0.148927349401467,5 to 9 years
7520,34771,0.9111428571428567,0.5714285714285714,0.15147201885618078,5 to 9 years
7521,39876,0.8682857142857138,0.14285714285714285,0.7759958455127252,5 to 9 years
7522,38580,0.9539999999999995,1.0,0.6214125525961061,5 to 9 years
7523,35248,0.9397142857142853,0.8571428571428571,0.9458020886165985,5 to 9 years
7524,39800,0.8825714285714281,0.2857142857142857,0.07378424085168794,5 to 9 years
7525,32752,0.9111428571428567,0.5714285714285714,0.4795251131228716,5 to 9 years
7526,39788,0.9111428571428567,0.5714285714285714,0.22321540146671054,5 to 9 years
7527,36425,0.9111428571428567,0.5714285714285714,0.11222998948889767,5 to 9 years
7528,34687,0.9111428571428567,0.5714285714285714,0.014871971224257874,5 to 9 years
7529,32481,0.9111428571428567,0.5714285714285714,0.38360863824633296,5 to 9 years
7530,35406,0.6755714284097604,0.2857142857142857,0.02554018243683831,50 to 54 years
7531,36393,0.6755714284097604,0.2857142857142857,0.7313970733190731,50 to 54 years
7532,39904,0.704142856981189,0.5714285714285714,0.5413769152623658,50 to 54 years
7533,32054,0.6755714284097604,0.2857142857142857,0.2650840369385827,50 to 54 years
7534,37855,0.704142856981189,0.5714285714285714,0.5566559406320979,50 to 54 years
7535,38653,0.7327142855526175,0.8571428571428571,0.9616266354166503,50 to 54 years
7536,39913,0.7327142855526175,0.8571428571428571,0.4150361157666954,50 to 54 years
7537,34661,0.704142856981189,0.5714285714285714,0.6674507966241963,50 to 54 years
7538,35418,0.661285714124046,0.14285714285714285,0.8108063331917787,50 to 54 years
7539,37004,0.7327142855526175,0.8571428571428571,0.35018553210536774,50 to 54 years
7540,38400,0.7469999998383318,1.0,0.7110371606718462,50 to 54 years
7541,31781,0.7327142855526175,0.8571428571428571,0.20679089828277208,50 to 54 years
7542,39093,0.6755714284097604,0.2857142857142857,0.017567008112936766,50 to 54 years
7543,36533,0.6755714284097604,0.2857142857142857,0.6268062907624135,50 to 54 years
7544,34439,0.6755714284097604,0.2857142857142857,0.8570875384143207,50 to 54 years
7545,31856,0.6755714284097604,0.2857142857142857,0.9203935351836823,50 to 54 years
7546,34648,0.6898571426954746,0.42857142857142855,0.45297976536936746,50 to 54 years
7547,36984,0.704142856981189,0.5714285714285714,0.573098745259963,50 to 54 years
7548,34858,0.6755714284097604,0.2857142857142857,0.5617785895648725,50 to 54 years
7549,32886,0.6755714284097604,0.2857142857142857,0.4826023806590664,50 to 54 years
7550,36067,0.7327142855526175,0.8571428571428571,0.6497761668814435,50 to 54 years
7551,38176,0.6755714284097604,0.2857142857142857,0.3616594423300815,50 to 54 years
7552,36189,0.7184285712669032,0.7142857142857142,0.3687331409544858,50 to 54 years
7553,36500,0.6755714284097604,0.2857142857142857,0.3944250625834007,50 to 54 years
7554,39610,0.661285714124046,0.14285714285714285,0.9210602635453349,50 to 54 years
7555,32755,0.6898571426954746,0.42857142857142855,0.4981521074848669,50 to 54 years
7556,34702,0.704142856981189,0.5714285714285714,0.2009147162035601,50 to 54 years
7557,36636,0.6755714284097604,0.2857142857142857,0.32095554799852577,50 to 54 years
7558,34467,0.704142856981189,0.5714285714285714,0.5401351938607599,50 to 54 years
7559,38308,0.7327142855526175,0.8571428571428571,0.11631099637240366,50 to 54 years
7560,36208,0.6755714284097604,0.2857142857142857,0.7331287715137451,50 to 54 years
7561,36371,0.6755714284097604,0.2857142857142857,0.22570069390511033,50 to 54 years
7562,36597,0.704142856981189,0.5714285714285714,0.9935089665404677,50 to 54 years
7563,32116,0.704142856981189,0.5714285714285714,0.9332496465322115,50 to 54 years
7564,30220,0.6755714284097604,0.2857142857142857,0.49047966570529505,50 to 54 years
7565,33730,0.7327142855526175,0.8571428571428571,0.4050257688124574,50 to 54 years
7566,30620,0.6755714284097604,0.2857142857142857,0.7236329909403676,50 to 54 years
7567,36095,0.6755714284097604,0.2857142857142857,0.217282074414947,50 to 54 years
7568,32391,0.704142856981189,0.5714285714285714,0.6860186167818559,50 to 54 years
7569,34394,0.6755714284097604,0.2857142857142857,0.07460823836700431,50 to 54 years
7570,31273,0.704142856981189,0.5714285714285714,0.8451187247647921,50 to 54 years
7571,31144,0.6755714284097604,0.2857142857142857,0.9186409882768125,50 to 54 years
7572,32549,-0.0858367063508638,0.14285714285714285,0.5862510103048163,50 to 54 years
7573,35397,-0.3093306185866336,0.14285714285714285,0.7221415462376999,50 to 54 years
7574,33136,0.6898571426954746,0.42857142857142855,0.37887616887618114,50 to 54 years
7575,33032,0.704142856981189,0.5714285714285714,0.5119880383809192,50 to 54 years
7576,39835,0.7184285712669032,0.7142857142857142,0.34734668738108065,50 to 54 years
7577,39038,0.661285714124046,0.14285714285714285,0.33565732134829235,50 to 54 years
7578,38823,0.6755714284097604,0.2857142857142857,0.8593389609194755,50 to 54 years
7579,38521,0.7327142855526175,0.8571428571428571,0.27961576738206756,50 to 54 years
7580,32257,0.6755714284097604,0.2857142857142857,0.7001082096044127,50 to 54 years
7581,37648,0.704142856981189,0.5714285714285714,0.23828911029892097,50 to 54 years
7582,35357,0.6755714284097604,0.2857142857142857,0.7216387138680112,50 to 54 years
7583,30278,0.7327142855526175,0.8571428571428571,0.7285968504898517,50 to 54 years
7584,30479,0.6755714284097604,0.2857142857142857,0.9839193433422218,50 to 54 years
7585,39227,0.6898571426954746,0.42857142857142855,0.13938322016185356,50 to 54 years
7586,34421,0.7469999998383318,1.0,0.6252343963729494,50 to 54 years
7587,30413,0.661285714124046,0.14285714285714285,0.6980230835384121,50 to 54 years
7588,39971,-0.13752199631868312,0.14285714285714285,0.28354218448428054,50 to 54 years
7589,39547,0.704142856981189,0.5714285714285714,0.8924449189486159,50 to 54 years
7590,33203,0.7327142855526175,0.8571428571428571,0.6501103659893993,50 to 54 years
7591,33046,0.704142856981189,0.5714285714285714,0.6867403074388843,50 to 54 years
7592,31335,0.6755714284097604,0.2857142857142857,0.22806678790079232,50 to 54 years
7593,36880,0.7184285712669032,0.7142857142857142,0.01206336814685982,50 to 54 years
7594,38972,0.704142856981189,0.5714285714285714,0.9626562039939206,50 to 54 years
7595,33618,0.6755714284097604,0.2857142857142857,0.026217431455595408,50 to 54 years
7596,37283,0.7184285712669032,0.7142857142857142,0.12160769129919657,50 to 54 years
7597,30597,0.661285714124046,0.14285714285714285,0.6343592797117895,50 to 54 years
7598,36133,0.6898571426954746,0.42857142857142855,0.5739205896804309,50 to 54 years
7599,39447,0.6755714284097604,0.2857142857142857,0.7557976573371403,50 to 54 years
7600,35035,0.6898571426954746,0.42857142857142855,0.7112779217703891,50 to 54 years
7601,34703,0.7327142855526175,0.8571428571428571,0.6166610331562111,50 to 54 years
7602,39518,0.7327142855526175,0.8571428571428571,0.16865938541103837,50 to 54 years
7603,30274,0.7327142855526175,0.8571428571428571,0.5894001666507783,50 to 54 years
7604,35143,0.704142856981189,0.5714285714285714,0.8073153698037205,50 to 54 years
7605,39683,0.661285714124046,0.14285714285714285,0.008040523442614411,50 to 54 years
7606,35523,0.7327142855526175,0.8571428571428571,0.679196355886911,50 to 54 years
7607,31992,0.6755714284097604,0.2857142857142857,0.7399638929361576,50 to 54 years
7608,34163,0.6755714284097604,0.2857142857142857,0.816952556458072,50 to 54 years
7609,31059,0.6755714284097604,0.2857142857142857,0.21347156366837822,50 to 54 years
7610,30761,0.661285714124046,0.14285714285714285,0.8103043988042941,50 to 54 years
7611,39488,-0.3087870994289615,0.14285714285714285,0.6091436272116356,50 to 54 years
7612,32591,0.6755714284097604,0.2857142857142857,0.25993059958558234,50 to 54 years
7613,31668,0.704142856981189,0.5714285714285714,0.1087686265411903,50 to 54 years
7614,34195,0.661285714124046,0.14285714285714285,0.8732619781204106,50 to 54 years
7615,32983,0.7327142855526175,0.8571428571428571,0.26329675536111286,50 to 54 years
7616,33790,0.6755714284097604,0.2857142857142857,0.9404769986801574,50 to 54 years
7617,36673,0.704142856981189,0.5714285714285714,0.17848893293553098,50 to 54 years
7618,38751,0.7184285712669032,0.7142857142857142,0.6030074047403662,50 to 54 years
7619,38464,0.704142856981189,0.5714285714285714,0.5352082357005539,50 to 54 years
7620,38591,0.6755714284097604,0.2857142857142857,0.7728998213759368,50 to 54 years
7621,32985,0.7469999998383318,1.0,0.09165109120174192,50 to 54 years
7622,30725,0.6755714284097604,0.2857142857142857,0.7373919881158358,50 to 54 years
7623,31349,0.7327142855526175,0.8571428571428571,0.2202244308620031,50 to 54 years
7624,30429,0.6755714284097604,0.2857142857142857,0.2657790625488796,50 to 54 years
7625,34633,0.7469999998383318,1.0,0.31858213596766355,50 to 54 years
7626,33662,0.7327142855526175,0.8571428571428571,0.19035224602233286,50 to 54 years
7627,39316,0.704142856981189,0.5714285714285714,0.014271582950946882,50 to 54 years
7628,30152,0.6755714284097604,0.2857142857142857,0.7122121741795464,50 to 54 years
7629,31509,0.6755714284097604,0.2857142857142857,0.8631863065484315,50 to 54 years
7630,31227,0.704142856981189,0.5714285714285714,0.47225909895921747,50 to 54 years
7631,37339,0.704142856981189,0.5714285714285714,0.2522881393870213,50 to 54 years
7632,38029,0.7327142855526175,0.8571428571428571,0.2256567409519905,50 to 54 years
7633,31747,0.704142856981189,0.5714285714285714,0.8244709890296216,50 to 54 years
7634,34712,0.6898571426954746,0.42857142857142855,0.5243672409127043,50 to 54 years
7635,30934,0.7327142855526175,0.8571428571428571,0.16352194639549256,50 to 54 years
7636,31355,0.6755714284097604,0.2857142857142857,0.7148374075946596,50 to 54 years
7637,32649,0.6755714284097604,0.2857142857142857,0.41083150236312577,50 to 54 years
7638,39115,0.7327142855526175,0.8571428571428571,0.3819679585227446,50 to 54 years
7639,35399,0.7327142855526175,0.8571428571428571,0.5484978808840961,50 to 54 years
7640,39425,0.7327142855526175,0.8571428571428571,0.08942055150919836,50 to 54 years
7641,38643,0.6755714284097604,0.2857142857142857,0.024315210348186178,50 to 54 years
7642,36740,0.7327142855526175,0.8571428571428571,0.4820584799945021,50 to 54 years
7643,35882,0.661285714124046,0.14285714285714285,0.32275245681108666,50 to 54 years
7644,35836,0.6755714284097604,0.2857142857142857,0.26972924382060254,50 to 54 years
7645,36028,0.6898571426954746,0.42857142857142855,0.05616620479605561,50 to 54 years
7646,35709,0.6898571426954746,0.42857142857142855,0.31370174838541126,50 to 54 years
7647,38200,0.6898571426954746,0.42857142857142855,0.9882074180251232,50 to 54 years
7648,32085,0.6755714284097604,0.2857142857142857,0.9081876645367584,50 to 54 years
7649,39711,0.6755714284097604,0.2857142857142857,0.49803955494630076,50 to 54 years
7650,38461,0.6755714284097604,0.2857142857142857,0.9887147771428733,50 to 54 years
7651,39640,0.6755714284097604,0.2857142857142857,0.8265119336579119,50 to 54 years
7652,30812,0.704142856981189,0.5714285714285714,0.4564490010266087,50 to 54 years
7653,33464,0.661285714124046,0.14285714285714285,0.4042260463177652,50 to 54 years
7654,39420,0.6755714284097604,0.2857142857142857,0.6292362303517657,50 to 54 years
7655,39865,0.6898571426954746,0.42857142857142855,0.5486288333036383,50 to 54 years
7656,32534,0.704142856981189,0.5714285714285714,0.6853426054820296,50 to 54 years
7657,35054,0.6755714284097604,0.2857142857142857,0.867517639485865,50 to 54 years
7658,34962,0.661285714124046,0.14285714285714285,0.3390810496473668,50 to 54 years
7659,33115,0.7184285712669032,0.7142857142857142,0.760226403657467,50 to 54 years
7660,37404,0.0,0.5714285714285714,0.4845456275595257,50 to 54 years
7661,31820,0.6755714284097604,0.2857142857142857,0.39992016545492914,50 to 54 years
7662,35926,0.7469999998383318,1.0,0.26372490494816136,50 to 54 years
7663,38663,0.6755714284097604,0.2857142857142857,0.8566320187012058,50 to 54 years
7664,36580,0.661285714124046,0.14285714285714285,0.3010247579582992,50 to 54 years
7665,35295,0.704142856981189,0.5714285714285714,0.2907464598504784,50 to 54 years
7666,33819,0.661285714124046,0.14285714285714285,0.8103783167774518,50 to 54 years
7667,37618,0.6755714284097604,0.2857142857142857,0.5946594162570037,50 to 54 years
7668,33546,0.661285714124046,0.14285714285714285,0.8704565457501205,50 to 54 years
7669,35661,0.6755714284097604,0.2857142857142857,0.4319346829601575,50 to 54 years
7670,38231,0.704142856981189,0.5714285714285714,0.7210623287273813,50 to 54 years
7671,35507,0.661285714124046,0.14285714285714285,0.5127460354632216,50 to 54 years
7672,37250,0.6755714284097604,0.2857142857142857,0.3948814095107143,50 to 54 years
7673,30672,0.661285714124046,0.14285714285714285,0.9633306791114843,50 to 54 years
7674,34615,0.6755714284097604,0.2857142857142857,0.8699393936840862,50 to 54 years
7675,33981,0.6755714284097604,0.2857142857142857,0.6232556897357902,50 to 54 years
7676,37384,0.6755714284097604,0.2857142857142857,0.9480165810012213,50 to 54 years
7677,37056,0.661285714124046,0.14285714285714285,0.3345742166835458,50 to 54 years
7678,34612,0.6755714284097604,0.2857142857142857,0.370091798791455,50 to 54 years
7679,32099,0.704142856981189,0.5714285714285714,0.48853352368765496,50 to 54 years
7680,36314,0.7327142855526175,0.8571428571428571,0.8209826452950566,50 to 54 years
7681,31066,0.661285714124046,0.14285714285714285,0.26592024734714426,50 to 54 years
7682,36940,0.6755714284097604,0.2857142857142857,0.2712520257199168,50 to 54 years
7683,37912,0.704142856981189,0.5714285714285714,0.17085700733034243,50 to 54 years
7684,36605,0.7327142855526175,0.8571428571428571,0.8194355074116222,50 to 54 years
7685,30728,0.704142856981189,0.5714285714285714,0.3237839785935889,50 to 54 years
7686,35342,0.704142856981189,0.5714285714285714,0.29242658984089626,50 to 54 years
7687,35178,0.704142856981189,0.5714285714285714,0.08605997728060549,50 to 54 years
7688,31560,0.6898571426954746,0.42857142857142855,0.07792534923717875,50 to 54 years
7689,33170,0.7327142855526175,0.8571428571428571,0.7468889945526043,50 to 54 years
7690,38368,0.6755714284097604,0.2857142857142857,0.653613872075167,50 to 54 years
7691,30113,0.6755714284097604,0.2857142857142857,0.6427796098375441,50 to 54 years
7692,37844,0.7327142855526175,0.8571428571428571,0.27750741883585944,50 to 54 years
7693,37893,-0.006431541149455387,0.14285714285714285,0.8889972001203437,50 to 54 years
7694,36893,0.6755714284097604,0.2857142857142857,0.9354129816731681,50 to 54 years
7695,39123,0.6755714284097604,0.2857142857142857,0.699742469223146,50 to 54 years
7696,37095,0.704142856981189,0.5714285714285714,0.39374713027355956,50 to 54 years
7697,39147,0.661285714124046,0.14285714285714285,0.5893409586070234,50 to 54 years
7698,39674,0.6755714284097604,0.2857142857142857,0.9782874516931397,50 to 54 years
7699,38472,0.704142856981189,0.5714285714285714,0.5670547235634217,50 to 54 years
7700,31646,0.704142856981189,0.5714285714285714,0.4640402013672191,50 to 54 years
7701,36899,0.704142856981189,0.5714285714285714,0.5299479470451802,50 to 54 years
7702,37947,0.704142856981189,0.5714285714285714,0.8613267984775519,50 to 54 years
7703,31541,0.704142856981189,0.5714285714285714,0.6383263096119559,50 to 54 years
7704,37185,0.370327819387204,0.14285714285714285,0.22706946773676218,50 to 54 years
7705,30548,0.6755714284097604,0.2857142857142857,0.7265922900694188,50 to 54 years
7706,31627,0.6898571426954746,0.42857142857142855,0.815261233296876,50 to 54 years
7707,31870,0.6755714284097604,0.2857142857142857,0.984214523750782,50 to 54 years
7708,32976,0.6755714284097604,0.2857142857142857,0.2950365046568761,50 to 54 years
7709,30699,0.6755714284097604,0.2857142857142857,0.19774859283947616,50 to 54 years
7710,34256,0.7327142855526175,0.8571428571428571,0.6944684161575853,50 to 54 years
7711,34188,0.6898571426954746,0.42857142857142855,0.5818715866012983,50 to 54 years
7712,35552,0.7327142855526175,0.8571428571428571,0.6037559748364794,50 to 54 years
7713,35837,0.6898571426954746,0.42857142857142855,0.5374481113128362,50 to 54 years
7714,33410,0.6898571426954746,0.42857142857142855,0.6302270340990453,50 to 54 years
7715,33183,0.6755714284097604,0.2857142857142857,0.723858487817788,50 to 54 years
7716,32891,0.7469999998383318,1.0,0.448211282579084,50 to 54 years
7717,34603,0.6755714284097604,0.2857142857142857,0.11693122053044253,50 to 54 years
7718,32718,0.6755714284097604,0.2857142857142857,0.6018016933564705,50 to 54 years
7719,34610,0.661285714124046,0.14285714285714285,0.5390037289560862,50 to 54 years
7720,36105,0.7327142855526175,0.8571428571428571,0.5683508552610498,50 to 54 years
7721,38620,0.6755714284097604,0.2857142857142857,0.4282992370627503,50 to 54 years
7722,31074,0.661285714124046,0.14285714285714285,0.9358612082841211,50 to 54 years
7723,36447,0.6898571426954746,0.42857142857142855,0.41894362549020003,50 to 54 years
7724,31923,0.6755714284097604,0.2857142857142857,0.3660334102497651,50 to 54 years
7725,38943,0.661285714124046,0.14285714285714285,0.2882054582068951,50 to 54 years
7726,33722,0.6898571426954746,0.42857142857142855,0.44464502354133906,50 to 54 years
7727,38601,0.7469999998383318,1.0,0.17534577791044326,50 to 54 years
7728,33529,0.6898571426954746,0.42857142857142855,0.7779714766673156,50 to 54 years
7729,33201,0.661285714124046,0.14285714285714285,0.2178588547971715,50 to 54 years
7730,35738,0.6755714284097604,0.2857142857142857,0.012654177277253487,50 to 54 years
7731,30939,0.704142856981189,0.5714285714285714,0.46887803758311686,50 to 54 years
7732,31943,0.704142856981189,0.5714285714285714,0.9135099940664317,50 to 54 years
7733,35804,0.7469999998383318,1.0,0.20045697454630879,50 to 54 years
7734,30760,0.704142856981189,0.5714285714285714,0.7834807579017578,50 to 54 years
7735,35558,0.704142856981189,0.5714285714285714,0.1032993135213165,50 to 54 years
7736,31178,0.6755714284097604,0.2857142857142857,0.5664021105020772,50 to 54 years
7737,38456,0.6898571426954746,0.42857142857142855,0.13319432230359657,50 to 54 years
7738,30979,0.661285714124046,0.14285714285714285,0.5225757943270091,50 to 54 years
7739,38763,-0.17993159891939034,0.14285714285714285,0.708319726746795,50 to 54 years
7740,32390,0.6755714284097604,0.2857142857142857,0.48374293769026566,50 to 54 years
7741,31498,0.6898571426954746,0.42857142857142855,0.4358517167830641,50 to 54 years
7742,34304,0.704142856981189,0.5714285714285714,0.024023781048162274,50 to 54 years
7743,37354,0.7469999998383318,1.0,0.24676854342370713,50 to 54 years
7744,39786,0.6755714284097604,0.2857142857142857,0.9802172399125507,50 to 54 years
7745,33943,0.661285714124046,0.14285714285714285,0.146714522735384,50 to 54 years
7746,32561,0.6755714284097604,0.2857142857142857,0.7469012861315136,50 to 54 years
7747,33296,0.704142856981189,0.5714285714285714,0.8082755978125984,50 to 54 years
7748,38303,0.6898571426954746,0.42857142857142855,0.771056397914281,50 to 54 years
7749,36903,0.7327142855526175,0.8571428571428571,0.785172408265647,50 to 54 years
7750,33119,0.7327142855526175,0.8571428571428571,0.020905578358977772,50 to 54 years
7751,35833,0.704142856981189,0.5714285714285714,0.3468810663576902,50 to 54 years
7752,33259,0.704142856981189,0.5714285714285714,0.30760455801850706,50 to 54 years
7753,37614,-0.01330370562788832,0.14285714285714285,0.9498039207963517,50 to 54 years
7754,33670,0.6755714284097604,0.2857142857142857,0.9235725550674005,50 to 54 years
7755,35307,-0.1659781851953155,0.14285714285714285,0.7558261902202073,50 to 54 years
7756,38769,0.6755714284097604,0.2857142857142857,0.24851839473588966,50 to 54 years
7757,32045,0.6898571426954746,0.42857142857142855,0.6556006643659568,50 to 54 years
7758,38233,0.6755714284097604,0.2857142857142857,0.5627208022867887,50 to 54 years
7759,32506,-0.25836262835427015,0.14285714285714285,0.7718841531148917,50 to 54 years
7760,35413,0.7469999998383318,1.0,0.6825166228363346,50 to 54 years
7761,35120,0.6755714284097604,0.2857142857142857,0.38529408946358673,50 to 54 years
7762,37712,-0.08165715171428653,0.14285714285714285,0.36385881968697575,50 to 54 years
7763,35781,0.6755714284097604,0.2857142857142857,0.9348522103400109,50 to 54 years
7764,33157,0.6755714284097604,0.2857142857142857,0.721016038833906,50 to 54 years
7765,39771,0.7327142855526175,0.8571428571428571,0.536538001965884,50 to 54 years
7766,32565,-0.3284833992054666,0.14285714285714285,0.07795010895713028,50 to 54 years
7767,34574,0.704142856981189,0.5714285714285714,0.44653349005385934,50 to 54 years
7768,34621,0.7327142855526175,0.8571428571428571,0.029078980244332864,50 to 54 years
7769,37709,0.7327142855526175,0.8571428571428571,0.34836803313979586,50 to 54 years
7770,33373,0.661285714124046,0.14285714285714285,0.08404894255735529,50 to 54 years
7771,31090,0.6755714284097604,0.2857142857142857,0.4989742525240836,50 to 54 years
7772,30828,0.661285714124046,0.14285714285714285,0.6341389639596293,50 to 54 years
7773,32566,0.7327142855526175,0.8571428571428571,0.3137177525710453,50 to 54 years
7774,34572,0.6898571426954746,0.42857142857142855,0.7719610521963908,50 to 54 years
7775,33343,0.661285714124046,0.14285714285714285,0.9511794632460517,50 to 54 years
7776,37723,-0.3157089310476196,0.14285714285714285,0.1856327181839561,50 to 54 years
7777,33533,0.6755714284097604,0.2857142857142857,0.6061062565457347,50 to 54 years
7778,35443,0.704142856981189,0.5714285714285714,0.10412618991537181,50 to 54 years
7779,30026,0.704142856981189,0.5714285714285714,0.17545550323864917,50 to 54 years
7780,33239,0.661285714124046,0.14285714285714285,0.1311616835041945,50 to 54 years
7781,37169,0.704142856981189,0.5714285714285714,0.7490603991727569,50 to 54 years
7782,32636,-0.2863352437805627,0.14285714285714285,0.20833258368273394,50 to 54 years
7783,36525,0.7327142855526175,0.8571428571428571,0.8686797323767095,50 to 54 years
7784,36563,0.704142856981189,0.5714285714285714,0.3979255744580241,50 to 54 years
7785,33692,0.7327142855526175,0.8571428571428571,0.3870963528914091,50 to 54 years
7786,30905,0.661285714124046,0.14285714285714285,0.4835463855184944,50 to 54 years
7787,38924,0.661285714124046,0.14285714285714285,0.9920552534679565,50 to 54 years
7788,31218,0.7327142855526175,0.8571428571428571,0.45687405415567095,50 to 54 years
7789,31480,0.6898571426954746,0.42857142857142855,0.5730049454331767,50 to 54 years
7790,34118,0.6755714284097604,0.2857142857142857,0.6995411103029845,50 to 54 years
7791,32613,0.704142856981189,0.5714285714285714,0.3961032338225352,50 to 54 years
7792,30998,0.661285714124046,0.14285714285714285,0.29814378196079183,50 to 54 years
7793,38750,0.6898571426954746,0.42857142857142855,0.8488407928919316,50 to 54 years
7794,30217,0.661285714124046,0.14285714285714285,0.5965641090828678,50 to 54 years
7795,31067,0.6755714284097604,0.2857142857142857,0.12619887570363947,50 to 54 years
7796,39898,0.7184285712669032,0.7142857142857142,0.20941674532123133,50 to 54 years
7797,31980,0.704142856981189,0.5714285714285714,0.7281179305429705,50 to 54 years
7798,39241,-0.1889761062406046,0.14285714285714285,0.8118050364675231,50 to 54 years
7799,31635,0.7327142855526175,0.8571428571428571,0.8656973220332753,50 to 54 years
7800,39550,0.661285714124046,0.14285714285714285,0.4949473977477389,50 to 54 years
7801,35864,0.704142856981189,0.5714285714285714,0.996392039566156,50 to 54 years
7802,39818,0.7327142855526175,0.8571428571428571,0.3202971691323113,50 to 54 years
7803,32928,0.6755714284097604,0.2857142857142857,0.040777618277709315,50 to 54 years
7804,37047,0.7469999998383318,1.0,0.10817465241486501,50 to 54 years
7805,31433,0.7327142855526175,0.8571428571428571,0.6339576491645741,50 to 54 years
7806,31395,-0.20725464759884746,0.14285714285714285,0.8479615321672223,50 to 54 years
7807,32044,0.7327142855526175,0.8571428571428571,0.7282961541326398,50 to 54 years
7808,31788,0.7184285712669032,0.7142857142857142,0.548555981491032,50 to 54 years
7809,37616,-0.007958658008840682,0.14285714285714285,0.8055637518891404,50 to 54 years
7810,38208,0.7469999998383318,1.0,0.5088933161344328,50 to 54 years
7811,31623,0.6755714284097604,0.2857142857142857,0.553419477777943,50 to 54 years
7812,35890,0.704142856981189,0.5714285714285714,0.8027362344821602,50 to 54 years
7813,32896,0.7327142855526175,0.8571428571428571,0.08320635154541556,50 to 54 years
7814,34725,0.661285714124046,0.14285714285714285,0.5846237327703686,50 to 54 years
7815,33448,0.661285714124046,0.14285714285714285,0.9324926938500798,50 to 54 years
7816,36422,0.6755714284097604,0.2857142857142857,0.9122543331752,50 to 54 years
7817,30861,0.6898571426954746,0.42857142857142855,0.7660006127677592,50 to 54 years
7818,36773,0.7327142855526175,0.8571428571428571,0.8096106874842163,50 to 54 years
7819,30748,0.6898571426954746,0.42857142857142855,0.8059844652806025,50 to 54 years
7820,36978,0.7184285712669032,0.7142857142857142,0.5405072744158587,50 to 54 years
7821,36637,0.6755714284097604,0.2857142857142857,0.25107292209946475,50 to 54 years
7822,34219,0.7327142855526175,0.8571428571428571,0.4328870611786124,50 to 54 years
7823,39497,0.7327142855526175,0.8571428571428571,0.7930394026943259,50 to 54 years
7824,35512,0.6755714284097604,0.2857142857142857,0.4143460270375131,50 to 54 years
7825,33982,0.704142856981189,0.5714285714285714,0.9187969847412141,50 to 54 years
7826,38253,0.6898571426954746,0.42857142857142855,0.7813576607600868,50 to 54 years
7827,34782,0.7184285712669032,0.7142857142857142,0.4924684571797947,50 to 54 years
7828,38965,0.7327142855526175,0.8571428571428571,0.4007982845658038,50 to 54 years
7829,37352,0.704142856981189,0.5714285714285714,0.34986968621313885,50 to 54 years
7830,36048,0.7327142855526175,0.8571428571428571,0.9951729487893421,50 to 54 years
7831,31565,0.7327142855526175,0.8571428571428571,0.6717149931444135,50 to 54 years
7832,36879,0.7469999998383318,1.0,0.2572247270601083,50 to 54 years
7833,33159,0.6755714284097604,0.2857142857142857,0.2551113470041626,50 to 54 years
7834,39435,0.6755714284097604,0.2857142857142857,0.15521720685076534,50 to 54 years
7835,39306,-0.00016881203007823066,0.14285714285714285,0.02292258451718554,50 to 54 years
7836,31467,-0.3449893182586049,0.14285714285714285,0.7406085756622963,50 to 54 years
7837,39212,0.704142856981189,0.5714285714285714,0.3485993605151475,50 to 54 years
7838,39789,0.7469999998383318,1.0,0.8139116509288818,50 to 54 years
7839,37473,0.6755714284097604,0.2857142857142857,0.5275660818914037,50 to 54 years
7840,37916,0.704142856981189,0.5714285714285714,0.19122595499774403,50 to 54 years
7841,33198,0.661285714124046,0.14285714285714285,0.042013008035922284,50 to 54 years
7842,35229,0.6898571426954746,0.42857142857142855,0.7716657943332098,50 to 54 years
7843,32423,0.7469999998383318,1.0,0.7376798906701173,50 to 54 years
7844,38340,0.6755714284097604,0.2857142857142857,0.711988940625977,50 to 54 years
7845,35908,0.7469999998383318,1.0,0.8568750719678864,50 to 54 years
7846,38224,0.6755714284097604,0.2857142857142857,0.8914510723449729,50 to 54 years
7847,37858,0.7327142855526175,0.8571428571428571,0.7571456739133406,50 to 54 years
7848,34571,0.7469999998383318,1.0,0.5224203384848146,50 to 54 years
7849,35809,0.6755714284097604,0.2857142857142857,0.9152476341449968,50 to 54 years
7850,31317,0.6755714284097604,0.2857142857142857,0.6735246806499665,50 to 54 years
7851,32364,0.704142856981189,0.5714285714285714,0.5759238628160488,50 to 54 years
7852,38352,-0.22443568655427912,0.14285714285714285,0.44498342018953,50 to 54 years
7853,35752,0.6755714284097604,0.2857142857142857,0.03952690627654121,50 to 54 years
7854,39266,0.7469999998383318,1.0,0.5786150493738562,50 to 54 years
7855,38665,0.6755714284097604,0.2857142857142857,0.6776364129576073,50 to 54 years
7856,31665,0.6898571426954746,0.42857142857142855,0.7977460319907167,50 to 54 years
7857,35900,0.6898571426954746,0.42857142857142855,0.3985923080430813,50 to 54 years
7858,38197,0.6898571426954746,0.42857142857142855,0.5382762269858415,50 to 54 years
7859,31657,0.7184285712669032,0.7142857142857142,0.1933873645623213,50 to 54 years
7860,31677,0.6755714284097604,0.2857142857142857,0.5404989295741717,50 to 54 years
7861,35634,0.704142856981189,0.5714285714285714,0.30357957512478173,50 to 54 years
7862,39603,0.661285714124046,0.14285714285714285,0.21210979677191094,50 to 54 years
7863,35254,0.6755714284097604,0.2857142857142857,0.7723178145429983,50 to 54 years
7864,35109,0.7184285712669032,0.7142857142857142,0.8334113488398033,50 to 54 years
7865,34443,-0.02208461021428585,0.14285714285714285,0.40728455222242865,50 to 54 years
7866,31615,0.7327142855526175,0.8571428571428571,0.6807670341774263,50 to 54 years
7867,35150,0.704142856981189,0.5714285714285714,0.5390713812414089,50 to 54 years
7868,34269,-0.44719492730801724,0.14285714285714285,0.4989833078477211,50 to 54 years
7869,36069,0.704142856981189,0.5714285714285714,0.5236323683442844,50 to 54 years
7870,35874,0.704142856981189,0.5714285714285714,0.8250602429761978,50 to 54 years
7871,38403,0.6755714284097604,0.2857142857142857,0.6813161891880339,50 to 54 years
7872,31907,0.6755714284097604,0.2857142857142857,0.2676657069123284,50 to 54 years
7873,38271,0.6755714284097604,0.2857142857142857,0.6178025596606095,50 to 54 years
7874,32525,0.7327142855526175,0.8571428571428571,0.6503651128771433,50 to 54 years
7875,30088,0.6755714284097604,0.2857142857142857,0.4270773524172304,50 to 54 years
7876,34950,0.704142856981189,0.5714285714285714,0.348602759221451,50 to 54 years
7877,33595,0.661285714124046,0.14285714285714285,0.7283582033612749,50 to 54 years
7878,33227,0.6898571426954746,0.42857142857142855,0.6869561917848654,50 to 54 years
7879,39569,0.6755714284097604,0.2857142857142857,0.5648116581626107,50 to 54 years
7880,35690,0.704142856981189,0.5714285714285714,0.9066852166958828,50 to 54 years
7881,38439,0.6755714284097604,0.2857142857142857,0.22337746355453475,50 to 54 years
7882,38764,0.6898571426954746,0.42857142857142855,0.6347601302829804,50 to 54 years
7883,33732,0.7469999998383318,1.0,0.6545954552619816,50 to 54 years
7884,32281,0.7327142855526175,0.8571428571428571,0.37826255600882647,50 to 54 years
7885,38027,0.6755714284097604,0.2857142857142857,0.05732262569638086,50 to 54 years
7886,36327,0.6755714284097604,0.2857142857142857,0.007233279069122078,50 to 54 years
7887,38946,0.6755714284097604,0.2857142857142857,0.5985989330416048,50 to 54 years
7888,30211,0.7469999998383318,1.0,0.3977183942301045,50 to 54 years
7889,33698,0.661285714124046,0.14285714285714285,0.9947313289493576,50 to 54 years
7890,33324,0.6898571426954746,0.42857142857142855,0.2992220061748855,50 to 54 years
7891,37464,0.6755714284097604,0.2857142857142857,0.5933288578368217,50 to 54 years
7892,35687,0.6755714284097604,0.2857142857142857,0.4821662787671176,50 to 54 years
7893,34496,0.7469999998383318,1.0,0.6359704039397002,50 to 54 years
7894,30629,0.6755714284097604,0.2857142857142857,0.730727540222332,50 to 54 years
7895,36842,0.661285714124046,0.14285714285714285,0.553825881234989,50 to 54 years
7896,34528,0.661285714124046,0.14285714285714285,0.40892621454182654,50 to 54 years
7897,38396,0.6755714284097604,0.2857142857142857,0.0041131050241146605,50 to 54 years
7898,30716,0.704142856981189,0.5714285714285714,0.5487787055880777,50 to 54 years
7899,33553,0.704142856981189,0.5714285714285714,0.8335642319135103,50 to 54 years
7900,30720,0.7327142855526175,0.8571428571428571,0.16153732471408594,50 to 54 years
7901,39322,0.6898571426954746,0.42857142857142855,0.8348890851431359,50 to 54 years
7902,36388,0.6755714284097604,0.2857142857142857,0.9182276222593668,50 to 54 years
7903,35074,0.704142856981189,0.5714285714285714,0.8049563711567114,50 to 54 years
7904,39346,0.7327142855526175,0.8571428571428571,0.970739425534547,50 to 54 years
7905,30151,0.7469999998383318,1.0,0.7999052776457755,50 to 54 years
7906,33411,0.7469999998383318,1.0,0.8513258872303187,50 to 54 years
7907,38320,0.704142856981189,0.5714285714285714,0.10421104552837734,50 to 54 years
7908,34296,0.704142856981189,0.5714285714285714,0.7040255948303827,50 to 54 years
7909,39002,0.661285714124046,0.14285714285714285,0.08879146343805855,50 to 54 years
7910,31843,-0.19517946675595332,0.14285714285714285,0.11327512663578171,50 to 54 years
7911,35240,0.7469999998383318,1.0,0.5267850488578153,50 to 54 years
7912,33665,0.661285714124046,0.14285714285714285,0.003465067959296908,50 to 54 years
7913,31456,-0.0960412242592978,0.14285714285714285,0.27060601841091675,50 to 54 years
7914,33019,0.0,0.5714285714285714,0.5259714196107605,50 to 54 years
7915,31490,0.7327142855526175,0.8571428571428571,0.8048179966964877,50 to 54 years
7916,33210,0.7327142855526175,0.8571428571428571,0.44049444675309646,50 to 54 years
7917,34998,0.704142856981189,0.5714285714285714,0.8670106869798904,50 to 54 years
7918,39001,0.704142856981189,0.5714285714285714,0.5169942081914237,50 to 54 years
7919,39103,0.661285714124046,0.14285714285714285,0.14652070268130518,50 to 54 years
7920,33428,0.7327142855526175,0.8571428571428571,0.6377832571104032,50 to 54 years
7921,34676,0.7327142855526175,0.8571428571428571,0.07792391657530606,50 to 54 years
7922,36032,0.661285714124046,0.14285714285714285,0.780902025149581,50 to 54 years
7923,30686,0.704142856981189,0.5714285714285714,0.672842432781925,50 to 54 years
7924,31374,0.6755714284097604,0.2857142857142857,0.7743528994109321,50 to 54 years
7925,39761,0.704142856981189,0.5714285714285714,0.6819088543556704,50 to 54 years
7926,32716,0.7327142855526175,0.8571428571428571,0.16183057125165906,50 to 54 years
7927,36102,0.704142856981189,0.5714285714285714,0.8434449375128414,50 to 54 years
7928,31455,0.6755714284097604,0.2857142857142857,0.002981637488719824,50 to 54 years
7929,37509,-0.07644960204120337,0.14285714285714285,0.008744556153083227,50 to 54 years
7930,31188,0.6755714284097604,0.2857142857142857,0.765373885453298,50 to 54 years
7931,33049,0.6898571426954746,0.42857142857142855,0.5621381921297114,50 to 54 years
7932,32482,0.6755714284097604,0.2857142857142857,0.6723093295749777,50 to 54 years
7933,34287,0.661285714124046,0.14285714285714285,0.7133210831840455,50 to 54 years
7934,33830,0.661285714124046,0.14285714285714285,0.9401502482631287,50 to 54 years
7935,31967,0.704142856981189,0.5714285714285714,0.8719446605797353,50 to 54 years
7936,35825,0.661285714124046,0.14285714285714285,0.4204188041729321,50 to 54 years
7937,38519,0.7469999998383318,1.0,0.29709987644435965,50 to 54 years
7938,33507,0.6898571426954746,0.42857142857142855,0.5552316081940664,50 to 54 years
7939,37424,0.7469999998383318,1.0,0.4137642278245927,50 to 54 years
7940,34053,0.6755714284097604,0.2857142857142857,0.4930113987039076,50 to 54 years
7941,38795,0.6898571426954746,0.42857142857142855,0.7118243885408673,50 to 54 years
7942,35371,0.7327142855526175,0.8571428571428571,0.8957135974932258,50 to 54 years
7943,34428,0.6755714284097604,0.2857142857142857,0.6832340787596796,50 to 54 years
7944,38057,0.7469999998383318,1.0,0.7022800223310108,50 to 54 years
7945,37957,0.7469999998383318,1.0,0.03151577246796822,50 to 54 years
7946,32851,0.6755714284097604,0.2857142857142857,0.25857215226709795,50 to 54 years
7947,31669,0.704142856981189,0.5714285714285714,0.4822753835427311,50 to 54 years
7948,34475,0.704142856981189,0.5714285714285714,0.2179018256429952,50 to 54 years
7949,38046,0.6898571426954746,0.42857142857142855,0.02806960332629893,50 to 54 years
7950,33230,0.661285714124046,0.14285714285714285,0.5111455894170089,50 to 54 years
7951,34662,0.661285714124046,0.14285714285714285,0.12726012019881822,50 to 54 years
7952,33759,0.661285714124046,0.14285714285714285,0.5374484591232936,50 to 54 years
7953,31285,0.6755714284097604,0.2857142857142857,0.30823370437790365,50 to 54 years
7954,37024,0.704142856981189,0.5714285714285714,0.16695182271783926,50 to 54 years
7955,34964,0.6755714284097604,0.2857142857142857,0.6169822395720287,50 to 54 years
7956,33500,0.7327142855526175,0.8571428571428571,0.2879960955843548,50 to 54 years
7957,32902,0.704142856981189,0.5714285714285714,0.021529533015899327,50 to 54 years
7958,37830,0.6755714284097604,0.2857142857142857,0.23467976179005268,50 to 54 years
7959,35734,0.6755714284097604,0.2857142857142857,0.6244058664992558,50 to 54 years
7960,38712,0.7469999998383318,1.0,0.6319750616008746,50 to 54 years
7961,36562,0.704142856981189,0.5714285714285714,0.6061203113766535,50 to 54 years
7962,37564,0.704142856981189,0.5714285714285714,0.9957750692518276,50 to 54 years
7963,35741,0.704142856981189,0.5714285714285714,0.5024849302677686,50 to 54 years
7964,33924,0.6755714284097604,0.2857142857142857,0.6034015812316641,50 to 54 years
7965,35692,0.6755714284097604,0.2857142857142857,0.014856361590004252,50 to 54 years
7966,32607,0.7327142855526175,0.8571428571428571,0.5710110592695624,50 to 54 years
7967,33486,0.6755714284097604,0.2857142857142857,0.22594118401829716,50 to 54 years
7968,39024,0.7327142855526175,0.8571428571428571,0.14702788560776453,50 to 54 years
7969,35477,0.6898571426954746,0.42857142857142855,0.461048821274125,50 to 54 years
7970,30719,0.7327142855526175,0.8571428571428571,0.6344740058734604,50 to 54 years
7971,30651,0.661285714124046,0.14285714285714285,0.49144043248366664,50 to 54 years
7972,37451,0.7327142855526175,0.8571428571428571,0.0016675219695631016,50 to 54 years
7973,34522,0.6898571426954746,0.42857142857142855,0.39919221065630284,50 to 54 years
7974,39277,0.704142856981189,0.5714285714285714,0.37106624033930513,50 to 54 years
7975,30564,0.704142856981189,0.5714285714285714,0.6822781387872141,50 to 54 years
7976,38925,0.6755714284097604,0.2857142857142857,0.31086022905590527,50 to 54 years
7977,33247,0.7469999998383318,1.0,0.6899519507985972,50 to 54 years
7978,35613,0.704142856981189,0.5714285714285714,0.5130560869043603,50 to 54 years
7979,32979,0.661285714124046,0.14285714285714285,0.8288579832804454,50 to 54 years
7980,31228,0.704142856981189,0.5714285714285714,0.7629091357987033,50 to 54 years
7981,38824,0.704142856981189,0.5714285714285714,0.18031175007839118,50 to 54 years
7982,33979,0.6898571426954746,0.42857142857142855,0.7537716787921709,50 to 54 years
7983,36588,0.7327142855526175,0.8571428571428571,0.8408184440272574,50 to 54 years
7984,30601,0.704142856981189,0.5714285714285714,0.7689436769938095,50 to 54 years
7985,33625,0.6898571426954746,0.42857142857142855,0.9643752544158768,50 to 54 years
7986,35095,-0.07677180780577847,0.14285714285714285,0.806868993511721,50 to 54 years
7987,32809,0.7327142855526175,0.8571428571428571,0.20043719989348513,50 to 54 years
7988,33877,0.7327142855526175,0.8571428571428571,0.4715928054511068,50 to 54 years
7989,34586,0.6898571426954746,0.42857142857142855,0.23077900798987688,50 to 54 years
7990,34804,0.704142856981189,0.5714285714285714,0.5238531398927787,50 to 54 years
7991,34272,-0.40921145249163704,0.14285714285714285,0.4771736225433074,50 to 54 years
7992,32947,0.704142856981189,0.5714285714285714,0.9398340495610426,50 to 54 years
7993,37255,0.7184285712669032,0.7142857142857142,0.19196787668630189,50 to 54 years
7994,34645,0.661285714124046,0.14285714285714285,0.16632202420717507,50 to 54 years
7995,32103,0.7327142855526175,0.8571428571428571,0.4409407767109093,50 to 54 years
7996,33917,0.6898571426954746,0.42857142857142855,0.49183165711010157,50 to 54 years
7997,36612,0.661285714124046,0.14285714285714285,0.162541605011788,50 to 54 years
7998,38851,0.7327142855526175,0.8571428571428571,0.05115957675510541,50 to 54 years
7999,30296,0.7327142855526175,0.8571428571428571,0.573473174845347,50 to 54 years
8000,31708,0.7469999998383318,1.0,0.24383895954629597,50 to 54 years
8001,38289,0.7184285712669032,0.7142857142857142,0.48239806796803875,50 to 54 years
8002,34719,0.7327142855526175,0.8571428571428571,0.2517769488921647,50 to 54 years
8003,34183,0.6755714284097604,0.2857142857142857,0.4975706231831493,50 to 54 years
8004,32081,0.7327142855526175,0.8571428571428571,0.11537695726846936,50 to 54 years
8005,30923,0.6755714284097604,0.2857142857142857,0.4851348619640328,50 to 54 years
8006,35097,0.6898571426954746,0.42857142857142855,0.4423246406956201,50 to 54 years
8007,38739,-0.27025852531677097,0.14285714285714285,0.3210226254683017,50 to 54 years
8008,30179,0.704142856981189,0.5714285714285714,0.6554362634434501,50 to 54 years
8009,33965,0.704142856981189,0.5714285714285714,0.23656096647817304,50 to 54 years
8010,35463,0.661285714124046,0.14285714285714285,0.3755195211133166,50 to 54 years
8011,34642,0.661285714124046,0.14285714285714285,0.2539351621463058,50 to 54 years
8012,38066,0.704142856981189,0.5714285714285714,0.5911590511167044,50 to 54 years
8013,39096,0.6755714284097604,0.2857142857142857,0.2711657403764303,50 to 54 years
8014,39705,0.7469999998383318,1.0,0.8732828210687348,50 to 54 years
8015,35543,0.7327142855526175,0.8571428571428571,0.3185032935011771,50 to 54 years
8016,36019,0.0,0.2857142857142857,0.2742176815784885,50 to 54 years
8017,32899,0.7469999998383318,1.0,0.0008055423208038759,50 to 54 years
8018,30398,0.661285714124046,0.14285714285714285,0.5430923491670149,50 to 54 years
8019,39744,0.6755714284097604,0.2857142857142857,0.44812324964077743,50 to 54 years
8020,34812,0.6755714284097604,0.2857142857142857,0.5760079817671853,50 to 54 years
8021,37037,0.681142854401982,0.5714285714285714,0.9408961439725889,55 to 59 years
8022,35277,-0.4181495677765331,0.14285714285714285,0.9588775804902114,55 to 59 years
8023,32769,0.7097142829734105,0.8571428571428571,0.40209257965193673,55 to 59 years
8024,34390,0.6668571401162676,0.42857142857142855,0.5928770808673037,55 to 59 years
8025,32985,0.7239999972591248,1.0,0.09165109120174192,55 to 59 years
8026,32107,-0.20214178189610538,0.14285714285714285,0.033992044127859944,55 to 59 years
8027,36296,0.6525714258305534,0.2857142857142857,0.4643250874687401,55 to 59 years
8028,33282,0.6525714258305534,0.2857142857142857,0.967485811910155,55 to 59 years
8029,36476,0.6525714258305534,0.2857142857142857,0.4960102949398036,55 to 59 years
8030,39646,0.7097142829734105,0.8571428571428571,0.8014641307893549,55 to 59 years
8031,38769,0.6525714258305534,0.2857142857142857,0.24851839473588966,55 to 59 years
8032,34842,0.681142854401982,0.5714285714285714,0.24537275300814165,55 to 59 years
8033,32292,0.6668571401162676,0.42857142857142855,0.526932861910769,55 to 59 years
8034,32993,0.7239999972591248,1.0,0.8057922851803874,55 to 59 years
8035,35532,0.6525714258305534,0.2857142857142857,0.21676986910041757,55 to 59 years
8036,38626,0.6668571401162676,0.42857142857142855,0.26556700319107285,55 to 59 years
8037,32663,0.6668571401162676,0.42857142857142855,0.23333449882049673,55 to 59 years
8038,36602,0.7097142829734105,0.8571428571428571,0.6276475957293124,55 to 59 years
8039,36458,0.6525714258305534,0.2857142857142857,0.8217153063834042,55 to 59 years
8040,38565,0.681142854401982,0.5714285714285714,0.32488757387064693,55 to 59 years
8041,35344,-0.08540984640226962,0.14285714285714285,0.049016015464239227,55 to 59 years
8042,36394,0.6668571401162676,0.42857142857142855,0.10337363221805795,55 to 59 years
8043,36455,0.6668571401162676,0.42857142857142855,0.49084154302543076,55 to 59 years
8044,37826,0.6525714258305534,0.2857142857142857,0.4165001264307636,55 to 59 years
8045,30089,0.7097142829734105,0.8571428571428571,0.36020214412244067,55 to 59 years
8046,36420,0.6525714258305534,0.2857142857142857,0.06207065216908231,55 to 59 years
8047,33565,-0.0680422682609621,0.14285714285714285,0.6917372171980769,55 to 59 years
8048,30280,0.7097142829734105,0.8571428571428571,0.326578380058851,55 to 59 years
8049,35874,0.681142854401982,0.5714285714285714,0.8250602429761978,55 to 59 years
8050,36529,0.681142854401982,0.5714285714285714,0.7054027639173815,55 to 59 years
8051,33528,0.7097142829734105,0.8571428571428571,0.5642371027185239,55 to 59 years
8052,31872,0.6954285686876962,0.7142857142857142,0.8052446094117827,55 to 59 years
8053,33141,0.6525714258305534,0.2857142857142857,0.5495272560657842,55 to 59 years
8054,33161,0.6525714258305534,0.2857142857142857,0.0947104231100514,55 to 59 years
8055,31451,0.6525714258305534,0.2857142857142857,0.3598674892425756,55 to 59 years
8056,36876,0.7097142829734105,0.8571428571428571,0.2520287626893419,55 to 59 years
8057,31640,0.6525714258305534,0.2857142857142857,0.4204886396280604,55 to 59 years
8058,35515,0.7239999972591248,1.0,0.3088806542197339,55 to 59 years
8059,34451,0.681142854401982,0.5714285714285714,0.7356645545892236,55 to 59 years
8060,37352,0.681142854401982,0.5714285714285714,0.34986968621313885,55 to 59 years
8061,34448,0.7097142829734105,0.8571428571428571,0.6557156455309587,55 to 59 years
8062,37901,0.681142854401982,0.5714285714285714,0.6438242667000794,55 to 59 years
8063,39798,0.681142854401982,0.5714285714285714,0.7499989883032849,55 to 59 years
8064,32130,0.7239999972591248,1.0,0.1577800676438339,55 to 59 years
8065,32767,0.6525714258305534,0.2857142857142857,0.5692910729615901,55 to 59 years
8066,36307,0.6525714258305534,0.2857142857142857,0.15114688045485863,55 to 59 years
8067,36613,0.638285711544839,0.14285714285714285,0.4634747412213561,55 to 59 years
8068,36509,0.6525714258305534,0.2857142857142857,0.35611470326537054,55 to 59 years
8069,31925,0.6954285686876962,0.7142857142857142,0.5951972237034038,55 to 59 years
8070,34550,0.7239999972591248,1.0,0.5105777937636469,55 to 59 years
8071,37771,0.6525714258305534,0.2857142857142857,0.7600645123257558,55 to 59 years
8072,38204,0.6525714258305534,0.2857142857142857,0.6138296671992887,55 to 59 years
8073,30678,0.638285711544839,0.14285714285714285,0.26045911872762545,55 to 59 years
8074,35426,0.6954285686876962,0.7142857142857142,0.601973794115333,55 to 59 years
8075,34875,0.7097142829734105,0.8571428571428571,0.7166493888319387,55 to 59 years
8076,31444,-0.13451847321763113,0.14285714285714285,0.7334741828535267,55 to 59 years
8077,34665,0.6525714258305534,0.2857142857142857,0.1784142412810228,55 to 59 years
8078,31800,-0.014942935064936443,0.14285714285714285,0.4396935421196719,55 to 59 years
8079,39061,0.7239999972591248,1.0,0.8804889044439799,55 to 59 years
8080,36841,0.7239999972591248,1.0,0.8734573743070051,55 to 59 years
8081,39608,0.681142854401982,0.5714285714285714,0.44260312958530285,55 to 59 years
8082,36451,0.6525714258305534,0.2857142857142857,0.5437314785825044,55 to 59 years
8083,30631,0.6525714258305534,0.2857142857142857,0.8097564091306351,55 to 59 years
8084,37106,-0.31384653676288865,0.14285714285714285,0.2890601584823929,55 to 59 years
8085,33914,0.6525714258305534,0.2857142857142857,0.20766587660831515,55 to 59 years
8086,38048,-0.33779933573692755,0.14285714285714285,0.7322438911729425,55 to 59 years
8087,30013,0.6668571401162676,0.42857142857142855,0.30229849058303215,55 to 59 years
8088,33074,0.681142854401982,0.5714285714285714,0.962493423411775,55 to 59 years
8089,31037,0.6525714258305534,0.2857142857142857,0.15663799509204124,55 to 59 years
8090,34576,0.7239999972591248,1.0,0.4339283309329408,55 to 59 years
8091,39355,0.6525714258305534,0.2857142857142857,0.6252487944064024,55 to 59 years
8092,34459,0.681142854401982,0.5714285714285714,0.06436105644688783,55 to 59 years
8093,38424,0.7239999972591248,1.0,0.4206943610756052,55 to 59 years
8094,35407,-0.10852589385815613,0.14285714285714285,0.3741326313553427,55 to 59 years
8095,36642,0.638285711544839,0.14285714285714285,0.3340366915106214,55 to 59 years
8096,38509,0.6525714258305534,0.2857142857142857,0.7424005204634131,55 to 59 years
8097,38403,0.6525714258305534,0.2857142857142857,0.6813161891880339,55 to 59 years
8098,31592,0.6525714258305534,0.2857142857142857,0.6787671526053276,55 to 59 years
8099,39702,0.681142854401982,0.5714285714285714,0.8541937047418557,55 to 59 years
8100,37668,-0.019474285714287335,0.14285714285714285,0.33470426552182797,55 to 59 years
8101,33155,0.681142854401982,0.5714285714285714,0.38341222171001677,55 to 59 years
8102,35709,0.6668571401162676,0.42857142857142855,0.31370174838541126,55 to 59 years
8103,36009,0.6668571401162676,0.42857142857142855,0.4159351348010772,55 to 59 years
8104,31869,0.7239999972591248,1.0,0.8422773871637985,55 to 59 years
8105,32946,0.638285711544839,0.14285714285714285,0.506733474400893,55 to 59 years
8106,32123,0.6525714258305534,0.2857142857142857,0.8634595224812941,55 to 59 years
8107,32186,-0.018001184355913434,0.14285714285714285,0.19380224707380106,55 to 59 years
8108,35347,0.681142854401982,0.5714285714285714,0.17984043878267325,55 to 59 years
8109,31736,0.681142854401982,0.5714285714285714,0.07982474329081263,55 to 59 years
8110,33451,0.6668571401162676,0.42857142857142855,0.7522123512862218,55 to 59 years
8111,32540,0.6954285686876962,0.7142857142857142,0.7400731323487412,55 to 59 years
8112,37951,0.6525714258305534,0.2857142857142857,0.5825655733936538,55 to 59 years
8113,35244,0.7239999972591248,1.0,0.45159136092722846,55 to 59 years
8114,31580,0.7097142829734105,0.8571428571428571,0.9582022895910164,55 to 59 years
8115,33576,0.6525714258305534,0.2857142857142857,0.738671694035314,55 to 59 years
8116,35542,0.6668571401162676,0.42857142857142855,0.2967367386111367,55 to 59 years
8117,31766,0.7097142829734105,0.8571428571428571,0.19426273952609313,55 to 59 years
8118,35440,0.6525714258305534,0.2857142857142857,0.9314731652132286,55 to 59 years
8119,35167,0.681142854401982,0.5714285714285714,0.23320541870532663,55 to 59 years
8120,37405,-0.09082502888515408,0.14285714285714285,0.22537838489387363,55 to 59 years
8121,31485,0.6525714258305534,0.2857142857142857,0.635225357724792,55 to 59 years
8122,35269,0.6668571401162676,0.42857142857142855,0.3507155516101077,55 to 59 years
8123,32996,0.6525714258305534,0.2857142857142857,0.6859415111808703,55 to 59 years
8124,33097,0.681142854401982,0.5714285714285714,0.07362381420771802,55 to 59 years
8125,33546,-0.06401896148460356,0.14285714285714285,0.8704565457501205,55 to 59 years
8126,37526,0.6525714258305534,0.2857142857142857,0.6519614729867128,55 to 59 years
8127,34963,0.7239999972591248,1.0,0.913258711080609,55 to 59 years
8128,34997,0.6525714258305534,0.2857142857142857,0.6417333932536,55 to 59 years
8129,34324,0.7239999972591248,1.0,0.6978032689953274,55 to 59 years
8130,37672,0.7097142829734105,0.8571428571428571,0.8468553433571012,55 to 59 years
8131,31732,0.7239999972591248,1.0,0.12455012867455162,55 to 59 years
8132,33148,0.7097142829734105,0.8571428571428571,0.4669897688196678,55 to 59 years
8133,36350,0.6525714258305534,0.2857142857142857,0.926645433684431,55 to 59 years
8134,35935,0.6668571401162676,0.42857142857142855,0.6378519295632334,55 to 59 years
8135,31602,0.6668571401162676,0.42857142857142855,0.9135600799141987,55 to 59 years
8136,32718,0.6525714258305534,0.2857142857142857,0.6018016933564705,55 to 59 years
8137,39227,0.6668571401162676,0.42857142857142855,0.13938322016185356,55 to 59 years
8138,31246,0.6668571401162676,0.42857142857142855,0.22415049502385342,55 to 59 years
8139,31889,0.6525714258305534,0.2857142857142857,0.7317294191770635,55 to 59 years
8140,38102,0.681142854401982,0.5714285714285714,0.22763611117444743,55 to 59 years
8141,30504,0.681142854401982,0.5714285714285714,0.6365856637065921,55 to 59 years
8142,39512,0.6525714258305534,0.2857142857142857,0.5719085883000035,55 to 59 years
8143,31194,0.6668571401162676,0.42857142857142855,0.13425281940535305,55 to 59 years
8144,30520,0.7097142829734105,0.8571428571428571,0.4929790739154336,55 to 59 years
8145,33470,0.681142854401982,0.5714285714285714,0.7101116027133131,55 to 59 years
8146,36211,0.7239999972591248,1.0,0.8772463403635934,55 to 59 years
8147,34138,0.6525714258305534,0.2857142857142857,0.6116607060099101,55 to 59 years
8148,35417,0.681142854401982,0.5714285714285714,0.001130991187996977,55 to 59 years
8149,36344,0.681142854401982,0.5714285714285714,0.12883520299842238,55 to 59 years
8150,34017,0.6525714258305534,0.2857142857142857,0.8471089490121204,55 to 59 years
8151,37722,0.6525714258305534,0.2857142857142857,0.09599291992473191,55 to 59 years
8152,38975,0.6525714258305534,0.2857142857142857,0.9267215204753126,55 to 59 years
8153,30319,0.681142854401982,0.5714285714285714,0.1245853996076523,55 to 59 years
8154,36846,0.6525714258305534,0.2857142857142857,0.6864860452288206,55 to 59 years
8155,33226,0.7239999972591248,1.0,0.29106764790695944,55 to 59 years
8156,38598,0.6525714258305534,0.2857142857142857,0.13573628228489748,55 to 59 years
8157,37566,0.6525714258305534,0.2857142857142857,0.4151230153640813,55 to 59 years
8158,33930,-0.28149550143073904,0.14285714285714285,0.33883233684949654,55 to 59 years
8159,34819,0.6668571401162676,0.42857142857142855,0.19479724353181593,55 to 59 years
8160,36197,0.0,0.14285714285714285,0.6606606024627344,55 to 59 years
8161,38268,0.6525714258305534,0.2857142857142857,0.3397607993831567,55 to 59 years
8162,39956,-0.2558669615116654,0.14285714285714285,0.22033835881068486,55 to 59 years
8163,39735,0.6525714258305534,0.2857142857142857,0.556228941518205,55 to 59 years
8164,33080,0.7239999972591248,1.0,0.7206861622859586,55 to 59 years
8165,39558,0.681142854401982,0.5714285714285714,0.2679947015625993,55 to 59 years
8166,31115,0.7097142829734105,0.8571428571428571,0.6141844766036519,55 to 59 years
8167,33589,0.6668571401162676,0.42857142857142855,0.25390184582072794,55 to 59 years
8168,30321,0.681142854401982,0.5714285714285714,0.23136144654252583,55 to 59 years
8169,30107,0.6525714258305534,0.2857142857142857,0.9086302484006346,55 to 59 years
8170,35022,0.6525714258305534,0.2857142857142857,0.8275383758288937,55 to 59 years
8171,34047,0.681142854401982,0.5714285714285714,0.1849694329228473,55 to 59 years
8172,35420,0.681142854401982,0.5714285714285714,0.9289288078814897,55 to 59 years
8173,31191,0.6525714258305534,0.2857142857142857,0.07927273971197984,55 to 59 years
8174,39182,0.638285711544839,0.14285714285714285,0.7507382200130733,55 to 59 years
8175,38925,0.6525714258305534,0.2857142857142857,0.31086022905590527,55 to 59 years
8176,37683,0.681142854401982,0.5714285714285714,0.13089927563912773,55 to 59 years
8177,36302,0.6525714258305534,0.2857142857142857,0.25001963427782226,55 to 59 years
8178,31514,0.6525714258305534,0.2857142857142857,0.8953686119763377,55 to 59 years
8179,35888,0.681142854401982,0.5714285714285714,0.34879277164780753,55 to 59 years
8180,30014,0.681142854401982,0.5714285714285714,0.3218713236413401,55 to 59 years
8181,37872,0.6668571401162676,0.42857142857142855,0.36913337490737963,55 to 59 years
8182,32296,-0.28736901139963283,0.14285714285714285,0.06432953856861773,55 to 59 years
8183,38699,0.681142854401982,0.5714285714285714,0.47598945475615045,55 to 59 years
8184,30286,-0.09685165947057277,0.14285714285714285,0.4564357408445477,55 to 59 years
8185,32179,0.7097142829734105,0.8571428571428571,0.7720607666465783,55 to 59 years
8186,35852,0.6525714258305534,0.2857142857142857,0.7438779016442363,55 to 59 years
8187,31405,0.6954285686876962,0.7142857142857142,0.3964939153474929,55 to 59 years
8188,30515,0.638285711544839,0.14285714285714285,0.8873922642771757,55 to 59 years
8189,36915,0.7239999972591248,1.0,0.24556677630652068,55 to 59 years
8190,35807,0.681142854401982,0.5714285714285714,0.9485394022453988,55 to 59 years
8191,38696,0.681142854401982,0.5714285714285714,0.8404837049802905,55 to 59 years
8192,38935,0.7239999972591248,1.0,0.7109339187730725,55 to 59 years
8193,37578,0.681142854401982,0.5714285714285714,0.6665510738678142,55 to 59 years
8194,33077,0.6525714258305534,0.2857142857142857,0.7165895812575249,55 to 59 years
8195,37200,0.6525714258305534,0.2857142857142857,0.5350208761313824,55 to 59 years
8196,39246,0.6525714258305534,0.2857142857142857,0.18922474345593582,55 to 59 years
8197,32594,0.6525714258305534,0.2857142857142857,0.33872860075285927,55 to 59 years
8198,32973,0.7239999972591248,1.0,0.4827478113008877,55 to 59 years
8199,38286,0.681142854401982,0.5714285714285714,0.14783694634643585,55 to 59 years
8200,33003,0.6525714258305534,0.2857142857142857,0.3024009002423079,55 to 59 years
8201,32609,-0.18648886571124645,0.14285714285714285,0.6222254403017816,55 to 59 years
8202,39192,0.7097142829734105,0.8571428571428571,0.2045685818063303,55 to 59 years
8203,36320,0.7097142829734105,0.8571428571428571,0.09476837562592766,55 to 59 years
8204,36162,0.6525714258305534,0.2857142857142857,0.7638024129114862,55 to 59 years
8205,34544,0.6525714258305534,0.2857142857142857,0.9826980166444148,55 to 59 years
8206,38676,0.6954285686876962,0.7142857142857142,0.9196694293014772,55 to 59 years
8207,36518,0.6525714258305534,0.2857142857142857,0.6303236173487866,55 to 59 years
8208,39974,0.6668571401162676,0.42857142857142855,0.8772714949950221,55 to 59 years
8209,37008,0.681142854401982,0.5714285714285714,0.4820390242704871,55 to 59 years
8210,34700,0.6525714258305534,0.2857142857142857,0.08161005940733795,55 to 59 years
8211,38537,0.681142854401982,0.5714285714285714,0.7139461233543554,55 to 59 years
8212,33409,0.6668571401162676,0.42857142857142855,0.039273351179750726,55 to 59 years
8213,35768,0.638285711544839,0.14285714285714285,0.06460333688004893,55 to 59 years
8214,32516,0.6954285686876962,0.7142857142857142,0.2885033179328866,55 to 59 years
8215,37656,0.7239999972591248,1.0,0.16651763436523914,55 to 59 years
8216,35732,0.7239999972591248,1.0,0.21324531290502902,55 to 59 years
8217,39723,0.6954285686876962,0.7142857142857142,0.9675019350670985,55 to 59 years
8218,36873,0.6954285686876962,0.7142857142857142,0.7407733529969931,55 to 59 years
8219,38230,-0.29463282738502494,0.14285714285714285,0.6864789781560939,55 to 59 years
8220,37712,-0.08165715171428653,0.14285714285714285,0.36385881968697575,55 to 59 years
8221,35779,0.7097142829734105,0.8571428571428571,0.621899922002546,55 to 59 years
8222,35606,0.6525714258305534,0.2857142857142857,0.2422062090286377,55 to 59 years
8223,36277,0.681142854401982,0.5714285714285714,0.1574565394879136,55 to 59 years
8224,36650,0.638285711544839,0.14285714285714285,0.5884391856522273,55 to 59 years
8225,38419,0.6525714258305534,0.2857142857142857,0.30805530624524324,55 to 59 years
8226,35484,0.7097142829734105,0.8571428571428571,0.537803362711257,55 to 59 years
8227,36869,0.681142854401982,0.5714285714285714,0.6445107996384587,55 to 59 years
8228,34747,0.681142854401982,0.5714285714285714,0.15178905678151233,55 to 59 years
8229,34235,0.6668571401162676,0.42857142857142855,0.4407006328007771,55 to 59 years
8230,39756,0.7239999972591248,1.0,0.6941023312833873,55 to 59 years
8231,31650,0.7097142829734105,0.8571428571428571,0.05461729394222259,55 to 59 years
8232,30043,0.7097142829734105,0.8571428571428571,0.5401248521920649,55 to 59 years
8233,31881,0.6525714258305534,0.2857142857142857,0.2224614019294373,55 to 59 years
8234,35108,0.7097142829734105,0.8571428571428571,0.3206032600157941,55 to 59 years
8235,31123,0.6525714258305534,0.2857142857142857,0.4488886543640476,55 to 59 years
8236,32084,0.6525714258305534,0.2857142857142857,0.10829935189689355,55 to 59 years
8237,35786,0.681142854401982,0.5714285714285714,0.7019395915447604,55 to 59 years
8238,35008,-0.31920971268602033,0.14285714285714285,0.7304999110835053,55 to 59 years
8239,39535,0.6525714258305534,0.2857142857142857,0.19354611305091374,55 to 59 years
8240,37737,0.6668571401162676,0.42857142857142855,0.7323436261484798,55 to 59 years
8241,34126,0.6525714258305534,0.2857142857142857,0.9054992537683875,55 to 59 years
8242,34776,0.6668571401162676,0.42857142857142855,0.7069791661822195,55 to 59 years
8243,33559,0.681142854401982,0.5714285714285714,0.5081990223400291,55 to 59 years
8244,30889,0.681142854401982,0.5714285714285714,0.5075579190393921,55 to 59 years
8245,33343,0.638285711544839,0.14285714285714285,0.9511794632460517,55 to 59 years
8246,35353,-0.28421631650813656,0.14285714285714285,0.46626877510950654,55 to 59 years
8247,37481,-0.2677005503444093,0.14285714285714285,0.23003416725530856,55 to 59 years
8248,34488,0.681142854401982,0.5714285714285714,0.9827360892823085,55 to 59 years
8249,32426,-0.5321722849673428,0.14285714285714285,0.5339981112157174,55 to 59 years
8250,38106,0.681142854401982,0.5714285714285714,0.31023963406039123,55 to 59 years
8251,31834,-0.47243122350550165,0.14285714285714285,0.9520371378065265,55 to 59 years
8252,39796,0.7097142829734105,0.8571428571428571,0.22473132048765393,55 to 59 years
8253,38078,-0.034608401516733125,0.14285714285714285,0.2919258598375687,55 to 59 years
8254,34252,0.681142854401982,0.5714285714285714,0.5498133932969196,55 to 59 years
8255,30713,0.7239999972591248,1.0,0.2473447690834576,55 to 59 years
8256,35894,0.681142854401982,0.5714285714285714,0.8774865212156766,55 to 59 years
8257,39550,0.638285711544839,0.14285714285714285,0.4949473977477389,55 to 59 years
8258,35907,0.6668571401162676,0.42857142857142855,0.8684527863436432,55 to 59 years
8259,37602,-0.13181828571428722,0.14285714285714285,0.11543993266947838,55 to 59 years
8260,33186,0.638285711544839,0.14285714285714285,0.7214980028753413,55 to 59 years
8261,34199,0.6668571401162676,0.42857142857142855,0.5580230632322861,55 to 59 years
8262,38011,0.0,0.8571428571428571,0.9509533568003511,55 to 59 years
8263,33139,0.7239999972591248,1.0,0.8666068007931873,55 to 59 years
8264,32142,0.6525714258305534,0.2857142857142857,0.9857631192362017,55 to 59 years
8265,38094,-0.060534583972873354,0.14285714285714285,0.9835913899865784,55 to 59 years
8266,33519,0.681142854401982,0.5714285714285714,0.28440266158720817,55 to 59 years
8267,31377,0.6668571401162676,0.42857142857142855,0.2347609230039268,55 to 59 years
8268,39581,0.7239999972591248,1.0,0.20969260332410822,55 to 59 years
8269,38174,0.7097142829734105,0.8571428571428571,0.13716925276307035,55 to 59 years
8270,37809,0.7097142829734105,0.8571428571428571,0.5401383577796561,55 to 59 years
8271,33862,0.681142854401982,0.5714285714285714,0.49964549180625784,55 to 59 years
8272,33656,-0.31863516906926365,0.14285714285714285,0.7573297159251713,55 to 59 years
8273,34618,0.7097142829734105,0.8571428571428571,0.21831602134217837,55 to 59 years
8274,34608,0.6525714258305534,0.2857142857142857,0.11747676562159792,55 to 59 years
8275,34558,0.681142854401982,0.5714285714285714,0.07465887618891537,55 to 59 years
8276,39799,0.7239999972591248,1.0,0.885595402740666,55 to 59 years
8277,35096,0.6525714258305534,0.2857142857142857,0.9799278186173093,55 to 59 years
8278,30408,0.7239999972591248,1.0,0.17725440946845422,55 to 59 years
8279,36246,0.681142854401982,0.5714285714285714,0.5775396251445836,55 to 59 years
8280,35788,0.6668571401162676,0.42857142857142855,0.8555493780937338,55 to 59 years
8281,34172,0.6525714258305534,0.2857142857142857,0.27706927743261645,55 to 59 years
8282,39628,0.6525714258305534,0.2857142857142857,0.5373112804697155,55 to 59 years
8283,37661,0.7097142829734105,0.8571428571428571,0.6288185692917891,55 to 59 years
8284,37551,0.7239999972591248,1.0,0.01660395736917386,55 to 59 years
8285,37231,0.681142854401982,0.5714285714285714,0.8078659873570108,55 to 59 years
8286,37005,0.681142854401982,0.5714285714285714,0.2926936579360482,55 to 59 years
8287,36182,0.6525714258305534,0.2857142857142857,0.12082382385064178,55 to 59 years
8288,32638,0.6668571401162676,0.42857142857142855,0.6241249804706253,55 to 59 years
8289,32669,0.6525714258305534,0.2857142857142857,0.8350602176806001,55 to 59 years
8290,33897,0.6525714258305534,0.2857142857142857,0.6397038896766132,55 to 59 years
8291,32972,0.6525714258305534,0.2857142857142857,0.10024003895786038,55 to 59 years
8292,38157,0.0,0.2857142857142857,0.8701552735857583,55 to 59 years
8293,31343,0.0,0.8571428571428571,0.10481061695683697,55 to 59 years
8294,36932,0.7097142829734105,0.8571428571428571,0.16590653552586648,55 to 59 years
8295,33690,-0.0632963552927871,0.14285714285714285,0.03455147812117021,55 to 59 years
8296,38207,0.6525714258305534,0.2857142857142857,0.1076230455318209,55 to 59 years
8297,34814,-0.09042625100753288,0.14285714285714285,0.8786455013217213,55 to 59 years
8298,34841,0.681142854401982,0.5714285714285714,0.23944783544340803,55 to 59 years
8299,30477,0.681142854401982,0.5714285714285714,0.7447337142482227,55 to 59 years
8300,38115,-0.08307967660445235,0.14285714285714285,0.08606599268354354,55 to 59 years
8301,37065,0.7097142829734105,0.8571428571428571,0.6297282168571796,55 to 59 years
8302,31480,0.6668571401162676,0.42857142857142855,0.5730049454331767,55 to 59 years
8303,37882,0.7239999972591248,1.0,0.12210685668771881,55 to 59 years
8304,35181,0.7097142829734105,0.8571428571428571,0.7034557394733947,55 to 59 years
8305,34256,0.7097142829734105,0.8571428571428571,0.6944684161575853,55 to 59 years
8306,30901,-0.3056862072920352,0.14285714285714285,0.27520053395368455,55 to 59 years
8307,37350,-0.0310055304272139,0.14285714285714285,0.4403539980769731,55 to 59 years
8308,37376,0.6668571401162676,0.42857142857142855,0.8089143451706231,55 to 59 years
8309,36398,0.6525714258305534,0.2857142857142857,0.7194783854452136,55 to 59 years
8310,36877,0.7097142829734105,0.8571428571428571,0.9538113960334209,55 to 59 years
8311,38684,0.6525714258305534,0.2857142857142857,0.5889118270633869,55 to 59 years
8312,37389,0.7097142829734105,0.8571428571428571,0.7674089304784979,55 to 59 years
8313,30778,0.638285711544839,0.14285714285714285,0.8610572592638857,55 to 59 years
8314,30815,0.6525714258305534,0.2857142857142857,0.7940824737311156,55 to 59 years
8315,37603,0.681142854401982,0.5714285714285714,0.2501657508602626,55 to 59 years
8316,38453,0.6954285686876962,0.7142857142857142,0.16543381842725507,55 to 59 years
8317,34881,0.681142854401982,0.5714285714285714,0.3875269868556665,55 to 59 years
8318,38928,0.7239999972591248,1.0,0.8666023499552462,55 to 59 years
8319,33438,0.7239999972591248,1.0,0.389267674591509,55 to 59 years
8320,37282,0.6525714258305534,0.2857142857142857,0.697857782505816,55 to 59 years
8321,34070,0.6525714258305534,0.2857142857142857,0.47330899270150106,55 to 59 years
8322,32606,0.7239999972591248,1.0,0.489539593839136,55 to 59 years
8323,38156,-0.08895894862938061,0.14285714285714285,0.07681726176443415,55 to 59 years
8324,36340,0.638285711544839,0.14285714285714285,0.7911591933607438,55 to 59 years
8325,32034,0.6525714258305534,0.2857142857142857,0.29162923528076207,55 to 59 years
8326,30200,-0.32131977066465744,0.14285714285714285,0.016073974265218727,55 to 59 years
8327,37042,0.638285711544839,0.14285714285714285,0.31997789987101943,55 to 59 years
8328,35048,-0.01643046753412496,0.14285714285714285,0.5828834216791434,55 to 59 years
8329,32306,0.6525714258305534,0.2857142857142857,0.18289120773790957,55 to 59 years
8330,32797,0.6668571401162676,0.42857142857142855,0.8875389930483621,55 to 59 years
8331,38584,0.6668571401162676,0.42857142857142855,0.37879393476442924,55 to 59 years
8332,33780,0.638285711544839,0.14285714285714285,0.27961745297844276,55 to 59 years
8333,38623,0.681142854401982,0.5714285714285714,0.2712625263707526,55 to 59 years
8334,34300,0.681142854401982,0.5714285714285714,0.12845903863287328,55 to 59 years
8335,38302,0.6525714258305534,0.2857142857142857,0.30028835384382724,55 to 59 years
8336,38647,-0.027633881681261095,0.14285714285714285,0.17872530376051154,55 to 59 years
8337,38672,-0.07213177107618625,0.14285714285714285,0.8311943487877009,55 to 59 years
8338,33259,0.681142854401982,0.5714285714285714,0.30760455801850706,55 to 59 years
8339,37003,0.7097142829734105,0.8571428571428571,0.6368574070765775,55 to 59 years
8340,34109,0.7097142829734105,0.8571428571428571,0.7521043548862916,55 to 59 years
8341,31900,0.7097142829734105,0.8571428571428571,0.5156744226486039,55 to 59 years
8342,32909,0.681142854401982,0.5714285714285714,0.7043767638707632,55 to 59 years
8343,30037,-0.14331774393650903,0.14285714285714285,0.5186982623142956,55 to 59 years
8344,36521,0.6525714258305534,0.2857142857142857,0.5898295440301055,55 to 59 years
8345,32999,0.6668571401162676,0.42857142857142855,0.5242476515341632,55 to 59 years
8346,38524,-0.22200236471736434,0.14285714285714285,0.6101076048017472,55 to 59 years
8347,37351,0.6525714258305534,0.2857142857142857,0.9269385972660592,55 to 59 years
8348,39821,0.6525714258305534,0.2857142857142857,0.8547375472786127,55 to 59 years
8349,38197,0.6668571401162676,0.42857142857142855,0.5382762269858415,55 to 59 years
8350,37685,0.7097142829734105,0.8571428571428571,0.1372859900048286,55 to 59 years
8351,34076,0.6525714258305534,0.2857142857142857,0.798736905608715,55 to 59 years
8352,31801,0.6525714258305534,0.2857142857142857,0.40146691200603,55 to 59 years
8353,39775,0.7239999972591248,1.0,0.09228100013706331,55 to 59 years
8354,33818,0.7097142829734105,0.8571428571428571,0.8222621035131705,55 to 59 years
8355,32903,0.681142854401982,0.5714285714285714,0.36486502214042704,55 to 59 years
8356,36536,0.7097142829734105,0.8571428571428571,0.30426881694370667,55 to 59 years
8357,39912,0.6525714258305534,0.2857142857142857,0.6237589981675316,55 to 59 years
8358,31043,0.6525714258305534,0.2857142857142857,0.5260934350572412,55 to 59 years
8359,38134,0.681142854401982,0.5714285714285714,0.3492106658335814,55 to 59 years
8360,36880,0.6954285686876962,0.7142857142857142,0.01206336814685982,55 to 59 years
8361,39771,0.7097142829734105,0.8571428571428571,0.536538001965884,55 to 59 years
8362,39288,0.681142854401982,0.5714285714285714,0.3300794898662421,55 to 59 years
8363,38778,0.7097142829734105,0.8571428571428571,0.09143386778983165,55 to 59 years
8364,36763,0.7097142829734105,0.8571428571428571,0.6762419694838223,55 to 59 years
8365,31540,0.6668571401162676,0.42857142857142855,0.16780431195859113,55 to 59 years
8366,39707,0.7097142829734105,0.8571428571428571,0.883717402714334,55 to 59 years
8367,38220,0.7239999972591248,1.0,0.22595138700629935,55 to 59 years
8368,32715,0.6525714258305534,0.2857142857142857,0.016438054706530814,55 to 59 years
8369,36253,0.6525714258305534,0.2857142857142857,0.9752741014900631,55 to 59 years
8370,34164,0.6525714258305534,0.2857142857142857,0.8112089912723579,55 to 59 years
8371,32765,-0.30754360215592047,0.14285714285714285,0.9523123328831424,55 to 59 years
8372,35261,-0.05035869703295661,0.14285714285714285,0.3830742602511145,55 to 59 years
8373,31923,0.6525714258305534,0.2857142857142857,0.3660334102497651,55 to 59 years
8374,33252,0.681142854401982,0.5714285714285714,0.09191319340233134,55 to 59 years
8375,38845,0.6668571401162676,0.42857142857142855,0.3923396080189866,55 to 59 years
8376,37416,0.681142854401982,0.5714285714285714,0.7029685254861053,55 to 59 years
8377,31583,0.6525714258305534,0.2857142857142857,0.39326288132370146,55 to 59 years
8378,38449,0.681142854401982,0.5714285714285714,0.34733676317071416,55 to 59 years
8379,30212,0.7097142829734105,0.8571428571428571,0.5856460390037765,55 to 59 years
8380,38811,0.681142854401982,0.5714285714285714,0.5317045555824057,55 to 59 years
8381,32564,0.6525714258305534,0.2857142857142857,0.6235620740220394,55 to 59 years
8382,35049,0.6668571401162676,0.42857142857142855,0.159879304274738,55 to 59 years
8383,35554,0.6668571401162676,0.42857142857142855,0.5760380795796779,55 to 59 years
8384,38280,0.7239999972591248,1.0,0.473560360688576,55 to 59 years
8385,31094,0.6525714258305534,0.2857142857142857,0.8756270805205162,55 to 59 years
8386,35214,0.6668571401162676,0.42857142857142855,0.6668101900285603,55 to 59 years
8387,32908,0.7239999972591248,1.0,0.17937252539690518,55 to 59 years
8388,36504,0.7097142829734105,0.8571428571428571,0.9724256470223464,55 to 59 years
8389,38590,0.681142854401982,0.5714285714285714,0.10292809572974015,55 to 59 years
8390,32008,-0.02077884415584564,0.14285714285714285,0.32313399202965487,55 to 59 years
8391,30428,0.638285711544839,0.14285714285714285,0.8459101184020208,55 to 59 years
8392,30221,-0.29588602756120913,0.14285714285714285,0.14008020303146607,55 to 59 years
8393,36168,-0.25769899032651666,0.14285714285714285,0.8429590535559002,55 to 59 years
8394,34584,0.6525714258305534,0.2857142857142857,0.4194188200734488,55 to 59 years
8395,30484,0.681142854401982,0.5714285714285714,0.07627036970365442,55 to 59 years
8396,35706,0.681142854401982,0.5714285714285714,0.8685580930099857,55 to 59 years
8397,34210,0.7097142829734105,0.8571428571428571,0.5312053551412963,55 to 59 years
8398,34236,0.6525714258305534,0.2857142857142857,0.5904354502547589,55 to 59 years
8399,36083,0.6525714258305534,0.2857142857142857,0.622114539363619,55 to 59 years
8400,34970,0.7097142829734105,0.8571428571428571,0.1650151378215634,55 to 59 years
8401,30692,0.638285711544839,0.14285714285714285,0.8810678358119655,55 to 59 years
8402,39818,0.7097142829734105,0.8571428571428571,0.3202971691323113,55 to 59 years
8403,33847,0.6525714258305534,0.2857142857142857,0.3274462429799744,55 to 59 years
8404,39549,0.681142854401982,0.5714285714285714,0.9532626462981293,55 to 59 years
8405,36051,0.638285711544839,0.14285714285714285,0.3701513741751845,55 to 59 years
8406,34147,0.7097142829734105,0.8571428571428571,0.7417686672180015,55 to 59 years
8407,37988,-0.21396146894044246,0.14285714285714285,0.9695030730299876,55 to 59 years
8408,32566,0.7097142829734105,0.8571428571428571,0.3137177525710453,55 to 59 years
8409,33586,0.6525714258305534,0.2857142857142857,0.7122404529090112,55 to 59 years
8410,39790,0.6525714258305534,0.2857142857142857,0.10113362395517556,55 to 59 years
8411,32396,0.7097142829734105,0.8571428571428571,0.6303867359796487,55 to 59 years
8412,39304,0.681142854401982,0.5714285714285714,0.16422234204083003,55 to 59 years
8413,39698,0.638285711544839,0.14285714285714285,0.07849609868494528,55 to 59 years
8414,32620,0.681142854401982,0.5714285714285714,0.9168267696775784,55 to 59 years
8415,31501,0.681142854401982,0.5714285714285714,0.24114601187052948,55 to 59 years
8416,36229,0.681142854401982,0.5714285714285714,0.5931888902832378,55 to 59 years
8417,34761,-0.10423449781891465,0.14285714285714285,0.26021945796216384,55 to 59 years
8418,30736,0.6668571401162676,0.42857142857142855,0.3159006192642194,55 to 59 years
8419,35995,0.7097142829734105,0.8571428571428571,0.8140438369654288,55 to 59 years
8420,33668,0.681142854401982,0.5714285714285714,0.9666920652628708,55 to 59 years
8421,39552,0.6525714258305534,0.2857142857142857,0.08753181116052333,55 to 59 years
8422,33712,0.681142854401982,0.5714285714285714,0.5569217567495136,55 to 59 years
8423,34938,0.0,0.14285714285714285,0.8110601782853248,55 to 59 years
8424,38428,0.7239999972591248,1.0,0.8919061359010816,55 to 59 years
8425,35832,0.6525714258305534,0.2857142857142857,0.4462313234235339,55 to 59 years
8426,35652,0.7097142829734105,0.8571428571428571,0.8090988058781231,55 to 59 years
8427,38862,0.6525714258305534,0.2857142857142857,0.48826223058836626,55 to 59 years
8428,30652,0.7097142829734105,0.8571428571428571,0.7817450329178978,55 to 59 years
8429,39615,0.6668571401162676,0.42857142857142855,0.5256413279382589,55 to 59 years
8430,33884,0.7097142829734105,0.8571428571428571,0.32531146276402423,55 to 59 years
8431,31761,0.6668571401162676,0.42857142857142855,0.22820072772145134,55 to 59 years
8432,31910,-0.21974176971428638,0.14285714285714285,0.7847609855750239,55 to 59 years
8433,34930,0.6525714258305534,0.2857142857142857,0.7955497272374101,55 to 59 years
8434,33330,0.638285711544839,0.14285714285714285,0.804512430836268,55 to 59 years
8435,32601,-0.22507943746555648,0.14285714285714285,0.8167768298175344,55 to 59 years
8436,35475,-0.30368545699218896,0.14285714285714285,0.23023870923413137,55 to 59 years
8437,36490,0.638285711544839,0.14285714285714285,0.7536431559054935,55 to 59 years
8438,35926,0.7239999972591248,1.0,0.26372490494816136,55 to 59 years
8439,38727,0.681142854401982,0.5714285714285714,0.5017787540918884,55 to 59 years
8440,38175,0.6525714258305534,0.2857142857142857,0.3384155377890925,55 to 59 years
8441,37509,-0.07644960204120337,0.14285714285714285,0.008744556153083227,55 to 59 years
8442,39933,-0.09341041491428623,0.14285714285714285,0.042090924930342166,55 to 59 years
8443,35045,-0.2503420453419628,0.14285714285714285,0.23228753535713403,55 to 59 years
8444,32570,0.6525714258305534,0.2857142857142857,0.7609011543145298,55 to 59 years
8445,35422,0.6954285686876962,0.7142857142857142,0.9808289692776351,55 to 59 years
8446,35459,-0.09798420735109127,0.14285714285714285,0.7781595669870767,55 to 59 years
8447,32941,0.638285711544839,0.14285714285714285,0.8809662702455427,55 to 59 years
8448,30835,0.22687354938267687,0.14285714285714285,0.3303568677357185,55 to 59 years
8449,32125,-0.3336731968093959,0.14285714285714285,0.3360123746596349,55 to 59 years
8450,35088,0.7097142829734105,0.8571428571428571,0.24684347155852987,55 to 59 years
8451,35989,0.638285711544839,0.14285714285714285,0.232964245133588,55 to 59 years
8452,35992,0.7097142829734105,0.8571428571428571,0.8630048469801226,55 to 59 years
8453,30857,0.6525714258305534,0.2857142857142857,0.4973372565988824,55 to 59 years
8454,38999,0.681142854401982,0.5714285714285714,0.5817461562122994,55 to 59 years
8455,30979,-0.40003742767644956,0.14285714285714285,0.5225757943270091,55 to 59 years
8456,35671,0.18700192776105526,0.14285714285714285,0.40583337490719495,55 to 59 years
8457,34614,-0.2607821743575806,0.14285714285714285,0.6302808261315991,55 to 59 years
8458,36122,0.638285711544839,0.14285714285714285,0.2456577078155064,55 to 59 years
8459,34021,-0.0655462290316916,0.14285714285714285,0.7249881589782491,55 to 59 years
8460,35220,-0.4476667621177114,0.14285714285714285,0.7889748809674391,55 to 59 years
8461,35965,0.6525714258305534,0.2857142857142857,0.6375009874744588,55 to 59 years
8462,33019,0.0,0.5714285714285714,0.5259714196107605,55 to 59 years
8463,38472,0.681142854401982,0.5714285714285714,0.5670547235634217,55 to 59 years
8464,34118,0.6525714258305534,0.2857142857142857,0.6995411103029845,55 to 59 years
8465,36368,0.6525714258305534,0.2857142857142857,0.8113269703858147,55 to 59 years
8466,31239,0.6954285686876962,0.7142857142857142,0.36974208032650846,55 to 59 years
8467,34569,-0.44756650053242053,0.14285714285714285,0.021842412635910136,55 to 59 years
8468,39565,0.681142854401982,0.5714285714285714,0.45247812486412065,55 to 59 years
8469,35301,0.6525714258305534,0.2857142857142857,0.3536839122399984,55 to 59 years
8470,35895,0.638285711544839,0.14285714285714285,0.6714633604876274,55 to 59 years
8471,39760,0.681142854401982,0.5714285714285714,0.886978542658611,55 to 59 years
8472,33112,0.6525714258305534,0.2857142857142857,0.5958900754364435,55 to 59 years
8473,35738,0.6525714258305534,0.2857142857142857,0.012654177277253487,55 to 59 years
8474,34804,0.681142854401982,0.5714285714285714,0.5238531398927787,55 to 59 years
8475,35000,0.681142854401982,0.5714285714285714,0.5343281647366999,55 to 59 years
8476,30531,0.638285711544839,0.14285714285714285,0.34527145072677584,55 to 59 years
8477,32593,0.6581428233800852,0.5714285714285714,0.45752115500627494,60 to 64 years
8478,30923,0.6295713948086566,0.2857142857142857,0.4851348619640328,60 to 64 years
8479,35342,0.6581428233800852,0.5714285714285714,0.29242658984089626,60 to 64 years
8480,38869,0.6295713948086566,0.2857142857142857,0.2922892126636395,60 to 64 years
8481,36904,-0.3773281862706287,0.14285714285714285,0.7424099607454381,60 to 64 years
8482,38374,0.6867142519515138,0.8571428571428571,0.5478552316794778,60 to 64 years
8483,35717,0.6724285376657995,0.7142857142857142,0.3846114657699772,60 to 64 years
8484,39910,0.2713213948086567,0.2857142857142857,0.8291609855100357,60 to 64 years
8485,37825,-0.3216452645661443,0.14285714285714285,0.423830439899631,60 to 64 years
8486,39037,-0.28554233988602334,0.14285714285714285,0.4806163565018751,60 to 64 years
8487,33131,-0.08450852326875241,0.14285714285714285,0.1805568203149412,60 to 64 years
8488,38808,0.6581428233800852,0.5714285714285714,0.7528556500495018,60 to 64 years
8489,30685,0.6581428233800852,0.5714285714285714,0.5648167350104845,60 to 64 years
8490,30761,-0.03115170401334439,0.14285714285714285,0.8103043988042941,60 to 64 years
8491,37414,0.700999966237228,1.0,0.6935249721099201,60 to 64 years
8492,38151,0.6438571090943709,0.42857142857142855,0.9116167843349343,60 to 64 years
8493,34872,0.6724285376657995,0.7142857142857142,0.7312440670900658,60 to 64 years
8494,39939,0.700999966237228,1.0,0.3200649747079593,60 to 64 years
8495,30779,0.6295713948086566,0.2857142857142857,0.3572443642280056,60 to 64 years
8496,37542,0.6295713948086566,0.2857142857142857,0.450446270524172,60 to 64 years
8497,31413,0.6295713948086566,0.2857142857142857,0.21007013042777395,60 to 64 years
8498,30272,0.6295713948086566,0.2857142857142857,0.25719549105750417,60 to 64 years
8499,38897,0.6581428233800852,0.5714285714285714,0.4587558214159179,60 to 64 years
8500,30922,-0.28312330063127256,0.14285714285714285,0.3760520727120938,60 to 64 years
8501,32640,-0.2665408658434262,0.14285714285714285,0.8274869836920011,60 to 64 years
8502,34292,0.6295713948086566,0.2857142857142857,0.8356681832103828,60 to 64 years
8503,36114,-0.08886427632864995,0.14285714285714285,0.1961163637803447,60 to 64 years
8504,39018,0.0,0.8571428571428571,0.8003160698730006,60 to 64 years
8505,33546,-0.06401896148460356,0.14285714285714285,0.8704565457501205,60 to 64 years
8506,33393,-0.03276139551691604,0.14285714285714285,0.8098296164408891,60 to 64 years
8507,37927,0.6438571090943709,0.42857142857142855,0.23875625590848826,60 to 64 years
8508,39576,0.6724285376657995,0.7142857142857142,0.4831495179883038,60 to 64 years
8509,37070,0.0,1.0,0.9930599715822352,60 to 64 years
8510,35207,0.6295713948086566,0.2857142857142857,0.8602628794993492,60 to 64 years
8511,30296,0.6867142519515138,0.8571428571428571,0.573473174845347,60 to 64 years
8512,32460,0.700999966237228,1.0,0.9186599784444479,60 to 64 years
8513,38268,0.6295713948086566,0.2857142857142857,0.3397607993831567,60 to 64 years
8514,33125,0.6295713948086566,0.2857142857142857,0.5805177834004954,60 to 64 years
8515,36941,0.6295713948086566,0.2857142857142857,0.618052864895931,60 to 64 years
8516,33950,0.6295713948086566,0.2857142857142857,0.3244640783388984,60 to 64 years
8517,33684,0.6295713948086566,0.2857142857142857,0.918605418767749,60 to 64 years
8518,35128,0.6295713948086566,0.2857142857142857,0.36366895323697934,60 to 64 years
8519,30294,0.6295713948086566,0.2857142857142857,0.25006061228481086,60 to 64 years
8520,36762,-0.10072419732710584,0.14285714285714285,0.20195311172662794,60 to 64 years
8521,38250,0.6867142519515138,0.8571428571428571,0.41956208183505095,60 to 64 years
8522,34117,0.6867142519515138,0.8571428571428571,0.8857211323998606,60 to 64 years
8523,34069,0.6581428233800852,0.5714285714285714,0.6896697834733992,60 to 64 years
8524,35309,-0.18712972201820363,0.14285714285714285,0.8797831212610149,60 to 64 years
8525,33705,0.700999966237228,1.0,0.34345787606508194,60 to 64 years
8526,31571,0.6581428233800852,0.5714285714285714,0.9174186275547025,60 to 64 years
8527,38160,0.700999966237228,1.0,0.04001211478018668,60 to 64 years
8528,33611,-0.07224788739930377,0.14285714285714285,0.33377013499503205,60 to 64 years
8529,38845,0.6438571090943709,0.42857142857142855,0.3923396080189866,60 to 64 years
8530,35811,0.6867142519515138,0.8571428571428571,0.43762534265258624,60 to 64 years
8531,33500,0.6867142519515138,0.8571428571428571,0.2879960955843548,60 to 64 years
8532,37515,0.6438571090943709,0.42857142857142855,0.5245243817266123,60 to 64 years
8533,37088,0.6724285376657995,0.7142857142857142,0.49138964540565755,60 to 64 years
8534,36650,-0.07383077881089059,0.14285714285714285,0.5884391856522273,60 to 64 years
8535,39197,0.6581428233800852,0.5714285714285714,0.7103064952632625,60 to 64 years
8536,38107,0.6438571090943709,0.42857142857142855,0.46786361703516655,60 to 64 years
8537,38701,-0.07648797315665568,0.14285714285714285,0.5790599035001794,60 to 64 years
8538,34755,0.6295713948086566,0.2857142857142857,0.6724088714276782,60 to 64 years
8539,34976,0.6295713948086566,0.2857142857142857,0.38756739022635855,60 to 64 years
8540,38063,0.6867142519515138,0.8571428571428571,0.5461934624145858,60 to 64 years
8541,36752,0.6867142519515138,0.8571428571428571,0.8603787428314504,60 to 64 years
8542,32636,-0.2863352437805627,0.14285714285714285,0.20833258368273394,60 to 64 years
8543,36007,-0.5024293691296164,0.14285714285714285,0.3718655100995917,60 to 64 years
8544,39303,0.6438571090943709,0.42857142857142855,0.6778203458481475,60 to 64 years
8545,35960,0.6295713948086566,0.2857142857142857,0.1738440541483312,60 to 64 years
8546,35177,0.6295713948086566,0.2857142857142857,0.20535663840530488,60 to 64 years
8547,33869,0.6724285376657995,0.7142857142857142,0.8265541798607946,60 to 64 years
8548,37032,-0.390941068463242,0.14285714285714285,0.6435544413520458,60 to 64 years
8549,39957,0.6295713948086566,0.2857142857142857,0.30892498419472736,60 to 64 years
8550,35357,0.6295713948086566,0.2857142857142857,0.7216387138680112,60 to 64 years
8551,31356,0.6438571090943709,0.42857142857142855,0.6892649932314869,60 to 64 years
8552,36518,0.6295713948086566,0.2857142857142857,0.6303236173487866,60 to 64 years
8553,38049,0.6867142519515138,0.8571428571428571,0.7126959552268322,60 to 64 years
8554,37712,-0.08165715171428653,0.14285714285714285,0.36385881968697575,60 to 64 years
8555,30760,0.6581428233800852,0.5714285714285714,0.7834807579017578,60 to 64 years
8556,36851,0.33571722814199,0.2857142857142857,0.7040843623336409,60 to 64 years
8557,34049,0.6295713948086566,0.2857142857142857,0.9218369225182401,60 to 64 years
8558,38899,0.6581428233800852,0.5714285714285714,0.11233246825624471,60 to 64 years
8559,32876,0.6867142519515138,0.8571428571428571,0.09670016081498573,60 to 64 years
8560,35228,0.6581428233800852,0.5714285714285714,0.5521595059875304,60 to 64 years
8561,34154,0.6581428233800852,0.5714285714285714,0.39306514041679597,60 to 64 years
8562,31036,0.6581428233800852,0.5714285714285714,0.8163483537299883,60 to 64 years
8563,33938,0.700999966237228,1.0,0.9982952948096505,60 to 64 years
8564,31940,-0.2261504820691936,0.14285714285714285,0.616917956376235,60 to 64 years
8565,38241,0.6581428233800852,0.5714285714285714,0.4667616777414366,60 to 64 years
8566,35745,0.6581428233800852,0.5714285714285714,0.4580233439307038,60 to 64 years
8567,39836,0.6581428233800852,0.5714285714285714,0.5451570997431598,60 to 64 years
8568,38966,0.6295713948086566,0.2857142857142857,0.3966240549532253,60 to 64 years
8569,39212,0.6581428233800852,0.5714285714285714,0.3485993605151475,60 to 64 years
8570,38404,0.6867142519515138,0.8571428571428571,0.9667080334022,60 to 64 years
8571,37968,0.700999966237228,1.0,0.28667720849021217,60 to 64 years
8572,33707,-0.4429996552062685,0.14285714285714285,0.2855340743372968,60 to 64 years
8573,32047,0.6295713948086566,0.2857142857142857,0.0861630714772395,60 to 64 years
8574,34902,-0.04385362381030863,0.14285714285714285,0.36677337349580774,60 to 64 years
8575,31884,0.6438571090943709,0.42857142857142855,0.2773558820343039,60 to 64 years
8576,37646,0.700999966237228,1.0,0.7346117319202589,60 to 64 years
8577,35051,-0.0005775142857234114,0.14285714285714285,0.45355169476145474,60 to 64 years
8578,38454,0.6295713948086566,0.2857142857142857,0.10263803895879603,60 to 64 years
8579,38803,0.6581428233800852,0.5714285714285714,0.3061749281785522,60 to 64 years
8580,37148,0.6295713948086566,0.2857142857142857,0.5663677297203682,60 to 64 years
8581,31650,0.6867142519515138,0.8571428571428571,0.05461729394222259,60 to 64 years
8582,35677,0.6295713948086566,0.2857142857142857,0.5503001917755798,60 to 64 years
8583,39496,-0.32818574641689857,0.14285714285714285,0.8678932790448954,60 to 64 years
8584,34067,0.6581428233800852,0.5714285714285714,0.2728184006674658,60 to 64 years
8585,33254,0.700999966237228,1.0,0.4338485450851888,60 to 64 years
8586,39645,-0.46577613360807874,0.14285714285714285,0.202646334734148,60 to 64 years
8587,36014,0.700999966237228,1.0,0.6092956645291356,60 to 64 years
8588,30932,-0.26680112016590063,0.14285714285714285,0.8722025950348458,60 to 64 years
8589,36597,0.6581428233800852,0.5714285714285714,0.9935089665404677,60 to 64 years
8590,31814,-0.36775320376278753,0.14285714285714285,0.6384539010670701,60 to 64 years
8591,31976,0.6581428233800852,0.5714285714285714,0.2187424706847257,60 to 64 years
8592,30073,0.6867142519515138,0.8571428571428571,0.21659347253577282,60 to 64 years
8593,36751,0.6295713948086566,0.2857142857142857,0.4841549781866969,60 to 64 years
8594,32337,0.6867142519515138,0.8571428571428571,0.22824086541909555,60 to 64 years
8595,38262,0.6438571090943709,0.42857142857142855,0.6434901723703194,60 to 64 years
8596,39858,0.6295713948086566,0.2857142857142857,0.965344277947181,60 to 64 years
8597,39465,0.6581428233800852,0.5714285714285714,0.23256710408528475,60 to 64 years
8598,39152,0.6581428233800852,0.5714285714285714,0.436057489384008,60 to 64 years
8599,32908,0.700999966237228,1.0,0.17937252539690518,60 to 64 years
8600,39169,0.6438571090943709,0.42857142857142855,0.17372496739558108,60 to 64 years
8601,35402,0.6867142519515138,0.8571428571428571,0.08098931688885957,60 to 64 years
8602,33630,0.6867142519515138,0.8571428571428571,0.27664784652323765,60 to 64 years
8603,38313,0.6295713948086566,0.2857142857142857,0.3119865919527754,60 to 64 years
8604,33230,-0.08111485664681045,0.14285714285714285,0.5111455894170089,60 to 64 years
8605,37163,0.6295713948086566,0.2857142857142857,0.3313733752414031,60 to 64 years
8606,33387,0.6581428233800852,0.5714285714285714,0.7221562996292424,60 to 64 years
8607,34254,0.6581428233800852,0.5714285714285714,0.8485367365664205,60 to 64 years
8608,30241,0.6581428233800852,0.5714285714285714,0.573171379037365,60 to 64 years
8609,34567,-0.4575932894963739,0.14285714285714285,0.8507101438667553,60 to 64 years
8610,39467,0.6438571090943709,0.42857142857142855,0.7654181407049822,60 to 64 years
8611,31492,0.6581428233800852,0.5714285714285714,0.3016524494526942,60 to 64 years
8612,31306,0.6295713948086566,0.2857142857142857,0.22490552575667777,60 to 64 years
8613,39219,-0.08661454086802205,0.14285714285714285,0.269248823916705,60 to 64 years
8614,34524,0.700999966237228,1.0,0.8662876740165535,60 to 64 years
8615,31293,0.6867142519515138,0.8571428571428571,0.16047414290416978,60 to 64 years
8616,33590,0.6867142519515138,0.8571428571428571,0.5088617975581006,60 to 64 years
8617,38169,0.6295713948086566,0.2857142857142857,0.560265649915905,60 to 64 years
8618,39469,0.6295713948086566,0.2857142857142857,0.3580041494615988,60 to 64 years
8619,38384,0.6581428233800852,0.5714285714285714,0.11276464431774186,60 to 64 years
8620,32627,0.6867142519515138,0.8571428571428571,0.3068901300120228,60 to 64 years
8621,39865,0.6438571090943709,0.42857142857142855,0.5486288333036383,60 to 64 years
8622,39284,0.6438571090943709,0.42857142857142855,0.8347424388693456,60 to 64 years
8623,31716,0.6295713948086566,0.2857142857142857,0.21887479449868935,60 to 64 years
8624,35527,0.6867142519515138,0.8571428571428571,0.5604888092408494,60 to 64 years
8625,32518,0.0,0.2857142857142857,0.4973226023045941,60 to 64 years
8626,30166,0.6295713948086566,0.2857142857142857,0.052756714756148626,60 to 64 years
8627,39201,0.6295713948086566,0.2857142857142857,0.38983114665174334,60 to 64 years
8628,33462,0.6724285376657995,0.7142857142857142,0.8567223150877725,60 to 64 years
8629,30656,0.6581428233800852,0.5714285714285714,0.2731384467473291,60 to 64 years
8630,35466,0.6867142519515138,0.8571428571428571,0.11150350104560375,60 to 64 years
8631,36165,0.0,0.5714285714285714,0.8024434007392206,60 to 64 years
8632,38345,0.6581428233800852,0.5714285714285714,0.0844038229190609,60 to 64 years
8633,32814,-0.3459567957151263,0.14285714285714285,0.5587739021689676,60 to 64 years
8634,31494,0.6581428233800852,0.5714285714285714,0.478994120578944,60 to 64 years
8635,36590,0.6295713948086566,0.2857142857142857,0.6286257342704977,60 to 64 years
8636,30555,0.6438571090943709,0.42857142857142855,0.23850469570855037,60 to 64 years
8637,32535,0.6581428233800852,0.5714285714285714,0.06407541298534569,60 to 64 years
8638,39001,0.6581428233800852,0.5714285714285714,0.5169942081914237,60 to 64 years
8639,38400,0.700999966237228,1.0,0.7110371606718462,60 to 64 years
8640,37400,0.6581428233800852,0.5714285714285714,0.7536883440242685,60 to 64 years
8641,33993,0.6295713948086566,0.2857142857142857,0.5948613848752226,60 to 64 years
8642,31767,0.6724285376657995,0.7142857142857142,0.12692670329644773,60 to 64 years
8643,35275,0.6867142519515138,0.8571428571428571,0.152689117799075,60 to 64 years
8644,36333,0.6581428233800852,0.5714285714285714,0.009165528143356916,60 to 64 years
8645,39146,0.6295713948086566,0.2857142857142857,0.5991138668497814,60 to 64 years
8646,31346,0.6295713948086566,0.2857142857142857,0.8623024026331698,60 to 64 years
8647,36705,0.6867142519515138,0.8571428571428571,0.46207591584420526,60 to 64 years
8648,36019,0.0,0.2857142857142857,0.2742176815784885,60 to 64 years
8649,38051,0.6581428233800852,0.5714285714285714,0.1903649101738571,60 to 64 years
8650,34244,0.6867142519515138,0.8571428571428571,0.792287544183898,60 to 64 years
8651,37365,0.6295713948086566,0.2857142857142857,0.24899610377327486,60 to 64 years
8652,38022,-0.021284988464198205,0.14285714285714285,0.8054185846606605,60 to 64 years
8653,39132,0.6295713948086566,0.2857142857142857,0.19247505098116185,60 to 64 years
8654,38543,0.6724285376657995,0.7142857142857142,0.2560058658318521,60 to 64 years
8655,30697,-0.2931239778378017,0.14285714285714285,0.6001891997967612,60 to 64 years
8656,30013,0.6438571090943709,0.42857142857142855,0.30229849058303215,60 to 64 years
8657,34123,0.6867142519515138,0.8571428571428571,0.23619975554800599,60 to 64 years
8658,35303,0.6438571090943709,0.42857142857142855,0.7517061039520824,60 to 64 years
8659,36465,0.700999966237228,1.0,0.7028867078508836,60 to 64 years
8660,31585,0.6438571090943709,0.42857142857142855,0.5131526230606275,60 to 64 years
8661,38662,0.6295713948086566,0.2857142857142857,0.6713117125933429,60 to 64 years
8662,39711,0.6295713948086566,0.2857142857142857,0.49803955494630076,60 to 64 years
8663,38020,0.700999966237228,1.0,0.0475794329113593,60 to 64 years
8664,36172,0.6867142519515138,0.8571428571428571,0.11430268072440997,60 to 64 years
8665,32231,0.6295713948086566,0.2857142857142857,0.48911982251532216,60 to 64 years
8666,33134,0.6581428233800852,0.5714285714285714,0.649192444253772,60 to 64 years
8667,36417,0.6295713948086566,0.2857142857142857,0.4794972959567633,60 to 64 years
8668,30425,0.6867142519515138,0.8571428571428571,0.25967037561039846,60 to 64 years
8669,36144,0.6295713948086566,0.2857142857142857,0.7976717773714956,60 to 64 years
8670,35490,0.700999966237228,1.0,0.7690316485596544,60 to 64 years
8671,35395,0.6295713948086566,0.2857142857142857,0.8161038376470748,60 to 64 years
8672,38409,0.6724285376657995,0.7142857142857142,0.8223832204384951,60 to 64 years
8673,38440,-0.2674725894513453,0.14285714285714285,0.15529697103792645,60 to 64 years
8674,38112,0.6867142519515138,0.8571428571428571,0.8081315805131826,60 to 64 years
8675,31889,0.6295713948086566,0.2857142857142857,0.7317294191770635,60 to 64 years
8676,36050,-0.04429162514436289,0.14285714285714285,0.998367403060514,60 to 64 years
8677,39528,0.6295713948086566,0.2857142857142857,0.28623765777498006,60 to 64 years
8678,32158,0.700999966237228,1.0,0.4956110607725948,60 to 64 years
8679,34050,0.6438571090943709,0.42857142857142855,0.28759766489846816,60 to 64 years
8680,35112,-0.11255731500904569,0.14285714285714285,0.01361510256989229,60 to 64 years
8681,35647,0.6295713948086566,0.2857142857142857,0.7696381327013528,60 to 64 years
8682,34700,0.6295713948086566,0.2857142857142857,0.08161005940733795,60 to 64 years
8683,37678,0.6581428233800852,0.5714285714285714,0.654670993244225,60 to 64 years
8684,39102,0.6295713948086566,0.2857142857142857,0.7810467928451686,60 to 64 years
8685,39259,0.6295713948086566,0.2857142857142857,0.4978384945395068,60 to 64 years
8686,37830,0.6295713948086566,0.2857142857142857,0.23467976179005268,60 to 64 years
8687,34820,0.6295713948086566,0.2857142857142857,0.39926154360780663,60 to 64 years
8688,39335,0.6295713948086566,0.2857142857142857,0.1052772292405072,60 to 64 years
8689,31797,-0.05379888571428722,0.14285714285714285,0.5919487970033124,60 to 64 years
8690,31656,0.6295713948086566,0.2857142857142857,0.3859792357898112,60 to 64 years
8691,38790,0.6581428233800852,0.5714285714285714,0.6776897147913024,60 to 64 years
8692,30260,0.6867142519515138,0.8571428571428571,0.7409384845787872,60 to 64 years
8693,32251,0.6438571090943709,0.42857142857142855,0.6034867868639386,60 to 64 years
8694,39078,0.6867142519515138,0.8571428571428571,0.5016751593909706,60 to 64 years
8695,35725,0.6581428233800852,0.5714285714285714,0.648435242422104,60 to 64 years
8696,35506,-0.4377234171759766,0.14285714285714285,0.4835007474468725,60 to 64 years
8697,37577,0.6724285376657995,0.7142857142857142,0.773845221263906,60 to 64 years
8698,36221,0.6438571090943709,0.42857142857142855,0.15028792302020766,60 to 64 years
8699,31970,0.6581428233800852,0.5714285714285714,0.16041533091011861,60 to 64 years
8700,30980,0.6581428233800852,0.5714285714285714,0.9413196671306998,60 to 64 years
8701,37717,0.6438571090943709,0.42857142857142855,0.23217066672695091,60 to 64 years
8702,34220,0.6581428233800852,0.5714285714285714,0.7851403587833268,60 to 64 years
8703,32486,-0.20582989553714334,0.14285714285714285,0.9867298657031056,60 to 64 years
8704,37261,-0.22515602853127822,0.14285714285714285,0.35182975972478925,60 to 64 years
8705,37777,-0.0967414857142904,0.14285714285714285,0.31317394510702823,60 to 64 years
8706,34383,0.6438571090943709,0.42857142857142855,0.04087759348052783,60 to 64 years
8707,39292,0.6581428233800852,0.5714285714285714,0.3758146858666783,60 to 64 years
8708,35813,0.6295713948086566,0.2857142857142857,0.8414731627756744,60 to 64 years
8709,30709,0.6581428233800852,0.5714285714285714,0.38626004225932076,60 to 64 years
8710,31098,0.6581428233800852,0.5714285714285714,0.42981339021579734,60 to 64 years
8711,31958,0.0,0.2857142857142857,0.8458663652100116,60 to 64 years
8712,34944,0.6867142519515138,0.8571428571428571,0.23389728811940197,60 to 64 years
8713,37518,-0.2305204702698652,0.14285714285714285,0.8364230498065821,60 to 64 years
8714,37909,0.6581428233800852,0.5714285714285714,0.32168072878731524,60 to 64 years
8715,35322,0.6867142519515138,0.8571428571428571,0.8564101985167203,60 to 64 years
8716,39677,-0.3417961532743409,0.14285714285714285,0.3572799000254099,60 to 64 years
8717,38211,-0.7733030944903855,0.14285714285714285,0.9270637364228831,60 to 64 years
8718,35819,0.6295713948086566,0.2857142857142857,0.5912251395446974,60 to 64 years
8719,33476,-0.27606167659376823,0.14285714285714285,0.14640282918155684,60 to 64 years
8720,35637,-0.3019066986727017,0.14285714285714285,0.5600401699301356,60 to 64 years
8721,34209,0.700999966237228,1.0,0.6986261439958058,60 to 64 years
8722,37944,0.6581428233800852,0.5714285714285714,0.725010713042509,60 to 64 years
8723,31925,0.6724285376657995,0.7142857142857142,0.5951972237034038,60 to 64 years
8724,38695,-0.41826315827498545,0.14285714285714285,0.17166965972379278,60 to 64 years
8725,39763,0.6581428233800852,0.5714285714285714,0.7974585374250145,60 to 64 years
8726,37910,0.6581428233800852,0.5714285714285714,0.6783131612022704,60 to 64 years
8727,38849,0.6295713948086566,0.2857142857142857,0.9487495694200957,60 to 64 years
8728,35124,0.6438571090943709,0.42857142857142855,0.8676332307056436,60 to 64 years
8729,32059,0.6438571090943709,0.42857142857142855,0.33524010085743383,60 to 64 years
8730,30624,-0.09169198445468645,0.14285714285714285,0.6990022046487901,60 to 64 years
8731,35931,0.6581428233800852,0.5714285714285714,0.48056895307662334,60 to 64 years
8732,33595,-0.07325768666321358,0.14285714285714285,0.7283582033612749,60 to 64 years
8733,39191,0.6295713948086566,0.2857142857142857,0.0646371339253195,60 to 64 years
8734,39748,0.6581428233800852,0.5714285714285714,0.6313023340785864,60 to 64 years
8735,33038,0.6295713948086566,0.2857142857142857,0.7922138253696226,60 to 64 years
8736,35142,0.6867142519515138,0.8571428571428571,0.24441794032683345,60 to 64 years
8737,38933,-0.2509868771173001,0.14285714285714285,0.9921313069606775,60 to 64 years
8738,34914,0.6867142519515138,0.8571428571428571,0.7416893756118202,60 to 64 years
8739,37506,0.6295713948086566,0.2857142857142857,0.1715618917483711,60 to 64 years
8740,39090,0.6295713948086566,0.2857142857142857,0.4903071195606802,60 to 64 years
8741,34869,0.6295713948086566,0.2857142857142857,0.23073904359273706,60 to 64 years
8742,32519,0.6581428233800852,0.5714285714285714,0.9284368751154721,60 to 64 years
8743,35038,0.6581428233800852,0.5714285714285714,0.4626443968502508,60 to 64 years
8744,34715,-0.10728614259525256,0.14285714285714285,0.8695000368480243,60 to 64 years
8745,31709,0.6581428233800852,0.5714285714285714,0.8637214751312904,60 to 64 years
8746,30542,0.6581428233800852,0.5714285714285714,0.4736377429752069,60 to 64 years
8747,30642,0.6581428233800852,0.5714285714285714,0.9106306626476934,60 to 64 years
8748,33761,0.6295713948086566,0.2857142857142857,0.839252751702277,60 to 64 years
8749,35674,0.6295713948086566,0.2857142857142857,0.3438230400506862,60 to 64 years
8750,33588,-0.07429483764827532,0.14285714285714285,0.6417510599912283,60 to 64 years
8751,30722,0.6581428233800852,0.5714285714285714,0.924782753465191,60 to 64 years
8752,38601,0.700999966237228,1.0,0.17534577791044326,60 to 64 years
8753,39650,0.6438571090943709,0.42857142857142855,0.6495448737381898,60 to 64 years
8754,38165,0.6581428233800852,0.5714285714285714,0.6981053861593047,60 to 64 years
8755,30301,0.6867142519515138,0.8571428571428571,0.4276988211144699,60 to 64 years
8756,39346,0.6867142519515138,0.8571428571428571,0.970739425534547,60 to 64 years
8757,38991,0.6438571090943709,0.42857142857142855,0.9969540725333079,60 to 64 years
8758,37908,0.6295713948086566,0.2857142857142857,0.40795226921979844,60 to 64 years
8759,30856,0.6867142519515138,0.8571428571428571,0.26324392197174823,60 to 64 years
8760,37706,0.6724285376657995,0.7142857142857142,0.6744860015743608,60 to 64 years
8761,32930,0.6581428233800852,0.5714285714285714,0.40618606029432586,60 to 64 years
8762,30149,0.6581428233800852,0.5714285714285714,0.2856452073456722,60 to 64 years
8763,32642,0.6581428233800852,0.5714285714285714,0.9213915430047863,60 to 64 years
8764,35413,0.700999966237228,1.0,0.6825166228363346,60 to 64 years
8765,37277,0.6867142519515138,0.8571428571428571,0.9882436496473304,60 to 64 years
8766,39225,0.6581428233800852,0.5714285714285714,0.5890248632173423,60 to 64 years
8767,30872,0.6581428233800852,0.5714285714285714,0.8399551776351883,60 to 64 years
8768,32180,0.700999966237228,1.0,0.6414161608295332,60 to 64 years
8769,30364,-0.09108560398196264,0.14285714285714285,0.6462923188883802,60 to 64 years
8770,38727,0.6581428233800852,0.5714285714285714,0.5017787540918884,60 to 64 years
8771,35652,0.6867142519515138,0.8571428571428571,0.8090988058781231,60 to 64 years
8772,35374,0.6867142519515138,0.8571428571428571,0.71007072619063,60 to 64 years
8773,31406,0.6438571090943709,0.42857142857142855,0.6903265124485458,60 to 64 years
8774,35430,0.700999966237228,1.0,0.741364791566961,60 to 64 years
8775,31192,0.6295713948086566,0.2857142857142857,0.498435086486972,60 to 64 years
8776,39574,0.6581428233800852,0.5714285714285714,0.050816929532901955,60 to 64 years
8777,32756,0.6867142519515138,0.8571428571428571,0.8725870986197166,60 to 64 years
8778,32772,0.6581428233800852,0.5714285714285714,0.04352908614466777,60 to 64 years
8779,39089,0.6581428233800852,0.5714285714285714,0.22132532166295021,60 to 64 years
8780,38462,0.6295713948086566,0.2857142857142857,0.10529449953400111,60 to 64 years
8781,33887,0.6295713948086566,0.2857142857142857,0.16889400017922412,60 to 64 years
8782,34278,0.6295713948086566,0.2857142857142857,0.584633646212913,60 to 64 years
8783,39402,0.6295713948086566,0.2857142857142857,0.728847590241291,60 to 64 years
8784,34032,0.6867142519515138,0.8571428571428571,0.6778849311679033,60 to 64 years
8785,37623,0.6581428233800852,0.5714285714285714,0.6508883127511579,60 to 64 years
8786,32538,0.6867142519515138,0.8571428571428571,0.6871424415889866,60 to 64 years
8787,36996,0.6438571090943709,0.42857142857142855,0.7939181003077835,60 to 64 years
8788,30575,0.6581428233800852,0.5714285714285714,0.3267887146833419,60 to 64 years
8789,36011,0.6295713948086566,0.2857142857142857,0.3026923814566039,60 to 64 years
8790,35805,0.6581428233800852,0.5714285714285714,0.3140421863510162,60 to 64 years
8791,36143,0.6295713948086566,0.2857142857142857,0.8660182022541332,60 to 64 years
8792,34838,0.700999966237228,1.0,0.3756270424939727,60 to 64 years
8793,37948,0.6581428233800852,0.5714285714285714,0.6281655807265457,60 to 64 years
8794,30142,-0.31644684821132907,0.14285714285714285,0.7520921317118561,60 to 64 years
8795,39575,0.6581428233800852,0.5714285714285714,0.28847403657961973,60 to 64 years
8796,31024,0.6581428233800852,0.5714285714285714,0.3658802953037173,60 to 64 years
8797,35634,0.6581428233800852,0.5714285714285714,0.30357957512478173,60 to 64 years
8798,31382,0.6867142519515138,0.8571428571428571,0.14132515305263366,60 to 64 years
8799,35857,0.6867142519515138,0.8571428571428571,0.28601821700330593,60 to 64 years
8800,32290,0.6295713948086566,0.2857142857142857,0.3322410279079062,60 to 64 years
8801,38449,0.6581428233800852,0.5714285714285714,0.34733676317071416,60 to 64 years
8802,37097,0.6867142519515138,0.8571428571428571,0.37817345207333075,60 to 64 years
8803,39951,0.700999966237228,1.0,0.25970471609684237,60 to 64 years
8804,35916,0.6295713948086566,0.2857142857142857,0.4172361677410641,60 to 64 years
8805,37639,0.0,0.14285714285714285,0.4327045828845239,60 to 64 years
8806,34195,-0.03134489049339551,0.14285714285714285,0.8732619781204106,60 to 64 years
8807,32937,-0.08550195794928232,0.14285714285714285,0.8087905841871552,60 to 64 years
8808,33750,0.6295713948086566,0.2857142857142857,0.25942629734047634,60 to 64 years
8809,39525,0.6295713948086566,0.2857142857142857,0.10869274613049623,60 to 64 years
8810,36157,0.6724285376657995,0.7142857142857142,0.3618240139746974,60 to 64 years
8811,30790,0.6295713948086566,0.2857142857142857,0.7818711030958212,60 to 64 years
8812,37045,0.6581428233800852,0.5714285714285714,0.08675633028077095,60 to 64 years
8813,39727,0.6438571090943709,0.42857142857142855,0.30200943257857105,60 to 64 years
8814,32716,0.6867142519515138,0.8571428571428571,0.16183057125165906,60 to 64 years
8815,33075,0.6295713948086566,0.2857142857142857,0.2931804122419426,60 to 64 years
8816,38983,0.6295713948086566,0.2857142857142857,0.6446641137825283,60 to 64 years
8817,38098,0.6295713948086566,0.2857142857142857,0.457196154684252,60 to 64 years
8818,39514,0.6295713948086566,0.2857142857142857,0.037615212839807066,60 to 64 years
8819,39761,0.6581428233800852,0.5714285714285714,0.6819088543556704,60 to 64 years
8820,30141,0.6295713948086566,0.2857142857142857,0.8723968532348823,60 to 64 years
8821,36194,0.6295713948086566,0.2857142857142857,0.30918140552571827,60 to 64 years
8822,34430,0.6867142519515138,0.8571428571428571,0.5147133804618454,60 to 64 years
8823,39898,0.6724285376657995,0.7142857142857142,0.20941674532123133,60 to 64 years
8824,38787,-0.24314953846861515,0.14285714285714285,0.7751766616600434,60 to 64 years
8825,33385,0.6581428233800852,0.5714285714285714,0.16973550856424396,60 to 64 years
8826,30710,0.6295713948086566,0.2857142857142857,0.10178970917906244,60 to 64 years
8827,31066,-0.3032463073028275,0.14285714285714285,0.26592024734714426,60 to 64 years
8828,32184,0.6295713948086566,0.2857142857142857,0.9169776289975362,60 to 64 years
8829,37255,0.6724285376657995,0.7142857142857142,0.19196787668630189,60 to 64 years
8830,37662,0.6581428233800852,0.5714285714285714,0.094163275578523,60 to 64 years
8831,33056,0.6581428233800852,0.5714285714285714,0.3183239339381307,60 to 64 years
8832,35226,0.700999966237228,1.0,0.7424902637884288,60 to 64 years
8833,36391,-0.041542225862753725,0.14285714285714285,0.6521484195915647,60 to 64 years
8834,37505,0.6867142519515138,0.8571428571428571,0.42294877125910774,60 to 64 years
8835,34458,0.6295713948086566,0.2857142857142857,0.8076853163772153,60 to 64 years
8836,30886,0.6295713948086566,0.2857142857142857,0.7442608861623875,60 to 64 years
8837,35967,0.6438571090943709,0.42857142857142855,0.9266489395168419,60 to 64 years
8838,31701,-0.22816349839956135,0.14285714285714285,0.84773066342179,60 to 64 years
8839,31212,0.6581428233800852,0.5714285714285714,0.6496436509260707,60 to 64 years
8840,32092,0.700999966237228,1.0,0.225621721104191,60 to 64 years
8841,31932,0.6867142519515138,0.8571428571428571,0.13723772024605785,60 to 64 years
8842,32643,0.6295713948086566,0.2857142857142857,0.8630272600342305,60 to 64 years
8843,35133,0.6581428233800852,0.5714285714285714,0.5196224722747338,60 to 64 years
8844,39014,0.6295713948086566,0.2857142857142857,0.502568106948587,60 to 64 years
8845,32882,0.6867142519515138,0.8571428571428571,0.7716680154155982,60 to 64 years
8846,36791,0.6867142519515138,0.8571428571428571,0.34577689752067237,60 to 64 years
8847,37622,0.6724285376657995,0.7142857142857142,0.6663285793130802,60 to 64 years
8848,32903,0.6581428233800852,0.5714285714285714,0.36486502214042704,60 to 64 years
8849,36576,0.700999966237228,1.0,0.198531792503799,60 to 64 years
8850,36121,0.6867142519515138,0.8571428571428571,0.5886536144169254,60 to 64 years
8851,32932,0.6581428233800852,0.5714285714285714,0.7582856271614811,60 to 64 years
8852,36955,0.6295713948086566,0.2857142857142857,0.429741109161406,60 to 64 years
8853,35356,0.6581428233800852,0.5714285714285714,0.4987566269906383,60 to 64 years
8854,31295,0.6295713948086566,0.2857142857142857,0.1595593526976904,60 to 64 years
8855,34983,0.6295713948086566,0.2857142857142857,0.5021830568697939,60 to 64 years
8856,39569,0.6295713948086566,0.2857142857142857,0.5648116581626107,60 to 64 years
8857,39028,0.6867142519515138,0.8571428571428571,0.532104390337727,60 to 64 years
8858,33055,0.6295713948086566,0.2857142857142857,0.3040545295298744,60 to 64 years
8859,39453,-0.06720202634263124,0.14285714285714285,0.5219109675106527,60 to 64 years
8860,35270,0.6581428233800852,0.5714285714285714,0.1649933686054192,60 to 64 years
8861,32540,0.6724285376657995,0.7142857142857142,0.7400731323487412,60 to 64 years
8862,30106,0.6581428233800852,0.5714285714285714,0.4523326575168204,60 to 64 years
8863,33341,0.700999966237228,1.0,0.22910897526382373,60 to 64 years
8864,30829,0.6581428233800852,0.5714285714285714,0.8408569464628648,60 to 64 years
8865,32443,-0.17268697235895322,0.14285714285714285,0.990315285246671,60 to 64 years
8866,30146,0.6581428233800852,0.5714285714285714,0.36535623116989624,60 to 64 years
8867,31179,0.6867142519515138,0.8571428571428571,0.653566019046165,60 to 64 years
8868,37491,0.700999966237228,1.0,0.9920017711751791,60 to 64 years
8869,39946,0.6581428233800852,0.5714285714285714,0.8469088001148255,60 to 64 years
8870,31139,0.700999966237228,1.0,0.6218277150888385,60 to 64 years
8871,33089,0.6581428233800852,0.5714285714285714,0.979978336337775,60 to 64 years
8872,32658,0.6867142519515138,0.8571428571428571,0.5378301803356397,60 to 64 years
8873,31169,0.6438571090943709,0.42857142857142855,0.5156232366806541,60 to 64 years
8874,31243,0.6295713948086566,0.2857142857142857,0.5259732855873371,60 to 64 years
8875,31187,0.6581428233800852,0.5714285714285714,0.3144707558143269,60 to 64 years
8876,31328,-0.3666367651528317,0.14285714285714285,0.7197897068889297,60 to 64 years
8877,37004,0.6867142519515138,0.8571428571428571,0.35018553210536774,60 to 64 years
8878,37187,0.6581428233800852,0.5714285714285714,0.9171827697334141,60 to 64 years
8879,35186,0.6581428233800852,0.5714285714285714,0.1365499143400567,60 to 64 years
8880,32774,0.6581428233800852,0.5714285714285714,0.8812668757555618,60 to 64 years
8881,31148,0.6581428233800852,0.5714285714285714,0.8403006015899295,60 to 64 years
8882,35971,0.700999966237228,1.0,0.020233532012395528,60 to 64 years
8883,32122,0.6438571090943709,0.42857142857142855,0.9879840617815305,60 to 64 years
8884,35323,-0.10006466477842853,0.14285714285714285,0.6653654174918976,60 to 64 years
8885,37344,0.6438571090943709,0.42857142857142855,0.2255624161578464,60 to 64 years
8886,38249,0.6438571090943709,0.42857142857142855,0.6107129775919841,60 to 64 years
8887,38183,0.6295713948086566,0.2857142857142857,0.5717562182546556,60 to 64 years
8888,35487,0.700999966237228,1.0,0.180539315428132,60 to 64 years
8889,31347,0.700999966237228,1.0,0.34371513250935637,60 to 64 years
8890,36090,-0.0883984256681593,0.14285714285714285,0.977542243674121,60 to 64 years
8891,36112,0.6581428233800852,0.5714285714285714,0.07189620035606231,60 to 64 years
8892,33113,0.6867142519515138,0.8571428571428571,0.5482969648731396,60 to 64 years
8893,32584,0.6438571090943709,0.42857142857142855,0.6038156548040191,60 to 64 years
8894,30936,0.6867142519515138,0.8571428571428571,0.785954577083573,60 to 64 years
8895,34003,0.6295713948086566,0.2857142857142857,0.6798541815134416,60 to 64 years
8896,32891,0.700999966237228,1.0,0.448211282579084,60 to 64 years
8897,33893,0.6295713948086566,0.2857142857142857,0.7488554581600662,60 to 64 years
8898,30993,0.6295713948086566,0.2857142857142857,0.3672874365108999,60 to 64 years
8899,36657,0.700999966237228,1.0,0.7863481210389263,60 to 64 years
8900,31985,0.6581428233800852,0.5714285714285714,0.765194429827732,60 to 64 years
8901,35510,0.6351425434238108,0.5714285714285714,0.7844376381178974,65 to 69 years
8902,37007,0.6351425434238108,0.5714285714285714,0.535123362064831,65 to 69 years
8903,39127,0.6637139719952394,0.8571428571428571,0.17535645352086443,65 to 69 years
8904,32221,-0.0685774074461845,0.2857142857142857,0.46076638702592976,65 to 69 years
8905,35049,0.6208568291380965,0.42857142857142855,0.159879304274738,65 to 69 years
8906,36492,-0.2968251935952865,0.14285714285714285,0.7707494059791116,65 to 69 years
8907,32623,0.6065711148523822,0.2857142857142857,0.760391554214235,65 to 69 years
8908,33753,0.6208568291380965,0.42857142857142855,0.6323766244661086,65 to 69 years
8909,34783,0.6065711148523822,0.2857142857142857,0.42316441090992923,65 to 69 years
8910,35487,0.6779996862809536,1.0,0.180539315428132,65 to 69 years
8911,37189,-0.4514224655981602,0.2857142857142857,0.46845892243425524,65 to 69 years
8912,33107,0.6637139719952394,0.8571428571428571,0.9789440875250612,65 to 69 years
8913,36934,0.6779996862809536,1.0,0.8644268322589141,65 to 69 years
8914,38462,0.6065711148523822,0.2857142857142857,0.10529449953400111,65 to 69 years
8915,33060,0.6208568291380965,0.42857142857142855,0.40522825792895156,65 to 69 years
8916,30763,0.6637139719952394,0.8571428571428571,0.2545070657078947,65 to 69 years
8917,31573,0.6351425434238108,0.5714285714285714,0.25440859598895865,65 to 69 years
8918,38335,0.6779996862809536,1.0,0.22993681840539748,65 to 69 years
8919,33794,0.6208568291380965,0.42857142857142855,0.9237139730312887,65 to 69 years
8920,39984,0.6208568291380965,0.42857142857142855,0.6421668123140157,65 to 69 years
8921,31439,0.6208568291380965,0.42857142857142855,0.17248170158664616,65 to 69 years
8922,35485,0.6637139719952394,0.8571428571428571,0.9784799163290091,65 to 69 years
8923,36749,0.6208568291380965,0.42857142857142855,0.3996287265646974,65 to 69 years
8924,36247,0.6065711148523822,0.2857142857142857,0.11773043445695858,65 to 69 years
8925,35283,0.6208568291380965,0.42857142857142855,0.060351166134665624,65 to 69 years
8926,35945,0.6637139719952394,0.8571428571428571,0.23302917725163103,65 to 69 years
8927,37681,-0.0005529968253986375,0.14285714285714285,0.3908943351480897,65 to 69 years
8928,33227,0.6208568291380965,0.42857142857142855,0.6869561917848654,65 to 69 years
8929,36324,-0.033402861775119204,0.14285714285714285,0.17859650040100877,65 to 69 years
8930,37385,0.25282431998058735,0.2857142857142857,0.6850836083439866,65 to 69 years
8931,37502,-0.001772868823808468,0.14285714285714285,0.4610522649830043,65 to 69 years
8932,33644,0.0,0.5714285714285714,0.9890051135719691,65 to 69 years
8933,30009,0.6494282577095251,0.7142857142857142,0.10433367180074427,65 to 69 years
8934,32699,-0.3096851617990626,0.14285714285714285,0.4184983386497423,65 to 69 years
8935,32376,0.6351425434238108,0.5714285714285714,0.8397497301353043,65 to 69 years
8936,39764,0.6779996862809536,1.0,0.9046280280520593,65 to 69 years
8937,36949,0.6208568291380965,0.42857142857142855,0.2961821649467651,65 to 69 years
8938,37444,0.6065711148523822,0.2857142857142857,0.9948491870240009,65 to 69 years
8939,31121,0.6065711148523822,0.2857142857142857,0.9536163829202131,65 to 69 years
8940,39169,0.6208568291380965,0.42857142857142855,0.17372496739558108,65 to 69 years
8941,37729,0.6351425434238108,0.5714285714285714,0.2475319972883911,65 to 69 years
8942,39848,0.6351425434238108,0.5714285714285714,0.9664550345980536,65 to 69 years
8943,34580,-0.28713816700175077,0.14285714285714285,0.5225829644676645,65 to 69 years
8944,38441,0.6065711148523822,0.2857142857142857,0.12482751731377822,65 to 69 years
8945,36395,0.6351425434238108,0.5714285714285714,0.7289693256864422,65 to 69 years
8946,38549,0.6065711148523822,0.2857142857142857,0.6503465902392165,65 to 69 years
8947,39641,0.6351425434238108,0.5714285714285714,0.775729558812605,65 to 69 years
8948,30019,-0.20725108242539791,0.14285714285714285,0.9601382697999818,65 to 69 years
8949,30097,-0.05516301134954098,0.2857142857142857,0.6298853885069857,65 to 69 years
8950,34266,0.6351425434238108,0.5714285714285714,0.9348776289804563,65 to 69 years
8951,30769,-0.3939830463973717,0.14285714285714285,0.6229565119472501,65 to 69 years
8952,34068,0.6065711148523822,0.2857142857142857,0.4556663283172573,65 to 69 years
8953,30622,0.6065711148523822,0.2857142857142857,0.578482982329171,65 to 69 years
8954,39887,0.6494282577095251,0.7142857142857142,0.31515181167584216,65 to 69 years
8955,34781,0.6065711148523822,0.2857142857142857,0.17240349460859433,65 to 69 years
8956,33421,0.6637139719952394,0.8571428571428571,0.8121336691892841,65 to 69 years
8957,34827,0.6065711148523822,0.2857142857142857,0.8384145931969111,65 to 69 years
8958,30745,-0.4200585184798173,0.14285714285714285,0.7152510150484597,65 to 69 years
8959,35321,0.6779996862809536,1.0,0.3440459573648414,65 to 69 years
8960,34549,0.6351425434238108,0.5714285714285714,0.8524380913061742,65 to 69 years
8961,32692,0.6494282577095251,0.7142857142857142,0.18605656081884753,65 to 69 years
8962,30159,-0.07375133807647866,0.2857142857142857,0.21868729045020746,65 to 69 years
8963,31977,0.6637139719952394,0.8571428571428571,0.5508902137100661,65 to 69 years
8964,35068,0.6351425434238108,0.5714285714285714,0.6971757776779901,65 to 69 years
8965,39333,0.6208568291380965,0.42857142857142855,0.1832074207309199,65 to 69 years
8966,36363,0.6208568291380965,0.42857142857142855,0.517567007482635,65 to 69 years
8967,37003,0.6637139719952394,0.8571428571428571,0.6368574070765775,65 to 69 years
8968,30933,-0.2614735504542737,0.14285714285714285,0.7594924932647187,65 to 69 years
8969,34880,0.6351425434238108,0.5714285714285714,0.6388274236177346,65 to 69 years
8970,31900,0.6637139719952394,0.8571428571428571,0.5156744226486039,65 to 69 years
8971,30407,0.6494282577095251,0.7142857142857142,0.12722737896150177,65 to 69 years
8972,36623,0.6208568291380965,0.42857142857142855,0.29596678004023214,65 to 69 years
8973,38522,0.6494282577095251,0.7142857142857142,0.20717232158493537,65 to 69 years
8974,34815,-0.3254081175149855,0.14285714285714285,0.25630705034439877,65 to 69 years
8975,35670,0.6779996862809536,1.0,0.990513366014051,65 to 69 years
8976,30563,0.6351425434238108,0.5714285714285714,0.7272126250305349,65 to 69 years
8977,31475,0.6637139719952394,0.8571428571428571,0.0994278200509166,65 to 69 years
8978,39045,0.6351425434238108,0.5714285714285714,0.2904047172970557,65 to 69 years
8979,36641,0.6208568291380965,0.42857142857142855,0.0023479752515588315,65 to 69 years
8980,39994,-0.0687072841839371,0.2857142857142857,0.8179513483393637,65 to 69 years
8981,39881,-0.3160208273258145,0.2857142857142857,0.7557813499058674,65 to 69 years
8982,39012,0.6208568291380965,0.42857142857142855,0.5493393335188114,65 to 69 years
8983,33507,0.6208568291380965,0.42857142857142855,0.5552316081940664,65 to 69 years
8984,38718,-0.048174521889458886,0.14285714285714285,0.11773214151177647,65 to 69 years
8985,32001,-0.05757028571428691,0.14285714285714285,0.18793838293064802,65 to 69 years
8986,30426,0.6637139719952394,0.8571428571428571,0.23194119385635864,65 to 69 years
8987,30233,-0.34378784386673333,0.14285714285714285,0.8130953728917507,65 to 69 years
8988,33194,0.6065711148523822,0.2857142857142857,0.24920789900921003,65 to 69 years
8989,33568,0.6065711148523822,0.2857142857142857,0.35721327470565256,65 to 69 years
8990,34830,0.6208568291380965,0.42857142857142855,0.7419413327111752,65 to 69 years
8991,37173,0.6637139719952394,0.8571428571428571,0.03639300328005046,65 to 69 years
8992,30089,0.6637139719952394,0.8571428571428571,0.36020214412244067,65 to 69 years
8993,33647,0.6065711148523822,0.2857142857142857,0.9017106563255277,65 to 69 years
8994,31941,0.6637139719952394,0.8571428571428571,0.3298125379812813,65 to 69 years
8995,31858,0.6351425434238108,0.5714285714285714,0.5778125013646114,65 to 69 years
8996,35199,-0.2566861438731191,0.14285714285714285,0.15472133457599213,65 to 69 years
8997,31011,0.6637139719952394,0.8571428571428571,0.8643704023695152,65 to 69 years
8998,37410,-0.10666121555182075,0.14285714285714285,0.34510410089391325,65 to 69 years
8999,31109,0.6065711148523822,0.2857142857142857,0.22576877648807664,65 to 69 years
9000,33842,0.6208568291380965,0.42857142857142855,0.36585111769131934,65 to 69 years
9001,32103,0.6637139719952394,0.8571428571428571,0.4409407767109093,65 to 69 years
9002,33329,0.6208568291380965,0.42857142857142855,0.8463540639957503,65 to 69 years
9003,31855,-0.12184844471428663,0.14285714285714285,0.4421859242368708,65 to 69 years
9004,37524,0.6065711148523822,0.2857142857142857,0.354283878295259,65 to 69 years
9005,33338,0.6779996862809536,1.0,0.11066545829783164,65 to 69 years
9006,35763,0.6065711148523822,0.2857142857142857,0.5329770327375087,65 to 69 years
9007,36974,0.6065711148523822,0.2857142857142857,0.622832602956331,65 to 69 years
9008,31238,0.6351425434238108,0.5714285714285714,0.4822216160286025,65 to 69 years
9009,34329,0.0,0.2857142857142857,0.4026486221528424,65 to 69 years
9010,37378,0.6351425434238108,0.5714285714285714,0.9623026857197156,65 to 69 years
9011,39567,-0.42393801080260696,0.2857142857142857,0.47647174267481335,65 to 69 years
9012,32266,-0.015964040705214393,0.14285714285714285,0.5808153249168528,65 to 69 years
9013,32627,0.6637139719952394,0.8571428571428571,0.3068901300120228,65 to 69 years
9014,31976,0.6351425434238108,0.5714285714285714,0.2187424706847257,65 to 69 years
9015,36335,-0.2798040000301623,0.14285714285714285,0.22538566789204756,65 to 69 years
9016,36314,0.6637139719952394,0.8571428571428571,0.8209826452950566,65 to 69 years
9017,34598,0.6351425434238108,0.5714285714285714,0.1977159567574976,65 to 69 years
9018,33439,0.6494282577095251,0.7142857142857142,0.42554156258037446,65 to 69 years
9019,37980,0.6065711148523822,0.2857142857142857,0.019820044915741852,65 to 69 years
9020,34574,0.6351425434238108,0.5714285714285714,0.44653349005385934,65 to 69 years
9021,38540,0.6351425434238108,0.5714285714285714,0.9512014349587018,65 to 69 years
9022,31969,-0.004283603897761323,0.14285714285714285,0.8074281938131633,65 to 69 years
9023,35661,0.6065711148523822,0.2857142857142857,0.4319346829601575,65 to 69 years
9024,38707,0.6351425434238108,0.5714285714285714,0.6929779013950782,65 to 69 years
9025,30087,0.6065711148523822,0.2857142857142857,0.9223087848241829,65 to 69 years
9026,37677,0.6065711148523822,0.2857142857142857,0.9175511353544454,65 to 69 years
9027,34707,0.6351425434238108,0.5714285714285714,0.3645188391749459,65 to 69 years
9028,31904,0.6065711148523822,0.2857142857142857,0.10043446138439843,65 to 69 years
9029,38848,0.6208568291380965,0.42857142857142855,0.4998022965532457,65 to 69 years
9030,36655,0.6351425434238108,0.5714285714285714,0.30211213964277794,65 to 69 years
9031,32224,0.6779996862809536,1.0,0.948347085970818,65 to 69 years
9032,33705,0.6779996862809536,1.0,0.34345787606508194,65 to 69 years
9033,31493,0.6351425434238108,0.5714285714285714,0.6069336833904367,65 to 69 years
9034,36748,-0.10646285141299826,0.14285714285714285,0.4020912460348439,65 to 69 years
9035,34186,0.6065711148523822,0.2857142857142857,0.7907146148194726,65 to 69 years
9036,37365,0.2609300892113566,0.2857142857142857,0.24899610377327486,65 to 69 years
9037,36821,0.17266726869853607,0.2857142857142857,0.5309134214167741,65 to 69 years
9038,36182,0.23301021741648484,0.2857142857142857,0.12082382385064178,65 to 69 years
9039,36401,-0.35553584628792956,0.14285714285714285,0.3475202744567683,65 to 69 years
9040,39096,0.6065711148523822,0.2857142857142857,0.2711657403764303,65 to 69 years
9041,32230,-0.05082844519704648,0.14285714285714285,0.3093447610080299,65 to 69 years
9042,39712,-0.054632371169697644,0.2857142857142857,0.331343977838501,65 to 69 years
9043,34636,-0.5121971597084148,0.2857142857142857,0.8667096445407517,65 to 69 years
9044,36060,0.6779996862809536,1.0,0.729151039010922,65 to 69 years
9045,39189,-0.5516507468130352,0.14285714285714285,0.061610045533945224,65 to 69 years
9046,39729,0.6637139719952394,0.8571428571428571,0.4952667688743596,65 to 69 years
9047,37986,0.6351425434238108,0.5714285714285714,0.26302385333757283,65 to 69 years
9048,34015,0.6779996862809536,1.0,0.17727418331669043,65 to 69 years
9049,34042,0.6351425434238108,0.5714285714285714,0.8893042758502204,65 to 69 years
9050,36574,0.6637139719952394,0.8571428571428571,0.41248727337514124,65 to 69 years
9051,39756,0.6779996862809536,1.0,0.6941023312833873,65 to 69 years
9052,38322,-0.026128258503403116,0.14285714285714285,0.2913974841233994,65 to 69 years
9053,39129,0.6637139719952394,0.8571428571428571,0.8589077787358587,65 to 69 years
9054,30499,0.6637139719952394,0.8571428571428571,0.2662959013620825,65 to 69 years
9055,38486,-0.008702619047620822,0.14285714285714285,0.8714398715037004,65 to 69 years
9056,38122,-0.22909967568171355,0.14285714285714285,0.7380351824540087,65 to 69 years
9057,30641,-0.09111776391943165,0.14285714285714285,0.06405338763423346,65 to 69 years
9058,33068,0.6208568291380965,0.42857142857142855,0.2131126018187734,65 to 69 years
9059,38176,0.6065711148523822,0.2857142857142857,0.3616594423300815,65 to 69 years
9060,33553,0.6351425434238108,0.5714285714285714,0.8335642319135103,65 to 69 years
9061,36289,0.6208568291380965,0.42857142857142855,0.7867997810511373,65 to 69 years
9062,39670,0.6494282577095251,0.7142857142857142,0.15263331191568724,65 to 69 years
9063,34624,0.6065711148523822,0.2857142857142857,0.026786939846571878,65 to 69 years
9064,39032,0.6351425434238108,0.5714285714285714,0.32567357984793555,65 to 69 years
9065,34657,0.6351425434238108,0.5714285714285714,0.7710387019563709,65 to 69 years
9066,36328,0.6351425434238108,0.5714285714285714,0.8138481797929111,65 to 69 years
9067,32968,0.6208568291380965,0.42857142857142855,0.14302030198152077,65 to 69 years
9068,34146,0.6065711148523822,0.2857142857142857,0.8153523893093784,65 to 69 years
9069,36942,-0.11265128707949339,0.14285714285714285,0.5946614204019285,65 to 69 years
9070,30180,0.19158073023699765,0.2857142857142857,0.00783162360378109,65 to 69 years
9071,35621,0.6208568291380965,0.42857142857142855,0.8681801751714293,65 to 69 years
9072,35110,0.6779996862809536,1.0,0.032477968176895744,65 to 69 years
9073,37505,0.6637139719952394,0.8571428571428571,0.42294877125910774,65 to 69 years
9074,39557,-0.0656851535907545,0.2857142857142857,0.15418056142274456,65 to 69 years
9075,35585,0.6065711148523822,0.2857142857142857,0.44916014136302707,65 to 69 years
9076,37193,0.6208568291380965,0.42857142857142855,0.004672637836754978,65 to 69 years
9077,37269,0.6779996862809536,1.0,0.5132495508147326,65 to 69 years
9078,31323,0.6065711148523822,0.2857142857142857,0.3988839615099924,65 to 69 years
9079,35791,0.6351425434238108,0.5714285714285714,0.8679168299537093,65 to 69 years
9080,37613,0.6351425434238108,0.5714285714285714,0.16602157614025598,65 to 69 years
9081,38620,-0.5655240968057045,0.2857142857142857,0.4282992370627503,65 to 69 years
9082,30481,0.6637139719952394,0.8571428571428571,0.5443249052170083,65 to 69 years
9083,32110,0.6065711148523822,0.2857142857142857,0.19593898113679287,65 to 69 years
9084,32257,-0.3751944097518407,0.2857142857142857,0.7001082096044127,65 to 69 years
9085,35316,-0.10035073590369394,0.14285714285714285,0.4763267890848293,65 to 69 years
9086,34368,-0.06773259983398788,0.2857142857142857,0.9619364757660667,65 to 69 years
9087,34233,0.6065711148523822,0.2857142857142857,0.12931840818020846,65 to 69 years
9088,34304,0.6351425434238108,0.5714285714285714,0.024023781048162274,65 to 69 years
9089,37827,0.6494282577095251,0.7142857142857142,0.7373411929269685,65 to 69 years
9090,31954,0.6351425434238108,0.5714285714285714,0.6233191680778983,65 to 69 years
9091,31552,0.6065711148523822,0.2857142857142857,0.25866089853818286,65 to 69 years
9092,35362,0.0,0.2857142857142857,0.22087856138314516,65 to 69 years
9093,30103,-0.01149120779224718,0.14285714285714285,0.07016936561401149,65 to 69 years
9094,33152,0.6065711148523822,0.2857142857142857,0.016886942589461884,65 to 69 years
9095,31420,0.6351425434238108,0.5714285714285714,0.2912302097642132,65 to 69 years
9096,32779,0.6065711148523822,0.2857142857142857,0.30629052153125436,65 to 69 years
9097,38576,0.6208568291380965,0.42857142857142855,0.7306587294102717,65 to 69 years
9098,30670,0.6065711148523822,0.2857142857142857,0.15618930120327623,65 to 69 years
9099,39774,0.6208568291380965,0.42857142857142855,0.9667443531389439,65 to 69 years
9100,30658,0.6637139719952394,0.8571428571428571,0.19515563796099067,65 to 69 years
9101,34299,0.6351425434238108,0.5714285714285714,0.9199422244883071,65 to 69 years
9102,31262,0.6351425434238108,0.5714285714285714,0.15116458673158728,65 to 69 years
9103,32893,0.6779996862809536,1.0,0.37077847661948793,65 to 69 years
9104,31076,0.6208568291380965,0.42857142857142855,0.860624961333821,65 to 69 years
9105,33043,0.6208568291380965,0.42857142857142855,0.6925158959029819,65 to 69 years
9106,34262,0.6351425434238108,0.5714285714285714,0.6543463022754304,65 to 69 years
9107,30540,0.6637139719952394,0.8571428571428571,0.3061257424323747,65 to 69 years
9108,34312,0.6065711148523822,0.2857142857142857,0.5223398617109983,65 to 69 years
9109,33539,0.6065711148523822,0.2857142857142857,0.392436198853382,65 to 69 years
9110,37500,0.6351425434238108,0.5714285714285714,0.6033830823080616,65 to 69 years
9111,30248,0.6637139719952394,0.8571428571428571,0.09875789377997407,65 to 69 years
9112,36434,0.6351425434238108,0.5714285714285714,0.9215555333879666,65 to 69 years
9113,38453,0.6494282577095251,0.7142857142857142,0.16543381842725507,65 to 69 years
9114,39671,-0.07959106725551385,0.14285714285714285,0.8373475685313363,65 to 69 years
9115,30079,0.6351425434238108,0.5714285714285714,0.7766191055757704,65 to 69 years
9116,35845,0.6351425434238108,0.5714285714285714,0.7315496133265277,65 to 69 years
9117,32387,0.6779996862809536,1.0,0.5792036640662686,65 to 69 years
9118,33852,0.6351425434238108,0.5714285714285714,0.784910380184636,65 to 69 years
9119,33785,0.6351425434238108,0.5714285714285714,0.27294367761816823,65 to 69 years
9120,35662,0.6637139719952394,0.8571428571428571,0.9413724492553941,65 to 69 years
9121,36830,0.0,0.5714285714285714,0.7551796390983855,65 to 69 years
9122,35627,0.6637139719952394,0.8571428571428571,0.17872519583896074,65 to 69 years
9123,34706,0.6637139719952394,0.8571428571428571,0.2678838897068728,65 to 69 years
9124,34817,-0.31555090768290744,0.14285714285714285,0.2955881542294959,65 to 69 years
9125,31079,0.6208568291380965,0.42857142857142855,0.5842645475773316,65 to 69 years
9126,30796,0.6065711148523822,0.2857142857142857,0.5704441014308794,65 to 69 years
9127,34547,0.6065711148523822,0.2857142857142857,0.2415313507349967,65 to 69 years
9128,34566,0.6208568291380965,0.42857142857142855,0.8330978928952639,65 to 69 years
9129,34544,0.6065711148523822,0.2857142857142857,0.9826980166444148,65 to 69 years
9130,39523,-0.384471156776533,0.14285714285714285,0.43736178338697557,65 to 69 years
9131,30858,0.6351425434238108,0.5714285714285714,0.6921423735821992,65 to 69 years
9132,35616,0.6637139719952394,0.8571428571428571,0.6011187439871644,65 to 69 years
9133,32538,0.6637139719952394,0.8571428571428571,0.6871424415889866,65 to 69 years
9134,37360,-0.13127920081497868,0.14285714285714285,0.3425692911954581,65 to 69 years
9135,30566,0.6208568291380965,0.42857142857142855,0.3239215256170114,65 to 69 years
9136,33649,0.6065711148523822,0.2857142857142857,0.44704309757993604,65 to 69 years
9137,37769,0.6779996862809536,1.0,0.4776402752353551,65 to 69 years
9138,33855,0.0,0.2857142857142857,0.7788162601025692,65 to 69 years
9139,38951,0.6779996862809536,1.0,0.29524429526891166,65 to 69 years
9140,34561,0.6494282577095251,0.7142857142857142,0.4920574333852892,65 to 69 years
9141,37293,0.6351425434238108,0.5714285714285714,0.310247971577336,65 to 69 years
9142,32372,-0.15716343581296124,0.14285714285714285,0.22523054753035193,65 to 69 years
9143,30576,0.6779996862809536,1.0,0.25604611890154405,65 to 69 years
9144,31194,0.6208568291380965,0.42857142857142855,0.13425281940535305,65 to 69 years
9145,38678,-0.5136028681215967,0.14285714285714285,0.9430630830825375,65 to 69 years
9146,32411,0.6065711148523822,0.2857142857142857,0.46729626507903876,65 to 69 years
9147,37777,-0.0967414857142904,0.14285714285714285,0.31317394510702823,65 to 69 years
9148,30592,0.31226662767289504,0.2857142857142857,0.9632417321778921,65 to 69 years
9149,35752,0.6065711148523822,0.2857142857142857,0.03952690627654121,65 to 69 years
9150,33934,0.6065711148523822,0.2857142857142857,0.3449226082289505,65 to 69 years
9151,35466,0.6637139719952394,0.8571428571428571,0.11150350104560375,65 to 69 years
9152,33864,-0.5236154457913436,0.14285714285714285,0.08890863176158087,65 to 69 years
9153,37299,-0.10024824941368793,0.2857142857142857,0.5825331006853702,65 to 69 years
9154,39749,-0.06179020869067713,0.2857142857142857,0.4717017118338989,65 to 69 years
9155,38873,-0.05773194602279595,0.2857142857142857,0.43020297169927924,65 to 69 years
9156,33440,0.6351425434238108,0.5714285714285714,0.8055067181451594,65 to 69 years
9157,32317,0.6779996862809536,1.0,0.5689486732303767,65 to 69 years
9158,36285,0.6208568291380965,0.42857142857142855,0.6342469941641319,65 to 69 years
9159,39178,0.6779996862809536,1.0,0.5683840219948935,65 to 69 years
9160,39541,-0.053318104498579474,0.2857142857142857,0.1964387428627682,65 to 69 years
9161,31679,-0.15603751153430412,0.14285714285714285,0.8604756843554171,65 to 69 years
9162,39790,-0.07138674191437652,0.2857142857142857,0.10113362395517556,65 to 69 years
9163,35574,0.6779996862809536,1.0,0.35230542178856433,65 to 69 years
9164,34570,-0.3536056587673897,0.14285714285714285,0.1831897993259441,65 to 69 years
9165,36584,0.6351425434238108,0.5714285714285714,0.01858125144177991,65 to 69 years
9166,38703,0.6208568291380965,0.42857142857142855,0.38844006977926615,65 to 69 years
9167,30002,-0.43347992536041746,0.14285714285714285,0.8395250816596169,65 to 69 years
9168,35847,0.6637139719952394,0.8571428571428571,0.6796140055086243,65 to 69 years
9169,34406,-0.09203530329767445,0.14285714285714285,0.6287662999088859,65 to 69 years
9170,36490,-0.3009166501539873,0.14285714285714285,0.7536431559054935,65 to 69 years
9171,37011,0.6637139719952394,0.8571428571428571,0.5549310086324674,65 to 69 years
9172,35697,-0.029824003024152522,0.14285714285714285,0.06599364616794107,65 to 69 years
9173,31567,0.6637139719952394,0.8571428571428571,0.9211619000317841,65 to 69 years
9174,31334,-0.34119402302124685,0.14285714285714285,0.40553703920552453,65 to 69 years
9175,30854,-0.07370255949577506,0.14285714285714285,0.5134931592285288,65 to 69 years
9176,36863,0.6351425434238108,0.5714285714285714,0.9741027751960906,65 to 69 years
9177,34039,0.6208568291380965,0.42857142857142855,0.18997658115403698,65 to 69 years
9178,31655,0.6065711148523822,0.2857142857142857,0.9097993776691964,65 to 69 years
9179,32018,-0.41914013607875045,0.14285714285714285,0.786075565724569,65 to 69 years
9180,34951,-0.11601659390940443,0.14285714285714285,0.3541479188992521,65 to 69 years
9181,35869,0.6351425434238108,0.5714285714285714,0.6926051610431999,65 to 69 years
9182,30147,0.6351425434238108,0.5714285714285714,0.9146083961969631,65 to 69 years
9183,31416,0.6065711148523822,0.2857142857142857,0.830446498533624,65 to 69 years
9184,33683,0.6637139719952394,0.8571428571428571,0.04428778403757916,65 to 69 years
9185,39190,-0.5426185587402471,0.14285714285714285,0.2798917986013311,65 to 69 years
9186,32426,-0.5321722849673428,0.14285714285714285,0.5339981112157174,65 to 69 years
9187,38745,0.6494282577095251,0.7142857142857142,0.8316026076435381,65 to 69 years
9188,30624,-0.09169198445468645,0.14285714285714285,0.6990022046487901,65 to 69 years
9189,36005,0.14654867895494636,0.2857142857142857,0.6135703283225789,65 to 69 years
9190,36236,0.6351425434238108,0.5714285714285714,0.8372938918958115,65 to 69 years
9191,30673,0.6494282577095251,0.7142857142857142,0.9753258840674237,65 to 69 years
9192,34599,0.6208568291380965,0.42857142857142855,0.5994078469190876,65 to 69 years
9193,38264,0.6637139719952394,0.8571428571428571,0.16571465806576174,65 to 69 years
9194,34278,0.6065711148523822,0.2857142857142857,0.584633646212913,65 to 69 years
9195,31141,0.6351425434238108,0.5714285714285714,0.5015969082024568,65 to 69 years
9196,31437,-0.1443010565509645,0.14285714285714285,0.4932209528303042,65 to 69 years
9197,32088,0.6494282577095251,0.7142857142857142,0.7113700168592066,65 to 69 years
9198,36714,0.6351425434238108,0.5714285714285714,0.5701456902556207,65 to 69 years
9199,30092,0.6637139719952394,0.8571428571428571,0.8165803186855287,65 to 69 years
9200,32861,0.6779996862809536,1.0,0.9185395776142367,65 to 69 years
9201,36046,0.6208568291380965,0.42857142857142855,0.18611941212473354,65 to 69 years
9202,34052,0.6208568291380965,0.42857142857142855,0.5682363820070427,65 to 69 years
9203,36020,-0.47955295781527035,0.14285714285714285,0.3860053521510296,65 to 69 years
9204,32166,0.6351425434238108,0.5714285714285714,0.05007656668706428,65 to 69 years
9205,34665,0.6065711148523822,0.2857142857142857,0.1784142412810228,65 to 69 years
9206,33817,0.6637139719952394,0.8571428571428571,0.30219914490130495,65 to 69 years
9207,39837,-0.053495996573781894,0.2857142857142857,0.8024629169734216,65 to 69 years
9208,37752,-0.10901721904762386,0.14285714285714285,0.6563258756595264,65 to 69 years
9209,34787,-0.25099155036005005,0.14285714285714285,0.14180379195189197,65 to 69 years
9210,37150,-0.5137248742623836,0.14285714285714285,0.4386052758022393,65 to 69 years
9211,38155,0.6065711148523822,0.2857142857142857,0.21404056643154157,65 to 69 years
9212,36594,0.6065711148523822,0.2857142857142857,0.20668257159506104,65 to 69 years
9213,30063,-0.020776344380119133,0.14285714285714285,0.30431120054537114,65 to 69 years
9214,37041,0.6351425434238108,0.5714285714285714,0.28634152579919536,65 to 69 years
9215,31180,0.6065711148523822,0.2857142857142857,0.7545860771270521,65 to 69 years
9216,32856,0.6779996862809536,1.0,0.8466532058493998,65 to 69 years
9217,32250,0.6779996862809536,1.0,0.1549100877502642,65 to 69 years
9218,31574,0.6065711148523822,0.2857142857142857,0.325173737915336,65 to 69 years
9219,31173,0.6351425434238108,0.5714285714285714,0.5436891547210951,65 to 69 years
9220,37768,-0.018239553571815625,0.14285714285714285,0.19504701338725655,65 to 69 years
9221,37537,0.6779996862809536,1.0,0.6427603425574098,65 to 69 years
9222,38401,-0.07861028571430403,0.14285714285714285,0.15742763483435157,65 to 69 years
9223,34891,0.6065711148523822,0.2857142857142857,0.4550985463712496,65 to 69 years
9224,35800,0.6065711148523822,0.2857142857142857,0.6698675901055775,65 to 69 years
9225,32974,-0.0517860640783515,0.2857142857142857,0.738991073580065,65 to 69 years
9226,38397,0.6351425434238108,0.5714285714285714,0.9712563524907794,65 to 69 years
9227,35326,0.0,0.14285714285714285,0.6653770111331876,65 to 69 years
9228,37825,-0.3216452645661443,0.14285714285714285,0.423830439899631,65 to 69 years
9229,37287,-0.4762018294664726,0.14285714285714285,0.8388543760004934,65 to 69 years
9230,38955,0.6351425434238108,0.5714285714285714,0.6055874694310683,65 to 69 years
9231,32059,0.6208568291380965,0.42857142857142855,0.33524010085743383,65 to 69 years
9232,38778,0.6637139719952394,0.8571428571428571,0.09143386778983165,65 to 69 years
9233,36839,0.6351425434238108,0.5714285714285714,0.5841626226967135,65 to 69 years
9234,35695,0.6637139719952394,0.8571428571428571,0.6352771113710232,65 to 69 years
9235,32683,0.6065711148523822,0.2857142857142857,0.8217405763283543,65 to 69 years
9236,38095,0.6065711148523822,0.2857142857142857,0.801655730302776,65 to 69 years
9237,33963,0.6065711148523822,0.2857142857142857,0.4829598139044376,65 to 69 years
9238,35439,0.6637139719952394,0.8571428571428571,0.34541128604681204,65 to 69 years
9239,38116,0.6208568291380965,0.42857142857142855,0.7579180032809505,65 to 69 years
9240,33875,-0.5170911955609905,0.14285714285714285,0.1763873417278483,65 to 69 years
9241,37338,0.6351425434238108,0.5714285714285714,0.30032383906059135,65 to 69 years
9242,35955,-0.089856935704186,0.14285714285714285,0.534180214709298,65 to 69 years
9243,38110,0.6351425434238108,0.5714285714285714,0.7813778050232627,65 to 69 years
9244,34064,0.6494282577095251,0.7142857142857142,0.9307067728602016,65 to 69 years
9245,31024,0.6351425434238108,0.5714285714285714,0.3658802953037173,65 to 69 years
9246,33616,0.6351425434238108,0.5714285714285714,0.37871222845222563,65 to 69 years
9247,36268,0.6779996862809536,1.0,0.3339648209660021,65 to 69 years
9248,32190,0.6351425434238108,0.5714285714285714,0.6208912463116529,65 to 69 years
9249,31551,0.6637139719952394,0.8571428571428571,0.02984354708439574,65 to 69 years
9250,35050,0.6065711148523822,0.2857142857142857,0.8634330916405868,65 to 69 years
9251,31513,0.6637139719952394,0.8571428571428571,0.13361349604207734,65 to 69 years
9252,30430,0.6351425434238108,0.5714285714285714,0.47077484710698236,65 to 69 years
9253,37236,-0.3946157061746927,0.14285714285714285,0.7802717544481104,65 to 69 years
9254,33664,0.6065711148523822,0.2857142857142857,0.9214162591996218,65 to 69 years
9255,31828,0.6351425434238108,0.5714285714285714,0.38065155414607355,65 to 69 years
9256,31989,0.6637139719952394,0.8571428571428571,0.6593245557476393,65 to 69 years
9257,39026,0.6065711148523822,0.2857142857142857,0.5804383581053598,65 to 69 years
9258,33770,0.6351425434238108,0.5714285714285714,0.9329789799127011,65 to 69 years
9259,39408,0.6351425434238108,0.5714285714285714,0.8989041872513392,65 to 69 years
9260,39935,0.6351425434238108,0.5714285714285714,0.1697186027448923,65 to 69 years
9261,33033,-0.27198988867177637,0.14285714285714285,0.965946351471362,65 to 69 years
9262,30309,0.6779996862809536,1.0,0.747173732078956,65 to 69 years
9263,33385,0.6351425434238108,0.5714285714285714,0.16973550856424396,65 to 69 years
9264,30100,0.6208568291380965,0.42857142857142855,0.12002931603041778,65 to 69 years
9265,37910,0.6351425434238108,0.5714285714285714,0.6783131612022704,65 to 69 years
9266,38364,0.6065711148523822,0.2857142857142857,0.4897484216307158,65 to 69 years
9267,34293,0.0,0.2857142857142857,0.8262244817620839,65 to 69 years
9268,33241,0.6351425434238108,0.5714285714285714,0.3328936746044581,65 to 69 years
9269,35863,0.6494282577095251,0.7142857142857142,0.7207651962211489,65 to 69 years
9270,33103,0.6637139719952394,0.8571428571428571,0.7379295412079293,65 to 69 years
9271,33994,0.6208568291380965,0.42857142857142855,0.28383732408556156,65 to 69 years
9272,33756,0.6494282577095251,0.7142857142857142,0.755983820423017,65 to 69 years
9273,30748,0.6208568291380965,0.42857142857142855,0.8059844652806025,65 to 69 years
9274,36498,0.6351425434238108,0.5714285714285714,0.1901303868806939,65 to 69 years
9275,36633,0.6637139719952394,0.8571428571428571,0.8404233685141749,65 to 69 years
9276,36562,0.6351425434238108,0.5714285714285714,0.6061203113766535,65 to 69 years
9277,38577,0.6351425434238108,0.5714285714285714,0.056788547239635834,65 to 69 years
9278,39343,0.6779996862809536,1.0,0.5841626529541369,65 to 69 years
9279,36031,-0.043044458860838054,0.14285714285714285,0.3304364828126418,65 to 69 years
9280,32555,-0.15404047361552226,0.14285714285714285,0.20306717768547133,65 to 69 years
9281,33095,0.6637139719952394,0.8571428571428571,0.15445589451763286,65 to 69 years
9282,35960,0.28254547382674117,0.2857142857142857,0.1738440541483312,65 to 69 years
9283,39322,0.6208568291380965,0.42857142857142855,0.8348890851431359,65 to 69 years
9284,33261,-0.07254985499199587,0.14285714285714285,0.5325132715480617,65 to 69 years
9285,35949,0.28524739690366424,0.2857142857142857,0.05281471855044029,65 to 69 years
9286,34586,0.6208568291380965,0.42857142857142855,0.23077900798987688,65 to 69 years
9287,30521,0.6637139719952394,0.8571428571428571,0.8612769772321714,65 to 69 years
9288,38061,0.6065711148523822,0.2857142857142857,0.884701101331768,65 to 69 years
9289,33143,0.6351425434238108,0.5714285714285714,0.6172731892964838,65 to 69 years
9290,34271,0.6065711148523822,0.2857142857142857,0.6041943872900926,65 to 69 years
9291,38269,0.6065711148523822,0.2857142857142857,0.42321978473172406,65 to 69 years
9292,37547,0.6351425434238108,0.5714285714285714,0.6101118101392811,65 to 69 years
9293,37504,0.6351425434238108,0.5714285714285714,0.8300554876960344,65 to 69 years
9294,30511,-0.10094077690884296,0.2857142857142857,0.8424126702044641,65 to 69 years
9295,34286,0.5835691558432862,0.2857142857142857,0.7405377575078154,70 to 74 years
9296,33357,-0.040385819349343745,0.14285714285714285,0.7850357508668074,70 to 74 years
9297,38730,0.626426298700429,0.7142857142857142,0.39759302510584604,70 to 74 years
9298,39300,0.6407120129861433,0.8571428571428571,0.7778682827802821,70 to 74 years
9299,34693,0.6549977272718576,1.0,0.24532496907735618,70 to 74 years
9300,33822,-0.08763864023630716,0.2857142857142857,0.41221795694993346,70 to 74 years
9301,30565,0.6121405844147148,0.5714285714285714,0.8291023938368928,70 to 74 years
9302,35046,0.5978548701290004,0.42857142857142855,0.8693921514307124,70 to 74 years
9303,31828,0.6121405844147148,0.5714285714285714,0.38065155414607355,70 to 74 years
9304,30595,0.6121405844147148,0.5714285714285714,0.7133513552598143,70 to 74 years
9305,30250,-0.36536446498422837,0.14285714285714285,0.4478997184972923,70 to 74 years
9306,39785,-0.05489417625783875,0.2857142857142857,0.03860985507636083,70 to 74 years
9307,36587,0.5978548701290004,0.42857142857142855,0.6261368252402656,70 to 74 years
9308,36312,0.6121405844147148,0.5714285714285714,0.004449677579771216,70 to 74 years
9309,37459,-0.3197771679235394,0.2857142857142857,0.5773975289258515,70 to 74 years
9310,31749,0.0,0.5714285714285714,0.11065460565647367,70 to 74 years
9311,36990,0.6407120129861433,0.8571428571428571,0.5866441590147378,70 to 74 years
9312,33425,0.6121405844147148,0.5714285714285714,0.7579665211124911,70 to 74 years
9313,37633,0.6549977272718576,1.0,0.77269326058207,70 to 74 years
9314,32166,0.6121405844147148,0.5714285714285714,0.05007656668706428,70 to 74 years
9315,36223,0.6407120129861433,0.8571428571428571,0.32187725160184755,70 to 74 years
9316,31212,0.6121405844147148,0.5714285714285714,0.6496436509260707,70 to 74 years
9317,33314,0.6549977272718576,1.0,0.32090031287428794,70 to 74 years
9318,37118,0.6407120129861433,0.8571428571428571,0.6060451099365989,70 to 74 years
9319,32449,0.6549977272718576,1.0,0.5143565848691379,70 to 74 years
9320,35895,-0.09509766524613143,0.14285714285714285,0.6714633604876274,70 to 74 years
9321,31089,-0.22356884419757542,0.14285714285714285,0.8246411314389621,70 to 74 years
9322,39500,0.6407120129861433,0.8571428571428571,0.7698821198980467,70 to 74 years
9323,38197,0.5978548701290004,0.42857142857142855,0.5382762269858415,70 to 74 years
9324,31362,-0.01600340292024184,0.14285714285714285,0.5203218557680361,70 to 74 years
9325,34381,0.5978548701290004,0.42857142857142855,0.6896841486627878,70 to 74 years
9326,33212,0.6121405844147148,0.5714285714285714,0.2988718363014147,70 to 74 years
9327,30403,-0.06141395988120179,0.2857142857142857,0.3857052306317271,70 to 74 years
9328,37124,-0.3700577085183901,0.14285714285714285,0.3844319273600273,70 to 74 years
9329,34355,-0.09313968571429053,0.14285714285714285,0.44612184850414605,70 to 74 years
9330,32613,0.6121405844147148,0.5714285714285714,0.3961032338225352,70 to 74 years
9331,33247,0.6549977272718576,1.0,0.6899519507985972,70 to 74 years
9332,33508,0.6121405844147148,0.5714285714285714,0.37010008463538396,70 to 74 years
9333,39136,0.6549977272718576,1.0,0.31645875420597636,70 to 74 years
9334,33230,-0.08111485664681045,0.14285714285714285,0.5111455894170089,70 to 74 years
9335,37421,0.6121405844147148,0.5714285714285714,0.8042224567328577,70 to 74 years
9336,31107,0.6549977272718576,1.0,0.24632283536930671,70 to 74 years
9337,39165,0.6121405844147148,0.5714285714285714,0.5679453109528195,70 to 74 years
9338,30422,0.6407120129861433,0.8571428571428571,0.7136890226797528,70 to 74 years
9339,39224,0.6121405844147148,0.5714285714285714,0.8520447909545885,70 to 74 years
9340,36554,0.6121405844147148,0.5714285714285714,0.6279072161626511,70 to 74 years
9341,38824,0.6121405844147148,0.5714285714285714,0.18031175007839118,70 to 74 years
9342,31294,0.6407120129861433,0.8571428571428571,0.04785055905450469,70 to 74 years
9343,37162,0.6407120129861433,0.8571428571428571,0.9623767772333514,70 to 74 years
9344,31746,0.6549977272718576,1.0,0.5233880153529065,70 to 74 years
9345,30187,0.6407120129861433,0.8571428571428571,0.8922096600328427,70 to 74 years
9346,30802,0.6121405844147148,0.5714285714285714,0.8351006009479451,70 to 74 years
9347,31590,0.6121405844147148,0.5714285714285714,0.26666613686846513,70 to 74 years
9348,30510,-0.4666530981610899,0.14285714285714285,0.4410847981895093,70 to 74 years
9349,32596,0.25349428953312575,0.2857142857142857,0.530011990219666,70 to 74 years
9350,35231,0.626426298700429,0.7142857142857142,0.9458509836224085,70 to 74 years
9351,36686,0.6121405844147148,0.5714285714285714,0.5592668785513141,70 to 74 years
9352,30634,0.6549977272718576,1.0,0.6056655041651465,70 to 74 years
9353,30081,-0.05726479227161246,0.2857142857142857,0.8510163026088857,70 to 74 years
9354,33496,-0.28710656286883185,0.14285714285714285,0.2596297053483393,70 to 74 years
9355,33107,0.6407120129861433,0.8571428571428571,0.9789440875250612,70 to 74 years
9356,30790,0.5835691558432862,0.2857142857142857,0.7818711030958212,70 to 74 years
9357,33453,-0.284434483770757,0.14285714285714285,0.8426589281299934,70 to 74 years
9358,36626,-0.06951227539508387,0.2857142857142857,0.22320908929772681,70 to 74 years
9359,31295,0.5835691558432862,0.2857142857142857,0.1595593526976904,70 to 74 years
9360,31676,0.6121405844147148,0.5714285714285714,0.8804634135900942,70 to 74 years
9361,31767,0.626426298700429,0.7142857142857142,0.12692670329644773,70 to 74 years
9362,33323,0.6121405844147148,0.5714285714285714,0.15772572647123656,70 to 74 years
9363,34871,-0.08637849530577846,0.14285714285714285,0.39755390386038447,70 to 74 years
9364,37519,0.6121405844147148,0.5714285714285714,0.8577544223604434,70 to 74 years
9365,39978,0.626426298700429,0.7142857142857142,0.6669093565389652,70 to 74 years
9366,30728,0.6121405844147148,0.5714285714285714,0.3237839785935889,70 to 74 years
9367,38463,0.16183118792884768,0.2857142857142857,0.7280780377616495,70 to 74 years
9368,35696,-0.03244555668988721,0.14285714285714285,0.2545912703298093,70 to 74 years
9369,36799,-0.07451511963708828,0.2857142857142857,0.30139192557164995,70 to 74 years
9370,33294,0.6121405844147148,0.5714285714285714,0.9756380660152626,70 to 74 years
9371,39558,0.6121405844147148,0.5714285714285714,0.2679947015625993,70 to 74 years
9372,35888,0.6121405844147148,0.5714285714285714,0.34879277164780753,70 to 74 years
9373,36738,0.6407120129861433,0.8571428571428571,0.1428423901959771,70 to 74 years
9374,35645,0.6121405844147148,0.5714285714285714,0.33999810613977044,70 to 74 years
9375,32748,-0.08968128490532833,0.2857142857142857,0.8702408618496461,70 to 74 years
9376,30552,-0.10377464738687914,0.2857142857142857,0.10613566497651539,70 to 74 years
9377,35819,-0.09537905804338016,0.2857142857142857,0.5912251395446974,70 to 74 years
9378,33565,-0.0680422682609621,0.14285714285714285,0.6917372171980769,70 to 74 years
9379,34169,-0.33901042750961596,0.14285714285714285,0.7706609940939206,70 to 74 years
9380,39370,0.5978548701290004,0.42857142857142855,0.1602288748619361,70 to 74 years
9381,38837,0.6407120129861433,0.8571428571428571,0.6825114361754684,70 to 74 years
9382,33161,0.5835691558432862,0.2857142857142857,0.0947104231100514,70 to 74 years
9383,31516,0.0,0.8571428571428571,0.8690535075988982,70 to 74 years
9384,38205,0.6407120129861433,0.8571428571428571,0.07830070673839301,70 to 74 years
9385,36532,0.6407120129861433,0.8571428571428571,0.29102700099868395,70 to 74 years
9386,31504,-0.15534555920879264,0.14285714285714285,0.8005261227137801,70 to 74 years
9387,37722,0.5835691558432862,0.2857142857142857,0.09599291992473191,70 to 74 years
9388,39827,-0.1031855154995648,0.14285714285714285,0.0007340921839656955,70 to 74 years
9389,31652,0.6121405844147148,0.5714285714285714,0.7793177130430452,70 to 74 years
9390,37694,0.6121405844147148,0.5714285714285714,0.7344042154908322,70 to 74 years
9391,38802,0.6407120129861433,0.8571428571428571,0.3909343156887295,70 to 74 years
9392,35448,-0.33016669889945527,0.14285714285714285,0.05133959126978743,70 to 74 years
9393,31008,0.5835691558432862,0.2857142857142857,0.7284920021904269,70 to 74 years
9394,34228,0.5978548701290004,0.42857142857142855,0.5220647722134241,70 to 74 years
9395,31421,0.5978548701290004,0.42857142857142855,0.2286564106303458,70 to 74 years
9396,33364,0.5978548701290004,0.42857142857142855,0.5915852809270402,70 to 74 years
9397,34056,-0.07535934035448877,0.14285714285714285,0.7414231252449104,70 to 74 years
9398,34183,0.16784188311601342,0.2857142857142857,0.4975706231831493,70 to 74 years
9399,39576,0.626426298700429,0.7142857142857142,0.4831495179883038,70 to 74 years
9400,33897,-0.11026894041339826,0.2857142857142857,0.6397038896766132,70 to 74 years
9401,39946,0.6121405844147148,0.5714285714285714,0.8469088001148255,70 to 74 years
9402,35900,0.5978548701290004,0.42857142857142855,0.3985923080430813,70 to 74 years
9403,30733,-0.10828845965394764,0.2857142857142857,0.563453693414633,70 to 74 years
9404,30233,-0.34378784386673333,0.14285714285714285,0.8130953728917507,70 to 74 years
9405,32950,-0.326410046604208,0.2857142857142857,0.607258972056055,70 to 74 years
9406,30721,0.6407120129861433,0.8571428571428571,0.2631572895446051,70 to 74 years
9407,32403,-0.06452369085801855,0.2857142857142857,0.04696882206749159,70 to 74 years
9408,39833,0.6121405844147148,0.5714285714285714,0.023877556136727263,70 to 74 years
9409,39223,-0.08637396263848006,0.14285714285714285,0.61840047150732,70 to 74 years
9410,36655,0.6121405844147148,0.5714285714285714,0.30211213964277794,70 to 74 years
9411,31116,-0.6051260995774436,0.14285714285714285,0.12716687700484253,70 to 74 years
9412,38239,0.6407120129861433,0.8571428571428571,0.5907683254998582,70 to 74 years
9413,32777,0.6121405844147148,0.5714285714285714,0.37276653378375,70 to 74 years
9414,38354,0.6121405844147148,0.5714285714285714,0.35192689925509557,70 to 74 years
9415,30260,0.6407120129861433,0.8571428571428571,0.7409384845787872,70 to 74 years
9416,33286,0.6549977272718576,1.0,0.11319449895792771,70 to 74 years
9417,35547,0.6407120129861433,0.8571428571428571,0.6599874119658781,70 to 74 years
9418,30922,-0.28312330063127256,0.14285714285714285,0.3760520727120938,70 to 74 years
9419,36985,0.6121405844147148,0.5714285714285714,0.1555912465946081,70 to 74 years
9420,37540,0.6121405844147148,0.5714285714285714,0.04771439974441599,70 to 74 years
9421,34484,0.6549977272718576,1.0,0.7550775421306977,70 to 74 years
9422,36536,0.6407120129861433,0.8571428571428571,0.30426881694370667,70 to 74 years
9423,33827,0.6121405844147148,0.5714285714285714,0.3283201839188884,70 to 74 years
9424,34931,0.5835691558432862,0.2857142857142857,0.5142298136129124,70 to 74 years
9425,34443,-0.02208461021428585,0.14285714285714285,0.40728455222242865,70 to 74 years
9426,38954,-0.09940519347632125,0.2857142857142857,0.8549950931806899,70 to 74 years
9427,33299,0.6121405844147148,0.5714285714285714,0.9796714378464015,70 to 74 years
9428,36198,0.0,0.14285714285714285,0.41245755250932725,70 to 74 years
9429,32975,0.5978548701290004,0.42857142857142855,0.9885528108268911,70 to 74 years
9430,37033,-0.06600264775012914,0.2857142857142857,0.6246595079312968,70 to 74 years
9431,38721,0.6121405844147148,0.5714285714285714,0.9442867706815593,70 to 74 years
9432,33605,-0.08563148376910928,0.2857142857142857,0.4450741845787402,70 to 74 years
9433,31997,0.6121405844147148,0.5714285714285714,0.1475679323314028,70 to 74 years
9434,38615,-0.00322906320370738,0.14285714285714285,0.3576603471785,70 to 74 years
9435,37663,0.6407120129861433,0.8571428571428571,0.2834539327972451,70 to 74 years
9436,33105,-0.08556289850914778,0.14285714285714285,0.11837756006151828,70 to 74 years
9437,39122,0.5978548701290004,0.42857142857142855,0.39256433900251797,70 to 74 years
9438,35991,-0.33040978852342084,0.14285714285714285,0.5373169199916261,70 to 74 years
9439,33670,-0.10462324772280364,0.2857142857142857,0.9235725550674005,70 to 74 years
9440,35425,0.6407120129861433,0.8571428571428571,0.09284147000822823,70 to 74 years
9441,30521,0.6407120129861433,0.8571428571428571,0.8612769772321714,70 to 74 years
9442,32670,-0.339273823603562,0.2857142857142857,0.4183630630290545,70 to 74 years
9443,39179,0.0,1.0,0.5856786639834064,70 to 74 years
9444,33092,0.6121405844147148,0.5714285714285714,0.9136447038767153,70 to 74 years
9445,37784,0.6549977272718576,1.0,0.661702097417193,70 to 74 years
9446,34765,0.6121405844147148,0.5714285714285714,0.6918410097680687,70 to 74 years
9447,34694,0.5835691558432862,0.2857142857142857,0.6584216590998346,70 to 74 years
9448,35339,0.6121405844147148,0.5714285714285714,0.4855476701135604,70 to 74 years
9449,35955,-0.089856935704186,0.14285714285714285,0.534180214709298,70 to 74 years
9450,37597,0.6407120129861433,0.8571428571428571,0.7468348941905691,70 to 74 years
9451,34551,0.6121405844147148,0.5714285714285714,0.3253030976080924,70 to 74 years
9452,35667,-0.09374499221067376,0.2857142857142857,0.8473064215010959,70 to 74 years
9453,38042,0.6407120129861433,0.8571428571428571,0.9856261629705377,70 to 74 years
9454,37299,-0.10024824941368793,0.2857142857142857,0.5825331006853702,70 to 74 years
9455,31541,0.6121405844147148,0.5714285714285714,0.6383263096119559,70 to 74 years
9456,39612,0.6549977272718576,1.0,0.7452739269639574,70 to 74 years
9457,30458,0.6121405844147148,0.5714285714285714,0.5157416075724711,70 to 74 years
9458,38509,-0.06896354609444078,0.2857142857142857,0.7424005204634131,70 to 74 years
9459,36163,0.6407120129861433,0.8571428571428571,0.6312850622528735,70 to 74 years
9460,30215,-0.3126582806825816,0.14285714285714285,0.27054950475564316,70 to 74 years
9461,38145,-0.09551458102614516,0.14285714285714285,0.7550867146661793,70 to 74 years
9462,35325,-0.2780464932766683,0.14285714285714285,0.13098049332284678,70 to 74 years
9463,39207,0.6121405844147148,0.5714285714285714,0.32392641575543557,70 to 74 years
9464,37944,0.6121405844147148,0.5714285714285714,0.725010713042509,70 to 74 years
9465,35116,0.6121405844147148,0.5714285714285714,0.3364601957269581,70 to 74 years
9466,34309,0.5835691558432862,0.2857142857142857,0.4255776237766248,70 to 74 years
9467,34802,0.5835691558432862,0.2857142857142857,0.03542654891078312,70 to 74 years
9468,34233,0.27302904889141455,0.2857142857142857,0.12931840818020846,70 to 74 years
9469,34250,0.27002370129783165,0.2857142857142857,0.21363962806108394,70 to 74 years
9470,34527,-0.06524784169364845,0.2857142857142857,0.8186137592846124,70 to 74 years
9471,33810,0.5978548701290004,0.42857142857142855,0.9336265325146065,70 to 74 years
9472,36093,0.6549977272718576,1.0,0.4520047025415398,70 to 74 years
9473,34703,0.6407120129861433,0.8571428571428571,0.6166610331562111,70 to 74 years
9474,32961,0.5978548701290004,0.42857142857142855,0.5147868956539942,70 to 74 years
9475,37937,0.6121405844147148,0.5714285714285714,0.6987097192462417,70 to 74 years
9476,37797,0.6121405844147148,0.5714285714285714,0.4084268864821859,70 to 74 years
9477,36653,0.6407120129861433,0.8571428571428571,0.6669824500683089,70 to 74 years
9478,35251,0.5978548701290004,0.42857142857142855,0.6938668025145245,70 to 74 years
9479,37388,-0.08971352228307079,0.2857142857142857,0.6910306483502106,70 to 74 years
9480,36395,0.6121405844147148,0.5714285714285714,0.7289693256864422,70 to 74 years
9481,39530,0.6121405844147148,0.5714285714285714,0.669717662720571,70 to 74 years
9482,33121,0.6121405844147148,0.5714285714285714,0.3000352696528467,70 to 74 years
9483,34737,0.5978548701290004,0.42857142857142855,0.5889809959169101,70 to 74 years
9484,33962,0.2196841291053183,0.2857142857142857,0.07230958533822895,70 to 74 years
9485,33493,-0.10567060269822322,0.2857142857142857,0.42810755944603757,70 to 74 years
9486,30044,0.5978548701290004,0.42857142857142855,0.056115194810202995,70 to 74 years
9487,36547,-0.08857325302341644,0.2857142857142857,0.035615635448434935,70 to 74 years
9488,34727,0.6549977272718576,1.0,0.28765306853635514,70 to 74 years
9489,34857,-0.26330674093736856,0.14285714285714285,0.43169144471303933,70 to 74 years
9490,39818,0.6407120129861433,0.8571428571428571,0.3202971691323113,70 to 74 years
9491,39438,0.6121405844147148,0.5714285714285714,0.4293036359239086,70 to 74 years
9492,36634,0.6121405844147148,0.5714285714285714,0.512489044808132,70 to 74 years
9493,31971,0.5835691558432862,0.2857142857142857,0.24765840551307494,70 to 74 years
9494,33500,0.6407120129861433,0.8571428571428571,0.2879960955843548,70 to 74 years
9495,39587,-0.30276987411561496,0.14285714285714285,0.6609160481481013,70 to 74 years
9496,37527,0.6549977272718576,1.0,0.37985640285603195,70 to 74 years
9497,33203,0.6407120129861433,0.8571428571428571,0.6501103659893993,70 to 74 years
9498,33575,0.626426298700429,0.7142857142857142,0.3396552320919153,70 to 74 years
9499,39465,0.6121405844147148,0.5714285714285714,0.23256710408528475,70 to 74 years
9500,39703,-0.06635317336160396,0.2857142857142857,0.8709543153783654,70 to 74 years
9501,37751,-0.10365365904762382,0.14285714285714285,0.5213547684166778,70 to 74 years
9502,36083,-0.0903060906894282,0.2857142857142857,0.622114539363619,70 to 74 years
9503,36023,0.6121405844147148,0.5714285714285714,0.6862418010014703,70 to 74 years
9504,33536,0.6407120129861433,0.8571428571428571,0.6657329071310325,70 to 74 years
9505,39830,-0.10284741648060287,0.14285714285714285,0.2935547705356326,70 to 74 years
9506,31893,-0.34396412697924833,0.2857142857142857,0.8341928184828387,70 to 74 years
9507,39345,0.5835691558432862,0.2857142857142857,0.3966601443383919,70 to 74 years
9508,30226,0.6549977272718576,1.0,0.0785510313818022,70 to 74 years
9509,31666,0.6549977272718576,1.0,0.9052520300755458,70 to 74 years
9510,33640,-0.0834179988685208,0.2857142857142857,0.5985931642630655,70 to 74 years
9511,34274,0.6407120129861433,0.8571428571428571,0.7371975663384754,70 to 74 years
9512,39503,-0.05269086431428459,0.2857142857142857,0.430778576918297,70 to 74 years
9513,36789,-0.07564441889010563,0.2857142857142857,0.0476963557453674,70 to 74 years
9514,30768,0.5835691558432862,0.2857142857142857,0.8921653066380559,70 to 74 years
9515,30014,0.6121405844147148,0.5714285714285714,0.3218713236413401,70 to 74 years
9516,37323,0.5978548701290004,0.42857142857142855,0.8236398212163687,70 to 74 years
9517,31520,0.6407120129861433,0.8571428571428571,0.9156371725469652,70 to 74 years
9518,38549,-0.10971420694547614,0.2857142857142857,0.6503465902392165,70 to 74 years
9519,33113,0.6407120129861433,0.8571428571428571,0.5482969648731396,70 to 74 years
9520,33653,0.6407120129861433,0.8571428571428571,0.21792587905627775,70 to 74 years
9521,31406,0.5978548701290004,0.42857142857142855,0.6903265124485458,70 to 74 years
9522,36419,0.6549977272718576,1.0,0.7440354314702596,70 to 74 years
9523,32223,-0.06832300711133026,0.2857142857142857,0.1430429534881274,70 to 74 years
9524,32205,0.6549977272718576,1.0,0.783340568826711,70 to 74 years
9525,37518,-0.2305204702698652,0.14285714285714285,0.8364230498065821,70 to 74 years
9526,35403,0.5978548701290004,0.42857142857142855,0.45700040372098,70 to 74 years
9527,35990,-0.09104875742218001,0.2857142857142857,0.4248898412679633,70 to 74 years
9528,34015,0.6549977272718576,1.0,0.17727418331669043,70 to 74 years
9529,30354,-0.09781717039071669,0.14285714285714285,0.6472116604236561,70 to 74 years
9530,37620,0.5835691558432862,0.2857142857142857,0.8814816335310462,70 to 74 years
9531,31975,0.5835691558432862,0.2857142857142857,0.8114039811613565,70 to 74 years
9532,37210,-0.24596374011607594,0.14285714285714285,0.33435676604254694,70 to 74 years
9533,38218,-0.35336097319537446,0.14285714285714285,0.9933950733969391,70 to 74 years
9534,34667,0.6121405844147148,0.5714285714285714,0.9969335138904631,70 to 74 years
9535,30653,0.5978548701290004,0.42857142857142855,0.29615181787010303,70 to 74 years
9536,32196,0.0,0.7142857142857142,0.4578995104693133,70 to 74 years
9537,38494,0.6121405844147148,0.5714285714285714,0.4469138978735382,70 to 74 years
9538,39906,0.6549977272718576,1.0,0.2705273899694409,70 to 74 years
9539,37634,0.5835691558432862,0.2857142857142857,0.5480786529189549,70 to 74 years
9540,37893,-0.006431541149455387,0.14285714285714285,0.8889972001203437,70 to 74 years
9541,34158,0.5978548701290004,0.42857142857142855,0.05586192632624809,70 to 74 years
9542,36979,0.6121405844147148,0.5714285714285714,0.2498875424058027,70 to 74 years
9543,39276,0.6407120129861433,0.8571428571428571,0.6573755878759888,70 to 74 years
9544,37638,-0.028626540259741776,0.14285714285714285,0.3625674038252377,70 to 74 years
9545,34135,0.6407120129861433,0.8571428571428571,0.2096153188025478,70 to 74 years
9546,31237,-0.3904683147239964,0.14285714285714285,0.46632305273712926,70 to 74 years
9547,30825,0.6121405844147148,0.5714285714285714,0.6028020203454297,70 to 74 years
9548,32460,0.6549977272718576,1.0,0.9186599784444479,70 to 74 years
9549,34349,0.6121405844147148,0.5714285714285714,0.0478110385708132,70 to 74 years
9550,36229,0.6121405844147148,0.5714285714285714,0.5931888902832378,70 to 74 years
9551,34896,0.626426298700429,0.7142857142857142,0.2842229774701823,70 to 74 years
9552,36543,0.5978548701290004,0.42857142857142855,0.27840684505030117,70 to 74 years
9553,38035,0.5835691558432862,0.2857142857142857,0.7065644477128966,70 to 74 years
9554,33921,0.5978548701290004,0.42857142857142855,0.5357295520012986,70 to 74 years
9555,34078,0.25950498472029154,0.2857142857142857,0.8814591682379314,70 to 74 years
9556,30793,0.5835691558432862,0.2857142857142857,0.8235073907678041,70 to 74 years
9557,39654,0.6121405844147148,0.5714285714285714,0.2978424323984311,70 to 74 years
9558,35262,-0.11062313689027915,0.2857142857142857,0.6965098779056711,70 to 74 years
9559,38217,0.6121405844147148,0.5714285714285714,0.6489371360383159,70 to 74 years
9560,35571,0.6407120129861433,0.8571428571428571,0.7184918209584662,70 to 74 years
9561,30362,0.6549977272718576,1.0,0.7669213141711946,70 to 74 years
9562,31980,0.0,0.5714285714285714,0.7281179305429705,70 to 74 years
9563,32090,0.6121405844147148,0.5714285714285714,0.2061918013861182,70 to 74 years
9564,39609,-0.39845289394014616,0.2857142857142857,0.9381254898851594,70 to 74 years
9565,37223,-0.07192068290982893,0.2857142857142857,0.44490975920015374,70 to 74 years
9566,31230,0.6407120129861433,0.8571428571428571,0.7359993779856526,70 to 74 years
9567,31184,0.6407120129861433,0.8571428571428571,0.971049303345203,70 to 74 years
9568,31151,0.5978548701290004,0.42857142857142855,0.13973156417089233,70 to 74 years
9569,36199,-0.08918725312664737,0.2857142857142857,0.7370106073465913,70 to 74 years
9570,33317,-0.06907067546207207,0.2857142857142857,0.7056937870989433,70 to 74 years
9571,30527,-0.09290138357975074,0.14285714285714285,0.6747850249552918,70 to 74 years
9572,30544,0.6407120129861433,0.8571428571428571,0.5420745821087128,70 to 74 years
9573,33115,0.626426298700429,0.7142857142857142,0.760226403657467,70 to 74 years
9574,38654,0.6407120129861433,0.8571428571428571,0.647864832225513,70 to 74 years
9575,39129,0.6407120129861433,0.8571428571428571,0.8589077787358587,70 to 74 years
9576,35552,0.6407120129861433,0.8571428571428571,0.6037559748364794,70 to 74 years
9577,35114,0.5978548701290004,0.42857142857142855,0.8198584800202366,70 to 74 years
9578,32271,0.5978548701290004,0.42857142857142855,0.4199035747130216,70 to 74 years
9579,33343,-0.040958980396597934,0.14285714285714285,0.9511794632460517,70 to 74 years
9580,37847,-0.6027968800924371,0.14285714285714285,0.10556186520776928,70 to 74 years
9581,32773,0.6121405844147148,0.5714285714285714,0.5449150213083148,70 to 74 years
9582,31369,0.6407120129861433,0.8571428571428571,0.9995091392792966,70 to 74 years
9583,38453,0.626426298700429,0.7142857142857142,0.16543381842725507,70 to 74 years
9584,35338,0.6121405844147148,0.5714285714285714,0.47178659972532455,70 to 74 years
9585,31551,0.6407120129861433,0.8571428571428571,0.02984354708439574,70 to 74 years
9586,34887,0.5835691558432862,0.2857142857142857,0.1616700294174639,70 to 74 years
9587,34340,-0.33215541176181734,0.14285714285714285,0.6742662571545746,70 to 74 years
9588,34993,0.6121405844147148,0.5714285714285714,0.6039124814968436,70 to 74 years
9589,35666,-0.09394774356999122,0.2857142857142857,0.7882286522458951,70 to 74 years
9590,37878,0.5835691558432862,0.2857142857142857,0.716550190218788,70 to 74 years
9591,35443,0.6121405844147148,0.5714285714285714,0.10412618991537181,70 to 74 years
9592,30483,-0.0869011152991046,0.2857142857142857,0.664761531855286,70 to 74 years
9593,33901,-0.45992542877802683,0.14285714285714285,0.34938982678104535,70 to 74 years
9594,38286,0.6121405844147148,0.5714285714285714,0.14783694634643585,70 to 74 years
9595,39440,-0.4390029796418729,0.14285714285714285,0.05970096481592574,70 to 74 years
9596,39244,-0.15562169374060453,0.14285714285714285,0.07031882386851296,70 to 74 years
9597,33955,0.6407120129861433,0.8571428571428571,0.5450707337240127,70 to 74 years
9598,33184,0.5835691558432862,0.2857142857142857,0.40018562251109857,70 to 74 years
9599,38840,0.5978548701290004,0.42857142857142855,0.6672925970093408,70 to 74 years
9600,35759,-0.0831140669529418,0.2857142857142857,0.7954106275864805,70 to 74 years
9601,39927,0.6121405844147148,0.5714285714285714,0.39625419814162,70 to 74 years
9602,38886,-0.3535945997265904,0.14285714285714285,0.7359763816032509,70 to 74 years
9603,32840,-0.08951783480785268,0.2857142857142857,0.41241880757768534,70 to 74 years
9604,38638,-0.3117374753037068,0.2857142857142857,0.5204433203881564,70 to 74 years
9605,34764,0.5835691558432862,0.2857142857142857,0.7074494427978205,70 to 74 years
9606,38159,0.5835691558432862,0.2857142857142857,0.24663091732512443,70 to 74 years
9607,31450,0.6121405844147148,0.5714285714285714,0.5210705679684414,70 to 74 years
9608,33888,0.6407120129861433,0.8571428571428571,0.8296924518096319,70 to 74 years
9609,35914,0.6121405844147148,0.5714285714285714,0.2324979782963255,70 to 74 years
9610,35387,-0.04069452100840636,0.14285714285714285,0.8620201786036563,70 to 74 years
9611,33677,-0.10309787359159502,0.2857142857142857,0.7204220004233876,70 to 74 years
9612,35444,0.6121405844147148,0.5714285714285714,0.39538095929574657,70 to 74 years
9613,38548,-0.10794419145748908,0.2857142857142857,0.23641062585746125,70 to 74 years
9614,31433,0.6407120129861433,0.8571428571428571,0.6339576491645741,70 to 74 years
9615,37829,0.6407120129861433,0.8571428571428571,0.5494680883338401,70 to 74 years
9616,31188,0.5835691558432862,0.2857142857142857,0.765373885453298,70 to 74 years
9617,39120,-0.09475016616079798,0.2857142857142857,0.36011598239124787,70 to 74 years
9618,38677,0.6407120129861433,0.8571428571428571,0.6688300015678018,70 to 74 years
9619,30393,-0.06122824586150221,0.2857142857142857,0.4416689103469035,70 to 74 years
9620,31249,0.6407120129861433,0.8571428571428571,0.3270617603601922,70 to 74 years
9621,38272,0.6549977272718576,1.0,0.04750270294726677,70 to 74 years
9622,39423,-0.48979962507192615,0.14285714285714285,0.05389611920791637,70 to 74 years
9623,36062,0.6121405844147148,0.5714285714285714,0.46449449190521364,70 to 74 years
9624,32016,0.6121405844147148,0.5714285714285714,0.5290214108218143,70 to 74 years
9625,31867,0.5835691558432862,0.2857142857142857,0.0019375952234014227,70 to 74 years
9626,36331,-0.09078273166395888,0.2857142857142857,0.6295713708658524,70 to 74 years
9627,34037,0.6121405844147148,0.5714285714285714,0.8842010444378715,70 to 74 years
9628,31819,0.5835691558432862,0.2857142857142857,0.99452535272779,70 to 74 years
9629,30498,-0.09655332007946638,0.2857142857142857,0.7491324682372564,70 to 74 years
9630,39944,0.6407120129861433,0.8571428571428571,0.29307201333871,70 to 74 years
9631,32022,0.5835691558432862,0.2857142857142857,0.11532557882369382,70 to 74 years
9632,31478,0.6121405844147148,0.5714285714285714,0.18072566843005844,70 to 74 years
9633,32801,-0.08936474440341179,0.2857142857142857,0.48484582115743763,70 to 74 years
9634,32822,0.6121405844147148,0.5714285714285714,0.2765913149103205,70 to 74 years
9635,36019,0.0,0.2857142857142857,0.2742176815784885,70 to 74 years
9636,39967,0.6549977272718576,1.0,0.3903985037431909,70 to 74 years
9637,38052,0.5835691558432862,0.2857142857142857,0.19027000234263514,70 to 74 years
9638,34986,0.6549977272718576,1.0,0.40835339917239144,70 to 74 years
9639,32131,0.5978548701290004,0.42857142857142855,0.366546346976396,70 to 74 years
9640,35111,0.6549977272718576,1.0,0.9944381946900158,70 to 74 years
9641,31162,0.5835691558432862,0.2857142857142857,0.16190956994964334,70 to 74 years
9642,34030,0.6121405844147148,0.5714285714285714,0.5956682024090053,70 to 74 years
9643,34080,-0.3791992955382718,0.14285714285714285,0.611029747585472,70 to 74 years
9644,31557,0.5835691558432862,0.2857142857142857,0.2510849109644741,70 to 74 years
9645,32126,0.6121405844147148,0.5714285714285714,0.08572150710094145,70 to 74 years
9646,30607,0.6121405844147148,0.5714285714285714,0.10139903084088242,70 to 74 years
9647,34354,0.5835691558432862,0.2857142857142857,0.11025079609577132,70 to 74 years
9648,34865,0.5835691558432862,0.2857142857142857,0.5825266887258914,70 to 74 years
9649,33385,0.6121405844147148,0.5714285714285714,0.16973550856424396,70 to 74 years
9650,36838,0.6549977272718576,1.0,0.6018074866869657,70 to 74 years
9651,31979,0.5978548701290004,0.42857142857142855,0.34772547977387874,70 to 74 years
9652,37283,0.626426298700429,0.7142857142857142,0.12160769129919657,70 to 74 years
9653,37186,0.6549977272718576,1.0,0.4268862524602175,70 to 74 years
9654,32643,-0.3087129887722614,0.2857142857142857,0.8630272600342305,70 to 74 years
9655,32159,0.5978548701290004,0.42857142857142855,0.2293540309254754,70 to 74 years
9656,38626,0.5978548701290004,0.42857142857142855,0.26556700319107285,70 to 74 years
9657,38521,0.6407120129861433,0.8571428571428571,0.27961576738206756,70 to 74 years
9658,36515,0.6121405844147148,0.5714285714285714,0.9473395070869358,70 to 74 years
9659,31144,0.5835691558432862,0.2857142857142857,0.9186409882768125,70 to 74 years
9660,35595,0.6407120129861433,0.8571428571428571,0.8366117239853113,70 to 74 years
9661,32352,0.6177010693573766,0.8571428571428571,0.6168830756754873,75 to 79 years
9662,30997,-0.3615435332564507,0.2857142857142857,0.7064453397755102,75 to 79 years
9663,30330,-0.09366522227139118,0.14285714285714285,0.3898891367216939,75 to 79 years
9664,36846,-0.35660759904353695,0.2857142857142857,0.6864860452288206,75 to 79 years
9665,34849,-0.4063782121472688,0.14285714285714285,0.5403071920126383,75 to 79 years
9666,39753,-0.31815487126927994,0.14285714285714285,0.1252971462653672,75 to 79 years
9667,31410,-0.007396626717096046,0.14285714285714285,0.26030736138007554,75 to 79 years
9668,37880,-0.1049734683026776,0.2857142857142857,0.4412709139218972,75 to 79 years
9669,34594,-0.05499215087391623,0.2857142857142857,0.6188495379928624,75 to 79 years
9670,38702,0.6319867836430908,1.0,0.5194336577825283,75 to 79 years
9671,35130,0.6319867836430908,1.0,0.5113772588841881,75 to 79 years
9672,33935,0.5748439265002336,0.42857142857142855,0.8159092969581836,75 to 79 years
9673,31565,0.6177010693573766,0.8571428571428571,0.6717149931444135,75 to 79 years
9674,37474,-0.4160968061806759,0.14285714285714285,0.13790398997147463,75 to 79 years
9675,38789,-0.05806756614833013,0.2857142857142857,0.5091719980801769,75 to 79 years
9676,30042,-0.17161860651428676,0.14285714285714285,0.024198778605587945,75 to 79 years
9677,34756,0.589129640785948,0.5714285714285714,0.399885062126616,75 to 79 years
9678,38833,-0.05645976555627173,0.2857142857142857,0.783999810818555,75 to 79 years
9679,38784,-0.33546648575597576,0.14285714285714285,0.5904538331897299,75 to 79 years
9680,34667,0.589129640785948,0.5714285714285714,0.9969335138904631,75 to 79 years
9681,32629,-0.07670101212938399,0.2857142857142857,0.7320343379721692,75 to 79 years
9682,30780,0.6319867836430908,1.0,0.45473658305886244,75 to 79 years
9683,39123,-0.09454751924727753,0.2857142857142857,0.699742469223146,75 to 79 years
9684,37518,-0.2305204702698652,0.14285714285714285,0.8364230498065821,75 to 79 years
9685,39392,0.5748439265002336,0.42857142857142855,0.47028095826109495,75 to 79 years
9686,36560,-0.0824372876888817,0.2857142857142857,0.7067558197864425,75 to 79 years
9687,34964,-0.5031618558576039,0.2857142857142857,0.6169822395720287,75 to 79 years
9688,35098,-0.351878982447082,0.14285714285714285,0.4882564586317745,75 to 79 years
9689,34730,0.0,0.2857142857142857,0.2305330306120097,75 to 79 years
9690,35005,0.589129640785948,0.5714285714285714,0.9769744981068675,75 to 79 years
9691,31829,-0.10275848147873788,0.2857142857142857,0.4800275113461626,75 to 79 years
9692,31247,0.6319867836430908,1.0,0.08224341403552354,75 to 79 years
9693,38531,0.589129640785948,0.5714285714285714,0.6588100657466596,75 to 79 years
9694,34775,0.589129640785948,0.5714285714285714,0.5193301676432185,75 to 79 years
9695,33610,-0.0727493680661147,0.14285714285714285,0.8848901590640104,75 to 79 years
9696,30963,-0.10939299414032543,0.2857142857142857,0.4051554221102503,75 to 79 years
9697,30436,0.6319867836430908,1.0,0.9866853080207272,75 to 79 years
9698,32748,-0.08968128490532833,0.2857142857142857,0.8702408618496461,75 to 79 years
9699,31124,-0.5810597082133643,0.14285714285714285,0.2820413165699884,75 to 79 years
9700,38961,-0.4980943052595652,0.14285714285714285,0.1334237855083174,75 to 79 years
9701,35952,0.6319867836430908,1.0,0.6566710947678481,75 to 79 years
9702,39730,-0.4573230999378767,0.14285714285714285,0.7055463204517052,75 to 79 years
9703,32099,0.589129640785948,0.5714285714285714,0.48853352368765496,75 to 79 years
9704,31841,-0.10157282152164719,0.2857142857142857,0.46075439203239654,75 to 79 years
9705,38651,0.6177010693573766,0.8571428571428571,0.9840648791309086,75 to 79 years
9706,31854,0.6034153550716622,0.7142857142857142,0.9748045742723714,75 to 79 years
9707,35117,0.589129640785948,0.5714285714285714,0.9489578442118678,75 to 79 years
9708,36503,-0.0831915477118953,0.2857142857142857,0.2605540617605815,75 to 79 years
9709,30555,0.28332041552844683,0.42857142857142855,0.23850469570855037,75 to 79 years
9710,31123,-0.5809968308029948,0.2857142857142857,0.4488886543640476,75 to 79 years
9711,35061,-0.39586638968135407,0.14285714285714285,0.7884879991352287,75 to 79 years
9712,34709,-0.10769361213914307,0.14285714285714285,0.9052294072365445,75 to 79 years
9713,33055,-0.5864666060662802,0.2857142857142857,0.3040545295298744,75 to 79 years
9714,32025,0.589129640785948,0.5714285714285714,0.47549889730986383,75 to 79 years
9715,39831,-0.10251509833871843,0.14285714285714285,0.11178339004027715,75 to 79 years
9716,35507,-0.4280621252156817,0.14285714285714285,0.5127460354632216,75 to 79 years
9717,36423,0.6177010693573766,0.8571428571428571,0.27732094961609866,75 to 79 years
9718,32312,0.6177010693573766,0.8571428571428571,0.6848594177161045,75 to 79 years
9719,32427,0.6177010693573766,0.8571428571428571,0.6581944267347237,75 to 79 years
9720,33537,-0.10710481606258383,0.2857142857142857,0.5524725745791879,75 to 79 years
9721,39376,-0.13677816139907742,0.2857142857142857,0.7605617049578943,75 to 79 years
9722,33298,-0.6092952876908567,0.2857142857142857,0.6553548853066199,75 to 79 years
9723,32626,0.589129640785948,0.5714285714285714,0.035930762766476665,75 to 79 years
9724,34292,-0.11404163950961853,0.2857142857142857,0.8356681832103828,75 to 79 years
9725,30965,0.589129640785948,0.5714285714285714,0.7004441940588981,75 to 79 years
9726,32176,0.6319867836430908,1.0,0.5655022500123881,75 to 79 years
9727,36445,0.5748439265002336,0.42857142857142855,0.4116863037331674,75 to 79 years
9728,30074,0.589129640785948,0.5714285714285714,0.728130650007972,75 to 79 years
9729,39330,0.6177010693573766,0.8571428571428571,0.03826990475393177,75 to 79 years
9730,37436,-0.40080038789242606,0.14285714285714285,0.23756630063033812,75 to 79 years
9731,39777,-0.05581408931259906,0.2857142857142857,0.8741460770598031,75 to 79 years
9732,39592,-0.06481695748997712,0.2857142857142857,0.08380331673834329,75 to 79 years
9733,35400,0.6177010693573766,0.8571428571428571,0.9597674729058745,75 to 79 years
9734,35176,0.0,0.8571428571428571,0.41186169882415036,75 to 79 years
9735,31652,0.589129640785948,0.5714285714285714,0.7793177130430452,75 to 79 years
9736,32424,0.589129640785948,0.5714285714285714,0.592567467661888,75 to 79 years
9737,35686,0.6319867836430908,1.0,0.5403662258187166,75 to 79 years
9738,30331,-0.0692083707327045,0.2857142857142857,0.4929164405726813,75 to 79 years
9739,32282,-0.07241342038039121,0.2857142857142857,0.810226019282799,75 to 79 years
9740,38677,0.6177010693573766,0.8571428571428571,0.6688300015678018,75 to 79 years
9741,33036,0.5748439265002336,0.42857142857142855,0.6146288944830226,75 to 79 years
9742,38204,-0.12456802807171001,0.2857142857142857,0.6138296671992887,75 to 79 years
9743,39867,-0.08610421216360453,0.14285714285714285,0.3225422667236061,75 to 79 years
9744,30659,-0.4507035447492485,0.2857142857142857,0.06388539477069899,75 to 79 years
9745,38902,-0.056923651974540954,0.2857142857142857,0.34507808867238476,75 to 79 years
9746,38487,-0.2935519158518872,0.14285714285714285,0.5755985576281138,75 to 79 years
9747,38714,0.589129640785948,0.5714285714285714,0.9217848337966488,75 to 79 years
9748,38447,0.6319867836430908,1.0,0.35710282715432773,75 to 79 years
9749,31379,-0.026427036604452295,0.14285714285714285,0.6117622208986159,75 to 79 years
9750,38937,0.589129640785948,0.5714285714285714,0.633501619345671,75 to 79 years
9751,34555,-0.3433075577053192,0.2857142857142857,0.049685432274222174,75 to 79 years
9752,33090,-0.09501153555314196,0.14285714285714285,0.8379699125602764,75 to 79 years
9753,37560,-0.4893878917031958,0.14285714285714285,0.7298200792731929,75 to 79 years
9754,32310,0.6177010693573766,0.8571428571428571,0.6928628462745703,75 to 79 years
9755,30909,-0.4596600936073889,0.14285714285714285,0.5250620491096301,75 to 79 years
9756,38895,0.6319867836430908,1.0,0.001603995245854084,75 to 79 years
9757,34470,0.6034153550716622,0.7142857142857142,0.4134644056995611,75 to 79 years
9758,31654,0.6177010693573766,0.8571428571428571,0.7263326718676072,75 to 79 years
9759,36764,-0.07883650926270466,0.2857142857142857,0.5740331075062679,75 to 79 years
9760,30351,-0.06958382422948906,0.2857142857142857,0.1494321995439266,75 to 79 years
9761,34949,-0.4785419111192949,0.2857142857142857,0.8395278639348149,75 to 79 years
9762,35757,-0.08324986798790726,0.2857142857142857,0.9498936513568086,75 to 79 years
9763,30375,-0.3742489101325368,0.14285714285714285,0.3709446318244924,75 to 79 years
9764,32188,-0.08127354416675542,0.2857142857142857,0.41991940611065487,75 to 79 years
9765,31926,0.589129640785948,0.5714285714285714,0.02715838471181542,75 to 79 years
9766,36665,0.589129640785948,0.5714285714285714,0.8524253418370653,75 to 79 years
9767,31425,0.5748439265002336,0.42857142857142855,0.2530217038190126,75 to 79 years
9768,33761,-0.0660986133447715,0.2857142857142857,0.839252751702277,75 to 79 years
9769,33212,0.589129640785948,0.5714285714285714,0.2988718363014147,75 to 79 years
9770,35919,-0.0790305339726722,0.2857142857142857,0.034369587066083174,75 to 79 years
9771,30405,-0.5337069469582267,0.14285714285714285,0.11587248387993543,75 to 79 years
9772,39581,0.6319867836430908,1.0,0.20969260332410822,75 to 79 years
9773,32612,0.589129640785948,0.5714285714285714,0.5913079055760537,75 to 79 years
9774,32133,-0.4355125119475474,0.2857142857142857,0.8622492644450555,75 to 79 years
9775,38300,-0.1225918717793749,0.2857142857142857,0.30527909960858757,75 to 79 years
9776,35995,0.6177010693573766,0.8571428571428571,0.8140438369654288,75 to 79 years
9777,37054,-0.3024213904362602,0.2857142857142857,0.6687150110264846,75 to 79 years
9778,38095,-0.13950083390058707,0.2857142857142857,0.801655730302776,75 to 79 years
9779,34398,-0.11837400167242305,0.2857142857142857,0.0002558919572372975,75 to 79 years
9780,36438,-0.31337314741807143,0.14285714285714285,0.4375592333833421,75 to 79 years
9781,38338,0.589129640785948,0.5714285714285714,0.7322461014526123,75 to 79 years
9782,32797,0.5748439265002336,0.42857142857142855,0.8875389930483621,75 to 79 years
9783,35268,0.6319867836430908,1.0,0.9954581427516161,75 to 79 years
9784,38192,0.23222950643753776,0.42857142857142855,0.45557195630654707,75 to 79 years
9785,34632,-0.5372733892053816,0.2857142857142857,0.282280572122854,75 to 79 years
9786,31513,0.6177010693573766,0.8571428571428571,0.13361349604207734,75 to 79 years
9787,37798,-0.05792868571428718,0.14285714285714285,0.5075718646581281,75 to 79 years
9788,39362,-0.09504655052105677,0.2857142857142857,0.9580988803552345,75 to 79 years
9789,34646,-0.09411185289615308,0.14285714285714285,0.5420461489760524,75 to 79 years
9790,38246,0.589129640785948,0.5714285714285714,0.3418448952858667,75 to 79 years
9791,33167,0.6319867836430908,1.0,0.11057444500896729,75 to 79 years
9792,35565,0.589129640785948,0.5714285714285714,0.12365246175486361,75 to 79 years
9793,31907,-0.09617124892485644,0.2857142857142857,0.2676657069123284,75 to 79 years
9794,30844,0.5748439265002336,0.42857142857142855,0.09976022612290769,75 to 79 years
9795,34223,0.6319867836430908,1.0,0.7044916577751071,75 to 79 years
9796,35309,-0.18712972201820363,0.14285714285714285,0.8797831212610149,75 to 79 years
9797,32556,0.6319867836430908,1.0,0.21497653461435728,75 to 79 years
9798,32322,-0.06572346759116536,0.2857142857142857,0.6059170915553418,75 to 79 years
9799,33623,0.6319867836430908,1.0,0.9727986586669197,75 to 79 years
9800,37414,0.6319867836430908,1.0,0.6935249721099201,75 to 79 years
9801,31357,-0.36513260653950286,0.2857142857142857,0.5914572980258705,75 to 79 years
9802,38515,0.2181354625503904,0.42857142857142855,0.4756270590198635,75 to 79 years
9803,30243,-0.09211769717465072,0.14285714285714285,0.8576235469630926,75 to 79 years
9804,39348,-0.14096144185980977,0.2857142857142857,0.1761900750688855,75 to 79 years
9805,38679,0.6034153550716622,0.7142857142857142,0.3606300834943344,75 to 79 years
9806,37538,-0.1369655612436064,0.2857142857142857,0.25926805334107406,75 to 79 years
9807,36145,-0.09053277367911901,0.2857142857142857,0.5063601027846524,75 to 79 years
9808,39990,-0.0020547857142863626,0.14285714285714285,0.7031318494458146,75 to 79 years
9809,32705,0.589129640785948,0.5714285714285714,0.41990889333108494,75 to 79 years
9810,33980,0.5748439265002336,0.42857142857142855,0.005619559744232339,75 to 79 years
9811,37180,-0.46090028123290244,0.2857142857142857,0.024368766785042517,75 to 79 years
9812,39780,0.589129640785948,0.5714285714285714,0.37021403702288264,75 to 79 years
9813,36992,-0.2918311497477307,0.14285714285714285,0.24921874222845458,75 to 79 years
9814,39629,0.6177010693573766,0.8571428571428571,0.2902234736959538,75 to 79 years
9815,35915,-0.09652380412072402,0.14285714285714285,0.6554214474054213,75 to 79 years
9816,38134,0.589129640785948,0.5714285714285714,0.3492106658335814,75 to 79 years
9817,34834,0.6177010693573766,0.8571428571428571,0.3880078265260303,75 to 79 years
9818,37073,0.5748439265002336,0.42857142857142855,0.3236810635686276,75 to 79 years
9819,31889,-0.09639960337630425,0.2857142857142857,0.7317294191770635,75 to 79 years
9820,38104,-0.06793445414831199,0.14285714285714285,0.06078578425809028,75 to 79 years
9821,33143,0.589129640785948,0.5714285714285714,0.6172731892964838,75 to 79 years
9822,36120,0.6319867836430908,1.0,0.20111227655623531,75 to 79 years
9823,34253,0.589129640785948,0.5714285714285714,0.46211665843719507,75 to 79 years
9824,35317,0.589129640785948,0.5714285714285714,0.9791942982136426,75 to 79 years
9825,31520,0.6177010693573766,0.8571428571428571,0.9156371725469652,75 to 79 years
9826,36531,0.5748439265002336,0.42857142857142855,0.6832842744725263,75 to 79 years
9827,39411,0.6177010693573766,0.8571428571428571,0.7786284669050186,75 to 79 years
9828,34572,0.5748439265002336,0.42857142857142855,0.7719610521963908,75 to 79 years
9829,37759,-0.007606466837121693,0.14285714285714285,0.013697045137272656,75 to 79 years
9830,37080,0.6319867836430908,1.0,0.4184329649357321,75 to 79 years
9831,33247,0.6319867836430908,1.0,0.6899519507985972,75 to 79 years
9832,30192,0.5748439265002336,0.42857142857142855,0.6389750024572748,75 to 79 years
9833,38100,0.6319867836430908,1.0,0.5376297902270948,75 to 79 years
9834,39940,-0.0683381177986209,0.2857142857142857,0.8768260134276362,75 to 79 years
9835,34262,0.589129640785948,0.5714285714285714,0.6543463022754304,75 to 79 years
9836,37737,0.5748439265002336,0.42857142857142855,0.7323436261484798,75 to 79 years
9837,31577,0.5748439265002336,0.42857142857142855,0.4581069188695709,75 to 79 years
9838,31254,0.5748439265002336,0.42857142857142855,0.41441589880418894,75 to 79 years
9839,33317,-0.06907067546207207,0.2857142857142857,0.7056937870989433,75 to 79 years
9840,30154,-0.07821299590109104,0.2857142857142857,0.1282134221028678,75 to 79 years
9841,33808,0.5748439265002336,0.42857142857142855,0.42139491049697847,75 to 79 years
9842,31209,-0.5553633011338475,0.2857142857142857,0.33568342757459735,75 to 79 years
9843,31949,-0.09614818050031608,0.2857142857142857,0.2912691470649613,75 to 79 years
9844,31453,-0.3743318169594106,0.2857142857142857,0.627552043840621,75 to 79 years
9845,38323,-0.03713840136054594,0.14285714285714285,0.5067844408898814,75 to 79 years
9846,33388,-0.09041181369589266,0.2857142857142857,0.6597429888608151,75 to 79 years
9847,33243,-0.09536002241787968,0.2857142857142857,0.06654632725744125,75 to 79 years
9848,31825,-0.10310671148326876,0.2857142857142857,0.21694382128097978,75 to 79 years
9849,34629,0.5748439265002336,0.42857142857142855,0.5803308956204414,75 to 79 years
9850,36785,-0.3951814512984604,0.14285714285714285,0.8728660948996256,75 to 79 years
9851,30690,-0.314096322838389,0.2857142857142857,0.09743474584430595,75 to 79 years
9852,36819,0.589129640785948,0.5714285714285714,0.7563084247827421,75 to 79 years
9853,38861,0.6319867836430908,1.0,0.468374322192798,75 to 79 years
9854,35049,0.5748439265002336,0.42857142857142855,0.159879304274738,75 to 79 years
9855,39721,0.20139878543440293,0.42857142857142855,0.7524485036193087,75 to 79 years
9856,37222,0.6177010693573766,0.8571428571428571,0.5265097307904258,75 to 79 years
9857,36546,0.6319867836430908,1.0,0.2808480324787443,75 to 79 years
9858,33600,-0.08435077759615023,0.2857142857142857,0.27652370748513033,75 to 79 years
9859,35818,0.589129640785948,0.5714285714285714,0.3230696715465582,75 to 79 years
9860,33799,0.6034153550716622,0.7142857142857142,0.5150826384870174,75 to 79 years
9861,35186,0.589129640785948,0.5714285714285714,0.1365499143400567,75 to 79 years
9862,31773,-0.4164187881188051,0.14285714285714285,0.689099040295274,75 to 79 years
9863,39847,0.6319867836430908,1.0,0.05902599919716378,75 to 79 years
9864,37249,0.6177010693573766,0.8571428571428571,0.8763698691762374,75 to 79 years
9865,32324,0.6319867836430908,1.0,0.7275278548450889,75 to 79 years
9866,35353,-0.28421631650813656,0.14285714285714285,0.46626877510950654,75 to 79 years
9867,35872,-0.08503033045457202,0.14285714285714285,0.7795804826078376,75 to 79 years
9868,32414,0.589129640785948,0.5714285714285714,0.2351017013009436,75 to 79 years
9869,30610,-0.08666659797498702,0.2857142857142857,0.305080576618577,75 to 79 years
9870,30978,-0.37931176621301455,0.2857142857142857,0.008246297729236796,75 to 79 years
9871,35028,-0.339127752849571,0.2857142857142857,0.527660939072421,75 to 79 years
9872,39892,0.6177010693573766,0.8571428571428571,0.8514625868814303,75 to 79 years
9873,36506,0.5748439265002336,0.42857142857142855,0.36715726886003,75 to 79 years
9874,36278,0.6177010693573766,0.8571428571428571,0.25044833043149684,75 to 79 years
9875,39438,0.589129640785948,0.5714285714285714,0.4293036359239086,75 to 79 years
9876,39922,-0.06918626795939259,0.2857142857142857,0.12692312066982664,75 to 79 years
9877,31969,-0.004283603897761323,0.14285714285714285,0.8074281938131633,75 to 79 years
9878,34051,0.5748439265002336,0.42857142857142855,0.15338189495758414,75 to 79 years
9879,36417,-0.08858657072546122,0.2857142857142857,0.4794972959567633,75 to 79 years
9880,30164,0.6177010693573766,0.8571428571428571,0.5584085022468299,75 to 79 years
9881,30059,-0.05644939589813374,0.2857142857142857,0.08464320501495065,75 to 79 years
9882,34655,0.6177010693573766,0.8571428571428571,0.09292210035249143,75 to 79 years
9883,38931,0.6034153550716622,0.7142857142857142,0.5651176798135363,75 to 79 years
9884,34504,-0.293247274340966,0.14285714285714285,0.7124651344524451,75 to 79 years
9885,36792,-0.07415030871936677,0.2857142857142857,0.5026069401758584,75 to 79 years
9886,38910,0.6177010693573766,0.8571428571428571,0.44185469378378067,75 to 79 years
9887,31978,-0.35399309598317286,0.2857142857142857,0.7710667312633612,75 to 79 years
9888,33758,0.6319867836430908,1.0,0.5308668273288408,75 to 79 years
9889,33094,-0.0946714257241395,0.14285714285714285,0.5369694047247638,75 to 79 years
9890,32234,0.6177010693573766,0.8571428571428571,0.7040120634159657,75 to 79 years
9891,32889,0.5748439265002336,0.42857142857142855,0.6004664694428498,75 to 79 years
9892,33426,-0.24934633829169667,0.14285714285714285,0.5372737332868992,75 to 79 years
9893,33312,0.589129640785948,0.5714285714285714,0.35595842896367513,75 to 79 years
9894,38361,-0.11638470199327859,0.2857142857142857,0.4543586625026582,75 to 79 years
9895,30036,0.6034153550716622,0.7142857142857142,0.21304016875216542,75 to 79 years
9896,33482,0.589129640785948,0.5714285714285714,0.5240978273607059,75 to 79 years
9897,35330,0.5748439265002336,0.42857142857142855,0.6076540223066043,75 to 79 years
9898,31708,0.6319867836430908,1.0,0.24383895954629597,75 to 79 years
9899,35104,0.589129640785948,0.5714285714285714,0.7956469805220892,75 to 79 years
9900,36997,-0.33083755469411935,0.2857142857142857,0.38803675289708733,75 to 79 years
9901,36304,-0.08423023093237711,0.2857142857142857,0.9721757702551194,75 to 79 years
9902,32144,0.6319867836430908,1.0,0.4154254804609162,75 to 79 years
9903,36924,-0.11228829459936533,0.14285714285714285,0.8256804672327775,75 to 79 years
9904,34431,-0.0362557735274144,0.14285714285714285,0.07122686917960186,75 to 79 years
9905,34913,0.6177010693573766,0.8571428571428571,0.8657590600517225,75 to 79 years
9906,34232,-0.03076224098625254,0.14285714285714285,0.4972784781501162,75 to 79 years
9907,39387,-0.1263996919676312,0.14285714285714285,0.8171168339770645,75 to 79 years
9908,38885,-0.05724169709117198,0.2857142857142857,0.8646332404861421,75 to 79 years
9909,35203,-0.10744334293718873,0.2857142857142857,0.521091708564259,75 to 79 years
9910,34729,-0.4097544314763982,0.2857142857142857,0.4460052718872747,75 to 79 years
9911,35769,0.589129640785948,0.5714285714285714,0.4641087732619726,75 to 79 years
9912,35348,0.5748439265002336,0.42857142857142855,0.7077202137984436,75 to 79 years
9913,33735,0.589129640785948,0.5714285714285714,0.9699775843744496,75 to 79 years
9914,30415,0.589129640785948,0.5714285714285714,0.3938443309028927,75 to 79 years
9915,32542,0.589129640785948,0.5714285714285714,0.517226681191918,75 to 79 years
9916,35261,-0.05035869703295661,0.14285714285714285,0.3830742602511145,75 to 79 years
9917,30449,0.6177010693573766,0.8571428571428571,0.16072409978886248,75 to 79 years
9918,39074,0.6177010693573766,0.8571428571428571,0.412313418666891,75 to 79 years
9919,38394,-0.20660571550747428,0.14285714285714285,0.07038511474685982,75 to 79 years
9920,30262,-0.35708974581427305,0.14285714285714285,0.7767303339973086,75 to 79 years
9921,36224,0.6177010693573766,0.8571428571428571,0.2894187894523302,75 to 79 years
9922,34976,-0.13394029810892213,0.2857142857142857,0.38756739022635855,75 to 79 years
9923,30327,0.6034153550716622,0.7142857142857142,0.7750267115945167,75 to 79 years
9924,37482,-0.09361908245357044,0.2857142857142857,0.4080703608636925,75 to 79 years
9925,36613,-0.0730967780058456,0.14285714285714285,0.4634747412213561,75 to 79 years
9926,38391,0.6177010693573766,0.8571428571428571,0.8315053033286174,75 to 79 years
9927,32587,0.6319867836430908,1.0,0.6519237040672993,75 to 79 years
9928,35815,-0.10844438589575688,0.14285714285714285,0.5525789419686802,75 to 79 years
9929,38117,-0.09950767073275575,0.2857142857142857,0.7487946340501683,75 to 79 years
9930,30050,0.589129640785948,0.5714285714285714,0.9595819566701655,75 to 79 years
9931,30239,0.589129640785948,0.5714285714285714,0.39256334984171093,75 to 79 years
9932,31764,-0.09501660311621248,0.2857142857142857,0.2608840104383231,75 to 79 years
9933,35332,-0.26914093848555914,0.14285714285714285,0.6554175116832632,75 to 79 years
9934,38968,0.5748439265002336,0.42857142857142855,0.6779488303977642,75 to 79 years
9935,31413,-0.147782560540997,0.2857142857142857,0.21007013042777395,75 to 79 years
9936,37964,-0.05516240561263195,0.14285714285714285,0.607556630757662,75 to 79 years
9937,39271,-0.3709395657424689,0.2857142857142857,0.4068381888771172,75 to 79 years
9938,34724,-0.10648854613870386,0.14285714285714285,0.5500110374616632,75 to 79 years
9939,38397,0.589129640785948,0.5714285714285714,0.9712563524907794,75 to 79 years
9940,34852,-0.0961622721559587,0.2857142857142857,0.71244630828589,75 to 79 years
9941,35807,0.589129640785948,0.5714285714285714,0.9485394022453988,75 to 79 years
9942,32237,-0.4682060841283696,0.14285714285714285,0.5846762962815141,75 to 79 years
9943,37793,-0.15059056100442028,0.2857142857142857,0.7604697391541222,75 to 79 years
9944,32661,0.5748439265002336,0.42857142857142855,0.2438963632024006,75 to 79 years
9945,39080,-0.09641723457433046,0.2857142857142857,0.901894010596048,75 to 79 years
9946,30560,0.589129640785948,0.5714285714285714,0.2934893294809351,75 to 79 years
9947,33508,0.589129640785948,0.5714285714285714,0.37010008463538396,75 to 79 years
9948,36958,0.589129640785948,0.5714285714285714,0.22502510247658614,75 to 79 years
9949,30437,-0.33309039079862135,0.14285714285714285,0.7526267387460366,75 to 79 years
9950,32577,0.6177010693573766,0.8571428571428571,0.8622653153969503,75 to 79 years
9951,39743,-0.5259620668000117,0.14285714285714285,0.4313947799136023,75 to 79 years
9952,30979,-0.40003742767644956,0.14285714285714285,0.5225757943270091,75 to 79 years
9953,34736,-0.4026966204170499,0.2857142857142857,0.6044457425690809,75 to 79 years
9954,35890,0.589129640785948,0.5714285714285714,0.8027362344821602,75 to 79 years
9955,31558,-0.1284775091026767,0.14285714285714285,0.8079892167122744,75 to 79 years
9956,36189,0.6034153550716622,0.7142857142857142,0.3687331409544858,75 to 79 years
9957,34474,0.589129640785948,0.5714285714285714,0.16750696727870146,75 to 79 years
9958,32513,-0.10321678241787961,0.2857142857142857,0.7104241207252986,75 to 79 years
9959,36901,-0.3855035150401588,0.14285714285714285,0.3562570453477138,75 to 79 years
9960,38794,0.6177010693573766,0.8571428571428571,0.31058932146313556,75 to 79 years
9961,37325,0.5748439265002336,0.42857142857142855,0.07940536557934147,75 to 79 years
9962,37039,-0.06747836822039709,0.2857142857142857,0.9366708634950061,75 to 79 years
9963,33818,0.6177010693573766,0.8571428571428571,0.8222621035131705,75 to 79 years
9964,33813,0.5748439265002336,0.42857142857142855,0.5904809753139493,75 to 79 years
9965,31859,0.589129640785948,0.5714285714285714,0.22068702501557058,75 to 79 years
9966,32893,0.6319867836430908,1.0,0.37077847661948793,75 to 79 years
9967,30522,0.0,0.42857142857142855,0.6654193968459957,75 to 79 years
9968,38834,-0.23047038930863023,0.14285714285714285,0.7150555744093067,75 to 79 years
9969,38514,0.2190163402933371,0.42857142857142855,0.3751907486529788,75 to 79 years
9970,34035,-0.2953643885040577,0.14285714285714285,0.31518449624115774,75 to 79 years
9971,30948,-0.11162625628211044,0.2857142857142857,0.6975228814743226,75 to 79 years
9972,31610,0.589129640785948,0.5714285714285714,0.9632961808722684,75 to 79 years
9973,34784,-0.10012416171114112,0.2857142857142857,0.5266269358670952,75 to 79 years
9974,39285,-0.0998329554911732,0.2857142857142857,0.45076303681553614,75 to 79 years
9975,36413,0.589129640785948,0.5714285714285714,0.40165497196260247,75 to 79 years
9976,36640,0.589129640785948,0.5714285714285714,0.6195345104067137,75 to 79 years
9977,39099,-0.0986280859388342,0.2857142857142857,0.34769991938709655,75 to 79 years
9978,35399,0.6177010693573766,0.8571428571428571,0.5484978808840961,75 to 79 years
9979,33869,0.6034153550716622,0.7142857142857142,0.8265541798607946,75 to 79 years
9980,33859,0.589129640785948,0.5714285714285714,0.35889190495712964,75 to 79 years
9981,37033,-0.06600264775012914,0.2857142857142857,0.6246595079312968,75 to 79 years
9982,39199,-0.10296650439188466,0.2857142857142857,0.6444767510694657,75 to 79 years
9983,38366,0.589129640785948,0.5714285714285714,0.6537612186614427,75 to 79 years
9984,34764,-0.09762034581470981,0.2857142857142857,0.7074494427978205,75 to 79 years
9985,32041,0.6034153550716622,0.7142857142857142,0.30064866088958675,75 to 79 years
9986,30320,-0.0850310022108638,0.14285714285714285,0.6556756889485881,75 to 79 years
9987,34033,0.6319867836430908,1.0,0.22063191347537164,75 to 79 years
9988,37468,-0.4418245937030174,0.2857142857142857,0.8911914262077685,75 to 79 years
9989,37548,-0.1429136301665959,0.2857142857142857,0.6257998492146463,75 to 79 years
9990,39322,0.5748439265002336,0.42857142857142855,0.8348890851431359,75 to 79 years
9991,31478,0.589129640785948,0.5714285714285714,0.18072566843005844,75 to 79 years
9992,30083,0.6034153550716622,0.7142857142857142,0.474840360758719,75 to 79 years
9993,39995,0.6177010693573766,0.8571428571428571,0.3808436641452486,75 to 79 years
9994,39451,-0.09235548839516414,0.2857142857142857,0.9550271232060537,75 to 79 years
9995,37664,0.6034153550716622,0.7142857142857142,0.21552864167388192,75 to 79 years
9996,30650,0.6177010693573766,0.8571428571428571,0.6242539572579128,75 to 79 years
9997,34437,-0.4878977356233537,0.2857142857142857,0.4053526986381909,75 to 79 years
9998,31683,0.5748439265002336,0.42857142857142855,0.773201244107595,75 to 79 years
9999,39803,-0.33697804002103204,0.2857142857142857,0.34257246203160785,75 to 79 years
10000,31758,-0.07336358403361534,0.14285714285714285,0.08726687676082878,75 to 79 years
