,id,health_score,circumstance_score,effort_score,time_bin
0,6813,0.9255242857142855,0.4852428571428571,0.513413002152756,0 to 4 years
1,8096,0.9255242857142855,0.4852428571428571,0.513413002152756,0 to 4 years
2,4907,0.9255242857142855,0.4852428571428571,0.513413002152756,0 to 4 years
3,4761,0.9255242857142855,0.4852428571428571,0.513413002152756,0 to 4 years
4,9911,0.9255242857142855,0.4852428571428571,0.513413002152756,0 to 4 years
5,9509,0.9255242857142855,0.4852428571428571,0.513413002152756,0 to 4 years
6,2337,0.9255242857142855,0.4852428571428571,0.513413002152756,0 to 4 years
7,5997,0.9255242857142855,0.4852428571428571,0.513413002152756,0 to 4 years
8,4389,0.9255242857142855,0.4852428571428571,0.513413002152756,0 to 4 years
9,3241,0.9255242857142855,0.4852428571428571,0.513413002152756,0 to 4 years
10,7746,0.9255242857142855,0.4852428571428571,0.513413002152756,0 to 4 years
11,1045,0.9255242857142855,0.4852428571428571,0.513413002152756,0 to 4 years
12,2071,0.9255242857142855,0.4852428571428571,0.513413002152756,0 to 4 years
13,3086,0.9255242857142855,0.4852428571428571,0.513413002152756,0 to 4 years
14,6631,0.9255242857142855,0.4852428571428571,0.513413002152756,0 to 4 years
15,5180,0.9255242857142855,0.4852428571428571,0.513413002152756,0 to 4 years
16,2273,0.9255242857142855,0.4852428571428571,0.513413002152756,0 to 4 years
17,9521,0.9255242857142855,0.4852428571428571,0.513413002152756,0 to 4 years
18,2077,0.9255242857142855,0.4852428571428571,0.513413002152756,0 to 4 years
19,7698,0.9255242857142855,0.4852428571428571,0.513413002152756,0 to 4 years
20,9155,0.9255242857142855,0.4852428571428571,0.513413002152756,0 to 4 years
21,9862,0.9255242857142855,0.4852428571428571,0.513413002152756,0 to 4 years
22,3055,0.9255242857142855,0.4852428571428571,0.513413002152756,0 to 4 years
23,4290,0.9255242857142855,0.4852428571428571,0.513413002152756,0 to 4 years
24,2231,0.9255242857142855,0.4852428571428571,0.513413002152756,0 to 4 years
25,9431,0.9255242857142855,0.4852428571428571,0.513413002152756,0 to 4 years
26,9947,0.9255242857142855,0.4852428571428571,0.513413002152756,0 to 4 years
27,2919,0.9255242857142855,0.4852428571428571,0.513413002152756,0 to 4 years
28,3059,0.9255242857142855,0.4852428571428571,0.513413002152756,0 to 4 years
29,9326,0.9255242857142855,0.4852428571428571,0.513413002152756,0 to 4 years
30,6463,0.9255242857142855,0.4852428571428571,0.513413002152756,0 to 4 years
31,4184,0.9255242857142855,0.4852428571428571,0.513413002152756,0 to 4 years
32,1957,0.9255242857142855,0.4852428571428571,0.513413002152756,0 to 4 years
33,9949,0.9255242857142855,0.4852428571428571,0.513413002152756,0 to 4 years
34,7872,0.9255242857142855,0.4852428571428571,0.513413002152756,0 to 4 years
35,2069,0.9255242857142855,0.4852428571428571,0.513413002152756,0 to 4 years
36,6454,0.9255242857142855,0.4852428571428571,0.513413002152756,0 to 4 years
37,5703,0.9255242857142855,0.4852428571428571,0.513413002152756,0 to 4 years
38,8533,0.9255242857142855,0.4852428571428571,0.513413002152756,0 to 4 years
39,8024,0.9255242857142855,0.4852428571428571,0.513413002152756,0 to 4 years
40,1466,0.9255242857142855,0.4852428571428571,0.513413002152756,0 to 4 years
41,7805,0.9255242857142855,0.4852428571428571,0.513413002152756,0 to 4 years
42,6488,0.9255242857142855,0.4852428571428571,0.513413002152756,0 to 4 years
43,9607,0.9255242857142855,0.4852428571428571,0.513413002152756,0 to 4 years
44,3506,0.9255242857142855,0.4852428571428571,0.513413002152756,0 to 4 years
45,3344,0.9255242857142855,0.4852428571428571,0.513413002152756,0 to 4 years
46,2005,0.9255242857142855,0.4852428571428571,0.513413002152756,0 to 4 years
47,8356,0.9255242857142855,0.4852428571428571,0.513413002152756,0 to 4 years
48,831,0.9255242857142855,0.4852428571428571,0.513413002152756,0 to 4 years
49,1945,0.9255242857142855,0.4852428571428571,0.513413002152756,0 to 4 years
50,6061,0.9255242857142855,0.4852428571428571,0.513413002152756,0 to 4 years
51,3177,0.9255242857142855,0.4852428571428571,0.513413002152756,0 to 4 years
52,2162,0.9255242857142855,0.4852428571428571,0.513413002152756,0 to 4 years
53,6560,0.9255242857142855,0.4852428571428571,0.513413002152756,0 to 4 years
54,1063,0.9255242857142855,0.4852428571428571,0.513413002152756,0 to 4 years
55,949,0.9255242857142855,0.4852428571428571,0.513413002152756,0 to 4 years
56,9749,0.9255242857142855,0.4852428571428571,0.513413002152756,0 to 4 years
57,4414,0.9255242857142855,0.4852428571428571,0.513413002152756,0 to 4 years
58,3454,0.9255242857142855,0.4852428571428571,0.513413002152756,0 to 4 years
59,7904,0.9255242857142855,0.4852428571428571,0.513413002152756,0 to 4 years
60,5732,0.9255242857142855,0.4852428571428571,0.513413002152756,0 to 4 years
61,190,0.9255242857142855,0.4852428571428571,0.513413002152756,0 to 4 years
62,9667,0.9255242857142855,0.4852428571428571,0.513413002152756,0 to 4 years
63,847,0.9255242857142855,0.4852428571428571,0.513413002152756,0 to 4 years
64,9367,0.9255242857142855,0.4852428571428571,0.513413002152756,0 to 4 years
65,1420,0.9255242857142855,0.4852428571428571,0.513413002152756,0 to 4 years
66,9452,0.9255242857142855,0.4852428571428571,0.513413002152756,0 to 4 years
67,6696,0.9255242857142855,0.4852428571428571,0.513413002152756,0 to 4 years
68,9202,0.9255242857142855,0.4852428571428571,0.513413002152756,0 to 4 years
69,5562,0.9255242857142855,0.4852428571428571,0.513413002152756,0 to 4 years
70,3192,0.9255242857142855,0.4852428571428571,0.513413002152756,0 to 4 years
71,4149,0.9255242857142855,0.4852428571428571,0.513413002152756,0 to 4 years
72,6379,0.9255242857142855,0.4852428571428571,0.513413002152756,0 to 4 years
73,7976,0.9255242857142855,0.4852428571428571,0.513413002152756,0 to 4 years
74,6573,0.9255242857142855,0.4852428571428571,0.513413002152756,0 to 4 years
75,7598,0.9255242857142855,0.4852428571428571,0.513413002152756,0 to 4 years
76,8115,0.9255242857142855,0.4852428571428571,0.513413002152756,0 to 4 years
77,1105,0.9255242857142855,0.4852428571428571,0.513413002152756,0 to 4 years
78,2690,0.9255242857142855,0.4852428571428571,0.513413002152756,0 to 4 years
79,6579,0.9255242857142855,0.4852428571428571,0.513413002152756,0 to 4 years
80,1471,0.9255242857142855,0.4852428571428571,0.513413002152756,0 to 4 years
81,5281,0.9255242857142855,0.4852428571428571,0.513413002152756,0 to 4 years
82,7385,0.9255242857142855,0.4852428571428571,0.513413002152756,0 to 4 years
83,1712,0.9255242857142855,0.4852428571428571,0.513413002152756,0 to 4 years
84,3314,0.9255242857142855,0.4852428571428571,0.513413002152756,0 to 4 years
85,5978,0.9255242857142855,0.4852428571428571,0.513413002152756,0 to 4 years
86,9500,0.9255242857142855,0.4852428571428571,0.513413002152756,0 to 4 years
87,3969,0.9255242857142855,0.4852428571428571,0.513413002152756,0 to 4 years
88,724,0.9255242857142855,0.4852428571428571,0.513413002152756,0 to 4 years
89,4291,0.9255242857142855,0.4852428571428571,0.513413002152756,0 to 4 years
90,417,0.9255242857142855,0.4852428571428571,0.513413002152756,0 to 4 years
91,4245,0.9255242857142855,0.4852428571428571,0.513413002152756,0 to 4 years
92,433,0.9255242857142855,0.4852428571428571,0.513413002152756,0 to 4 years
93,1125,0.9255242857142855,0.4852428571428571,0.513413002152756,0 to 4 years
94,8571,0.9255242857142855,0.4852428571428571,0.513413002152756,0 to 4 years
95,4709,0.9255242857142855,0.4852428571428571,0.513413002152756,0 to 4 years
96,1452,0.9255242857142855,0.4852428571428571,0.513413002152756,0 to 4 years
97,4179,0.9255242857142855,0.4852428571428571,0.513413002152756,0 to 4 years
98,9977,0.9255242857142855,0.4852428571428571,0.513413002152756,0 to 4 years
99,3008,0.9255242857142855,0.4852428571428571,0.513413002152756,0 to 4 years
100,1844,0.9255242857142855,0.4852428571428571,0.513413002152756,0 to 4 years
101,7825,0.9255242857142855,0.4852428571428571,0.513413002152756,0 to 4 years
102,9593,0.9255242857142855,0.4852428571428571,0.513413002152756,0 to 4 years
103,4763,0.9255242857142855,0.4852428571428571,0.513413002152756,0 to 4 years
104,6194,0.9255242857142855,0.4852428571428571,0.513413002152756,0 to 4 years
105,5790,0.9255242857142855,0.4852428571428571,0.513413002152756,0 to 4 years
106,7776,0.9255242857142855,0.4852428571428571,0.513413002152756,0 to 4 years
107,9571,0.9255242857142855,0.4852428571428571,0.513413002152756,0 to 4 years
108,7058,0.9255242857142855,0.4852428571428571,0.513413002152756,0 to 4 years
109,5485,0.9255242857142855,0.4852428571428571,0.513413002152756,0 to 4 years
110,1249,0.9255242857142855,0.4852428571428571,0.513413002152756,0 to 4 years
111,6357,0.9255242857142855,0.4852428571428571,0.513413002152756,0 to 4 years
112,8228,0.9255242857142855,0.4852428571428571,0.513413002152756,0 to 4 years
113,47,0.9255242857142855,0.4852428571428571,0.513413002152756,0 to 4 years
114,5557,0.9255242857142855,0.4852428571428571,0.513413002152756,0 to 4 years
115,976,0.9255242857142855,0.4852428571428571,0.513413002152756,0 to 4 years
116,9204,0.9255242857142855,0.4852428571428571,0.513413002152756,0 to 4 years
117,4334,0.9255242857142855,0.4852428571428571,0.513413002152756,0 to 4 years
118,3049,0.9255242857142855,0.4852428571428571,0.513413002152756,0 to 4 years
119,913,0.9255242857142855,0.4852428571428571,0.513413002152756,0 to 4 years
120,379,0.9255242857142855,0.4852428571428571,0.513413002152756,0 to 4 years
121,5778,0.9255242857142855,0.4852428571428571,0.513413002152756,0 to 4 years
122,9920,0.9255242857142855,0.4852428571428571,0.513413002152756,0 to 4 years
123,334,0.9255242857142855,0.4852428571428571,0.513413002152756,0 to 4 years
124,4339,0.9255242857142855,0.4852428571428571,0.513413002152756,0 to 4 years
125,8551,0.9255242857142855,0.4852428571428571,0.513413002152756,0 to 4 years
126,1343,0.9255242857142855,0.4852428571428571,0.513413002152756,0 to 4 years
127,8870,0.9255242857142855,0.4852428571428571,0.513413002152756,0 to 4 years
128,4929,0.9255242857142855,0.4852428571428571,0.513413002152756,0 to 4 years
129,4189,0.9255242857142855,0.4852428571428571,0.513413002152756,0 to 4 years
130,1403,0.9255242857142855,0.4852428571428571,0.513413002152756,0 to 4 years
131,5413,0.9255242857142855,0.4852428571428571,0.513413002152756,0 to 4 years
132,7594,0.9255242857142855,0.4852428571428571,0.513413002152756,0 to 4 years
133,4338,0.9255242857142855,0.4852428571428571,0.513413002152756,0 to 4 years
134,4554,0.9255242857142855,0.4852428571428571,0.513413002152756,0 to 4 years
135,2659,0.9255242857142855,0.4852428571428571,0.513413002152756,0 to 4 years
136,7790,0.9255242857142855,0.4852428571428571,0.513413002152756,0 to 4 years
137,2169,0.0,0.4852428571428571,0.513413002152756,0 to 4 years
138,1555,0.9255242857142855,0.4852428571428571,0.513413002152756,0 to 4 years
139,9890,0.9255242857142855,0.4852428571428571,0.513413002152756,0 to 4 years
140,1048,0.9255242857142855,0.4852428571428571,0.513413002152756,0 to 4 years
141,5878,0.9255242857142855,0.4852428571428571,0.513413002152756,0 to 4 years
142,3607,0.9255242857142855,0.4852428571428571,0.513413002152756,0 to 4 years
143,6794,0.9255242857142855,0.4852428571428571,0.513413002152756,0 to 4 years
144,7198,0.9255242857142855,0.4852428571428571,0.513413002152756,0 to 4 years
145,3329,0.9255242857142855,0.4852428571428571,0.513413002152756,0 to 4 years
146,3795,0.9255242857142855,0.4852428571428571,0.513413002152756,0 to 4 years
147,4859,0.9255242857142855,0.4852428571428571,0.513413002152756,0 to 4 years
148,3416,0.9255242857142855,0.4852428571428571,0.513413002152756,0 to 4 years
149,5191,0.9255242857142855,0.4852428571428571,0.513413002152756,0 to 4 years
150,414,0.9255242857142855,0.4852428571428571,0.513413002152756,0 to 4 years
151,8668,0.9255242857142855,0.4852428571428571,0.513413002152756,0 to 4 years
152,3355,0.9255242857142855,0.4852428571428571,0.513413002152756,0 to 4 years
153,6132,0.9255242857142855,0.4852428571428571,0.513413002152756,0 to 4 years
154,3694,0.9255242857142855,0.4852428571428571,0.513413002152756,0 to 4 years
155,610,0.9255242857142855,0.4852428571428571,0.513413002152756,0 to 4 years
156,1937,0.9255242857142855,0.4852428571428571,0.513413002152756,0 to 4 years
157,361,0.9255242857142855,0.4852428571428571,0.513413002152756,0 to 4 years
158,1817,0.9255242857142855,0.4852428571428571,0.513413002152756,0 to 4 years
159,5873,0.9255242857142855,0.4852428571428571,0.513413002152756,0 to 4 years
160,904,0.9255242857142855,0.4852428571428571,0.513413002152756,0 to 4 years
161,2956,0.9255242857142855,0.4852428571428571,0.513413002152756,0 to 4 years
162,2136,0.9255242857142855,0.4852428571428571,0.513413002152756,0 to 4 years
163,479,0.9255242857142855,0.4852428571428571,0.513413002152756,0 to 4 years
164,5632,0.9255242857142855,0.4852428571428571,0.513413002152756,0 to 4 years
165,9002,0.9255242857142855,0.4852428571428571,0.513413002152756,0 to 4 years
166,1160,0.9255242857142855,0.4852428571428571,0.513413002152756,0 to 4 years
167,9570,0.9255242857142855,0.4852428571428571,0.513413002152756,0 to 4 years
168,4848,0.9255242857142855,0.4852428571428571,0.513413002152756,0 to 4 years
169,145,0.9255242857142855,0.4852428571428571,0.513413002152756,0 to 4 years
170,1725,0.9255242857142855,0.4852428571428571,0.513413002152756,0 to 4 years
171,1898,0.9255242857142855,0.4852428571428571,0.513413002152756,0 to 4 years
172,9492,0.9255242857142855,0.4852428571428571,0.513413002152756,0 to 4 years
173,7096,0.9255242857142855,0.4852428571428571,0.513413002152756,0 to 4 years
174,6798,0.9255242857142855,0.4852428571428571,0.513413002152756,0 to 4 years
175,7926,0.9255242857142855,0.4852428571428571,0.513413002152756,0 to 4 years
176,23,0.9255242857142855,0.4852428571428571,0.513413002152756,0 to 4 years
177,1367,0.9255242857142855,0.4852428571428571,0.513413002152756,0 to 4 years
178,5447,0.9255242857142855,0.4852428571428571,0.513413002152756,0 to 4 years
179,7525,0.9255242857142855,0.4852428571428571,0.513413002152756,0 to 4 years
180,8091,0.9255242857142855,0.4852428571428571,0.513413002152756,0 to 4 years
181,5320,0.9255242857142855,0.4852428571428571,0.513413002152756,0 to 4 years
182,6971,0.9255242857142855,0.4852428571428571,0.513413002152756,0 to 4 years
183,3066,0.9255242857142855,0.4852428571428571,0.513413002152756,0 to 4 years
184,3320,0.9255242857142855,0.4852428571428571,0.513413002152756,0 to 4 years
185,7286,0.9255242857142855,0.4852428571428571,0.513413002152756,0 to 4 years
186,7606,0.9255242857142855,0.4852428571428571,0.513413002152756,0 to 4 years
187,1528,0.9255242857142855,0.4852428571428571,0.513413002152756,0 to 4 years
188,1473,0.9255242857142855,0.4852428571428571,0.513413002152756,0 to 4 years
189,3039,0.9255242857142855,0.4852428571428571,0.513413002152756,0 to 4 years
190,1269,0.9255242857142855,0.4852428571428571,0.513413002152756,0 to 4 years
191,384,0.9255242857142855,0.4852428571428571,0.513413002152756,0 to 4 years
192,8967,0.9255242857142855,0.4852428571428571,0.513413002152756,0 to 4 years
193,2358,0.9255242857142855,0.4852428571428571,0.513413002152756,0 to 4 years
194,8549,0.9255242857142855,0.4852428571428571,0.513413002152756,0 to 4 years
195,6855,0.9255242857142855,0.4852428571428571,0.513413002152756,0 to 4 years
196,1132,0.9255242857142855,0.4852428571428571,0.513413002152756,0 to 4 years
197,608,0.9255242857142855,0.4852428571428571,0.513413002152756,0 to 4 years
198,9496,0.9255242857142855,0.4852428571428571,0.513413002152756,0 to 4 years
199,6751,0.9255242857142855,0.4852428571428571,0.513413002152756,0 to 4 years
200,1085,0.9255242857142855,0.4852428571428571,0.513413002152756,0 to 4 years
201,4948,0.9255242857142855,0.4852428571428571,0.513413002152756,0 to 4 years
202,4559,0.9255242857142855,0.4852428571428571,0.513413002152756,0 to 4 years
203,9474,0.9255242857142855,0.4852428571428571,0.513413002152756,0 to 4 years
204,3989,0.9255242857142855,0.4852428571428571,0.513413002152756,0 to 4 years
205,3256,0.9255242857142855,0.4852428571428571,0.513413002152756,0 to 4 years
206,1496,0.9255242857142855,0.4852428571428571,0.513413002152756,0 to 4 years
207,9842,0.9255242857142855,0.4852428571428571,0.513413002152756,0 to 4 years
208,955,0.9255242857142855,0.4852428571428571,0.513413002152756,0 to 4 years
209,6374,0.9255242857142855,0.4852428571428571,0.513413002152756,0 to 4 years
210,2524,0.9255242857142855,0.4852428571428571,0.513413002152756,0 to 4 years
211,9630,0.9255242857142855,0.4852428571428571,0.513413002152756,0 to 4 years
212,6956,0.9255242857142855,0.4852428571428571,0.513413002152756,0 to 4 years
213,4697,0.9255242857142855,0.4852428571428571,0.513413002152756,0 to 4 years
214,901,0.9255242857142855,0.4852428571428571,0.513413002152756,0 to 4 years
215,5379,0.9255242857142855,0.4852428571428571,0.513413002152756,0 to 4 years
216,9416,0.9255242857142855,0.4852428571428571,0.513413002152756,0 to 4 years
217,5952,0.9255242857142855,0.4852428571428571,0.513413002152756,0 to 4 years
218,7901,0.9255242857142855,0.4852428571428571,0.513413002152756,0 to 4 years
219,8728,0.9255242857142855,0.4852428571428571,0.513413002152756,0 to 4 years
220,5262,0.9255242857142855,0.4852428571428571,0.513413002152756,0 to 4 years
221,3791,0.9255242857142855,0.4852428571428571,0.513413002152756,0 to 4 years
222,1133,0.9255242857142855,0.4852428571428571,0.513413002152756,0 to 4 years
223,9783,0.9255242857142855,0.4852428571428571,0.513413002152756,0 to 4 years
224,3657,0.9255242857142855,0.4852428571428571,0.513413002152756,0 to 4 years
225,6395,0.9255242857142855,0.4852428571428571,0.513413002152756,0 to 4 years
226,9205,0.9255242857142855,0.4852428571428571,0.513413002152756,0 to 4 years
227,8722,0.9255242857142855,0.4852428571428571,0.513413002152756,0 to 4 years
228,8515,0.9255242857142855,0.4852428571428571,0.513413002152756,0 to 4 years
229,7772,0.9255242857142855,0.4852428571428571,0.513413002152756,0 to 4 years
230,4252,0.9255242857142855,0.4852428571428571,0.513413002152756,0 to 4 years
231,3844,0.9255242857142855,0.4852428571428571,0.513413002152756,0 to 4 years
232,6383,0.9255242857142855,0.4852428571428571,0.513413002152756,0 to 4 years
233,2334,0.9255242857142855,0.4852428571428571,0.513413002152756,0 to 4 years
234,9029,0.9255242857142855,0.4852428571428571,0.513413002152756,0 to 4 years
235,3893,0.9255242857142855,0.4852428571428571,0.513413002152756,0 to 4 years
236,7202,0.9255242857142855,0.4852428571428571,0.513413002152756,0 to 4 years
237,7045,0.9255242857142855,0.4852428571428571,0.513413002152756,0 to 4 years
238,4705,0.9255242857142855,0.4852428571428571,0.513413002152756,0 to 4 years
239,719,0.9255242857142855,0.4852428571428571,0.513413002152756,0 to 4 years
240,7446,0.9255242857142855,0.4852428571428571,0.513413002152756,0 to 4 years
241,8872,0.9255242857142855,0.4852428571428571,0.513413002152756,0 to 4 years
242,9935,0.9255242857142855,0.4852428571428571,0.513413002152756,0 to 4 years
243,5409,0.9255242857142855,0.4852428571428571,0.513413002152756,0 to 4 years
244,2215,0.9255242857142855,0.4852428571428571,0.513413002152756,0 to 4 years
245,1378,0.9255242857142855,0.4852428571428571,0.513413002152756,0 to 4 years
246,4799,0.9255242857142855,0.4852428571428571,0.513413002152756,0 to 4 years
247,591,0.9255242857142855,0.4852428571428571,0.513413002152756,0 to 4 years
248,558,0.9255242857142855,0.4852428571428571,0.513413002152756,0 to 4 years
249,3988,0.9255242857142855,0.4852428571428571,0.513413002152756,0 to 4 years
250,891,0.9255242857142855,0.4852428571428571,0.513413002152756,0 to 4 years
251,8121,0.9255242857142855,0.4852428571428571,0.513413002152756,0 to 4 years
252,6984,0.9255242857142855,0.4852428571428571,0.513413002152756,0 to 4 years
253,3759,0.9255242857142855,0.4852428571428571,0.513413002152756,0 to 4 years
254,8677,0.9255242857142855,0.4852428571428571,0.513413002152756,0 to 4 years
255,5338,0.9255242857142855,0.4852428571428571,0.513413002152756,0 to 4 years
256,8925,0.9255242857142855,0.4852428571428571,0.513413002152756,0 to 4 years
257,3793,0.9255242857142855,0.4852428571428571,0.513413002152756,0 to 4 years
258,8394,0.9255242857142855,0.4852428571428571,0.513413002152756,0 to 4 years
259,2927,0.9255242857142855,0.4852428571428571,0.513413002152756,0 to 4 years
260,9036,0.9255242857142855,0.4852428571428571,0.513413002152756,0 to 4 years
261,2773,0.9255242857142855,0.4852428571428571,0.513413002152756,0 to 4 years
262,4214,0.9255242857142855,0.4852428571428571,0.513413002152756,0 to 4 years
263,9764,0.9255242857142855,0.4852428571428571,0.513413002152756,0 to 4 years
264,5939,0.9255242857142855,0.4852428571428571,0.513413002152756,0 to 4 years
265,1281,0.9255242857142855,0.4852428571428571,0.513413002152756,0 to 4 years
266,1151,0.9255242857142855,0.4852428571428571,0.513413002152756,0 to 4 years
267,1934,0.9255242857142855,0.4852428571428571,0.513413002152756,0 to 4 years
268,1862,0.9255242857142855,0.4852428571428571,0.513413002152756,0 to 4 years
269,8937,0.9255242857142855,0.4852428571428571,0.513413002152756,0 to 4 years
270,6466,0.9255242857142855,0.4852428571428571,0.513413002152756,0 to 4 years
271,2888,0.9255242857142855,0.4852428571428571,0.513413002152756,0 to 4 years
272,5891,0.9255242857142855,0.4852428571428571,0.513413002152756,0 to 4 years
273,9830,0.9255242857142855,0.4852428571428571,0.513413002152756,0 to 4 years
274,4650,0.9255242857142855,0.4852428571428571,0.513413002152756,0 to 4 years
275,506,0.9255242857142855,0.4852428571428571,0.513413002152756,0 to 4 years
276,1759,0.9255242857142855,0.4852428571428571,0.513413002152756,0 to 4 years
277,3501,0.9255242857142855,0.4852428571428571,0.513413002152756,0 to 4 years
278,3882,0.9255242857142855,0.4852428571428571,0.513413002152756,0 to 4 years
279,7961,0.9255242857142855,0.4852428571428571,0.513413002152756,0 to 4 years
280,7651,0.9255242857142855,0.4852428571428571,0.513413002152756,0 to 4 years
281,5142,0.9255242857142855,0.4852428571428571,0.513413002152756,0 to 4 years
282,7526,0.9255242857142855,0.4852428571428571,0.513413002152756,0 to 4 years
283,4891,0.9255242857142855,0.4852428571428571,0.513413002152756,0 to 4 years
284,6048,0.9255242857142855,0.4852428571428571,0.513413002152756,0 to 4 years
285,339,0.9255242857142855,0.4852428571428571,0.513413002152756,0 to 4 years
286,198,0.9255242857142855,0.4852428571428571,0.513413002152756,0 to 4 years
287,2776,0.9255242857142855,0.4852428571428571,0.513413002152756,0 to 4 years
288,2653,0.9255242857142855,0.4852428571428571,0.513413002152756,0 to 4 years
289,7761,0.9255242857142855,0.4852428571428571,0.513413002152756,0 to 4 years
290,4536,0.9255242857142855,0.4852428571428571,0.513413002152756,0 to 4 years
291,5316,0.9255242857142855,0.4852428571428571,0.513413002152756,0 to 4 years
292,3050,0.9255242857142855,0.4852428571428571,0.513413002152756,0 to 4 years
293,4620,0.9255242857142855,0.4852428571428571,0.513413002152756,0 to 4 years
294,7700,0.9255242857142855,0.4852428571428571,0.513413002152756,0 to 4 years
295,5721,0.9255242857142855,0.4852428571428571,0.513413002152756,0 to 4 years
296,1647,0.9255242857142855,0.4852428571428571,0.513413002152756,0 to 4 years
297,3986,0.9255242857142855,0.4852428571428571,0.513413002152756,0 to 4 years
298,9240,0.9255242857142855,0.4852428571428571,0.513413002152756,0 to 4 years
299,5222,0.9255242857142855,0.4852428571428571,0.513413002152756,0 to 4 years
300,8883,0.9255242857142855,0.4852428571428571,0.513413002152756,0 to 4 years
301,4114,0.9255242857142855,0.4852428571428571,0.513413002152756,0 to 4 years
302,6735,0.9255242857142855,0.4852428571428571,0.513413002152756,0 to 4 years
303,7267,0.9255242857142855,0.4852428571428571,0.513413002152756,0 to 4 years
304,1722,0.9255242857142855,0.4852428571428571,0.513413002152756,0 to 4 years
305,9101,0.9255242857142855,0.4852428571428571,0.513413002152756,0 to 4 years
306,1936,0.9255242857142855,0.4852428571428571,0.513413002152756,0 to 4 years
307,8273,0.9255242857142855,0.4852428571428571,0.513413002152756,0 to 4 years
308,880,0.9255242857142855,0.4852428571428571,0.513413002152756,0 to 4 years
309,8082,0.9255242857142855,0.4852428571428571,0.513413002152756,0 to 4 years
310,9364,0.9255242857142855,0.4852428571428571,0.513413002152756,0 to 4 years
311,6543,0.9255242857142855,0.4852428571428571,0.513413002152756,0 to 4 years
312,3717,0.9255242857142855,0.4852428571428571,0.513413002152756,0 to 4 years
313,7147,0.9255242857142855,0.4852428571428571,0.513413002152756,0 to 4 years
314,4719,0.9255242857142855,0.4852428571428571,0.513413002152756,0 to 4 years
315,3249,0.9255242857142855,0.4852428571428571,0.513413002152756,0 to 4 years
316,3324,0.9255242857142855,0.4852428571428571,0.513413002152756,0 to 4 years
317,2128,0.9255242857142855,0.4852428571428571,0.513413002152756,0 to 4 years
318,6535,0.9255242857142855,0.4852428571428571,0.513413002152756,0 to 4 years
319,9391,0.9255242857142855,0.4852428571428571,0.513413002152756,0 to 4 years
320,4736,0.9255242857142855,0.4852428571428571,0.513413002152756,0 to 4 years
321,9385,0.9255242857142855,0.4852428571428571,0.513413002152756,0 to 4 years
322,6213,0.9255242857142855,0.4852428571428571,0.513413002152756,0 to 4 years
323,4563,0.9255242857142855,0.4852428571428571,0.513413002152756,0 to 4 years
324,1057,0.9255242857142855,0.4852428571428571,0.513413002152756,0 to 4 years
325,6684,0.9255242857142855,0.4852428571428571,0.513413002152756,0 to 4 years
326,5155,0.9255242857142855,0.4852428571428571,0.513413002152756,0 to 4 years
327,7028,0.9255242857142855,0.4852428571428571,0.513413002152756,0 to 4 years
328,6691,0.9255242857142855,0.4852428571428571,0.513413002152756,0 to 4 years
329,3925,0.9255242857142855,0.4852428571428571,0.513413002152756,0 to 4 years
330,2305,0.9255242857142855,0.4852428571428571,0.513413002152756,0 to 4 years
331,336,0.9255242857142855,0.4852428571428571,0.513413002152756,0 to 4 years
332,1876,0.9255242857142855,0.4852428571428571,0.513413002152756,0 to 4 years
333,788,0.9255242857142855,0.4852428571428571,0.513413002152756,0 to 4 years
334,774,0.9255242857142855,0.4852428571428571,0.513413002152756,0 to 4 years
335,5687,0.9255242857142855,0.4852428571428571,0.513413002152756,0 to 4 years
336,1182,0.9255242857142855,0.4852428571428571,0.513413002152756,0 to 4 years
337,4317,0.9255242857142855,0.4852428571428571,0.513413002152756,0 to 4 years
338,4025,0.9255242857142855,0.4852428571428571,0.513413002152756,0 to 4 years
339,6220,0.9255242857142855,0.4852428571428571,0.513413002152756,0 to 4 years
340,1782,0.9255242857142855,0.4852428571428571,0.513413002152756,0 to 4 years
341,560,0.9255242857142855,0.4852428571428571,0.513413002152756,0 to 4 years
342,2306,0.9255242857142855,0.4852428571428571,0.513413002152756,0 to 4 years
343,6997,0.9255242857142855,0.4852428571428571,0.513413002152756,0 to 4 years
344,3938,0.9255242857142855,0.4852428571428571,0.513413002152756,0 to 4 years
345,9961,0.9255242857142855,0.4852428571428571,0.513413002152756,0 to 4 years
346,3472,0.9255242857142855,0.4852428571428571,0.513413002152756,0 to 4 years
347,712,0.9255242857142855,0.4852428571428571,0.513413002152756,0 to 4 years
348,8760,0.9255242857142855,0.4852428571428571,0.513413002152756,0 to 4 years
349,2154,0.9255242857142855,0.4852428571428571,0.513413002152756,0 to 4 years
350,1059,0.9255242857142855,0.4852428571428571,0.513413002152756,0 to 4 years
351,5935,0.9255242857142855,0.4852428571428571,0.513413002152756,0 to 4 years
352,2241,0.9255242857142855,0.4852428571428571,0.513413002152756,0 to 4 years
353,8154,0.9255242857142855,0.4852428571428571,0.513413002152756,0 to 4 years
354,5166,0.9255242857142855,0.4852428571428571,0.513413002152756,0 to 4 years
355,7316,0.9255242857142855,0.4852428571428571,0.513413002152756,0 to 4 years
356,9958,0.9255242857142855,0.4852428571428571,0.513413002152756,0 to 4 years
357,340,0.9255242857142855,0.4852428571428571,0.513413002152756,0 to 4 years
358,1985,0.9255242857142855,0.4852428571428571,0.513413002152756,0 to 4 years
359,7375,0.9255242857142855,0.4852428571428571,0.513413002152756,0 to 4 years
360,3790,0.9255242857142855,0.4852428571428571,0.513413002152756,0 to 4 years
361,241,0.9255242857142855,0.4852428571428571,0.513413002152756,0 to 4 years
362,8169,0.9255242857142855,0.4852428571428571,0.513413002152756,0 to 4 years
363,7512,0.9255242857142855,0.4852428571428571,0.513413002152756,0 to 4 years
364,1079,0.9255242857142855,0.4852428571428571,0.513413002152756,0 to 4 years
365,7643,0.9255242857142855,0.4852428571428571,0.513413002152756,0 to 4 years
366,6562,0.9255242857142855,0.4852428571428571,0.513413002152756,0 to 4 years
367,5020,0.9255242857142855,0.4852428571428571,0.513413002152756,0 to 4 years
368,5343,0.9255242857142855,0.4852428571428571,0.513413002152756,0 to 4 years
369,3378,0.9255242857142855,0.4852428571428571,0.513413002152756,0 to 4 years
370,328,0.9255242857142855,0.4852428571428571,0.513413002152756,0 to 4 years
371,4793,0.9255242857142855,0.4852428571428571,0.513413002152756,0 to 4 years
372,3770,0.9255242857142855,0.4852428571428571,0.513413002152756,0 to 4 years
373,5423,0.9255242857142855,0.4852428571428571,0.513413002152756,0 to 4 years
374,9186,0.9255242857142855,0.4852428571428571,0.513413002152756,0 to 4 years
375,2246,0.9255242857142855,0.4852428571428571,0.513413002152756,0 to 4 years
376,4927,0.9255242857142855,0.4852428571428571,0.513413002152756,0 to 4 years
377,937,0.9255242857142855,0.4852428571428571,0.513413002152756,0 to 4 years
378,8776,0.9255242857142855,0.4852428571428571,0.513413002152756,0 to 4 years
379,1498,0.9255242857142855,0.4852428571428571,0.513413002152756,0 to 4 years
380,2292,0.9255242857142855,0.4852428571428571,0.513413002152756,0 to 4 years
381,9985,0.9255242857142855,0.4852428571428571,0.513413002152756,0 to 4 years
382,6138,0.9255242857142855,0.4852428571428571,0.513413002152756,0 to 4 years
383,450,0.9255242857142855,0.4852428571428571,0.513413002152756,0 to 4 years
384,6933,0.9255242857142855,0.4852428571428571,0.513413002152756,0 to 4 years
385,483,0.9255242857142855,0.4852428571428571,0.513413002152756,0 to 4 years
386,2794,0.9255242857142855,0.4852428571428571,0.513413002152756,0 to 4 years
387,1816,0.9255242857142855,0.4852428571428571,0.513413002152756,0 to 4 years
388,3960,0.9255242857142855,0.4852428571428571,0.513413002152756,0 to 4 years
389,7281,0.9255242857142855,0.4852428571428571,0.513413002152756,0 to 4 years
390,3475,0.9255242857142855,0.4852428571428571,0.513413002152756,0 to 4 years
391,8546,0.9255242857142855,0.4852428571428571,0.513413002152756,0 to 4 years
392,8596,0.9255242857142855,0.4852428571428571,0.513413002152756,0 to 4 years
393,1578,0.9255242857142855,0.4852428571428571,0.513413002152756,0 to 4 years
394,2558,0.9255242857142855,0.4852428571428571,0.513413002152756,0 to 4 years
395,1298,0.9255242857142855,0.4852428571428571,0.513413002152756,0 to 4 years
396,166,0.9255242857142855,0.4852428571428571,0.513413002152756,0 to 4 years
397,1516,0.9255242857142855,0.4852428571428571,0.513413002152756,0 to 4 years
398,6486,0.9255242857142855,0.4852428571428571,0.513413002152756,0 to 4 years
399,4940,0.9255242857142855,0.4852428571428571,0.513413002152756,0 to 4 years
400,2479,0.9255242857142855,0.4852428571428571,0.513413002152756,0 to 4 years
401,5634,0.9255242857142855,0.4852428571428571,0.513413002152756,0 to 4 years
402,4560,0.9255242857142855,0.4852428571428571,0.513413002152756,0 to 4 years
403,7977,0.9255242857142855,0.4852428571428571,0.513413002152756,0 to 4 years
404,3215,0.9255242857142855,0.4852428571428571,0.513413002152756,0 to 4 years
405,5841,0.9255242857142855,0.4852428571428571,0.513413002152756,0 to 4 years
406,2389,0.9255242857142855,0.4852428571428571,0.513413002152756,0 to 4 years
407,5151,0.9255242857142855,0.4852428571428571,0.513413002152756,0 to 4 years
408,5625,0.9255242857142855,0.4852428571428571,0.513413002152756,0 to 4 years
409,8659,0.9255242857142855,0.4852428571428571,0.513413002152756,0 to 4 years
410,4091,0.9255242857142855,0.4852428571428571,0.513413002152756,0 to 4 years
411,8250,0.9255242857142855,0.4852428571428571,0.513413002152756,0 to 4 years
412,1597,0.9255242857142855,0.4852428571428571,0.513413002152756,0 to 4 years
413,4963,0.9255242857142855,0.4852428571428571,0.513413002152756,0 to 4 years
414,3350,0.9255242857142855,0.4852428571428571,0.513413002152756,0 to 4 years
415,455,0.9255242857142855,0.4852428571428571,0.513413002152756,0 to 4 years
416,4949,0.9255242857142855,0.4852428571428571,0.513413002152756,0 to 4 years
417,5610,0.9255242857142855,0.4852428571428571,0.513413002152756,0 to 4 years
418,4296,0.9255242857142855,0.4852428571428571,0.513413002152756,0 to 4 years
419,8272,0.9255242857142855,0.4852428571428571,0.513413002152756,0 to 4 years
420,7421,0.9255242857142855,0.4852428571428571,0.513413002152756,0 to 4 years
421,7910,0.9255242857142855,0.4852428571428571,0.513413002152756,0 to 4 years
422,301,0.9255242857142855,0.4852428571428571,0.513413002152756,0 to 4 years
423,5809,0.9255242857142855,0.4852428571428571,0.513413002152756,0 to 4 years
424,2233,0.9255242857142855,0.4852428571428571,0.513413002152756,0 to 4 years
425,4649,0.9255242857142855,0.4852428571428571,0.513413002152756,0 to 4 years
426,6941,0.9255242857142855,0.4852428571428571,0.513413002152756,0 to 4 years
427,7027,0.9255242857142855,0.4852428571428571,0.513413002152756,0 to 4 years
428,2635,0.9255242857142855,0.4852428571428571,0.513413002152756,0 to 4 years
429,7559,0.9255242857142855,0.4852428571428571,0.513413002152756,0 to 4 years
430,3532,0.9255242857142855,0.4852428571428571,0.513413002152756,0 to 4 years
431,8799,0.9255242857142855,0.4852428571428571,0.513413002152756,0 to 4 years
432,2788,0.9255242857142855,0.4852428571428571,0.513413002152756,0 to 4 years
433,5368,0.9255242857142855,0.4852428571428571,0.513413002152756,0 to 4 years
434,984,0.9255242857142855,0.4852428571428571,0.513413002152756,0 to 4 years
435,889,0.9255242857142855,0.4852428571428571,0.513413002152756,0 to 4 years
436,9963,0.9255242857142855,0.4852428571428571,0.513413002152756,0 to 4 years
437,5248,0.9255242857142855,0.4852428571428571,0.513413002152756,0 to 4 years
438,57,0.9255242857142855,0.4852428571428571,0.513413002152756,0 to 4 years
439,5497,0.9255242857142855,0.4852428571428571,0.513413002152756,0 to 4 years
440,5297,0.9255242857142855,0.4852428571428571,0.513413002152756,0 to 4 years
441,2286,0.9255242857142855,0.4852428571428571,0.513413002152756,0 to 4 years
442,669,0.9255242857142855,0.4852428571428571,0.513413002152756,0 to 4 years
443,7234,0.9255242857142855,0.4852428571428571,0.513413002152756,0 to 4 years
444,4537,0.9255242857142855,0.4852428571428571,0.513413002152756,0 to 4 years
445,292,0.9255242857142855,0.4852428571428571,0.513413002152756,0 to 4 years
446,7331,0.9255242857142855,0.4852428571428571,0.513413002152756,0 to 4 years
447,1316,0.9255242857142855,0.4852428571428571,0.513413002152756,0 to 4 years
448,2512,0.9255242857142855,0.4852428571428571,0.513413002152756,0 to 4 years
449,9468,0.9255242857142855,0.4852428571428571,0.513413002152756,0 to 4 years
450,8471,0.9255242857142855,0.4852428571428571,0.513413002152756,0 to 4 years
451,2908,0.9255242857142855,0.4852428571428571,0.513413002152756,0 to 4 years
452,6793,0.9255242857142855,0.4852428571428571,0.513413002152756,0 to 4 years
453,622,0.9255242857142855,0.4852428571428571,0.513413002152756,0 to 4 years
454,2238,0.9255242857142855,0.4852428571428571,0.513413002152756,0 to 4 years
455,5881,0.9255242857142855,0.4852428571428571,0.513413002152756,0 to 4 years
456,3194,0.9255242857142855,0.4852428571428571,0.513413002152756,0 to 4 years
457,8158,0.9255242857142855,0.4852428571428571,0.513413002152756,0 to 4 years
458,9121,0.9255242857142855,0.4852428571428571,0.513413002152756,0 to 4 years
459,8434,0.9255242857142855,0.4852428571428571,0.513413002152756,0 to 4 years
460,8437,0.9255242857142855,0.4852428571428571,0.513413002152756,0 to 4 years
461,5919,0.9255242857142855,0.4852428571428571,0.513413002152756,0 to 4 years
462,1738,0.9255242857142855,0.4852428571428571,0.513413002152756,0 to 4 years
463,4425,0.9255242857142855,0.4852428571428571,0.513413002152756,0 to 4 years
464,9878,0.9255242857142855,0.4852428571428571,0.513413002152756,0 to 4 years
465,2746,0.9255242857142855,0.4852428571428571,0.513413002152756,0 to 4 years
466,7100,0.9255242857142855,0.4852428571428571,0.513413002152756,0 to 4 years
467,6345,0.9255242857142855,0.4852428571428571,0.513413002152756,0 to 4 years
468,975,0.9255242857142855,0.4852428571428571,0.513413002152756,0 to 4 years
469,1274,0.9255242857142855,0.4852428571428571,0.513413002152756,0 to 4 years
470,7530,0.9255242857142855,0.4852428571428571,0.513413002152756,0 to 4 years
471,4079,0.9255242857142855,0.4852428571428571,0.513413002152756,0 to 4 years
472,366,0.9255242857142855,0.4852428571428571,0.513413002152756,0 to 4 years
473,9366,0.9255242857142855,0.4852428571428571,0.513413002152756,0 to 4 years
474,7225,0.9255242857142855,0.4852428571428571,0.513413002152756,0 to 4 years
475,7924,0.9255242857142855,0.4852428571428571,0.513413002152756,0 to 4 years
476,6104,0.9255242857142855,0.4852428571428571,0.513413002152756,0 to 4 years
477,4019,0.9255242857142855,0.4852428571428571,0.513413002152756,0 to 4 years
478,2718,0.9255242857142855,0.4852428571428571,0.513413002152756,0 to 4 years
479,6624,0.9255242857142855,0.4852428571428571,0.513413002152756,0 to 4 years
480,8467,0.9255242857142855,0.4852428571428571,0.513413002152756,0 to 4 years
481,2565,0.9255242857142855,0.4852428571428571,0.513413002152756,0 to 4 years
482,6229,0.9255242857142855,0.4852428571428571,0.513413002152756,0 to 4 years
483,9853,0.9255242857142855,0.4852428571428571,0.513413002152756,0 to 4 years
484,6916,0.9255242857142855,0.4852428571428571,0.513413002152756,0 to 4 years
485,7078,0.9255242857142855,0.4852428571428571,0.513413002152756,0 to 4 years
486,3138,0.9255242857142855,0.4852428571428571,0.513413002152756,0 to 4 years
487,5709,0.9255242857142855,0.4852428571428571,0.513413002152756,0 to 4 years
488,5895,0.9255242857142855,0.4852428571428571,0.513413002152756,0 to 4 years
489,1082,0.9255242857142855,0.4852428571428571,0.513413002152756,0 to 4 years
490,8553,0.9255242857142855,0.4852428571428571,0.513413002152756,0 to 4 years
491,9952,0.9255242857142855,0.4852428571428571,0.513413002152756,0 to 4 years
492,3777,0.9255242857142855,0.4852428571428571,0.513413002152756,0 to 4 years
493,8936,0.9255242857142855,0.4852428571428571,0.513413002152756,0 to 4 years
494,9163,0.9255242857142855,0.4852428571428571,0.513413002152756,0 to 4 years
495,3481,0.9255242857142855,0.4852428571428571,0.513413002152756,0 to 4 years
496,3266,0.9255242857142855,0.4852428571428571,0.513413002152756,0 to 4 years
497,5544,0.9255242857142855,0.4852428571428571,0.513413002152756,0 to 4 years
498,3473,0.9255242857142855,0.4852428571428571,0.513413002152756,0 to 4 years
499,2284,0.9255242857142855,0.4852428571428571,0.513413002152756,0 to 4 years
500,6772,0.9255242857142855,0.4852428571428571,0.513413002152756,0 to 4 years
501,2356,0.9255242857142855,0.4852428571428571,0.513413002152756,0 to 4 years
502,9482,0.9255242857142855,0.4852428571428571,0.513413002152756,0 to 4 years
503,1034,0.9255242857142855,0.4852428571428571,0.513413002152756,0 to 4 years
504,1901,0.9255242857142855,0.4852428571428571,0.513413002152756,0 to 4 years
505,9111,0.9255242857142855,0.4852428571428571,0.513413002152756,0 to 4 years
506,8590,0.9255242857142855,0.4852428571428571,0.513413002152756,0 to 4 years
507,6865,0.9255242857142855,0.4852428571428571,0.513413002152756,0 to 4 years
508,4928,0.9255242857142855,0.4852428571428571,0.513413002152756,0 to 4 years
509,6829,0.9255242857142855,0.4852428571428571,0.513413002152756,0 to 4 years
510,6111,0.9255242857142855,0.4852428571428571,0.513413002152756,0 to 4 years
511,6623,0.9255242857142855,0.4852428571428571,0.513413002152756,0 to 4 years
512,644,0.9255242857142855,0.4852428571428571,0.513413002152756,0 to 4 years
513,4803,0.9255242857142855,0.4852428571428571,0.513413002152756,0 to 4 years
514,3262,0.9255242857142855,0.4852428571428571,0.513413002152756,0 to 4 years
515,3162,0.9255242857142855,0.4852428571428571,0.513413002152756,0 to 4 years
516,5074,0.9255242857142855,0.4852428571428571,0.513413002152756,0 to 4 years
517,6431,0.9255242857142855,0.4852428571428571,0.513413002152756,0 to 4 years
518,4920,0.9255242857142855,0.4852428571428571,0.513413002152756,0 to 4 years
519,1606,0.9255242857142855,0.4852428571428571,0.513413002152756,0 to 4 years
520,1640,0.9255242857142855,0.4852428571428571,0.513413002152756,0 to 4 years
521,8294,0.9255242857142855,0.4852428571428571,0.513413002152756,0 to 4 years
522,3898,0.9255242857142855,0.4852428571428571,0.513413002152756,0 to 4 years
523,4368,0.9255242857142855,0.4852428571428571,0.513413002152756,0 to 4 years
524,8723,0.9255242857142855,0.4852428571428571,0.513413002152756,0 to 4 years
525,8871,0.9255242857142855,0.4852428571428571,0.513413002152756,0 to 4 years
526,134,0.9255242857142855,0.4852428571428571,0.513413002152756,0 to 4 years
527,5650,0.9255242857142855,0.4852428571428571,0.513413002152756,0 to 4 years
528,9773,0.9255242857142855,0.4852428571428571,0.513413002152756,0 to 4 years
529,4614,0.9255242857142855,0.4852428571428571,0.513413002152756,0 to 4 years
530,2091,0.9255242857142855,0.4852428571428571,0.513413002152756,0 to 4 years
531,2182,0.9255242857142855,0.4852428571428571,0.513413002152756,0 to 4 years
532,3157,0.9255242857142855,0.4852428571428571,0.513413002152756,0 to 4 years
533,1278,0.9255242857142855,0.4852428571428571,0.513413002152756,0 to 4 years
534,9264,0.9255242857142855,0.4852428571428571,0.513413002152756,0 to 4 years
535,6392,0.9255242857142855,0.4852428571428571,0.513413002152756,0 to 4 years
536,3238,0.9255242857142855,0.4852428571428571,0.513413002152756,0 to 4 years
537,3623,0.9255242857142855,0.4852428571428571,0.513413002152756,0 to 4 years
538,6896,0.9255242857142855,0.4852428571428571,0.513413002152756,0 to 4 years
539,1103,0.9255242857142855,0.4852428571428571,0.513413002152756,0 to 4 years
540,7039,0.9255242857142855,0.4852428571428571,0.513413002152756,0 to 4 years
541,5399,0.9255242857142855,0.4852428571428571,0.513413002152756,0 to 4 years
542,6267,0.9255242857142855,0.4852428571428571,0.513413002152756,0 to 4 years
543,5087,0.9255242857142855,0.4852428571428571,0.513413002152756,0 to 4 years
544,117,0.9255242857142855,0.4852428571428571,0.513413002152756,0 to 4 years
545,6016,0.9255242857142855,0.4852428571428571,0.513413002152756,0 to 4 years
546,8828,0.9255242857142855,0.4852428571428571,0.513413002152756,0 to 4 years
547,3291,0.9255242857142855,0.4852428571428571,0.513413002152756,0 to 4 years
548,3672,0.9255242857142855,0.4852428571428571,0.513413002152756,0 to 4 years
549,1727,0.9255242857142855,0.4852428571428571,0.513413002152756,0 to 4 years
550,3745,0.9255242857142855,0.4852428571428571,0.513413002152756,0 to 4 years
551,5453,0.9255242857142855,0.4852428571428571,0.513413002152756,0 to 4 years
552,4683,0.9255242857142855,0.4852428571428571,0.513413002152756,0 to 4 years
553,316,0.9255242857142855,0.4852428571428571,0.513413002152756,0 to 4 years
554,7973,0.9255242857142855,0.4852428571428571,0.513413002152756,0 to 4 years
555,3404,0.9255242857142855,0.4852428571428571,0.513413002152756,0 to 4 years
556,670,0.9255242857142855,0.4852428571428571,0.513413002152756,0 to 4 years
557,5818,0.9255242857142855,0.4852428571428571,0.513413002152756,0 to 4 years
558,791,0.9255242857142855,0.4852428571428571,0.513413002152756,0 to 4 years
559,7361,0.9255242857142855,0.4852428571428571,0.513413002152756,0 to 4 years
560,4385,0.9255242857142855,0.4852428571428571,0.513413002152756,0 to 4 years
561,3388,0.9255242857142855,0.4852428571428571,0.513413002152756,0 to 4 years
562,9885,0.9255242857142855,0.4852428571428571,0.513413002152756,0 to 4 years
563,5116,0.9255242857142855,0.4852428571428571,0.513413002152756,0 to 4 years
564,1412,0.9255242857142855,0.4852428571428571,0.513413002152756,0 to 4 years
565,3089,0.9255242857142855,0.4852428571428571,0.513413002152756,0 to 4 years
566,9976,0.9255242857142855,0.4852428571428571,0.513413002152756,0 to 4 years
567,4601,0.9255242857142855,0.4852428571428571,0.513413002152756,0 to 4 years
568,3292,0.9255242857142855,0.4852428571428571,0.513413002152756,0 to 4 years
569,2147,0.9255242857142855,0.4852428571428571,0.513413002152756,0 to 4 years
570,4478,0.9255242857142855,0.4852428571428571,0.513413002152756,0 to 4 years
571,1842,0.9255242857142855,0.4852428571428571,0.513413002152756,0 to 4 years
572,3764,0.9255242857142855,0.4852428571428571,0.513413002152756,0 to 4 years
573,8318,0.9255242857142855,0.4852428571428571,0.513413002152756,0 to 4 years
574,3830,0.9255242857142855,0.4852428571428571,0.513413002152756,0 to 4 years
575,2971,0.9255242857142855,0.4852428571428571,0.513413002152756,0 to 4 years
576,2639,0.9255242857142855,0.4852428571428571,0.513413002152756,0 to 4 years
577,580,0.9255242857142855,0.4852428571428571,0.513413002152756,0 to 4 years
578,3069,0.9255242857142855,0.4852428571428571,0.513413002152756,0 to 4 years
579,1107,0.9255242857142855,0.4852428571428571,0.513413002152756,0 to 4 years
580,5132,0.9255242857142855,0.4852428571428571,0.513413002152756,0 to 4 years
581,4170,0.9255242857142855,0.4852428571428571,0.513413002152756,0 to 4 years
582,2892,0.9255242857142855,0.4852428571428571,0.513413002152756,0 to 4 years
583,2914,0.9255242857142855,0.4852428571428571,0.513413002152756,0 to 4 years
584,4257,0.9255242857142855,0.4852428571428571,0.513413002152756,0 to 4 years
585,9425,0.9255242857142855,0.4852428571428571,0.513413002152756,0 to 4 years
586,281,0.9255242857142855,0.4852428571428571,0.513413002152756,0 to 4 years
587,6699,0.9255242857142855,0.4852428571428571,0.513413002152756,0 to 4 years
588,9665,0.9255242857142855,0.4852428571428571,0.513413002152756,0 to 4 years
589,8029,0.9255242857142855,0.4852428571428571,0.513413002152756,0 to 4 years
590,104,0.9255242857142855,0.4852428571428571,0.513413002152756,0 to 4 years
591,2959,0.9255242857142855,0.4852428571428571,0.513413002152756,0 to 4 years
592,5168,0.9255242857142855,0.4852428571428571,0.513413002152756,0 to 4 years
593,99,0.9255242857142855,0.4852428571428571,0.513413002152756,0 to 4 years
594,8636,0.9255242857142855,0.4852428571428571,0.513413002152756,0 to 4 years
595,2489,0.9255242857142855,0.4852428571428571,0.513413002152756,0 to 4 years
596,7475,0.9255242857142855,0.4852428571428571,0.513413002152756,0 to 4 years
597,2020,0.9255242857142855,0.4852428571428571,0.513413002152756,0 to 4 years
598,3462,0.9255242857142855,0.4852428571428571,0.513413002152756,0 to 4 years
599,5255,0.9255242857142855,0.4852428571428571,0.513413002152756,0 to 4 years
600,5101,0.9255242857142855,0.4852428571428571,0.513413002152756,0 to 4 years
601,6544,0.9255242857142855,0.4852428571428571,0.513413002152756,0 to 4 years
602,7868,0.9255242857142855,0.4852428571428571,0.513413002152756,0 to 4 years
603,1922,0.9255242857142855,0.4852428571428571,0.513413002152756,0 to 4 years
604,5596,0.9255242857142855,0.4852428571428571,0.513413002152756,0 to 4 years
605,4310,0.9255242857142855,0.4852428571428571,0.513413002152756,0 to 4 years
606,1907,0.9255242857142855,0.4852428571428571,0.513413002152756,0 to 4 years
607,1240,0.9255242857142855,0.4852428571428571,0.513413002152756,0 to 4 years
608,8341,0.9255242857142855,0.4852428571428571,0.513413002152756,0 to 4 years
609,6193,0.9255242857142855,0.4852428571428571,0.513413002152756,0 to 4 years
610,3341,0.9255242857142855,0.4852428571428571,0.513413002152756,0 to 4 years
611,9435,0.9255242857142855,0.4852428571428571,0.513413002152756,0 to 4 years
612,6168,0.9255242857142855,0.4852428571428571,0.513413002152756,0 to 4 years
613,5805,0.9255242857142855,0.4852428571428571,0.513413002152756,0 to 4 years
614,4665,0.9255242857142855,0.4852428571428571,0.513413002152756,0 to 4 years
615,2516,0.9255242857142855,0.4852428571428571,0.513413002152756,0 to 4 years
616,6734,0.9255242857142855,0.4852428571428571,0.513413002152756,0 to 4 years
617,5594,0.9255242857142855,0.4852428571428571,0.513413002152756,0 to 4 years
618,748,0.9255242857142855,0.4852428571428571,0.513413002152756,0 to 4 years
619,8062,0.9255242857142855,0.4852428571428571,0.513413002152756,0 to 4 years
620,2310,0.9255242857142855,0.4852428571428571,0.513413002152756,0 to 4 years
621,4884,0.9255242857142855,0.4852428571428571,0.513413002152756,0 to 4 years
622,4013,0.9255242857142855,0.4852428571428571,0.513413002152756,0 to 4 years
623,7498,0.9255242857142855,0.4852428571428571,0.513413002152756,0 to 4 years
624,6211,0.9255242857142855,0.4852428571428571,0.513413002152756,0 to 4 years
625,3242,0.9255242857142855,0.4852428571428571,0.513413002152756,0 to 4 years
626,7184,0.9255242857142855,0.4852428571428571,0.513413002152756,0 to 4 years
627,953,0.9255242857142855,0.4852428571428571,0.513413002152756,0 to 4 years
628,3275,0.9255242857142855,0.4852428571428571,0.513413002152756,0 to 4 years
629,6201,0.9255242857142855,0.4852428571428571,0.513413002152756,0 to 4 years
630,5550,0.9255242857142855,0.4852428571428571,0.513413002152756,0 to 4 years
631,4724,0.9255242857142855,0.4852428571428571,0.513413002152756,0 to 4 years
632,1242,0.9255242857142855,0.4852428571428571,0.513413002152756,0 to 4 years
633,2086,0.9255242857142855,0.4852428571428571,0.513413002152756,0 to 4 years
634,6390,0.9255242857142855,0.4852428571428571,0.513413002152756,0 to 4 years
635,6612,0.9255242857142855,0.4852428571428571,0.513413002152756,0 to 4 years
636,1956,0.9255242857142855,0.4852428571428571,0.513413002152756,0 to 4 years
637,9336,0.9255242857142855,0.4852428571428571,0.513413002152756,0 to 4 years
638,1888,0.9255242857142855,0.4852428571428571,0.513413002152756,0 to 4 years
639,5509,0.9255242857142855,0.4852428571428571,0.513413002152756,0 to 4 years
640,9956,0.9255242857142855,0.4852428571428571,0.513413002152756,0 to 4 years
641,6809,0.9255242857142855,0.4852428571428571,0.513413002152756,0 to 4 years
642,4153,0.9255242857142855,0.4852428571428571,0.513413002152756,0 to 4 years
643,8444,0.9255242857142855,0.4852428571428571,0.513413002152756,0 to 4 years
644,9178,0.9255242857142855,0.4852428571428571,0.513413002152756,0 to 4 years
645,9389,0.9255242857142855,0.4852428571428571,0.513413002152756,0 to 4 years
646,1319,0.9255242857142855,0.4852428571428571,0.513413002152756,0 to 4 years
647,8285,0.9255242857142855,0.4852428571428571,0.513413002152756,0 to 4 years
648,7050,0.9255242857142855,0.4852428571428571,0.513413002152756,0 to 4 years
649,4363,0.9255242857142855,0.4852428571428571,0.513413002152756,0 to 4 years
650,4380,0.9255242857142855,0.4852428571428571,0.513413002152756,0 to 4 years
651,8037,0.9255242857142855,0.4852428571428571,0.513413002152756,0 to 4 years
652,1228,0.9255242857142855,0.4852428571428571,0.513413002152756,0 to 4 years
653,1594,0.9255242857142855,0.4852428571428571,0.513413002152756,0 to 4 years
654,609,0.9255242857142855,0.4852428571428571,0.513413002152756,0 to 4 years
655,3115,0.9255242857142855,0.4852428571428571,0.513413002152756,0 to 4 years
656,9459,0.9255242857142855,0.4852428571428571,0.513413002152756,0 to 4 years
657,2887,0.9255242857142855,0.4852428571428571,0.513413002152756,0 to 4 years
658,4879,0.9255242857142855,0.4852428571428571,0.513413002152756,0 to 4 years
659,1732,0.9255242857142855,0.4852428571428571,0.513413002152756,0 to 4 years
660,1533,0.9255242857142855,0.4852428571428571,0.513413002152756,0 to 4 years
661,5808,0.9255242857142855,0.4852428571428571,0.513413002152756,0 to 4 years
662,2717,0.9255242857142855,0.4852428571428571,0.513413002152756,0 to 4 years
663,1595,0.9255242857142855,0.4852428571428571,0.513413002152756,0 to 4 years
664,2899,0.9255242857142855,0.4852428571428571,0.513413002152756,0 to 4 years
665,6767,0.9255242857142855,0.4852428571428571,0.513413002152756,0 to 4 years
666,4204,0.9255242857142855,0.4852428571428571,0.513413002152756,0 to 4 years
667,8192,0.9255242857142855,0.4852428571428571,0.513413002152756,0 to 4 years
668,874,0.9255242857142855,0.4852428571428571,0.513413002152756,0 to 4 years
669,7404,0.9255242857142855,0.4852428571428571,0.513413002152756,0 to 4 years
670,6418,0.9255242857142855,0.4852428571428571,0.513413002152756,0 to 4 years
671,7849,0.9255242857142855,0.4852428571428571,0.513413002152756,0 to 4 years
672,5608,0.9255242857142855,0.4852428571428571,0.513413002152756,0 to 4 years
673,3703,0.9255242857142855,0.4852428571428571,0.513413002152756,0 to 4 years
674,3449,0.9255242857142855,0.4852428571428571,0.513413002152756,0 to 4 years
675,4637,0.9255242857142855,0.4852428571428571,0.513413002152756,0 to 4 years
676,7662,0.9255242857142855,0.4852428571428571,0.513413002152756,0 to 4 years
677,7104,0.9255242857142855,0.4852428571428571,0.513413002152756,0 to 4 years
678,2789,0.9255242857142855,0.4852428571428571,0.513413002152756,0 to 4 years
679,4299,0.9255242857142855,0.4852428571428571,0.513413002152756,0 to 4 years
680,8862,0.9255242857142855,0.4852428571428571,0.513413002152756,0 to 4 years
681,4753,0.9255242857142855,0.4852428571428571,0.513413002152756,0 to 4 years
682,8492,0.9255242857142855,0.4852428571428571,0.513413002152756,0 to 4 years
683,176,0.9255242857142855,0.4852428571428571,0.513413002152756,0 to 4 years
684,2378,0.9255242857142855,0.4852428571428571,0.513413002152756,0 to 4 years
685,6625,0.9255242857142855,0.4852428571428571,0.513413002152756,0 to 4 years
686,3951,0.9255242857142855,0.4852428571428571,0.513413002152756,0 to 4 years
687,297,0.9255242857142855,0.4852428571428571,0.513413002152756,0 to 4 years
688,4095,0.9255242857142855,0.4852428571428571,0.513413002152756,0 to 4 years
689,8681,0.9255242857142855,0.4852428571428571,0.513413002152756,0 to 4 years
690,315,0.9255242857142855,0.4852428571428571,0.513413002152756,0 to 4 years
691,7358,0.9255242857142855,0.4852428571428571,0.513413002152756,0 to 4 years
692,536,0.9255242857142855,0.4852428571428571,0.513413002152756,0 to 4 years
693,779,0.9255242857142855,0.4852428571428571,0.513413002152756,0 to 4 years
694,2203,0.9255242857142855,0.4852428571428571,0.513413002152756,0 to 4 years
695,1641,0.9255242857142855,0.4852428571428571,0.513413002152756,0 to 4 years
696,9267,0.9255242857142855,0.4852428571428571,0.513413002152756,0 to 4 years
697,6664,0.9255242857142855,0.4852428571428571,0.513413002152756,0 to 4 years
698,157,0.9255242857142855,0.4852428571428571,0.513413002152756,0 to 4 years
699,8780,0.9255242857142855,0.4852428571428571,0.513413002152756,0 to 4 years
700,4515,0.9255242857142855,0.4852428571428571,0.513413002152756,0 to 4 years
701,8616,0.9255242857142855,0.4852428571428571,0.513413002152756,0 to 4 years
702,2335,0.9255242857142855,0.4852428571428571,0.513413002152756,0 to 4 years
703,9822,0.9255242857142855,0.4852428571428571,0.513413002152756,0 to 4 years
704,8339,0.9255242857142855,0.4852428571428571,0.513413002152756,0 to 4 years
705,300,0.9255242857142855,0.4852428571428571,0.513413002152756,0 to 4 years
706,9032,0.9255242857142855,0.4852428571428571,0.513413002152756,0 to 4 years
707,1743,0.9255242857142855,0.4852428571428571,0.513413002152756,0 to 4 years
708,5877,0.9255242857142855,0.4852428571428571,0.513413002152756,0 to 4 years
709,9388,0.9255242857142855,0.4852428571428571,0.513413002152756,0 to 4 years
710,994,0.9255242857142855,0.4852428571428571,0.513413002152756,0 to 4 years
711,5466,0.9255242857142855,0.4852428571428571,0.513413002152756,0 to 4 years
712,8886,0.9255242857142855,0.4852428571428571,0.513413002152756,0 to 4 years
713,8849,0.9255242857142855,0.4852428571428571,0.513413002152756,0 to 4 years
714,9232,0.9255242857142855,0.4852428571428571,0.513413002152756,0 to 4 years
715,400,0.9255242857142855,0.4852428571428571,0.513413002152756,0 to 4 years
716,9615,0.9255242857142855,0.4852428571428571,0.513413002152756,0 to 4 years
717,5134,0.9255242857142855,0.4852428571428571,0.513413002152756,0 to 4 years
718,3676,0.9255242857142855,0.4852428571428571,0.513413002152756,0 to 4 years
719,7440,0.9255242857142855,0.4852428571428571,0.513413002152756,0 to 4 years
720,551,0.9255242857142855,0.4852428571428571,0.513413002152756,0 to 4 years
721,3445,0.9255242857142855,0.4852428571428571,0.513413002152756,0 to 4 years
722,2192,0.9255242857142855,0.4852428571428571,0.513413002152756,0 to 4 years
723,421,0.9255242857142855,0.4852428571428571,0.513413002152756,0 to 4 years
724,9655,0.9255242857142855,0.4852428571428571,0.513413002152756,0 to 4 years
725,3141,0.9255242857142855,0.4852428571428571,0.513413002152756,0 to 4 years
726,8389,0.9255242857142855,0.4852428571428571,0.513413002152756,0 to 4 years
727,8618,0.9255242857142855,0.4852428571428571,0.513413002152756,0 to 4 years
728,6918,0.9255242857142855,0.4852428571428571,0.513413002152756,0 to 4 years
729,9865,0.9255242857142855,0.4852428571428571,0.513413002152756,0 to 4 years
730,7913,0.9255242857142855,0.4852428571428571,0.513413002152756,0 to 4 years
731,4197,0.9255242857142855,0.4852428571428571,0.513413002152756,0 to 4 years
732,6006,0.9255242857142855,0.4852428571428571,0.513413002152756,0 to 4 years
733,2606,0.9255242857142855,0.4852428571428571,0.513413002152756,0 to 4 years
734,7284,0.9255242857142855,0.4852428571428571,0.513413002152756,0 to 4 years
735,7194,0.9255242857142855,0.4852428571428571,0.513413002152756,0 to 4 years
736,7170,0.9255242857142855,0.4852428571428571,0.513413002152756,0 to 4 years
737,1413,0.9255242857142855,0.4852428571428571,0.513413002152756,0 to 4 years
738,5974,0.9255242857142855,0.4852428571428571,0.513413002152756,0 to 4 years
739,6617,0.9255242857142855,0.4852428571428571,0.513413002152756,0 to 4 years
740,8400,0.9255242857142855,0.4852428571428571,0.513413002152756,0 to 4 years
741,7944,0.9255242857142855,0.4852428571428571,0.513413002152756,0 to 4 years
742,2014,0.9255242857142855,0.4852428571428571,0.513413002152756,0 to 4 years
743,7192,0.9255242857142855,0.4852428571428571,0.513413002152756,0 to 4 years
744,232,0.9255242857142855,0.4852428571428571,0.513413002152756,0 to 4 years
745,6835,0.9255242857142855,0.4852428571428571,0.513413002152756,0 to 4 years
746,2487,0.9255242857142855,0.4852428571428571,0.513413002152756,0 to 4 years
747,6166,0.9255242857142855,0.4852428571428571,0.513413002152756,0 to 4 years
748,4485,0.9255242857142855,0.4852428571428571,0.513413002152756,0 to 4 years
749,928,0.9255242857142855,0.4852428571428571,0.513413002152756,0 to 4 years
750,1790,0.9255242857142855,0.4852428571428571,0.513413002152756,0 to 4 years
751,355,0.9255242857142855,0.4852428571428571,0.513413002152756,0 to 4 years
752,8762,0.9255242857142855,0.4852428571428571,0.513413002152756,0 to 4 years
753,374,0.9255242857142855,0.4852428571428571,0.513413002152756,0 to 4 years
754,2194,0.9255242857142855,0.4852428571428571,0.513413002152756,0 to 4 years
755,9877,0.9255242857142855,0.4852428571428571,0.513413002152756,0 to 4 years
756,8764,0.9255242857142855,0.4852428571428571,0.513413002152756,0 to 4 years
757,9523,0.9255242857142855,0.4852428571428571,0.513413002152756,0 to 4 years
758,8390,0.0,0.4852428571428571,0.513413002152756,0 to 4 years
759,3856,0.9255242857142855,0.4852428571428571,0.513413002152756,0 to 4 years
760,6852,0.9255242857142855,0.4852428571428571,0.513413002152756,0 to 4 years
761,9116,0.9255242857142855,0.4852428571428571,0.513413002152756,0 to 4 years
762,9378,0.9255242857142855,0.4852428571428571,0.513413002152756,0 to 4 years
763,4089,0.9255242857142855,0.4852428571428571,0.513413002152756,0 to 4 years
764,5503,0.9255242857142855,0.4852428571428571,0.513413002152756,0 to 4 years
765,1416,0.9255242857142855,0.4852428571428571,0.513413002152756,0 to 4 years
766,19,0.9255242857142855,0.4852428571428571,0.513413002152756,0 to 4 years
767,973,0.9255242857142855,0.4852428571428571,0.513413002152756,0 to 4 years
768,9576,0.9255242857142855,0.4852428571428571,0.513413002152756,0 to 4 years
769,8956,0.9255242857142855,0.4852428571428571,0.513413002152756,0 to 4 years
770,1520,0.9255242857142855,0.4852428571428571,0.513413002152756,0 to 4 years
771,3616,0.9255242857142855,0.4852428571428571,0.513413002152756,0 to 4 years
772,4001,0.9255242857142855,0.4852428571428571,0.513413002152756,0 to 4 years
773,4115,0.9255242857142855,0.4852428571428571,0.513413002152756,0 to 4 years
774,5095,0.9255242857142855,0.4852428571428571,0.513413002152756,0 to 4 years
775,5228,0.9255242857142855,0.4852428571428571,0.513413002152756,0 to 4 years
776,8923,0.9255242857142855,0.4852428571428571,0.513413002152756,0 to 4 years
777,723,0.9255242857142855,0.4852428571428571,0.513413002152756,0 to 4 years
778,9220,0.9255242857142855,0.4852428571428571,0.513413002152756,0 to 4 years
779,4703,0.9255242857142855,0.4852428571428571,0.513413002152756,0 to 4 years
780,7874,0.9255242857142855,0.4852428571428571,0.513413002152756,0 to 4 years
781,1664,0.9255242857142855,0.4852428571428571,0.513413002152756,0 to 4 years
782,1872,0.9255242857142855,0.4852428571428571,0.513413002152756,0 to 4 years
783,4278,0.9255242857142855,0.4852428571428571,0.513413002152756,0 to 4 years
784,906,0.9255242857142855,0.4852428571428571,0.513413002152756,0 to 4 years
785,5022,0.9255242857142855,0.4852428571428571,0.513413002152756,0 to 4 years
786,6445,0.9255242857142855,0.4852428571428571,0.513413002152756,0 to 4 years
787,9353,0.9255242857142855,0.4852428571428571,0.513413002152756,0 to 4 years
788,8317,0.9255242857142855,0.4852428571428571,0.513413002152756,0 to 4 years
789,686,0.9255242857142855,0.4852428571428571,0.513413002152756,0 to 4 years
790,462,0.9255242857142855,0.4852428571428571,0.513413002152756,0 to 4 years
791,325,0.9255242857142855,0.4852428571428571,0.513413002152756,0 to 4 years
792,7915,0.9255242857142855,0.4852428571428571,0.513413002152756,0 to 4 years
793,844,0.9255242857142855,0.4852428571428571,0.513413002152756,0 to 4 years
794,1089,0.6129265816688882,0.4852428571428571,0.513413002152756,0 to 4 years
795,1113,0.9255242857142855,0.4852428571428571,0.513413002152756,0 to 4 years
796,5163,0.9255242857142855,0.4852428571428571,0.513413002152756,0 to 4 years
797,394,0.9255242857142855,0.4852428571428571,0.513413002152756,0 to 4 years
798,4422,0.9255242857142855,0.4852428571428571,0.513413002152756,0 to 4 years
799,4150,0.9255242857142855,0.4852428571428571,0.513413002152756,0 to 4 years
800,3005,0.9255242857142855,0.4852428571428571,0.513413002152756,0 to 4 years
801,7673,0.9255242857142855,0.4852428571428571,0.513413002152756,0 to 4 years
802,4894,0.9255242857142855,0.4852428571428571,0.513413002152756,0 to 4 years
803,7907,0.9255242857142855,0.4852428571428571,0.513413002152756,0 to 4 years
804,7493,0.9255242857142855,0.4852428571428571,0.513413002152756,0 to 4 years
805,4722,0.9255242857142855,0.4852428571428571,0.513413002152756,0 to 4 years
806,3553,0.9255242857142855,0.4852428571428571,0.513413002152756,0 to 4 years
807,4796,0.9255242857142855,0.4852428571428571,0.513413002152756,0 to 4 years
808,3278,0.9255242857142855,0.4852428571428571,0.513413002152756,0 to 4 years
809,4975,0.9255242857142855,0.4852428571428571,0.513413002152756,0 to 4 years
810,2040,0.9255242857142855,0.4852428571428571,0.513413002152756,0 to 4 years
811,5696,0.9255242857142855,0.4852428571428571,0.513413002152756,0 to 4 years
812,2229,0.9255242857142855,0.4852428571428571,0.513413002152756,0 to 4 years
813,5912,0.9255242857142855,0.4852428571428571,0.513413002152756,0 to 4 years
814,7647,0.9255242857142855,0.4852428571428571,0.513413002152756,0 to 4 years
815,1307,0.9255242857142855,0.4852428571428571,0.513413002152756,0 to 4 years
816,7083,0.9255242857142855,0.4852428571428571,0.513413002152756,0 to 4 years
817,3896,0.9255242857142855,0.4852428571428571,0.513413002152756,0 to 4 years
818,8120,0.9255242857142855,0.4852428571428571,0.513413002152756,0 to 4 years
819,2265,0.9255242857142855,0.4852428571428571,0.513413002152756,0 to 4 years
820,7227,0.9255242857142855,0.4852428571428571,0.513413002152756,0 to 4 years
821,1438,0.9255242857142855,0.4852428571428571,0.513413002152756,0 to 4 years
822,7270,0.9255242857142855,0.4852428571428571,0.513413002152756,0 to 4 years
823,2395,0.9255242857142855,0.4852428571428571,0.513413002152756,0 to 4 years
824,3230,0.9255242857142855,0.4852428571428571,0.513413002152756,0 to 4 years
825,1618,0.9255242857142855,0.4852428571428571,0.513413002152756,0 to 4 years
826,8265,0.9255242857142855,0.4852428571428571,0.513413002152756,0 to 4 years
827,8847,0.9255242857142855,0.4852428571428571,0.513413002152756,0 to 4 years
828,2550,0.9255242857142855,0.4852428571428571,0.513413002152756,0 to 4 years
829,6859,0.9255242857142855,0.4852428571428571,0.513413002152756,0 to 4 years
830,3119,0.9255242857142855,0.4852428571428571,0.513413002152756,0 to 4 years
831,2509,0.9255242857142855,0.4852428571428571,0.513413002152756,0 to 4 years
832,1573,0.9255242857142855,0.4852428571428571,0.513413002152756,0 to 4 years
833,3692,0.9255242857142855,0.4852428571428571,0.513413002152756,0 to 4 years
834,4486,0.9255242857142855,0.4852428571428571,0.513413002152756,0 to 4 years
835,6731,0.9255242857142855,0.4852428571428571,0.513413002152756,0 to 4 years
836,4423,0.9255242857142855,0.4852428571428571,0.513413002152756,0 to 4 years
837,3644,0.9255242857142855,0.4852428571428571,0.513413002152756,0 to 4 years
838,5688,0.9255242857142855,0.4852428571428571,0.513413002152756,0 to 4 years
839,5637,0.9255242857142855,0.4852428571428571,0.513413002152756,0 to 4 years
840,2855,0.9255242857142855,0.4852428571428571,0.513413002152756,0 to 4 years
841,4407,0.9255242857142855,0.4852428571428571,0.513413002152756,0 to 4 years
842,338,0.9255242857142855,0.4852428571428571,0.513413002152756,0 to 4 years
843,1854,0.9255242857142855,0.4852428571428571,0.513413002152756,0 to 4 years
844,6387,0.9255242857142855,0.4852428571428571,0.513413002152756,0 to 4 years
845,3237,0.9255242857142855,0.4852428571428571,0.513413002152756,0 to 4 years
846,7042,0.9255242857142855,0.4852428571428571,0.513413002152756,0 to 4 years
847,6527,0.9255242857142855,0.4852428571428571,0.513413002152756,0 to 4 years
848,6961,0.9255242857142855,0.4852428571428571,0.513413002152756,0 to 4 years
849,318,0.9255242857142855,0.4852428571428571,0.513413002152756,0 to 4 years
850,2821,0.9255242857142855,0.4852428571428571,0.513413002152756,0 to 4 years
851,6141,0.9255242857142855,0.4852428571428571,0.513413002152756,0 to 4 years
852,5986,0.9255242857142855,0.4852428571428571,0.513413002152756,0 to 4 years
853,358,0.9255242857142855,0.4852428571428571,0.513413002152756,0 to 4 years
854,3639,0.9255242857142855,0.4852428571428571,0.513413002152756,0 to 4 years
855,9412,0.9255242857142855,0.4852428571428571,0.513413002152756,0 to 4 years
856,7265,0.9255242857142855,0.4852428571428571,0.513413002152756,0 to 4 years
857,372,0.9255242857142855,0.4852428571428571,0.513413002152756,0 to 4 years
858,128,0.9255242857142855,0.4852428571428571,0.513413002152756,0 to 4 years
859,360,0.9255242857142855,0.4852428571428571,0.513413002152756,0 to 4 years
860,8935,0.9255242857142855,0.4852428571428571,0.513413002152756,0 to 4 years
861,912,0.9255242857142855,0.4852428571428571,0.513413002152756,0 to 4 years
862,2924,0.9255242857142855,0.4852428571428571,0.513413002152756,0 to 4 years
863,4921,0.9255242857142855,0.4852428571428571,0.513413002152756,0 to 4 years
864,9702,0.9255242857142855,0.4852428571428571,0.513413002152756,0 to 4 years
865,7623,0.9255242857142855,0.4852428571428571,0.513413002152756,0 to 4 years
866,6697,0.9255242857142855,0.4852428571428571,0.513413002152756,0 to 4 years
867,5031,0.9255242857142855,0.4852428571428571,0.513413002152756,0 to 4 years
868,5853,0.9255242857142855,0.4852428571428571,0.513413002152756,0 to 4 years
869,5910,0.9255242857142855,0.4852428571428571,0.513413002152756,0 to 4 years
870,5441,0.9255242857142855,0.4852428571428571,0.513413002152756,0 to 4 years
871,2810,0.9255242857142855,0.4852428571428571,0.513413002152756,0 to 4 years
872,7162,0.9255242857142855,0.4852428571428571,0.513413002152756,0 to 4 years
873,9254,0.9255242857142855,0.4852428571428571,0.513413002152756,0 to 4 years
874,9390,0.9255242857142855,0.4852428571428571,0.513413002152756,0 to 4 years
875,2594,0.9255242857142855,0.4852428571428571,0.513413002152756,0 to 4 years
876,9023,0.9255242857142855,0.4852428571428571,0.513413002152756,0 to 4 years
877,5011,0.9255242857142855,0.4852428571428571,0.513413002152756,0 to 4 years
878,7468,0.9255242857142855,0.4852428571428571,0.513413002152756,0 to 4 years
879,4965,0.9255242857142855,0.4852428571428571,0.513413002152756,0 to 4 years
880,3369,0.9255242857142855,0.4852428571428571,0.513413002152756,0 to 4 years
881,34,0.9255242857142855,0.4852428571428571,0.513413002152756,0 to 4 years
882,5603,0.9255242857142855,0.4852428571428571,0.513413002152756,0 to 4 years
883,7544,0.9255242857142855,0.4852428571428571,0.513413002152756,0 to 4 years
884,6822,0.9255242857142855,0.4852428571428571,0.513413002152756,0 to 4 years
885,4684,0.9255242857142855,0.4852428571428571,0.513413002152756,0 to 4 years
886,6354,0.9255242857142855,0.4852428571428571,0.513413002152756,0 to 4 years
887,9736,0.9255242857142855,0.4852428571428571,0.513413002152756,0 to 4 years
888,5965,0.9255242857142855,0.4852428571428571,0.513413002152756,0 to 4 years
889,4956,0.9255242857142855,0.4852428571428571,0.513413002152756,0 to 4 years
890,5492,0.9255242857142855,0.4852428571428571,0.513413002152756,0 to 4 years
891,7565,0.9255242857142855,0.4852428571428571,0.513413002152756,0 to 4 years
892,5510,0.9255242857142855,0.4852428571428571,0.513413002152756,0 to 4 years
893,573,0.9255242857142855,0.4852428571428571,0.513413002152756,0 to 4 years
894,3260,0.9255242857142855,0.4852428571428571,0.513413002152756,0 to 4 years
895,1691,0.9255242857142855,0.4852428571428571,0.513413002152756,0 to 4 years
896,1935,0.9255242857142855,0.4852428571428571,0.513413002152756,0 to 4 years
897,1766,0.9255242857142855,0.4852428571428571,0.513413002152756,0 to 4 years
898,9973,0.9255242857142855,0.4852428571428571,0.513413002152756,0 to 4 years
899,9275,0.9255242857142855,0.4852428571428571,0.513413002152756,0 to 4 years
900,8131,0.9255242857142855,0.4852428571428571,0.513413002152756,0 to 4 years
901,8052,0.9255242857142855,0.4852428571428571,0.513413002152756,0 to 4 years
902,5676,0.9255242857142855,0.4852428571428571,0.513413002152756,0 to 4 years
903,9242,0.9255242857142855,0.4852428571428571,0.513413002152756,0 to 4 years
904,4579,0.9255242857142855,0.4852428571428571,0.513413002152756,0 to 4 years
905,7013,0.9255242857142855,0.4852428571428571,0.513413002152756,0 to 4 years
906,6897,0.9255242857142855,0.4852428571428571,0.513413002152756,0 to 4 years
907,6585,0.9255242857142855,0.4852428571428571,0.513413002152756,0 to 4 years
908,1741,0.9255242857142855,0.4852428571428571,0.513413002152756,0 to 4 years
909,7740,0.9255242857142855,0.4852428571428571,0.513413002152756,0 to 4 years
910,5425,0.9255242857142855,0.4852428571428571,0.513413002152756,0 to 4 years
911,276,0.9255242857142855,0.4852428571428571,0.513413002152756,0 to 4 years
912,7563,0.9255242857142855,0.4852428571428571,0.513413002152756,0 to 4 years
913,2547,0.9255242857142855,0.4852428571428571,0.513413002152756,0 to 4 years
914,3099,0.9255242857142855,0.4852428571428571,0.513413002152756,0 to 4 years
915,5313,0.9255242857142855,0.4852428571428571,0.513413002152756,0 to 4 years
916,6886,0.9255242857142855,0.4852428571428571,0.513413002152756,0 to 4 years
917,7676,0.9255242857142855,0.4852428571428571,0.513413002152756,0 to 4 years
918,2150,0.9255242857142855,0.4852428571428571,0.513413002152756,0 to 4 years
919,1577,0.9255242857142855,0.4852428571428571,0.513413002152756,0 to 4 years
920,6085,0.9255242857142855,0.4852428571428571,0.513413002152756,0 to 4 years
921,9472,0.9255242857142855,0.4852428571428571,0.513413002152756,0 to 4 years
922,8606,0.9255242857142855,0.4852428571428571,0.513413002152756,0 to 4 years
923,7691,0.9255242857142855,0.4852428571428571,0.513413002152756,0 to 4 years
924,8567,0.9255242857142855,0.4852428571428571,0.513413002152756,0 to 4 years
925,985,0.9255242857142855,0.4852428571428571,0.513413002152756,0 to 4 years
926,8278,0.9255242857142855,0.4852428571428571,0.513413002152756,0 to 4 years
927,6826,0.9255242857142855,0.4852428571428571,0.513413002152756,0 to 4 years
928,6432,0.9255242857142855,0.4852428571428571,0.513413002152756,0 to 4 years
929,2721,0.9255242857142855,0.4852428571428571,0.513413002152756,0 to 4 years
930,4448,0.9255242857142855,0.4852428571428571,0.513413002152756,0 to 4 years
931,8983,0.9255242857142855,0.4852428571428571,0.513413002152756,0 to 4 years
932,2741,0.9255242857142855,0.4852428571428571,0.513413002152756,0 to 4 years
933,122,0.9255242857142855,0.4852428571428571,0.513413002152756,0 to 4 years
934,515,0.9255242857142855,0.4852428571428571,0.513413002152756,0 to 4 years
935,4789,0.9255242857142855,0.4852428571428571,0.513413002152756,0 to 4 years
936,8292,0.9255242857142855,0.4852428571428571,0.513413002152756,0 to 4 years
937,5968,0.9255242857142855,0.4852428571428571,0.513413002152756,0 to 4 years
938,9812,0.9255242857142855,0.4852428571428571,0.513413002152756,0 to 4 years
939,5700,0.9255242857142855,0.4852428571428571,0.513413002152756,0 to 4 years
940,1850,0.9255242857142855,0.4852428571428571,0.513413002152756,0 to 4 years
941,7835,0.9255242857142855,0.4852428571428571,0.513413002152756,0 to 4 years
942,5913,0.9255242857142855,0.4852428571428571,0.513413002152756,0 to 4 years
943,3645,0.9255242857142855,0.4852428571428571,0.513413002152756,0 to 4 years
944,2668,0.9255242857142855,0.4852428571428571,0.513413002152756,0 to 4 years
945,1684,0.9255242857142855,0.4852428571428571,0.513413002152756,0 to 4 years
946,9802,0.9255242857142855,0.4852428571428571,0.513413002152756,0 to 4 years
947,1974,0.9255242857142855,0.4852428571428571,0.513413002152756,0 to 4 years
948,3228,0.9255242857142855,0.4852428571428571,0.513413002152756,0 to 4 years
949,9910,0.9255242857142855,0.4852428571428571,0.513413002152756,0 to 4 years
950,7956,0.9255242857142855,0.4852428571428571,0.513413002152756,0 to 4 years
951,3063,0.9255242857142855,0.4852428571428571,0.513413002152756,0 to 4 years
952,2377,0.9255242857142855,0.4852428571428571,0.513413002152756,0 to 4 years
953,1491,0.9255242857142855,0.4852428571428571,0.513413002152756,0 to 4 years
954,75,0.9255242857142855,0.4852428571428571,0.513413002152756,0 to 4 years
955,7919,0.9255242857142855,0.4852428571428571,0.513413002152756,0 to 4 years
956,1623,0.9255242857142855,0.4852428571428571,0.513413002152756,0 to 4 years
957,9543,0.9255242857142855,0.4852428571428571,0.513413002152756,0 to 4 years
958,1588,0.9255242857142855,0.4852428571428571,0.513413002152756,0 to 4 years
959,7019,0.9255242857142855,0.4852428571428571,0.513413002152756,0 to 4 years
960,4780,0.9255242857142855,0.4852428571428571,0.513413002152756,0 to 4 years
961,875,0.9255242857142855,0.4852428571428571,0.513413002152756,0 to 4 years
962,4369,0.9255242857142855,0.4852428571428571,0.513413002152756,0 to 4 years
963,3598,0.9255242857142855,0.4852428571428571,0.513413002152756,0 to 4 years
964,3646,0.9255242857142855,0.4852428571428571,0.513413002152756,0 to 4 years
965,2244,0.9255242857142855,0.4852428571428571,0.513413002152756,0 to 4 years
966,8421,0.9255242857142855,0.4852428571428571,0.513413002152756,0 to 4 years
967,6914,0.9255242857142855,0.4852428571428571,0.513413002152756,0 to 4 years
968,8735,0.38130630101428564,0.4852428571428571,0.513413002152756,0 to 4 years
969,3231,0.9255242857142855,0.4852428571428571,0.513413002152756,0 to 4 years
970,3779,0.9255242857142855,0.4852428571428571,0.513413002152756,0 to 4 years
971,2456,0.9255242857142855,0.4852428571428571,0.513413002152756,0 to 4 years
972,237,0.9255242857142855,0.4852428571428571,0.513413002152756,0 to 4 years
973,3605,0.9255242857142855,0.4852428571428571,0.513413002152756,0 to 4 years
974,8173,0.9255242857142855,0.4852428571428571,0.513413002152756,0 to 4 years
975,8545,0.9255242857142855,0.4852428571428571,0.513413002152756,0 to 4 years
976,4646,0.9255242857142855,0.4852428571428571,0.513413002152756,0 to 4 years
977,52,0.9255242857142855,0.4852428571428571,0.513413002152756,0 to 4 years
978,4625,0.9255242857142855,0.4852428571428571,0.513413002152756,0 to 4 years
979,1996,0.9255242857142855,0.4852428571428571,0.513413002152756,0 to 4 years
980,5971,0.9255242857142855,0.4852428571428571,0.513413002152756,0 to 4 years
981,9724,0.9255242857142855,0.4852428571428571,0.513413002152756,0 to 4 years
982,2381,0.9255242857142855,0.4852428571428571,0.513413002152756,0 to 4 years
983,9043,0.9255242857142855,0.4852428571428571,0.513413002152756,0 to 4 years
984,1675,0.9255242857142855,0.4852428571428571,0.513413002152756,0 to 4 years
985,8679,0.9255242857142855,0.4852428571428571,0.513413002152756,0 to 4 years
986,523,0.9255242857142855,0.4852428571428571,0.513413002152756,0 to 4 years
987,6830,0.9255242857142855,0.4852428571428571,0.513413002152756,0 to 4 years
988,1277,0.9255242857142855,0.4852428571428571,0.513413002152756,0 to 4 years
989,7287,0.9255242857142855,0.4852428571428571,0.513413002152756,0 to 4 years
990,9172,0.9255242857142855,0.4852428571428571,0.513413002152756,0 to 4 years
991,9384,0.9255242857142855,0.4852428571428571,0.513413002152756,0 to 4 years
992,4543,0.9255242857142855,0.4852428571428571,0.513413002152756,0 to 4 years
993,3484,0.9255242857142855,0.4852428571428571,0.513413002152756,0 to 4 years
994,189,0.9255242857142855,0.4852428571428571,0.513413002152756,0 to 4 years
995,5729,0.9255242857142855,0.4852428571428571,0.513413002152756,0 to 4 years
996,3328,0.9255242857142855,0.4852428571428571,0.513413002152756,0 to 4 years
997,9047,0.9255242857142855,0.4852428571428571,0.513413002152756,0 to 4 years
998,9735,0.9255242857142855,0.4852428571428571,0.513413002152756,0 to 4 years
999,6650,0.9255242857142855,0.4852428571428571,0.513413002152756,0 to 4 years
1000,8058,0.9255242857142855,0.4852428571428571,0.513413002152756,0 to 4 years
1001,186,0.9255242857142855,0.4852428571428571,0.513413002152756,0 to 4 years
1002,9573,0.9255242857142855,0.4852428571428571,0.513413002152756,0 to 4 years
1003,6991,0.9255242857142855,0.4852428571428571,0.513413002152756,0 to 4 years
1004,9259,0.9255242857142855,0.4852428571428571,0.513413002152756,0 to 4 years
1005,7978,0.9255242857142855,0.4852428571428571,0.513413002152756,0 to 4 years
1006,8194,0.9255242857142855,0.4852428571428571,0.513413002152756,0 to 4 years
1007,5605,0.9255242857142855,0.4852428571428571,0.513413002152756,0 to 4 years
1008,1136,0.9255242857142855,0.4852428571428571,0.513413002152756,0 to 4 years
1009,8931,0.9255242857142855,0.4852428571428571,0.513413002152756,0 to 4 years
1010,8772,0.9255242857142855,0.4852428571428571,0.513413002152756,0 to 4 years
1011,2522,0.9255242857142855,0.4852428571428571,0.513413002152756,0 to 4 years
1012,7260,0.9255242857142855,0.4852428571428571,0.513413002152756,0 to 4 years
1013,6075,0.9255242857142855,0.4852428571428571,0.513413002152756,0 to 4 years
1014,6335,0.9255242857142855,0.4852428571428571,0.513413002152756,0 to 4 years
1015,8628,0.9255242857142855,0.4852428571428571,0.513413002152756,0 to 4 years
1016,5762,0.9255242857142855,0.4852428571428571,0.513413002152756,0 to 4 years
1017,8387,0.9255242857142855,0.4852428571428571,0.513413002152756,0 to 4 years
1018,6482,0.9255242857142855,0.4852428571428571,0.513413002152756,0 to 4 years
1019,4856,0.9255242857142855,0.4852428571428571,0.513413002152756,0 to 4 years
1020,3541,0.9255242857142855,0.4852428571428571,0.513413002152756,0 to 4 years
1021,3880,0.9255242857142855,0.4852428571428571,0.513413002152756,0 to 4 years
1022,9119,0.9255242857142855,0.4852428571428571,0.513413002152756,0 to 4 years
1023,6447,0.9255242857142855,0.4852428571428571,0.513413002152756,0 to 4 years
1024,2654,0.9255242857142855,0.4852428571428571,0.513413002152756,0 to 4 years
1025,9123,0.9255242857142855,0.4852428571428571,0.513413002152756,0 to 4 years
1026,5693,0.879524285714285,0.4852428571428571,0.513413002152756,10 to 14 years
1027,2369,0.879524285714285,0.4852428571428571,0.513413002152756,10 to 14 years
1028,9863,0.879524285714285,0.4852428571428571,0.513413002152756,10 to 14 years
1029,5286,0.879524285714285,0.4852428571428571,0.513413002152756,10 to 14 years
1030,40,0.879524285714285,0.4852428571428571,0.513413002152756,10 to 14 years
1031,2870,0.879524285714285,0.4852428571428571,0.513413002152756,10 to 14 years
1032,2532,0.879524285714285,0.4852428571428571,0.513413002152756,10 to 14 years
1033,7634,0.879524285714285,0.4852428571428571,0.513413002152756,10 to 14 years
1034,6137,0.879524285714285,0.4852428571428571,0.513413002152756,10 to 14 years
1035,9390,0.879524285714285,0.4852428571428571,0.513413002152756,10 to 14 years
1036,160,0.879524285714285,0.4852428571428571,0.513413002152756,10 to 14 years
1037,3342,0.879524285714285,0.4852428571428571,0.513413002152756,10 to 14 years
1038,7659,0.879524285714285,0.4852428571428571,0.513413002152756,10 to 14 years
1039,8750,0.879524285714285,0.4852428571428571,0.513413002152756,10 to 14 years
1040,9869,0.879524285714285,0.4852428571428571,0.513413002152756,10 to 14 years
1041,7633,0.879524285714285,0.4852428571428571,0.513413002152756,10 to 14 years
1042,8922,0.879524285714285,0.4852428571428571,0.513413002152756,10 to 14 years
1043,8147,0.879524285714285,0.4852428571428571,0.513413002152756,10 to 14 years
1044,7873,0.879524285714285,0.4852428571428571,0.513413002152756,10 to 14 years
1045,9189,0.879524285714285,0.4852428571428571,0.513413002152756,10 to 14 years
1046,5189,0.879524285714285,0.4852428571428571,0.513413002152756,10 to 14 years
1047,7555,0.879524285714285,0.4852428571428571,0.513413002152756,10 to 14 years
1048,6113,0.879524285714285,0.4852428571428571,0.513413002152756,10 to 14 years
1049,1335,0.879524285714285,0.4852428571428571,0.513413002152756,10 to 14 years
1050,1184,0.879524285714285,0.4852428571428571,0.513413002152756,10 to 14 years
1051,8942,0.879524285714285,0.4852428571428571,0.513413002152756,10 to 14 years
1052,547,0.879524285714285,0.4852428571428571,0.513413002152756,10 to 14 years
1053,3701,0.879524285714285,0.4852428571428571,0.513413002152756,10 to 14 years
1054,4403,0.879524285714285,0.4852428571428571,0.513413002152756,10 to 14 years
1055,3375,0.879524285714285,0.4852428571428571,0.513413002152756,10 to 14 years
1056,3324,0.879524285714285,0.4852428571428571,0.513413002152756,10 to 14 years
1057,6552,0.879524285714285,0.4852428571428571,0.513413002152756,10 to 14 years
1058,7046,0.879524285714285,0.4852428571428571,0.513413002152756,10 to 14 years
1059,9702,0.879524285714285,0.4852428571428571,0.513413002152756,10 to 14 years
1060,7776,0.879524285714285,0.4852428571428571,0.513413002152756,10 to 14 years
1061,5767,0.879524285714285,0.4852428571428571,0.513413002152756,10 to 14 years
1062,2240,0.879524285714285,0.4852428571428571,0.513413002152756,10 to 14 years
1063,2818,0.879524285714285,0.4852428571428571,0.513413002152756,10 to 14 years
1064,6156,0.879524285714285,0.4852428571428571,0.513413002152756,10 to 14 years
1065,7363,0.879524285714285,0.4852428571428571,0.513413002152756,10 to 14 years
1066,1354,0.879524285714285,0.4852428571428571,0.513413002152756,10 to 14 years
1067,514,0.879524285714285,0.4852428571428571,0.513413002152756,10 to 14 years
1068,9203,0.879524285714285,0.4852428571428571,0.513413002152756,10 to 14 years
1069,7582,0.879524285714285,0.4852428571428571,0.513413002152756,10 to 14 years
1070,2576,0.879524285714285,0.4852428571428571,0.513413002152756,10 to 14 years
1071,21,0.879524285714285,0.4852428571428571,0.513413002152756,10 to 14 years
1072,4397,0.879524285714285,0.4852428571428571,0.513413002152756,10 to 14 years
1073,1291,0.879524285714285,0.4852428571428571,0.513413002152756,10 to 14 years
1074,1855,0.879524285714285,0.4852428571428571,0.513413002152756,10 to 14 years
1075,2126,0.879524285714285,0.4852428571428571,0.513413002152756,10 to 14 years
1076,7109,0.879524285714285,0.4852428571428571,0.513413002152756,10 to 14 years
1077,2909,0.879524285714285,0.4852428571428571,0.513413002152756,10 to 14 years
1078,9214,0.879524285714285,0.4852428571428571,0.513413002152756,10 to 14 years
1079,8960,0.879524285714285,0.4852428571428571,0.513413002152756,10 to 14 years
1080,2610,0.879524285714285,0.4852428571428571,0.513413002152756,10 to 14 years
1081,8556,0.879524285714285,0.4852428571428571,0.513413002152756,10 to 14 years
1082,3655,0.879524285714285,0.4852428571428571,0.513413002152756,10 to 14 years
1083,1816,0.879524285714285,0.4852428571428571,0.513413002152756,10 to 14 years
1084,9053,0.879524285714285,0.4852428571428571,0.513413002152756,10 to 14 years
1085,316,0.879524285714285,0.4852428571428571,0.513413002152756,10 to 14 years
1086,4830,0.879524285714285,0.4852428571428571,0.513413002152756,10 to 14 years
1087,9879,0.879524285714285,0.4852428571428571,0.513413002152756,10 to 14 years
1088,2843,0.879524285714285,0.4852428571428571,0.513413002152756,10 to 14 years
1089,4601,0.879524285714285,0.4852428571428571,0.513413002152756,10 to 14 years
1090,9503,0.879524285714285,0.4852428571428571,0.513413002152756,10 to 14 years
1091,7934,0.879524285714285,0.4852428571428571,0.513413002152756,10 to 14 years
1092,8688,0.879524285714285,0.4852428571428571,0.513413002152756,10 to 14 years
1093,274,0.879524285714285,0.4852428571428571,0.513413002152756,10 to 14 years
1094,3264,0.879524285714285,0.4852428571428571,0.513413002152756,10 to 14 years
1095,6984,0.879524285714285,0.4852428571428571,0.513413002152756,10 to 14 years
1096,5178,0.879524285714285,0.4852428571428571,0.513413002152756,10 to 14 years
1097,6987,0.879524285714285,0.4852428571428571,0.513413002152756,10 to 14 years
1098,3103,0.879524285714285,0.4852428571428571,0.513413002152756,10 to 14 years
1099,8483,0.879524285714285,0.4852428571428571,0.513413002152756,10 to 14 years
1100,6248,0.879524285714285,0.4852428571428571,0.513413002152756,10 to 14 years
1101,2027,0.879524285714285,0.4852428571428571,0.513413002152756,10 to 14 years
1102,4938,0.879524285714285,0.4852428571428571,0.513413002152756,10 to 14 years
1103,6282,0.879524285714285,0.4852428571428571,0.513413002152756,10 to 14 years
1104,4869,0.879524285714285,0.4852428571428571,0.513413002152756,10 to 14 years
1105,3223,0.879524285714285,0.4852428571428571,0.513413002152756,10 to 14 years
1106,6337,0.879524285714285,0.4852428571428571,0.513413002152756,10 to 14 years
1107,5549,0.879524285714285,0.4852428571428571,0.513413002152756,10 to 14 years
1108,7492,0.879524285714285,0.4852428571428571,0.513413002152756,10 to 14 years
1109,840,0.879524285714285,0.4852428571428571,0.513413002152756,10 to 14 years
1110,9929,0.879524285714285,0.4852428571428571,0.513413002152756,10 to 14 years
1111,6924,0.879524285714285,0.4852428571428571,0.513413002152756,10 to 14 years
1112,9199,0.879524285714285,0.4852428571428571,0.513413002152756,10 to 14 years
1113,6772,0.879524285714285,0.4852428571428571,0.513413002152756,10 to 14 years
1114,7218,0.879524285714285,0.4852428571428571,0.513413002152756,10 to 14 years
1115,5764,0.879524285714285,0.4852428571428571,0.513413002152756,10 to 14 years
1116,2630,0.879524285714285,0.4852428571428571,0.513413002152756,10 to 14 years
1117,8773,0.879524285714285,0.4852428571428571,0.513413002152756,10 to 14 years
1118,6558,0.879524285714285,0.4852428571428571,0.513413002152756,10 to 14 years
1119,5413,0.879524285714285,0.4852428571428571,0.513413002152756,10 to 14 years
1120,4261,0.879524285714285,0.4852428571428571,0.513413002152756,10 to 14 years
1121,1458,0.0,0.4852428571428571,0.513413002152756,10 to 14 years
1122,968,0.879524285714285,0.4852428571428571,0.513413002152756,10 to 14 years
1123,2876,0.879524285714285,0.4852428571428571,0.513413002152756,10 to 14 years
1124,5431,0.879524285714285,0.4852428571428571,0.513413002152756,10 to 14 years
1125,1157,0.879524285714285,0.4852428571428571,0.513413002152756,10 to 14 years
1126,8515,0.879524285714285,0.4852428571428571,0.513413002152756,10 to 14 years
1127,9404,0.879524285714285,0.4852428571428571,0.513413002152756,10 to 14 years
1128,844,0.879524285714285,0.4852428571428571,0.513413002152756,10 to 14 years
1129,6305,0.879524285714285,0.4852428571428571,0.513413002152756,10 to 14 years
1130,4177,0.879524285714285,0.4852428571428571,0.513413002152756,10 to 14 years
1131,3391,0.879524285714285,0.4852428571428571,0.513413002152756,10 to 14 years
1132,1847,0.879524285714285,0.4852428571428571,0.513413002152756,10 to 14 years
1133,3208,0.879524285714285,0.4852428571428571,0.513413002152756,10 to 14 years
1134,2704,0.879524285714285,0.4852428571428571,0.513413002152756,10 to 14 years
1135,5503,0.879524285714285,0.4852428571428571,0.513413002152756,10 to 14 years
1136,858,0.879524285714285,0.4852428571428571,0.513413002152756,10 to 14 years
1137,1237,0.879524285714285,0.4852428571428571,0.513413002152756,10 to 14 years
1138,5088,0.879524285714285,0.4852428571428571,0.513413002152756,10 to 14 years
1139,8862,0.879524285714285,0.4852428571428571,0.513413002152756,10 to 14 years
1140,2154,0.879524285714285,0.4852428571428571,0.513413002152756,10 to 14 years
1141,7946,0.879524285714285,0.4852428571428571,0.513413002152756,10 to 14 years
1142,791,0.879524285714285,0.4852428571428571,0.513413002152756,10 to 14 years
1143,1621,0.879524285714285,0.4852428571428571,0.513413002152756,10 to 14 years
1144,2624,0.879524285714285,0.4852428571428571,0.513413002152756,10 to 14 years
1145,393,0.879524285714285,0.4852428571428571,0.513413002152756,10 to 14 years
1146,8494,0.0,0.4852428571428571,0.513413002152756,10 to 14 years
1147,5678,0.879524285714285,0.4852428571428571,0.513413002152756,10 to 14 years
1148,1464,0.879524285714285,0.4852428571428571,0.513413002152756,10 to 14 years
1149,4851,0.879524285714285,0.4852428571428571,0.513413002152756,10 to 14 years
1150,3251,0.879524285714285,0.4852428571428571,0.513413002152756,10 to 14 years
1151,9896,0.879524285714285,0.4852428571428571,0.513413002152756,10 to 14 years
1152,1734,0.879524285714285,0.4852428571428571,0.513413002152756,10 to 14 years
1153,3510,0.879524285714285,0.4852428571428571,0.513413002152756,10 to 14 years
1154,7178,0.879524285714285,0.4852428571428571,0.513413002152756,10 to 14 years
1155,7440,0.879524285714285,0.4852428571428571,0.513413002152756,10 to 14 years
1156,586,0.879524285714285,0.4852428571428571,0.513413002152756,10 to 14 years
1157,1835,0.879524285714285,0.4852428571428571,0.513413002152756,10 to 14 years
1158,6396,0.879524285714285,0.4852428571428571,0.513413002152756,10 to 14 years
1159,9488,0.879524285714285,0.4852428571428571,0.513413002152756,10 to 14 years
1160,8329,0.879524285714285,0.4852428571428571,0.513413002152756,10 to 14 years
1161,6529,0.879524285714285,0.4852428571428571,0.513413002152756,10 to 14 years
1162,2061,0.879524285714285,0.4852428571428571,0.513413002152756,10 to 14 years
1163,1696,0.879524285714285,0.4852428571428571,0.513413002152756,10 to 14 years
1164,1752,0.879524285714285,0.4852428571428571,0.513413002152756,10 to 14 years
1165,3040,0.879524285714285,0.4852428571428571,0.513413002152756,10 to 14 years
1166,5269,0.879524285714285,0.4852428571428571,0.513413002152756,10 to 14 years
1167,1138,0.879524285714285,0.4852428571428571,0.513413002152756,10 to 14 years
1168,1019,0.879524285714285,0.4852428571428571,0.513413002152756,10 to 14 years
1169,118,0.879524285714285,0.4852428571428571,0.513413002152756,10 to 14 years
1170,6995,0.879524285714285,0.4852428571428571,0.513413002152756,10 to 14 years
1171,1662,0.879524285714285,0.4852428571428571,0.513413002152756,10 to 14 years
1172,2753,0.879524285714285,0.4852428571428571,0.513413002152756,10 to 14 years
1173,92,0.879524285714285,0.4852428571428571,0.513413002152756,10 to 14 years
1174,4322,0.879524285714285,0.4852428571428571,0.513413002152756,10 to 14 years
1175,5806,0.879524285714285,0.4852428571428571,0.513413002152756,10 to 14 years
1176,2872,0.879524285714285,0.4852428571428571,0.513413002152756,10 to 14 years
1177,8435,0.879524285714285,0.4852428571428571,0.513413002152756,10 to 14 years
1178,447,0.879524285714285,0.4852428571428571,0.513413002152756,10 to 14 years
1179,3128,0.879524285714285,0.4852428571428571,0.513413002152756,10 to 14 years
1180,9380,0.879524285714285,0.4852428571428571,0.513413002152756,10 to 14 years
1181,9007,0.879524285714285,0.4852428571428571,0.513413002152756,10 to 14 years
1182,6077,0.879524285714285,0.4852428571428571,0.513413002152756,10 to 14 years
1183,7705,0.879524285714285,0.4852428571428571,0.513413002152756,10 to 14 years
1184,510,0.879524285714285,0.4852428571428571,0.513413002152756,10 to 14 years
1185,7846,0.879524285714285,0.4852428571428571,0.513413002152756,10 to 14 years
1186,9824,0.879524285714285,0.4852428571428571,0.513413002152756,10 to 14 years
1187,6362,0.879524285714285,0.4852428571428571,0.513413002152756,10 to 14 years
1188,1319,0.879524285714285,0.4852428571428571,0.513413002152756,10 to 14 years
1189,3910,0.879524285714285,0.4852428571428571,0.513413002152756,10 to 14 years
1190,5254,0.879524285714285,0.4852428571428571,0.513413002152756,10 to 14 years
1191,5596,0.879524285714285,0.4852428571428571,0.513413002152756,10 to 14 years
1192,6205,0.879524285714285,0.4852428571428571,0.513413002152756,10 to 14 years
1193,6538,0.879524285714285,0.4852428571428571,0.513413002152756,10 to 14 years
1194,5086,0.879524285714285,0.4852428571428571,0.513413002152756,10 to 14 years
1195,8250,0.879524285714285,0.4852428571428571,0.513413002152756,10 to 14 years
1196,8203,0.879524285714285,0.4852428571428571,0.513413002152756,10 to 14 years
1197,1523,0.879524285714285,0.4852428571428571,0.513413002152756,10 to 14 years
1198,4993,0.879524285714285,0.4852428571428571,0.513413002152756,10 to 14 years
1199,5486,0.879524285714285,0.4852428571428571,0.513413002152756,10 to 14 years
1200,1749,0.879524285714285,0.4852428571428571,0.513413002152756,10 to 14 years
1201,7895,0.879524285714285,0.4852428571428571,0.513413002152756,10 to 14 years
1202,9075,0.879524285714285,0.4852428571428571,0.513413002152756,10 to 14 years
1203,4358,0.879524285714285,0.4852428571428571,0.513413002152756,10 to 14 years
1204,2007,0.879524285714285,0.4852428571428571,0.513413002152756,10 to 14 years
1205,9535,0.879524285714285,0.4852428571428571,0.513413002152756,10 to 14 years
1206,3571,0.879524285714285,0.4852428571428571,0.513413002152756,10 to 14 years
1207,333,0.879524285714285,0.4852428571428571,0.513413002152756,10 to 14 years
1208,7465,0.879524285714285,0.4852428571428571,0.513413002152756,10 to 14 years
1209,7911,0.879524285714285,0.4852428571428571,0.513413002152756,10 to 14 years
1210,9909,0.879524285714285,0.4852428571428571,0.513413002152756,10 to 14 years
1211,8233,0.879524285714285,0.4852428571428571,0.513413002152756,10 to 14 years
1212,1100,0.879524285714285,0.4852428571428571,0.513413002152756,10 to 14 years
1213,8315,0.879524285714285,0.4852428571428571,0.513413002152756,10 to 14 years
1214,2434,0.879524285714285,0.4852428571428571,0.513413002152756,10 to 14 years
1215,1435,0.879524285714285,0.4852428571428571,0.513413002152756,10 to 14 years
1216,7042,0.879524285714285,0.4852428571428571,0.513413002152756,10 to 14 years
1217,931,0.879524285714285,0.4852428571428571,0.513413002152756,10 to 14 years
1218,3084,0.879524285714285,0.4852428571428571,0.513413002152756,10 to 14 years
1219,7045,0.879524285714285,0.4852428571428571,0.513413002152756,10 to 14 years
1220,8092,0.879524285714285,0.4852428571428571,0.513413002152756,10 to 14 years
1221,9575,0.879524285714285,0.4852428571428571,0.513413002152756,10 to 14 years
1222,6489,0.879524285714285,0.4852428571428571,0.513413002152756,10 to 14 years
1223,2380,0.879524285714285,0.4852428571428571,0.513413002152756,10 to 14 years
1224,884,0.879524285714285,0.4852428571428571,0.513413002152756,10 to 14 years
1225,9768,0.879524285714285,0.4852428571428571,0.513413002152756,10 to 14 years
1226,5008,0.879524285714285,0.4852428571428571,0.513413002152756,10 to 14 years
1227,4241,0.879524285714285,0.4852428571428571,0.513413002152756,10 to 14 years
1228,5602,0.879524285714285,0.4852428571428571,0.513413002152756,10 to 14 years
1229,2371,0.879524285714285,0.4852428571428571,0.513413002152756,10 to 14 years
1230,6407,0.879524285714285,0.4852428571428571,0.513413002152756,10 to 14 years
1231,5511,0.879524285714285,0.4852428571428571,0.513413002152756,10 to 14 years
1232,6954,0.879524285714285,0.4852428571428571,0.513413002152756,10 to 14 years
1233,1944,0.879524285714285,0.4852428571428571,0.513413002152756,10 to 14 years
1234,8074,0.879524285714285,0.4852428571428571,0.513413002152756,10 to 14 years
1235,2271,0.879524285714285,0.4852428571428571,0.513413002152756,10 to 14 years
1236,4038,0.879524285714285,0.4852428571428571,0.513413002152756,10 to 14 years
1237,4703,0.879524285714285,0.4852428571428571,0.513413002152756,10 to 14 years
1238,6934,0.879524285714285,0.4852428571428571,0.513413002152756,10 to 14 years
1239,1423,0.879524285714285,0.4852428571428571,0.513413002152756,10 to 14 years
1240,5520,0.879524285714285,0.4852428571428571,0.513413002152756,10 to 14 years
1241,4210,0.879524285714285,0.4852428571428571,0.513413002152756,10 to 14 years
1242,3804,0.879524285714285,0.4852428571428571,0.513413002152756,10 to 14 years
1243,6247,0.879524285714285,0.4852428571428571,0.513413002152756,10 to 14 years
1244,8006,0.879524285714285,0.4852428571428571,0.513413002152756,10 to 14 years
1245,6878,0.879524285714285,0.4852428571428571,0.513413002152756,10 to 14 years
1246,8938,0.879524285714285,0.4852428571428571,0.513413002152756,10 to 14 years
1247,1607,0.879524285714285,0.4852428571428571,0.513413002152756,10 to 14 years
1248,3912,0.879524285714285,0.4852428571428571,0.513413002152756,10 to 14 years
1249,9382,0.879524285714285,0.4852428571428571,0.513413002152756,10 to 14 years
1250,364,0.879524285714285,0.4852428571428571,0.513413002152756,10 to 14 years
1251,2249,0.879524285714285,0.4852428571428571,0.513413002152756,10 to 14 years
1252,1508,0.879524285714285,0.4852428571428571,0.513413002152756,10 to 14 years
1253,4303,0.879524285714285,0.4852428571428571,0.513413002152756,10 to 14 years
1254,2001,0.879524285714285,0.4852428571428571,0.513413002152756,10 to 14 years
1255,1170,0.879524285714285,0.4852428571428571,0.513413002152756,10 to 14 years
1256,5395,0.879524285714285,0.4852428571428571,0.513413002152756,10 to 14 years
1257,2142,0.879524285714285,0.4852428571428571,0.513413002152756,10 to 14 years
1258,2108,0.879524285714285,0.4852428571428571,0.513413002152756,10 to 14 years
1259,3282,0.879524285714285,0.4852428571428571,0.513413002152756,10 to 14 years
1260,6250,0.879524285714285,0.4852428571428571,0.513413002152756,10 to 14 years
1261,5560,0.879524285714285,0.4852428571428571,0.513413002152756,10 to 14 years
1262,2109,0.879524285714285,0.4852428571428571,0.513413002152756,10 to 14 years
1263,5106,0.879524285714285,0.4852428571428571,0.513413002152756,10 to 14 years
1264,3648,0.879524285714285,0.4852428571428571,0.513413002152756,10 to 14 years
1265,6368,0.879524285714285,0.4852428571428571,0.513413002152756,10 to 14 years
1266,431,0.879524285714285,0.4852428571428571,0.513413002152756,10 to 14 years
1267,8538,0.879524285714285,0.4852428571428571,0.513413002152756,10 to 14 years
1268,9821,0.879524285714285,0.4852428571428571,0.513413002152756,10 to 14 years
1269,1829,0.879524285714285,0.4852428571428571,0.513413002152756,10 to 14 years
1270,209,0.879524285714285,0.4852428571428571,0.513413002152756,10 to 14 years
1271,8085,0.879524285714285,0.4852428571428571,0.513413002152756,10 to 14 years
1272,2787,0.879524285714285,0.4852428571428571,0.513413002152756,10 to 14 years
1273,768,0.879524285714285,0.4852428571428571,0.513413002152756,10 to 14 years
1274,5724,0.879524285714285,0.4852428571428571,0.513413002152756,10 to 14 years
1275,7762,0.879524285714285,0.4852428571428571,0.513413002152756,10 to 14 years
1276,2143,0.879524285714285,0.4852428571428571,0.513413002152756,10 to 14 years
1277,6426,0.879524285714285,0.4852428571428571,0.513413002152756,10 to 14 years
1278,8769,0.879524285714285,0.4852428571428571,0.513413002152756,10 to 14 years
1279,5659,0.879524285714285,0.4852428571428571,0.513413002152756,10 to 14 years
1280,1947,0.879524285714285,0.4852428571428571,0.513413002152756,10 to 14 years
1281,7557,0.879524285714285,0.4852428571428571,0.513413002152756,10 to 14 years
1282,6372,0.879524285714285,0.4852428571428571,0.513413002152756,10 to 14 years
1283,7716,0.879524285714285,0.4852428571428571,0.513413002152756,10 to 14 years
1284,304,0.879524285714285,0.4852428571428571,0.513413002152756,10 to 14 years
1285,1210,0.879524285714285,0.4852428571428571,0.513413002152756,10 to 14 years
1286,5779,0.879524285714285,0.4852428571428571,0.513413002152756,10 to 14 years
1287,408,0.879524285714285,0.4852428571428571,0.513413002152756,10 to 14 years
1288,1577,0.879524285714285,0.4852428571428571,0.513413002152756,10 to 14 years
1289,3775,0.879524285714285,0.4852428571428571,0.513413002152756,10 to 14 years
1290,4568,0.879524285714285,0.4852428571428571,0.513413002152756,10 to 14 years
1291,2862,0.879524285714285,0.4852428571428571,0.513413002152756,10 to 14 years
1292,2063,0.879524285714285,0.4852428571428571,0.513413002152756,10 to 14 years
1293,7176,0.879524285714285,0.4852428571428571,0.513413002152756,10 to 14 years
1294,2975,0.879524285714285,0.4852428571428571,0.513413002152756,10 to 14 years
1295,1676,0.879524285714285,0.4852428571428571,0.513413002152756,10 to 14 years
1296,1573,0.879524285714285,0.4852428571428571,0.513413002152756,10 to 14 years
1297,8608,0.879524285714285,0.4852428571428571,0.513413002152756,10 to 14 years
1298,6586,0.879524285714285,0.4852428571428571,0.513413002152756,10 to 14 years
1299,3767,0.879524285714285,0.4852428571428571,0.513413002152756,10 to 14 years
1300,1784,0.879524285714285,0.4852428571428571,0.513413002152756,10 to 14 years
1301,377,0.879524285714285,0.4852428571428571,0.513413002152756,10 to 14 years
1302,4271,0.879524285714285,0.4852428571428571,0.513413002152756,10 to 14 years
1303,946,0.879524285714285,0.4852428571428571,0.513413002152756,10 to 14 years
1304,5612,0.879524285714285,0.4852428571428571,0.513413002152756,10 to 14 years
1305,2991,0.879524285714285,0.4852428571428571,0.513413002152756,10 to 14 years
1306,3096,0.879524285714285,0.4852428571428571,0.513413002152756,10 to 14 years
1307,3327,0.879524285714285,0.4852428571428571,0.513413002152756,10 to 14 years
1308,1929,0.879524285714285,0.4852428571428571,0.513413002152756,10 to 14 years
1309,2817,0.879524285714285,0.4852428571428571,0.513413002152756,10 to 14 years
1310,2690,0.879524285714285,0.4852428571428571,0.513413002152756,10 to 14 years
1311,6110,0.879524285714285,0.4852428571428571,0.513413002152756,10 to 14 years
1312,3167,0.879524285714285,0.4852428571428571,0.513413002152756,10 to 14 years
1313,5439,0.879524285714285,0.4852428571428571,0.513413002152756,10 to 14 years
1314,9688,0.879524285714285,0.4852428571428571,0.513413002152756,10 to 14 years
1315,1095,0.879524285714285,0.4852428571428571,0.513413002152756,10 to 14 years
1316,8809,0.879524285714285,0.4852428571428571,0.513413002152756,10 to 14 years
1317,6118,0.879524285714285,0.4852428571428571,0.513413002152756,10 to 14 years
1318,3556,0.879524285714285,0.4852428571428571,0.513413002152756,10 to 14 years
1319,9684,0.879524285714285,0.4852428571428571,0.513413002152756,10 to 14 years
1320,6797,0.879524285714285,0.4852428571428571,0.513413002152756,10 to 14 years
1321,5644,0.879524285714285,0.4852428571428571,0.513413002152756,10 to 14 years
1322,1143,0.879524285714285,0.4852428571428571,0.513413002152756,10 to 14 years
1323,2506,0.879524285714285,0.4852428571428571,0.513413002152756,10 to 14 years
1324,6886,0.879524285714285,0.4852428571428571,0.513413002152756,10 to 14 years
1325,317,0.879524285714285,0.4852428571428571,0.513413002152756,10 to 14 years
1326,6370,0.879524285714285,0.4852428571428571,0.513413002152756,10 to 14 years
1327,3215,0.879524285714285,0.4852428571428571,0.513413002152756,10 to 14 years
1328,5028,0.879524285714285,0.4852428571428571,0.513413002152756,10 to 14 years
1329,5786,0.879524285714285,0.4852428571428571,0.513413002152756,10 to 14 years
1330,7614,0.879524285714285,0.4852428571428571,0.513413002152756,10 to 14 years
1331,6930,0.879524285714285,0.4852428571428571,0.513413002152756,10 to 14 years
1332,2414,0.879524285714285,0.4852428571428571,0.513413002152756,10 to 14 years
1333,6746,0.879524285714285,0.4852428571428571,0.513413002152756,10 to 14 years
1334,9405,0.879524285714285,0.4852428571428571,0.513413002152756,10 to 14 years
1335,5843,0.879524285714285,0.4852428571428571,0.513413002152756,10 to 14 years
1336,2794,0.879524285714285,0.4852428571428571,0.513413002152756,10 to 14 years
1337,7335,0.879524285714285,0.4852428571428571,0.513413002152756,10 to 14 years
1338,3005,0.879524285714285,0.4852428571428571,0.513413002152756,10 to 14 years
1339,8011,0.879524285714285,0.4852428571428571,0.513413002152756,10 to 14 years
1340,411,0.879524285714285,0.4852428571428571,0.513413002152756,10 to 14 years
1341,8271,0.879524285714285,0.4852428571428571,0.513413002152756,10 to 14 years
1342,1308,0.879524285714285,0.4852428571428571,0.513413002152756,10 to 14 years
1343,7506,0.879524285714285,0.4852428571428571,0.513413002152756,10 to 14 years
1344,5840,0.879524285714285,0.4852428571428571,0.513413002152756,10 to 14 years
1345,2682,0.879524285714285,0.4852428571428571,0.513413002152756,10 to 14 years
1346,9950,0.879524285714285,0.4852428571428571,0.513413002152756,10 to 14 years
1347,6820,0.879524285714285,0.4852428571428571,0.513413002152756,10 to 14 years
1348,4731,0.879524285714285,0.4852428571428571,0.513413002152756,10 to 14 years
1349,6967,0.879524285714285,0.4852428571428571,0.513413002152756,10 to 14 years
1350,7829,0.879524285714285,0.4852428571428571,0.513413002152756,10 to 14 years
1351,8878,0.879524285714285,0.4852428571428571,0.513413002152756,10 to 14 years
1352,1504,0.879524285714285,0.4852428571428571,0.513413002152756,10 to 14 years
1353,6753,0.879524285714285,0.4852428571428571,0.513413002152756,10 to 14 years
1354,8364,0.879524285714285,0.4852428571428571,0.513413002152756,10 to 14 years
1355,3174,0.879524285714285,0.4852428571428571,0.513413002152756,10 to 14 years
1356,8977,0.879524285714285,0.4852428571428571,0.513413002152756,10 to 14 years
1357,4661,0.879524285714285,0.4852428571428571,0.513413002152756,10 to 14 years
1358,6761,0.879524285714285,0.4852428571428571,0.513413002152756,10 to 14 years
1359,5865,0.879524285714285,0.4852428571428571,0.513413002152756,10 to 14 years
1360,3112,0.879524285714285,0.4852428571428571,0.513413002152756,10 to 14 years
1361,762,0.879524285714285,0.4852428571428571,0.513413002152756,10 to 14 years
1362,5277,0.879524285714285,0.4852428571428571,0.513413002152756,10 to 14 years
1363,9169,0.879524285714285,0.4852428571428571,0.513413002152756,10 to 14 years
1364,7844,0.879524285714285,0.4852428571428571,0.513413002152756,10 to 14 years
1365,5180,0.879524285714285,0.4852428571428571,0.513413002152756,10 to 14 years
1366,5497,0.879524285714285,0.4852428571428571,0.513413002152756,10 to 14 years
1367,7191,0.879524285714285,0.4852428571428571,0.513413002152756,10 to 14 years
1368,8585,0.879524285714285,0.4852428571428571,0.513413002152756,10 to 14 years
1369,2896,0.879524285714285,0.4852428571428571,0.513413002152756,10 to 14 years
1370,4564,0.879524285714285,0.4852428571428571,0.513413002152756,10 to 14 years
1371,8877,0.879524285714285,0.4852428571428571,0.513413002152756,10 to 14 years
1372,3386,0.879524285714285,0.4852428571428571,0.513413002152756,10 to 14 years
1373,8,0.879524285714285,0.4852428571428571,0.513413002152756,10 to 14 years
1374,9226,0.879524285714285,0.4852428571428571,0.513413002152756,10 to 14 years
1375,8173,0.879524285714285,0.4852428571428571,0.513413002152756,10 to 14 years
1376,3632,0.879524285714285,0.4852428571428571,0.513413002152756,10 to 14 years
1377,9686,0.879524285714285,0.4852428571428571,0.513413002152756,10 to 14 years
1378,8927,0.879524285714285,0.4852428571428571,0.513413002152756,10 to 14 years
1379,8423,0.879524285714285,0.4852428571428571,0.513413002152756,10 to 14 years
1380,5035,0.879524285714285,0.4852428571428571,0.513413002152756,10 to 14 years
1381,719,0.879524285714285,0.4852428571428571,0.513413002152756,10 to 14 years
1382,131,0.879524285714285,0.4852428571428571,0.513413002152756,10 to 14 years
1383,6150,0.879524285714285,0.4852428571428571,0.513413002152756,10 to 14 years
1384,6209,0.879524285714285,0.4852428571428571,0.513413002152756,10 to 14 years
1385,5995,0.879524285714285,0.4852428571428571,0.513413002152756,10 to 14 years
1386,727,0.879524285714285,0.4852428571428571,0.513413002152756,10 to 14 years
1387,9926,0.879524285714285,0.4852428571428571,0.513413002152756,10 to 14 years
1388,6116,0.879524285714285,0.4852428571428571,0.513413002152756,10 to 14 years
1389,9690,0.879524285714285,0.4852428571428571,0.513413002152756,10 to 14 years
1390,5408,0.879524285714285,0.4852428571428571,0.513413002152756,10 to 14 years
1391,6769,0.879524285714285,0.4852428571428571,0.513413002152756,10 to 14 years
1392,2230,0.879524285714285,0.4852428571428571,0.513413002152756,10 to 14 years
1393,7011,0.879524285714285,0.4852428571428571,0.513413002152756,10 to 14 years
1394,1438,0.879524285714285,0.4852428571428571,0.513413002152756,10 to 14 years
1395,423,0.879524285714285,0.4852428571428571,0.513413002152756,10 to 14 years
1396,1226,0.879524285714285,0.4852428571428571,0.513413002152756,10 to 14 years
1397,5532,0.879524285714285,0.4852428571428571,0.513413002152756,10 to 14 years
1398,5716,0.879524285714285,0.4852428571428571,0.513413002152756,10 to 14 years
1399,7477,0.879524285714285,0.4852428571428571,0.513413002152756,10 to 14 years
1400,7392,0.879524285714285,0.4852428571428571,0.513413002152756,10 to 14 years
1401,3361,0.879524285714285,0.4852428571428571,0.513413002152756,10 to 14 years
1402,28,0.879524285714285,0.4852428571428571,0.513413002152756,10 to 14 years
1403,6532,0.879524285714285,0.4852428571428571,0.513413002152756,10 to 14 years
1404,6971,0.879524285714285,0.4852428571428571,0.513413002152756,10 to 14 years
1405,3723,0.879524285714285,0.4852428571428571,0.513413002152756,10 to 14 years
1406,6491,0.879524285714285,0.4852428571428571,0.513413002152756,10 to 14 years
1407,4230,0.879524285714285,0.4852428571428571,0.513413002152756,10 to 14 years
1408,3790,0.879524285714285,0.4852428571428571,0.513413002152756,10 to 14 years
1409,7550,0.879524285714285,0.4852428571428571,0.513413002152756,10 to 14 years
1410,460,0.879524285714285,0.4852428571428571,0.513413002152756,10 to 14 years
1411,3853,0.879524285714285,0.4852428571428571,0.513413002152756,10 to 14 years
1412,6787,0.879524285714285,0.4852428571428571,0.513413002152756,10 to 14 years
1413,1564,0.879524285714285,0.4852428571428571,0.513413002152756,10 to 14 years
1414,1284,0.879524285714285,0.4852428571428571,0.513413002152756,10 to 14 years
1415,1012,0.879524285714285,0.4852428571428571,0.513413002152756,10 to 14 years
1416,8390,0.0,0.4852428571428571,0.513413002152756,10 to 14 years
1417,7223,0.879524285714285,0.4852428571428571,0.513413002152756,10 to 14 years
1418,9377,0.879524285714285,0.4852428571428571,0.513413002152756,10 to 14 years
1419,8668,0.879524285714285,0.4852428571428571,0.513413002152756,10 to 14 years
1420,24,0.879524285714285,0.4852428571428571,0.513413002152756,10 to 14 years
1421,1659,0.879524285714285,0.4852428571428571,0.513413002152756,10 to 14 years
1422,2043,0.879524285714285,0.4852428571428571,0.513413002152756,10 to 14 years
1423,165,0.879524285714285,0.4852428571428571,0.513413002152756,10 to 14 years
1424,2303,0.879524285714285,0.4852428571428571,0.513413002152756,10 to 14 years
1425,9038,0.879524285714285,0.4852428571428571,0.513413002152756,10 to 14 years
1426,2431,0.879524285714285,0.4852428571428571,0.513413002152756,10 to 14 years
1427,4329,0.879524285714285,0.4852428571428571,0.513413002152756,10 to 14 years
1428,1411,0.879524285714285,0.4852428571428571,0.513413002152756,10 to 14 years
1429,5450,0.879524285714285,0.4852428571428571,0.513413002152756,10 to 14 years
1430,6606,0.879524285714285,0.4852428571428571,0.513413002152756,10 to 14 years
1431,4543,0.879524285714285,0.4852428571428571,0.513413002152756,10 to 14 years
1432,58,0.0,0.4852428571428571,0.513413002152756,10 to 14 years
1433,4509,0.879524285714285,0.4852428571428571,0.513413002152756,10 to 14 years
1434,16,0.879524285714285,0.4852428571428571,0.513413002152756,10 to 14 years
1435,5768,0.879524285714285,0.4852428571428571,0.513413002152756,10 to 14 years
1436,3371,0.47314415839222224,0.4852428571428571,0.513413002152756,10 to 14 years
1437,6999,0.879524285714285,0.4852428571428571,0.513413002152756,10 to 14 years
1438,1130,0.879524285714285,0.4852428571428571,0.513413002152756,10 to 14 years
1439,9682,0.879524285714285,0.4852428571428571,0.513413002152756,10 to 14 years
1440,1787,0.879524285714285,0.4852428571428571,0.513413002152756,10 to 14 years
1441,4269,0.879524285714285,0.4852428571428571,0.513413002152756,10 to 14 years
1442,3780,0.879524285714285,0.4852428571428571,0.513413002152756,10 to 14 years
1443,3257,0.879524285714285,0.4852428571428571,0.513413002152756,10 to 14 years
1444,710,0.879524285714285,0.4852428571428571,0.513413002152756,10 to 14 years
1445,1417,0.879524285714285,0.4852428571428571,0.513413002152756,10 to 14 years
1446,1290,0.879524285714285,0.4852428571428571,0.513413002152756,10 to 14 years
1447,7252,0.879524285714285,0.4852428571428571,0.513413002152756,10 to 14 years
1448,4102,0.879524285714285,0.4852428571428571,0.513413002152756,10 to 14 years
1449,5880,0.879524285714285,0.4852428571428571,0.513413002152756,10 to 14 years
1450,9168,0.879524285714285,0.4852428571428571,0.513413002152756,10 to 14 years
1451,7961,0.879524285714285,0.4852428571428571,0.513413002152756,10 to 14 years
1452,2806,0.879524285714285,0.4852428571428571,0.513413002152756,10 to 14 years
1453,5810,0.879524285714285,0.4852428571428571,0.513413002152756,10 to 14 years
1454,6631,0.879524285714285,0.4852428571428571,0.513413002152756,10 to 14 years
1455,2712,0.879524285714285,0.4852428571428571,0.513413002152756,10 to 14 years
1456,6813,0.879524285714285,0.4852428571428571,0.513413002152756,10 to 14 years
1457,4548,0.879524285714285,0.4852428571428571,0.513413002152756,10 to 14 years
1458,7984,0.879524285714285,0.4852428571428571,0.513413002152756,10 to 14 years
1459,9173,0.879524285714285,0.4852428571428571,0.513413002152756,10 to 14 years
1460,7601,0.879524285714285,0.4852428571428571,0.513413002152756,10 to 14 years
1461,9757,0.879524285714285,0.4852428571428571,0.513413002152756,10 to 14 years
1462,8951,0.879524285714285,0.4852428571428571,0.513413002152756,10 to 14 years
1463,532,0.879524285714285,0.4852428571428571,0.513413002152756,10 to 14 years
1464,8312,0.879524285714285,0.4852428571428571,0.513413002152756,10 to 14 years
1465,9700,0.879524285714285,0.4852428571428571,0.513413002152756,10 to 14 years
1466,7232,0.879524285714285,0.4852428571428571,0.513413002152756,10 to 14 years
1467,3625,0.879524285714285,0.4852428571428571,0.513413002152756,10 to 14 years
1468,8991,0.879524285714285,0.4852428571428571,0.513413002152756,10 to 14 years
1469,5342,0.879524285714285,0.4852428571428571,0.513413002152756,10 to 14 years
1470,800,0.879524285714285,0.4852428571428571,0.513413002152756,10 to 14 years
1471,9697,0.0,0.4852428571428571,0.513413002152756,10 to 14 years
1472,4277,0.879524285714285,0.4852428571428571,0.513413002152756,10 to 14 years
1473,9924,0.879524285714285,0.4852428571428571,0.513413002152756,10 to 14 years
1474,9032,0.879524285714285,0.4852428571428571,0.513413002152756,10 to 14 years
1475,2488,0.879524285714285,0.4852428571428571,0.513413002152756,10 to 14 years
1476,7528,0.879524285714285,0.4852428571428571,0.513413002152756,10 to 14 years
1477,9433,0.879524285714285,0.4852428571428571,0.513413002152756,10 to 14 years
1478,8953,0.879524285714285,0.4852428571428571,0.513413002152756,10 to 14 years
1479,463,0.879524285714285,0.4852428571428571,0.513413002152756,10 to 14 years
1480,9927,0.879524285714285,0.4852428571428571,0.513413002152756,10 to 14 years
1481,9623,0.879524285714285,0.4852428571428571,0.513413002152756,10 to 14 years
1482,9473,0.879524285714285,0.4852428571428571,0.513413002152756,10 to 14 years
1483,714,0.879524285714285,0.4852428571428571,0.513413002152756,10 to 14 years
1484,2598,0.879524285714285,0.4852428571428571,0.513413002152756,10 to 14 years
1485,5373,0.879524285714285,0.4852428571428571,0.513413002152756,10 to 14 years
1486,9350,0.879524285714285,0.4852428571428571,0.513413002152756,10 to 14 years
1487,7788,0.879524285714285,0.4852428571428571,0.513413002152756,10 to 14 years
1488,8674,0.879524285714285,0.4852428571428571,0.513413002152756,10 to 14 years
1489,703,0.879524285714285,0.4852428571428571,0.513413002152756,10 to 14 years
1490,2490,0.879524285714285,0.4852428571428571,0.513413002152756,10 to 14 years
1491,9584,0.879524285714285,0.4852428571428571,0.513413002152756,10 to 14 years
1492,7198,0.879524285714285,0.4852428571428571,0.513413002152756,10 to 14 years
1493,8911,0.879524285714285,0.4852428571428571,0.513413002152756,10 to 14 years
1494,6748,0.879524285714285,0.4852428571428571,0.513413002152756,10 to 14 years
1495,1805,0.879524285714285,0.4852428571428571,0.513413002152756,10 to 14 years
1496,1828,0.879524285714285,0.4852428571428571,0.513413002152756,10 to 14 years
1497,7571,0.879524285714285,0.4852428571428571,0.513413002152756,10 to 14 years
1498,862,0.879524285714285,0.4852428571428571,0.513413002152756,10 to 14 years
1499,6021,0.879524285714285,0.4852428571428571,0.513413002152756,10 to 14 years
1500,445,0.879524285714285,0.4852428571428571,0.513413002152756,10 to 14 years
1501,803,0.879524285714285,0.4852428571428571,0.513413002152756,10 to 14 years
1502,8463,0.879524285714285,0.4852428571428571,0.513413002152756,10 to 14 years
1503,9061,0.879524285714285,0.4852428571428571,0.513413002152756,10 to 14 years
1504,6319,0.879524285714285,0.4852428571428571,0.513413002152756,10 to 14 years
1505,4716,0.879524285714285,0.4852428571428571,0.513413002152756,10 to 14 years
1506,8307,0.879524285714285,0.4852428571428571,0.513413002152756,10 to 14 years
1507,906,0.879524285714285,0.4852428571428571,0.513413002152756,10 to 14 years
1508,7307,0.879524285714285,0.4852428571428571,0.513413002152756,10 to 14 years
1509,6218,0.879524285714285,0.4852428571428571,0.513413002152756,10 to 14 years
1510,9105,0.879524285714285,0.4852428571428571,0.513413002152756,10 to 14 years
1511,4309,0.879524285714285,0.4852428571428571,0.513413002152756,10 to 14 years
1512,3584,0.879524285714285,0.4852428571428571,0.513413002152756,10 to 14 years
1513,3281,0.879524285714285,0.4852428571428571,0.513413002152756,10 to 14 years
1514,7250,0.879524285714285,0.4852428571428571,0.513413002152756,10 to 14 years
1515,6062,0.879524285714285,0.4852428571428571,0.513413002152756,10 to 14 years
1516,2058,0.879524285714285,0.4852428571428571,0.513413002152756,10 to 14 years
1517,1642,0.879524285714285,0.4852428571428571,0.513413002152756,10 to 14 years
1518,8321,0.879524285714285,0.4852428571428571,0.513413002152756,10 to 14 years
1519,6387,0.879524285714285,0.4852428571428571,0.513413002152756,10 to 14 years
1520,1218,0.879524285714285,0.4852428571428571,0.513413002152756,10 to 14 years
1521,7411,0.879524285714285,0.4852428571428571,0.513413002152756,10 to 14 years
1522,6993,0.879524285714285,0.4852428571428571,0.513413002152756,10 to 14 years
1523,462,0.879524285714285,0.4852428571428571,0.513413002152756,10 to 14 years
1524,2589,0.879524285714285,0.4852428571428571,0.513413002152756,10 to 14 years
1525,9301,0.879524285714285,0.4852428571428571,0.513413002152756,10 to 14 years
1526,5263,0.879524285714285,0.4852428571428571,0.513413002152756,10 to 14 years
1527,9645,0.879524285714285,0.4852428571428571,0.513413002152756,10 to 14 years
1528,7965,0.879524285714285,0.4852428571428571,0.513413002152756,10 to 14 years
1529,934,0.879524285714285,0.4852428571428571,0.513413002152756,10 to 14 years
1530,1312,0.879524285714285,0.4852428571428571,0.513413002152756,10 to 14 years
1531,188,0.879524285714285,0.4852428571428571,0.513413002152756,10 to 14 years
1532,7779,0.879524285714285,0.4852428571428571,0.513413002152756,10 to 14 years
1533,2491,0.879524285714285,0.4852428571428571,0.513413002152756,10 to 14 years
1534,4122,0.879524285714285,0.4852428571428571,0.513413002152756,10 to 14 years
1535,8123,0.879524285714285,0.4852428571428571,0.513413002152756,10 to 14 years
1536,7069,0.879524285714285,0.4852428571428571,0.513413002152756,10 to 14 years
1537,30,0.879524285714285,0.4852428571428571,0.513413002152756,10 to 14 years
1538,9985,0.879524285714285,0.4852428571428571,0.513413002152756,10 to 14 years
1539,4674,0.879524285714285,0.4852428571428571,0.513413002152756,10 to 14 years
1540,9678,0.879524285714285,0.4852428571428571,0.513413002152756,10 to 14 years
1541,9182,0.879524285714285,0.4852428571428571,0.513413002152756,10 to 14 years
1542,4168,0.879524285714285,0.4852428571428571,0.513413002152756,10 to 14 years
1543,5020,0.879524285714285,0.4852428571428571,0.513413002152756,10 to 14 years
1544,8523,0.879524285714285,0.4852428571428571,0.513413002152756,10 to 14 years
1545,8824,0.879524285714285,0.4852428571428571,0.513413002152756,10 to 14 years
1546,8541,0.879524285714285,0.4852428571428571,0.513413002152756,10 to 14 years
1547,2084,0.879524285714285,0.4852428571428571,0.513413002152756,10 to 14 years
1548,9551,0.879524285714285,0.4852428571428571,0.513413002152756,10 to 14 years
1549,7807,0.879524285714285,0.4852428571428571,0.513413002152756,10 to 14 years
1550,6952,0.879524285714285,0.4852428571428571,0.513413002152756,10 to 14 years
1551,4556,0.879524285714285,0.4852428571428571,0.513413002152756,10 to 14 years
1552,1826,0.879524285714285,0.4852428571428571,0.513413002152756,10 to 14 years
1553,8377,0.879524285714285,0.4852428571428571,0.513413002152756,10 to 14 years
1554,8295,0.879524285714285,0.4852428571428571,0.513413002152756,10 to 14 years
1555,8410,0.879524285714285,0.4852428571428571,0.513413002152756,10 to 14 years
1556,3158,0.879524285714285,0.4852428571428571,0.513413002152756,10 to 14 years
1557,7541,0.879524285714285,0.4852428571428571,0.513413002152756,10 to 14 years
1558,5216,0.879524285714285,0.4852428571428571,0.513413002152756,10 to 14 years
1559,2791,0.879524285714285,0.4852428571428571,0.513413002152756,10 to 14 years
1560,3629,0.879524285714285,0.4852428571428571,0.513413002152756,10 to 14 years
1561,5626,0.879524285714285,0.4852428571428571,0.513413002152756,10 to 14 years
1562,5298,0.879524285714285,0.4852428571428571,0.513413002152756,10 to 14 years
1563,110,0.879524285714285,0.4852428571428571,0.513413002152756,10 to 14 years
1564,8117,0.879524285714285,0.4852428571428571,0.513413002152756,10 to 14 years
1565,5614,0.879524285714285,0.4852428571428571,0.513413002152756,10 to 14 years
1566,413,0.879524285714285,0.4852428571428571,0.513413002152756,10 to 14 years
1567,8634,0.879524285714285,0.4852428571428571,0.513413002152756,10 to 14 years
1568,5000,0.879524285714285,0.4852428571428571,0.513413002152756,10 to 14 years
1569,4862,0.879524285714285,0.4852428571428571,0.513413002152756,10 to 14 years
1570,4266,0.879524285714285,0.4852428571428571,0.513413002152756,10 to 14 years
1571,7847,0.879524285714285,0.4852428571428571,0.513413002152756,10 to 14 years
1572,3677,0.879524285714285,0.4852428571428571,0.513413002152756,10 to 14 years
1573,920,0.879524285714285,0.4852428571428571,0.513413002152756,10 to 14 years
1574,9121,0.879524285714285,0.4852428571428571,0.513413002152756,10 to 14 years
1575,7387,0.879524285714285,0.4852428571428571,0.513413002152756,10 to 14 years
1576,8480,0.879524285714285,0.4852428571428571,0.513413002152756,10 to 14 years
1577,7740,0.879524285714285,0.4852428571428571,0.513413002152756,10 to 14 years
1578,1811,0.879524285714285,0.4852428571428571,0.513413002152756,10 to 14 years
1579,2711,0.879524285714285,0.4852428571428571,0.513413002152756,10 to 14 years
1580,7163,0.879524285714285,0.4852428571428571,0.513413002152756,10 to 14 years
1581,7967,0.879524285714285,0.4852428571428571,0.513413002152756,10 to 14 years
1582,4025,0.879524285714285,0.4852428571428571,0.513413002152756,10 to 14 years
1583,9949,0.879524285714285,0.4852428571428571,0.513413002152756,10 to 14 years
1584,7771,0.879524285714285,0.4852428571428571,0.513413002152756,10 to 14 years
1585,358,0.879524285714285,0.4852428571428571,0.513413002152756,10 to 14 years
1586,2539,0.879524285714285,0.4852428571428571,0.513413002152756,10 to 14 years
1587,1306,0.879524285714285,0.4852428571428571,0.513413002152756,10 to 14 years
1588,3674,0.879524285714285,0.4852428571428571,0.513413002152756,10 to 14 years
1589,7953,0.879524285714285,0.4852428571428571,0.513413002152756,10 to 14 years
1590,1496,0.879524285714285,0.4852428571428571,0.513413002152756,10 to 14 years
1591,7241,0.0,0.4852428571428571,0.513413002152756,10 to 14 years
1592,3961,0.879524285714285,0.4852428571428571,0.513413002152756,10 to 14 years
1593,7355,0.879524285714285,0.4852428571428571,0.513413002152756,10 to 14 years
1594,749,0.879524285714285,0.4852428571428571,0.513413002152756,10 to 14 years
1595,3837,0.879524285714285,0.4852428571428571,0.513413002152756,10 to 14 years
1596,7535,0.879524285714285,0.4852428571428571,0.513413002152756,10 to 14 years
1597,1613,0.879524285714285,0.4852428571428571,0.513413002152756,10 to 14 years
1598,4952,0.879524285714285,0.4852428571428571,0.513413002152756,10 to 14 years
1599,4676,0.879524285714285,0.4852428571428571,0.513413002152756,10 to 14 years
1600,9676,0.879524285714285,0.4852428571428571,0.513413002152756,10 to 14 years
1601,780,0.879524285714285,0.4852428571428571,0.513413002152756,10 to 14 years
1602,995,0.879524285714285,0.4852428571428571,0.513413002152756,10 to 14 years
1603,2047,0.879524285714285,0.4852428571428571,0.513413002152756,10 to 14 years
1604,4547,0.879524285714285,0.4852428571428571,0.513413002152756,10 to 14 years
1605,295,0.879524285714285,0.4852428571428571,0.513413002152756,10 to 14 years
1606,6714,0.879524285714285,0.4852428571428571,0.513413002152756,10 to 14 years
1607,7573,0.879524285714285,0.4852428571428571,0.513413002152756,10 to 14 years
1608,8905,0.879524285714285,0.4852428571428571,0.513413002152756,10 to 14 years
1609,5151,0.879524285714285,0.4852428571428571,0.513413002152756,10 to 14 years
1610,4894,0.879524285714285,0.4852428571428571,0.513413002152756,10 to 14 years
1611,708,0.879524285714285,0.4852428571428571,0.513413002152756,10 to 14 years
1612,7510,0.879524285714285,0.4852428571428571,0.513413002152756,10 to 14 years
1613,7396,0.879524285714285,0.4852428571428571,0.513413002152756,10 to 14 years
1614,2068,0.879524285714285,0.4852428571428571,0.513413002152756,10 to 14 years
1615,7025,0.879524285714285,0.4852428571428571,0.513413002152756,10 to 14 years
1616,7348,0.879524285714285,0.4852428571428571,0.513413002152756,10 to 14 years
1617,4106,0.879524285714285,0.4852428571428571,0.513413002152756,10 to 14 years
1618,2697,0.879524285714285,0.4852428571428571,0.513413002152756,10 to 14 years
1619,6054,0.879524285714285,0.4852428571428571,0.513413002152756,10 to 14 years
1620,9650,0.879524285714285,0.4852428571428571,0.513413002152756,10 to 14 years
1621,4759,0.879524285714285,0.4852428571428571,0.513413002152756,10 to 14 years
1622,2274,0.879524285714285,0.4852428571428571,0.513413002152756,10 to 14 years
1623,1709,0.879524285714285,0.4852428571428571,0.513413002152756,10 to 14 years
1624,9809,0.879524285714285,0.4852428571428571,0.513413002152756,10 to 14 years
1625,6810,0.879524285714285,0.4852428571428571,0.513413002152756,10 to 14 years
1626,2801,0.879524285714285,0.4852428571428571,0.513413002152756,10 to 14 years
1627,2280,0.879524285714285,0.4852428571428571,0.513413002152756,10 to 14 years
1628,6381,0.879524285714285,0.4852428571428571,0.513413002152756,10 to 14 years
1629,7,0.879524285714285,0.4852428571428571,0.513413002152756,10 to 14 years
1630,4400,0.879524285714285,0.4852428571428571,0.513413002152756,10 to 14 years
1631,6334,0.879524285714285,0.4852428571428571,0.513413002152756,10 to 14 years
1632,9175,0.879524285714285,0.4852428571428571,0.513413002152756,10 to 14 years
1633,7970,0.879524285714285,0.4852428571428571,0.513413002152756,10 to 14 years
1634,1207,0.879524285714285,0.4852428571428571,0.513413002152756,10 to 14 years
1635,2281,0.879524285714285,0.4852428571428571,0.513413002152756,10 to 14 years
1636,7570,0.879524285714285,0.4852428571428571,0.513413002152756,10 to 14 years
1637,8897,0.879524285714285,0.4852428571428571,0.513413002152756,10 to 14 years
1638,2241,0.879524285714285,0.4852428571428571,0.513413002152756,10 to 14 years
1639,3457,0.879524285714285,0.4852428571428571,0.513413002152756,10 to 14 years
1640,7393,0.879524285714285,0.4852428571428571,0.513413002152756,10 to 14 years
1641,7699,0.879524285714285,0.4852428571428571,0.513413002152756,10 to 14 years
1642,2522,0.879524285714285,0.4852428571428571,0.513413002152756,10 to 14 years
1643,3743,0.879524285714285,0.4852428571428571,0.513413002152756,10 to 14 years
1644,5934,0.879524285714285,0.4852428571428571,0.513413002152756,10 to 14 years
1645,6992,0.879524285714285,0.4852428571428571,0.513413002152756,10 to 14 years
1646,9358,0.879524285714285,0.4852428571428571,0.513413002152756,10 to 14 years
1647,2343,0.879524285714285,0.4852428571428571,0.513413002152756,10 to 14 years
1648,6977,0.879524285714285,0.4852428571428571,0.513413002152756,10 to 14 years
1649,8333,0.879524285714285,0.4852428571428571,0.513413002152756,10 to 14 years
1650,8479,0.879524285714285,0.4852428571428571,0.513413002152756,10 to 14 years
1651,6288,0.879524285714285,0.4852428571428571,0.513413002152756,10 to 14 years
1652,8419,0.879524285714285,0.4852428571428571,0.513413002152756,10 to 14 years
1653,471,0.879524285714285,0.4852428571428571,0.513413002152756,10 to 14 years
1654,691,0.879524285714285,0.4852428571428571,0.513413002152756,10 to 14 years
1655,7932,0.879524285714285,0.4852428571428571,0.513413002152756,10 to 14 years
1656,2832,0.879524285714285,0.4852428571428571,0.513413002152756,10 to 14 years
1657,9826,0.879524285714285,0.4852428571428571,0.513413002152756,10 to 14 years
1658,2723,0.879524285714285,0.4852428571428571,0.513413002152756,10 to 14 years
1659,8583,0.879524285714285,0.4852428571428571,0.513413002152756,10 to 14 years
1660,9247,0.879524285714285,0.4852428571428571,0.513413002152756,10 to 14 years
1661,3878,0.879524285714285,0.4852428571428571,0.513413002152756,10 to 14 years
1662,1420,0.879524285714285,0.4852428571428571,0.513413002152756,10 to 14 years
1663,8178,0.879524285714285,0.4852428571428571,0.513413002152756,10 to 14 years
1664,8072,0.879524285714285,0.4852428571428571,0.513413002152756,10 to 14 years
1665,6833,0.879524285714285,0.4852428571428571,0.513413002152756,10 to 14 years
1666,5411,0.879524285714285,0.4852428571428571,0.513413002152756,10 to 14 years
1667,2242,0.879524285714285,0.4852428571428571,0.513413002152756,10 to 14 years
1668,6057,0.879524285714285,0.4852428571428571,0.513413002152756,10 to 14 years
1669,3649,0.879524285714285,0.4852428571428571,0.513413002152756,10 to 14 years
1670,4052,0.879524285714285,0.4852428571428571,0.513413002152756,10 to 14 years
1671,2375,0.879524285714285,0.4852428571428571,0.513413002152756,10 to 14 years
1672,792,0.879524285714285,0.4852428571428571,0.513413002152756,10 to 14 years
1673,3987,0.879524285714285,0.4852428571428571,0.513413002152756,10 to 14 years
1674,1083,0.879524285714285,0.4852428571428571,0.513413002152756,10 to 14 years
1675,2509,0.879524285714285,0.4852428571428571,0.513413002152756,10 to 14 years
1676,8671,0.879524285714285,0.4852428571428571,0.513413002152756,10 to 14 years
1677,8439,0.879524285714285,0.4852428571428571,0.513413002152756,10 to 14 years
1678,1759,0.879524285714285,0.4852428571428571,0.513413002152756,10 to 14 years
1679,7992,0.879524285714285,0.4852428571428571,0.513413002152756,10 to 14 years
1680,4704,0.879524285714285,0.4852428571428571,0.513413002152756,10 to 14 years
1681,3919,0.879524285714285,0.4852428571428571,0.513413002152756,10 to 14 years
1682,9736,0.879524285714285,0.4852428571428571,0.513413002152756,10 to 14 years
1683,75,0.879524285714285,0.4852428571428571,0.513413002152756,10 to 14 years
1684,7202,0.879524285714285,0.4852428571428571,0.513413002152756,10 to 14 years
1685,6683,0.879524285714285,0.4852428571428571,0.513413002152756,10 to 14 years
1686,4469,0.879524285714285,0.4852428571428571,0.513413002152756,10 to 14 years
1687,2599,0.879524285714285,0.4852428571428571,0.513413002152756,10 to 14 years
1688,744,0.879524285714285,0.4852428571428571,0.513413002152756,10 to 14 years
1689,332,0.879524285714285,0.4852428571428571,0.513413002152756,10 to 14 years
1690,498,0.879524285714285,0.4852428571428571,0.513413002152756,10 to 14 years
1691,8531,0.879524285714285,0.4852428571428571,0.513413002152756,10 to 14 years
1692,734,0.879524285714285,0.4852428571428571,0.513413002152756,10 to 14 years
1693,5502,0.879524285714285,0.4852428571428571,0.513413002152756,10 to 14 years
1694,4926,0.879524285714285,0.4852428571428571,0.513413002152756,10 to 14 years
1695,8695,0.879524285714285,0.4852428571428571,0.513413002152756,10 to 14 years
1696,9655,0.879524285714285,0.4852428571428571,0.513413002152756,10 to 14 years
1697,948,0.879524285714285,0.4852428571428571,0.513413002152756,10 to 14 years
1698,2606,0.879524285714285,0.4852428571428571,0.513413002152756,10 to 14 years
1699,3466,0.879524285714285,0.4852428571428571,0.513413002152756,10 to 14 years
1700,2393,0.879524285714285,0.4852428571428571,0.513413002152756,10 to 14 years
1701,5118,0.879524285714285,0.4852428571428571,0.513413002152756,10 to 14 years
1702,469,0.879524285714285,0.4852428571428571,0.513413002152756,10 to 14 years
1703,5445,0.879524285714285,0.4852428571428571,0.513413002152756,10 to 14 years
1704,5443,0.879524285714285,0.4852428571428571,0.513413002152756,10 to 14 years
1705,7553,0.879524285714285,0.4852428571428571,0.513413002152756,10 to 14 years
1706,1810,0.879524285714285,0.4852428571428571,0.513413002152756,10 to 14 years
1707,5268,0.879524285714285,0.4852428571428571,0.513413002152756,10 to 14 years
1708,1134,0.879524285714285,0.4852428571428571,0.513413002152756,10 to 14 years
1709,9479,0.879524285714285,0.4852428571428571,0.513413002152756,10 to 14 years
1710,4307,0.879524285714285,0.4852428571428571,0.513413002152756,10 to 14 years
1711,4941,0.879524285714285,0.4852428571428571,0.513413002152756,10 to 14 years
1712,9480,0.879524285714285,0.4852428571428571,0.513413002152756,10 to 14 years
1713,1258,0.879524285714285,0.4852428571428571,0.513413002152756,10 to 14 years
1714,7542,0.879524285714285,0.4852428571428571,0.513413002152756,10 to 14 years
1715,1866,0.879524285714285,0.4852428571428571,0.513413002152756,10 to 14 years
1716,4940,0.879524285714285,0.4852428571428571,0.513413002152756,10 to 14 years
1717,5758,0.879524285714285,0.4852428571428571,0.513413002152756,10 to 14 years
1718,877,0.879524285714285,0.4852428571428571,0.513413002152756,10 to 14 years
1719,6374,0.879524285714285,0.4852428571428571,0.513413002152756,10 to 14 years
1720,5508,0.879524285714285,0.4852428571428571,0.513413002152756,10 to 14 years
1721,6350,0.879524285714285,0.4852428571428571,0.513413002152756,10 to 14 years
1722,1735,0.879524285714285,0.4852428571428571,0.513413002152756,10 to 14 years
1723,9989,0.879524285714285,0.4852428571428571,0.513413002152756,10 to 14 years
1724,3583,0.879524285714285,0.4852428571428571,0.513413002152756,10 to 14 years
1725,6074,0.879524285714285,0.4852428571428571,0.513413002152756,10 to 14 years
1726,6512,0.879524285714285,0.4852428571428571,0.513413002152756,10 to 14 years
1727,2543,0.879524285714285,0.4852428571428571,0.513413002152756,10 to 14 years
1728,2071,0.879524285714285,0.4852428571428571,0.513413002152756,10 to 14 years
1729,8850,0.879524285714285,0.4852428571428571,0.513413002152756,10 to 14 years
1730,8701,0.879524285714285,0.4852428571428571,0.513413002152756,10 to 14 years
1731,2721,0.879524285714285,0.4852428571428571,0.513413002152756,10 to 14 years
1732,7556,0.879524285714285,0.4852428571428571,0.513413002152756,10 to 14 years
1733,2758,0.879524285714285,0.4852428571428571,0.513413002152756,10 to 14 years
1734,2908,0.879524285714285,0.4852428571428571,0.513413002152756,10 to 14 years
1735,8885,0.879524285714285,0.4852428571428571,0.513413002152756,10 to 14 years
1736,7562,0.879524285714285,0.4852428571428571,0.513413002152756,10 to 14 years
1737,2731,0.879524285714285,0.4852428571428571,0.513413002152756,10 to 14 years
1738,8980,0.879524285714285,0.4852428571428571,0.513413002152756,10 to 14 years
1739,7368,0.879524285714285,0.4852428571428571,0.513413002152756,10 to 14 years
1740,8158,0.879524285714285,0.4852428571428571,0.513413002152756,10 to 14 years
1741,3328,0.879524285714285,0.4852428571428571,0.513413002152756,10 to 14 years
1742,752,0.879524285714285,0.4852428571428571,0.513413002152756,10 to 14 years
1743,2188,0.879524285714285,0.4852428571428571,0.513413002152756,10 to 14 years
1744,1296,0.879524285714285,0.4852428571428571,0.513413002152756,10 to 14 years
1745,6295,0.879524285714285,0.4852428571428571,0.513413002152756,10 to 14 years
1746,6534,0.879524285714285,0.4852428571428571,0.513413002152756,10 to 14 years
1747,5823,0.879524285714285,0.4852428571428571,0.513413002152756,10 to 14 years
1748,375,0.879524285714285,0.4852428571428571,0.513413002152756,10 to 14 years
1749,3956,0.879524285714285,0.4852428571428571,0.513413002152756,10 to 14 years
1750,7767,0.879524285714285,0.4852428571428571,0.513413002152756,10 to 14 years
1751,5218,0.879524285714285,0.4852428571428571,0.513413002152756,10 to 14 years
1752,3696,0.879524285714285,0.4852428571428571,0.513413002152756,10 to 14 years
1753,9710,0.879524285714285,0.4852428571428571,0.513413002152756,10 to 14 years
1754,2363,0.879524285714285,0.4852428571428571,0.513413002152756,10 to 14 years
1755,1524,0.879524285714285,0.4852428571428571,0.513413002152756,10 to 14 years
1756,73,0.879524285714285,0.4852428571428571,0.513413002152756,10 to 14 years
1757,369,0.879524285714285,0.4852428571428571,0.513413002152756,10 to 14 years
1758,5052,0.879524285714285,0.4852428571428571,0.513413002152756,10 to 14 years
1759,5401,0.879524285714285,0.4852428571428571,0.513413002152756,10 to 14 years
1760,681,0.879524285714285,0.4852428571428571,0.513413002152756,10 to 14 years
1761,4635,0.879524285714285,0.4852428571428571,0.513413002152756,10 to 14 years
1762,6595,0.879524285714285,0.4852428571428571,0.513413002152756,10 to 14 years
1763,1424,0.879524285714285,0.4852428571428571,0.513413002152756,10 to 14 years
1764,7199,0.879524285714285,0.4852428571428571,0.513413002152756,10 to 14 years
1765,3901,0.879524285714285,0.4852428571428571,0.513413002152756,10 to 14 years
1766,4819,0.879524285714285,0.4852428571428571,0.513413002152756,10 to 14 years
1767,6222,0.879524285714285,0.4852428571428571,0.513413002152756,10 to 14 years
1768,8881,0.879524285714285,0.4852428571428571,0.513413002152756,10 to 14 years
1769,1394,0.879524285714285,0.4852428571428571,0.513413002152756,10 to 14 years
1770,7156,0.879524285714285,0.4852428571428571,0.513413002152756,10 to 14 years
1771,3204,0.879524285714285,0.4852428571428571,0.513413002152756,10 to 14 years
1772,6376,0.879524285714285,0.4852428571428571,0.513413002152756,10 to 14 years
1773,3172,0.879524285714285,0.4852428571428571,0.513413002152756,10 to 14 years
1774,3000,0.879524285714285,0.4852428571428571,0.513413002152756,10 to 14 years
1775,7498,0.879524285714285,0.4852428571428571,0.513413002152756,10 to 14 years
1776,5648,0.879524285714285,0.4852428571428571,0.513413002152756,10 to 14 years
1777,6275,0.879524285714285,0.4852428571428571,0.513413002152756,10 to 14 years
1778,327,0.879524285714285,0.4852428571428571,0.513413002152756,10 to 14 years
1779,7092,0.879524285714285,0.4852428571428571,0.513413002152756,10 to 14 years
1780,989,0.879524285714285,0.4852428571428571,0.513413002152756,10 to 14 years
1781,7680,0.879524285714285,0.4852428571428571,0.513413002152756,10 to 14 years
1782,6575,0.879524285714285,0.4852428571428571,0.513413002152756,10 to 14 years
1783,5544,0.879524285714285,0.4852428571428571,0.513413002152756,10 to 14 years
1784,5913,0.879524285714285,0.4852428571428571,0.513413002152756,10 to 14 years
1785,1872,0.879524285714285,0.4852428571428571,0.513413002152756,10 to 14 years
1786,8986,0.879524285714285,0.4852428571428571,0.513413002152756,10 to 14 years
1787,6865,0.879524285714285,0.4852428571428571,0.513413002152756,10 to 14 years
1788,8524,0.879524285714285,0.4852428571428571,0.513413002152756,10 to 14 years
1789,282,0.879524285714285,0.4852428571428571,0.513413002152756,10 to 14 years
1790,5607,0.879524285714285,0.4852428571428571,0.513413002152756,10 to 14 years
1791,2324,0.879524285714285,0.4852428571428571,0.513413002152756,10 to 14 years
1792,1027,0.879524285714285,0.4852428571428571,0.513413002152756,10 to 14 years
1793,7103,0.879524285714285,0.4852428571428571,0.513413002152756,10 to 14 years
1794,8627,0.879524285714285,0.4852428571428571,0.513413002152756,10 to 14 years
1795,1254,0.879524285714285,0.4852428571428571,0.513413002152756,10 to 14 years
1796,6687,0.879524285714285,0.4852428571428571,0.513413002152756,10 to 14 years
1797,3095,0.879524285714285,0.4852428571428571,0.513413002152756,10 to 14 years
1798,8052,0.879524285714285,0.4852428571428571,0.513413002152756,10 to 14 years
1799,3376,0.879524285714285,0.4852428571428571,0.513413002152756,10 to 14 years
1800,5689,0.879524285714285,0.4852428571428571,0.513413002152756,10 to 14 years
1801,6448,0.879524285714285,0.4852428571428571,0.513413002152756,10 to 14 years
1802,4192,0.879524285714285,0.4852428571428571,0.513413002152756,10 to 14 years
1803,9229,0.879524285714285,0.4852428571428571,0.513413002152756,10 to 14 years
1804,7646,0.879524285714285,0.4852428571428571,0.513413002152756,10 to 14 years
1805,4811,0.879524285714285,0.4852428571428571,0.513413002152756,10 to 14 years
1806,9713,0.879524285714285,0.4852428571428571,0.513413002152756,10 to 14 years
1807,2899,0.879524285714285,0.4852428571428571,0.513413002152756,10 to 14 years
1808,3675,0.879524285714285,0.4852428571428571,0.513413002152756,10 to 14 years
1809,7897,0.879524285714285,0.4852428571428571,0.513413002152756,10 to 14 years
1810,7565,0.879524285714285,0.4852428571428571,0.513413002152756,10 to 14 years
1811,7962,0.879524285714285,0.4852428571428571,0.513413002152756,10 to 14 years
1812,608,0.879524285714285,0.4852428571428571,0.513413002152756,10 to 14 years
1813,997,0.879524285714285,0.4852428571428571,0.513413002152756,10 to 14 years
1814,9668,0.879524285714285,0.4852428571428571,0.513413002152756,10 to 14 years
1815,4056,0.879524285714285,0.4852428571428571,0.513413002152756,10 to 14 years
1816,843,0.879524285714285,0.4852428571428571,0.513413002152756,10 to 14 years
1817,2331,0.879524285714285,0.4852428571428571,0.513413002152756,10 to 14 years
1818,6145,0.879524285714285,0.4852428571428571,0.513413002152756,10 to 14 years
1819,9904,0.879524285714285,0.4852428571428571,0.513413002152756,10 to 14 years
1820,5392,0.879524285714285,0.4852428571428571,0.513413002152756,10 to 14 years
1821,3222,0.879524285714285,0.4852428571428571,0.513413002152756,10 to 14 years
1822,27,0.879524285714285,0.4852428571428571,0.513413002152756,10 to 14 years
1823,1648,0.879524285714285,0.4852428571428571,0.513413002152756,10 to 14 years
1824,2172,0.879524285714285,0.4852428571428571,0.513413002152756,10 to 14 years
1825,9794,0.879524285714285,0.4852428571428571,0.513413002152756,10 to 14 years
1826,5873,0.879524285714285,0.4852428571428571,0.513413002152756,10 to 14 years
1827,7842,0.879524285714285,0.4852428571428571,0.513413002152756,10 to 14 years
1828,8192,0.879524285714285,0.4852428571428571,0.513413002152756,10 to 14 years
1829,5735,0.879524285714285,0.4852428571428571,0.513413002152756,10 to 14 years
1830,6973,0.879524285714285,0.4852428571428571,0.513413002152756,10 to 14 years
1831,7988,0.879524285714285,0.4852428571428571,0.513413002152756,10 to 14 years
1832,3908,0.879524285714285,0.4852428571428571,0.513413002152756,10 to 14 years
1833,8168,0.879524285714285,0.4852428571428571,0.513413002152756,10 to 14 years
1834,5749,0.879524285714285,0.4852428571428571,0.513413002152756,10 to 14 years
1835,9095,0.879524285714285,0.4852428571428571,0.513413002152756,10 to 14 years
1836,4605,0.879524285714285,0.4852428571428571,0.513413002152756,10 to 14 years
1837,7460,0.879524285714285,0.4852428571428571,0.513413002152756,10 to 14 years
1838,9003,0.879524285714285,0.4852428571428571,0.513413002152756,10 to 14 years
1839,9982,0.879524285714285,0.4852428571428571,0.513413002152756,10 to 14 years
1840,4457,0.879524285714285,0.4852428571428571,0.513413002152756,10 to 14 years
1841,2448,0.879524285714285,0.4852428571428571,0.513413002152756,10 to 14 years
1842,1456,0.879524285714285,0.4852428571428571,0.513413002152756,10 to 14 years
1843,6868,0.879524285714285,0.4852428571428571,0.513413002152756,10 to 14 years
1844,5816,0.879524285714285,0.4852428571428571,0.513413002152756,10 to 14 years
1845,2515,0.879524285714285,0.4852428571428571,0.513413002152756,10 to 14 years
1846,7314,0.879524285714285,0.4852428571428571,0.513413002152756,10 to 14 years
1847,7891,0.879524285714285,0.4852428571428571,0.513413002152756,10 to 14 years
1848,774,0.879524285714285,0.4852428571428571,0.513413002152756,10 to 14 years
1849,8845,0.879524285714285,0.4852428571428571,0.513413002152756,10 to 14 years
1850,1658,0.879524285714285,0.4852428571428571,0.513413002152756,10 to 14 years
1851,2614,0.879524285714285,0.4852428571428571,0.513413002152756,10 to 14 years
1852,7029,0.879524285714285,0.4852428571428571,0.513413002152756,10 to 14 years
1853,8909,0.879524285714285,0.4852428571428571,0.513413002152756,10 to 14 years
1854,8438,0.879524285714285,0.4852428571428571,0.513413002152756,10 to 14 years
1855,5430,0.879524285714285,0.4852428571428571,0.513413002152756,10 to 14 years
1856,4500,0.879524285714285,0.4852428571428571,0.513413002152756,10 to 14 years
1857,1356,0.879524285714285,0.4852428571428571,0.513413002152756,10 to 14 years
1858,8732,0.879524285714285,0.4852428571428571,0.513413002152756,10 to 14 years
1859,9724,0.879524285714285,0.4852428571428571,0.513413002152756,10 to 14 years
1860,6642,0.879524285714285,0.4852428571428571,0.513413002152756,10 to 14 years
1861,8161,0.879524285714285,0.4852428571428571,0.513413002152756,10 to 14 years
1862,9085,0.879524285714285,0.4852428571428571,0.513413002152756,10 to 14 years
1863,8169,0.879524285714285,0.4852428571428571,0.513413002152756,10 to 14 years
1864,5219,0.879524285714285,0.4852428571428571,0.513413002152756,10 to 14 years
1865,9875,0.879524285714285,0.4852428571428571,0.513413002152756,10 to 14 years
1866,5861,0.879524285714285,0.4852428571428571,0.513413002152756,10 to 14 years
1867,9237,0.879524285714285,0.4852428571428571,0.513413002152756,10 to 14 years
1868,9617,0.879524285714285,0.4852428571428571,0.513413002152756,10 to 14 years
1869,6563,0.879524285714285,0.4852428571428571,0.513413002152756,10 to 14 years
1870,8728,0.879524285714285,0.4852428571428571,0.513413002152756,10 to 14 years
1871,55,0.879524285714285,0.4852428571428571,0.513413002152756,10 to 14 years
1872,3628,0.879524285714285,0.4852428571428571,0.513413002152756,10 to 14 years
1873,4465,0.879524285714285,0.4852428571428571,0.513413002152756,10 to 14 years
1874,4592,0.879524285714285,0.4852428571428571,0.513413002152756,10 to 14 years
1875,9233,0.879524285714285,0.4852428571428571,0.513413002152756,10 to 14 years
1876,1901,0.879524285714285,0.4852428571428571,0.513413002152756,10 to 14 years
1877,6513,0.879524285714285,0.4852428571428571,0.513413002152756,10 to 14 years
1878,2272,0.879524285714285,0.4852428571428571,0.513413002152756,10 to 14 years
1879,3055,0.879524285714285,0.4852428571428571,0.513413002152756,10 to 14 years
1880,813,0.879524285714285,0.4852428571428571,0.513413002152756,10 to 14 years
1881,8211,0.879524285714285,0.4852428571428571,0.513413002152756,10 to 14 years
1882,8549,0.879524285714285,0.4852428571428571,0.513413002152756,10 to 14 years
1883,9200,0.879524285714285,0.4852428571428571,0.513413002152756,10 to 14 years
1884,6869,0.879524285714285,0.4852428571428571,0.513413002152756,10 to 14 years
1885,2028,0.879524285714285,0.4852428571428571,0.513413002152756,10 to 14 years
1886,8261,0.879524285714285,0.4852428571428571,0.513413002152756,10 to 14 years
1887,9443,0.879524285714285,0.4852428571428571,0.513413002152756,10 to 14 years
1888,1604,0.879524285714285,0.4852428571428571,0.513413002152756,10 to 14 years
1889,6524,0.879524285714285,0.4852428571428571,0.513413002152756,10 to 14 years
1890,3894,0.879524285714285,0.4852428571428571,0.513413002152756,10 to 14 years
1891,9205,0.879524285714285,0.4852428571428571,0.513413002152756,10 to 14 years
1892,8742,0.879524285714285,0.4852428571428571,0.513413002152756,10 to 14 years
1893,2960,0.879524285714285,0.4852428571428571,0.513413002152756,10 to 14 years
1894,7033,0.879524285714285,0.4852428571428571,0.513413002152756,10 to 14 years
1895,9316,0.879524285714285,0.4852428571428571,0.513413002152756,10 to 14 years
1896,5067,0.879524285714285,0.4852428571428571,0.513413002152756,10 to 14 years
1897,2809,0.879524285714285,0.4852428571428571,0.513413002152756,10 to 14 years
1898,2347,0.879524285714285,0.4852428571428571,0.513413002152756,10 to 14 years
1899,3517,0.879524285714285,0.4852428571428571,0.513413002152756,10 to 14 years
1900,9998,0.879524285714285,0.4852428571428571,0.513413002152756,10 to 14 years
1901,6055,0.879524285714285,0.4852428571428571,0.513413002152756,10 to 14 years
1902,449,0.879524285714285,0.4852428571428571,0.513413002152756,10 to 14 years
1903,1068,0.879524285714285,0.4852428571428571,0.513413002152756,10 to 14 years
1904,733,0.879524285714285,0.4852428571428571,0.513413002152756,10 to 14 years
1905,9750,0.879524285714285,0.4852428571428571,0.513413002152756,10 to 14 years
1906,1579,0.879524285714285,0.4852428571428571,0.513413002152756,10 to 14 years
1907,4620,0.879524285714285,0.4852428571428571,0.513413002152756,10 to 14 years
1908,1514,0.879524285714285,0.4852428571428571,0.513413002152756,10 to 14 years
1909,8160,0.879524285714285,0.4852428571428571,0.513413002152756,10 to 14 years
1910,9089,0.879524285714285,0.4852428571428571,0.513413002152756,10 to 14 years
1911,5919,0.8565242857142847,0.4852428571428571,0.513413002152756,15 to 19 years
1912,6750,0.8565242857142847,0.4852428571428571,0.513413002152756,15 to 19 years
1913,6325,0.8565242857142847,0.4852428571428571,0.513413002152756,15 to 19 years
1914,3528,0.8565242857142847,0.4852428571428571,0.513413002152756,15 to 19 years
1915,8291,0.8565242857142847,0.4852428571428571,0.513413002152756,15 to 19 years
1916,617,0.33801684026337253,0.4852428571428571,0.513413002152756,15 to 19 years
1917,8670,0.8565242857142847,0.4852428571428571,0.513413002152756,15 to 19 years
1918,1802,0.0,0.4852428571428571,0.513413002152756,15 to 19 years
1919,532,0.8565242857142847,0.4852428571428571,0.513413002152756,15 to 19 years
1920,1575,0.8565242857142847,0.4852428571428571,0.513413002152756,15 to 19 years
1921,4263,0.8565242857142847,0.4852428571428571,0.513413002152756,15 to 19 years
1922,8837,0.8565242857142847,0.4852428571428571,0.513413002152756,15 to 19 years
1923,1096,0.8565242857142847,0.4852428571428571,0.513413002152756,15 to 19 years
1924,2757,0.8565242857142847,0.4852428571428571,0.513413002152756,15 to 19 years
1925,8329,0.8565242857142847,0.4852428571428571,0.513413002152756,15 to 19 years
1926,6353,0.8565242857142847,0.4852428571428571,0.513413002152756,15 to 19 years
1927,8277,0.8565242857142847,0.4852428571428571,0.513413002152756,15 to 19 years
1928,9564,0.8565242857142847,0.4852428571428571,0.513413002152756,15 to 19 years
1929,6024,0.8565242857142847,0.4852428571428571,0.513413002152756,15 to 19 years
1930,5838,0.8565242857142847,0.4852428571428571,0.513413002152756,15 to 19 years
1931,5509,0.8565242857142847,0.4852428571428571,0.513413002152756,15 to 19 years
1932,6081,0.8565242857142847,0.4852428571428571,0.513413002152756,15 to 19 years
1933,3563,0.8565242857142847,0.4852428571428571,0.513413002152756,15 to 19 years
1934,429,0.8565242857142847,0.4852428571428571,0.513413002152756,15 to 19 years
1935,7947,0.8565242857142847,0.4852428571428571,0.513413002152756,15 to 19 years
1936,5319,0.8565242857142847,0.4852428571428571,0.513413002152756,15 to 19 years
1937,1676,0.8565242857142847,0.4852428571428571,0.513413002152756,15 to 19 years
1938,1563,0.8565242857142847,0.4852428571428571,0.513413002152756,15 to 19 years
1939,5072,0.8565242857142847,0.4852428571428571,0.513413002152756,15 to 19 years
1940,8871,0.8565242857142847,0.4852428571428571,0.513413002152756,15 to 19 years
1941,6424,0.8565242857142847,0.4852428571428571,0.513413002152756,15 to 19 years
1942,6590,0.8565242857142847,0.4852428571428571,0.513413002152756,15 to 19 years
1943,6932,0.8565242857142847,0.4852428571428571,0.513413002152756,15 to 19 years
1944,3272,0.8565242857142847,0.4852428571428571,0.513413002152756,15 to 19 years
1945,8951,0.8565242857142847,0.4852428571428571,0.513413002152756,15 to 19 years
1946,7418,0.8565242857142847,0.4852428571428571,0.513413002152756,15 to 19 years
1947,437,0.8565242857142847,0.4852428571428571,0.513413002152756,15 to 19 years
1948,3988,0.8565242857142847,0.4852428571428571,0.513413002152756,15 to 19 years
1949,6149,0.8565242857142847,0.4852428571428571,0.513413002152756,15 to 19 years
1950,6603,0.8565242857142847,0.4852428571428571,0.513413002152756,15 to 19 years
1951,1588,0.8565242857142847,0.4852428571428571,0.513413002152756,15 to 19 years
1952,8958,0.8565242857142847,0.4852428571428571,0.513413002152756,15 to 19 years
1953,781,0.8565242857142847,0.4852428571428571,0.513413002152756,15 to 19 years
1954,1353,0.8565242857142847,0.4852428571428571,0.513413002152756,15 to 19 years
1955,4473,0.8565242857142847,0.4852428571428571,0.513413002152756,15 to 19 years
1956,1195,0.8565242857142847,0.4852428571428571,0.513413002152756,15 to 19 years
1957,528,0.8565242857142847,0.4852428571428571,0.513413002152756,15 to 19 years
1958,7036,0.8565242857142847,0.4852428571428571,0.513413002152756,15 to 19 years
1959,964,0.8565242857142847,0.4852428571428571,0.513413002152756,15 to 19 years
1960,4318,0.8565242857142847,0.4852428571428571,0.513413002152756,15 to 19 years
1961,1224,0.8565242857142847,0.4852428571428571,0.513413002152756,15 to 19 years
1962,2902,0.8565242857142847,0.4852428571428571,0.513413002152756,15 to 19 years
1963,9977,0.8565242857142847,0.4852428571428571,0.513413002152756,15 to 19 years
1964,4511,0.8565242857142847,0.4852428571428571,0.513413002152756,15 to 19 years
1965,1685,0.8565242857142847,0.4852428571428571,0.513413002152756,15 to 19 years
1966,7476,0.8565242857142847,0.4852428571428571,0.513413002152756,15 to 19 years
1967,3312,0.8565242857142847,0.4852428571428571,0.513413002152756,15 to 19 years
1968,1788,0.8565242857142847,0.4852428571428571,0.513413002152756,15 to 19 years
1969,4895,0.8565242857142847,0.4852428571428571,0.513413002152756,15 to 19 years
1970,6391,0.8565242857142847,0.4852428571428571,0.513413002152756,15 to 19 years
1971,7046,0.8565242857142847,0.4852428571428571,0.513413002152756,15 to 19 years
1972,8912,0.8565242857142847,0.4852428571428571,0.513413002152756,15 to 19 years
1973,6482,0.8565242857142847,0.4852428571428571,0.513413002152756,15 to 19 years
1974,764,0.8565242857142847,0.4852428571428571,0.513413002152756,15 to 19 years
1975,5786,0.8565242857142847,0.4852428571428571,0.513413002152756,15 to 19 years
1976,498,0.8565242857142847,0.4852428571428571,0.513413002152756,15 to 19 years
1977,4116,0.8565242857142847,0.4852428571428571,0.513413002152756,15 to 19 years
1978,951,0.8565242857142847,0.4852428571428571,0.513413002152756,15 to 19 years
1979,9270,0.8565242857142847,0.4852428571428571,0.513413002152756,15 to 19 years
1980,9942,0.8565242857142847,0.4852428571428571,0.513413002152756,15 to 19 years
1981,9770,0.8565242857142847,0.4852428571428571,0.513413002152756,15 to 19 years
1982,36,0.8565242857142847,0.4852428571428571,0.513413002152756,15 to 19 years
1983,3425,0.8565242857142847,0.4852428571428571,0.513413002152756,15 to 19 years
1984,6617,0.8565242857142847,0.4852428571428571,0.513413002152756,15 to 19 years
1985,4080,0.8565242857142847,0.4852428571428571,0.513413002152756,15 to 19 years
1986,858,0.8565242857142847,0.4852428571428571,0.513413002152756,15 to 19 years
1987,8668,0.8565242857142847,0.4852428571428571,0.513413002152756,15 to 19 years
1988,3218,0.8565242857142847,0.4852428571428571,0.513413002152756,15 to 19 years
1989,9066,0.8565242857142847,0.4852428571428571,0.513413002152756,15 to 19 years
1990,6059,0.8565242857142847,0.4852428571428571,0.513413002152756,15 to 19 years
1991,1969,0.8565242857142847,0.4852428571428571,0.513413002152756,15 to 19 years
1992,9312,0.8565242857142847,0.4852428571428571,0.513413002152756,15 to 19 years
1993,8094,0.8565242857142847,0.4852428571428571,0.513413002152756,15 to 19 years
1994,3162,0.8565242857142847,0.4852428571428571,0.513413002152756,15 to 19 years
1995,8316,0.8565242857142847,0.4852428571428571,0.513413002152756,15 to 19 years
1996,4677,0.8565242857142847,0.4852428571428571,0.513413002152756,15 to 19 years
1997,3744,0.8565242857142847,0.4852428571428571,0.513413002152756,15 to 19 years
1998,4571,0.8565242857142847,0.4852428571428571,0.513413002152756,15 to 19 years
1999,4205,0.8565242857142847,0.4852428571428571,0.513413002152756,15 to 19 years
2000,4972,0.8565242857142847,0.4852428571428571,0.513413002152756,15 to 19 years
2001,4079,0.8565242857142847,0.4852428571428571,0.513413002152756,15 to 19 years
2002,5758,0.8565242857142847,0.4852428571428571,0.513413002152756,15 to 19 years
2003,7056,0.8565242857142847,0.4852428571428571,0.513413002152756,15 to 19 years
2004,8462,0.8565242857142847,0.4852428571428571,0.513413002152756,15 to 19 years
2005,8676,0.8565242857142847,0.4852428571428571,0.513413002152756,15 to 19 years
2006,4294,0.8565242857142847,0.4852428571428571,0.513413002152756,15 to 19 years
2007,1886,0.8565242857142847,0.4852428571428571,0.513413002152756,15 to 19 years
2008,2953,0.8565242857142847,0.4852428571428571,0.513413002152756,15 to 19 years
2009,7815,0.8565242857142847,0.4852428571428571,0.513413002152756,15 to 19 years
2010,5049,0.8565242857142847,0.4852428571428571,0.513413002152756,15 to 19 years
2011,394,0.8565242857142847,0.4852428571428571,0.513413002152756,15 to 19 years
2012,3121,0.8565242857142847,0.4852428571428571,0.513413002152756,15 to 19 years
2013,3717,0.8565242857142847,0.4852428571428571,0.513413002152756,15 to 19 years
2014,5199,0.8565242857142847,0.4852428571428571,0.513413002152756,15 to 19 years
2015,4289,0.8565242857142847,0.4852428571428571,0.513413002152756,15 to 19 years
2016,852,0.8565242857142847,0.4852428571428571,0.513413002152756,15 to 19 years
2017,2237,0.8565242857142847,0.4852428571428571,0.513413002152756,15 to 19 years
2018,196,0.8565242857142847,0.4852428571428571,0.513413002152756,15 to 19 years
2019,8641,0.8565242857142847,0.4852428571428571,0.513413002152756,15 to 19 years
2020,6270,0.8565242857142847,0.4852428571428571,0.513413002152756,15 to 19 years
2021,3122,0.8565242857142847,0.4852428571428571,0.513413002152756,15 to 19 years
2022,8166,0.8565242857142847,0.4852428571428571,0.513413002152756,15 to 19 years
2023,6028,0.8565242857142847,0.4852428571428571,0.513413002152756,15 to 19 years
2024,4505,0.8565242857142847,0.4852428571428571,0.513413002152756,15 to 19 years
2025,1548,0.8565242857142847,0.4852428571428571,0.513413002152756,15 to 19 years
2026,9409,0.8565242857142847,0.4852428571428571,0.513413002152756,15 to 19 years
2027,9693,0.8565242857142847,0.4852428571428571,0.513413002152756,15 to 19 years
2028,9282,0.8565242857142847,0.4852428571428571,0.513413002152756,15 to 19 years
2029,9581,0.8565242857142847,0.4852428571428571,0.513413002152756,15 to 19 years
2030,7101,0.8565242857142847,0.4852428571428571,0.513413002152756,15 to 19 years
2031,2589,0.8565242857142847,0.4852428571428571,0.513413002152756,15 to 19 years
2032,9862,0.8565242857142847,0.4852428571428571,0.513413002152756,15 to 19 years
2033,2104,0.8565242857142847,0.4852428571428571,0.513413002152756,15 to 19 years
2034,9976,0.8565242857142847,0.4852428571428571,0.513413002152756,15 to 19 years
2035,593,0.8565242857142847,0.4852428571428571,0.513413002152756,15 to 19 years
2036,1823,0.8565242857142847,0.4852428571428571,0.513413002152756,15 to 19 years
2037,5431,0.8565242857142847,0.4852428571428571,0.513413002152756,15 to 19 years
2038,12,0.8565242857142847,0.4852428571428571,0.513413002152756,15 to 19 years
2039,5016,0.8565242857142847,0.4852428571428571,0.513413002152756,15 to 19 years
2040,2782,0.8565242857142847,0.4852428571428571,0.513413002152756,15 to 19 years
2041,3982,0.8565242857142847,0.4852428571428571,0.513413002152756,15 to 19 years
2042,3695,0.8565242857142847,0.4852428571428571,0.513413002152756,15 to 19 years
2043,1068,0.8565242857142847,0.4852428571428571,0.513413002152756,15 to 19 years
2044,5915,0.8565242857142847,0.4852428571428571,0.513413002152756,15 to 19 years
2045,3204,0.8565242857142847,0.4852428571428571,0.513413002152756,15 to 19 years
2046,7612,0.8565242857142847,0.4852428571428571,0.513413002152756,15 to 19 years
2047,7724,0.8565242857142847,0.4852428571428571,0.513413002152756,15 to 19 years
2048,6386,0.8565242857142847,0.4852428571428571,0.513413002152756,15 to 19 years
2049,5059,0.8565242857142847,0.4852428571428571,0.513413002152756,15 to 19 years
2050,6103,0.8565242857142847,0.4852428571428571,0.513413002152756,15 to 19 years
2051,3091,0.8565242857142847,0.4852428571428571,0.513413002152756,15 to 19 years
2052,1386,0.8565242857142847,0.4852428571428571,0.513413002152756,15 to 19 years
2053,5313,0.8565242857142847,0.4852428571428571,0.513413002152756,15 to 19 years
2054,7174,0.8565242857142847,0.4852428571428571,0.513413002152756,15 to 19 years
2055,8664,0.8565242857142847,0.4852428571428571,0.513413002152756,15 to 19 years
2056,7487,0.8565242857142847,0.4852428571428571,0.513413002152756,15 to 19 years
2057,4880,0.8565242857142847,0.4852428571428571,0.513413002152756,15 to 19 years
2058,7875,0.8565242857142847,0.4852428571428571,0.513413002152756,15 to 19 years
2059,6078,0.8565242857142847,0.4852428571428571,0.513413002152756,15 to 19 years
2060,2054,0.8565242857142847,0.4852428571428571,0.513413002152756,15 to 19 years
2061,1015,0.8565242857142847,0.4852428571428571,0.513413002152756,15 to 19 years
2062,1891,0.8565242857142847,0.4852428571428571,0.513413002152756,15 to 19 years
2063,6882,0.8565242857142847,0.4852428571428571,0.513413002152756,15 to 19 years
2064,646,0.8565242857142847,0.4852428571428571,0.513413002152756,15 to 19 years
2065,4752,0.8565242857142847,0.4852428571428571,0.513413002152756,15 to 19 years
2066,4204,0.8565242857142847,0.4852428571428571,0.513413002152756,15 to 19 years
2067,7698,0.8565242857142847,0.4852428571428571,0.513413002152756,15 to 19 years
2068,106,0.8565242857142847,0.4852428571428571,0.513413002152756,15 to 19 years
2069,2974,0.8565242857142847,0.4852428571428571,0.513413002152756,15 to 19 years
2070,1937,0.8565242857142847,0.4852428571428571,0.513413002152756,15 to 19 years
2071,2331,0.8565242857142847,0.4852428571428571,0.513413002152756,15 to 19 years
2072,4515,0.8565242857142847,0.4852428571428571,0.513413002152756,15 to 19 years
2073,9437,0.8565242857142847,0.4852428571428571,0.513413002152756,15 to 19 years
2074,4248,0.8565242857142847,0.4852428571428571,0.513413002152756,15 to 19 years
2075,1436,0.8565242857142847,0.4852428571428571,0.513413002152756,15 to 19 years
2076,4764,0.8565242857142847,0.4852428571428571,0.513413002152756,15 to 19 years
2077,3950,0.8565242857142847,0.4852428571428571,0.513413002152756,15 to 19 years
2078,4235,0.8565242857142847,0.4852428571428571,0.513413002152756,15 to 19 years
2079,152,0.8565242857142847,0.4852428571428571,0.513413002152756,15 to 19 years
2080,7569,0.8565242857142847,0.4852428571428571,0.513413002152756,15 to 19 years
2081,3279,0.8565242857142847,0.4852428571428571,0.513413002152756,15 to 19 years
2082,302,0.8565242857142847,0.4852428571428571,0.513413002152756,15 to 19 years
2083,9463,0.8565242857142847,0.4852428571428571,0.513413002152756,15 to 19 years
2084,5849,0.8565242857142847,0.4852428571428571,0.513413002152756,15 to 19 years
2085,3991,0.8565242857142847,0.4852428571428571,0.513413002152756,15 to 19 years
2086,903,0.8565242857142847,0.4852428571428571,0.513413002152756,15 to 19 years
2087,4966,0.8565242857142847,0.4852428571428571,0.513413002152756,15 to 19 years
2088,4661,0.8565242857142847,0.4852428571428571,0.513413002152756,15 to 19 years
2089,9620,0.8565242857142847,0.4852428571428571,0.513413002152756,15 to 19 years
2090,9786,0.8565242857142847,0.4852428571428571,0.513413002152756,15 to 19 years
2091,2919,0.534395328442819,0.4852428571428571,0.513413002152756,15 to 19 years
2092,3384,0.8565242857142847,0.4852428571428571,0.513413002152756,15 to 19 years
2093,1816,0.8565242857142847,0.4852428571428571,0.513413002152756,15 to 19 years
2094,9995,0.8565242857142847,0.4852428571428571,0.513413002152756,15 to 19 years
2095,190,0.8565242857142847,0.4852428571428571,0.513413002152756,15 to 19 years
2096,3141,0.8565242857142847,0.4852428571428571,0.513413002152756,15 to 19 years
2097,9110,0.8565242857142847,0.4852428571428571,0.513413002152756,15 to 19 years
2098,6438,0.8565242857142847,0.4852428571428571,0.513413002152756,15 to 19 years
2099,2481,0.8565242857142847,0.4852428571428571,0.513413002152756,15 to 19 years
2100,7380,0.8565242857142847,0.4852428571428571,0.513413002152756,15 to 19 years
2101,1400,0.8565242857142847,0.4852428571428571,0.513413002152756,15 to 19 years
2102,8859,0.8565242857142847,0.4852428571428571,0.513413002152756,15 to 19 years
2103,8074,0.8565242857142847,0.4852428571428571,0.513413002152756,15 to 19 years
2104,9241,0.8565242857142847,0.4852428571428571,0.513413002152756,15 to 19 years
2105,4147,0.8565242857142847,0.4852428571428571,0.513413002152756,15 to 19 years
2106,8926,0.8565242857142847,0.4852428571428571,0.513413002152756,15 to 19 years
2107,9465,0.8565242857142847,0.4852428571428571,0.513413002152756,15 to 19 years
2108,8064,0.5427200437375739,0.4852428571428571,0.513413002152756,15 to 19 years
2109,1993,0.8565242857142847,0.4852428571428571,0.513413002152756,15 to 19 years
2110,7077,0.8565242857142847,0.4852428571428571,0.513413002152756,15 to 19 years
2111,7660,0.8565242857142847,0.4852428571428571,0.513413002152756,15 to 19 years
2112,6214,0.8565242857142847,0.4852428571428571,0.513413002152756,15 to 19 years
2113,3259,0.8565242857142847,0.4852428571428571,0.513413002152756,15 to 19 years
2114,1806,0.8565242857142847,0.4852428571428571,0.513413002152756,15 to 19 years
2115,3763,0.8565242857142847,0.4852428571428571,0.513413002152756,15 to 19 years
2116,4291,0.8565242857142847,0.4852428571428571,0.513413002152756,15 to 19 years
2117,8725,0.8565242857142847,0.4852428571428571,0.513413002152756,15 to 19 years
2118,9055,0.8565242857142847,0.4852428571428571,0.513413002152756,15 to 19 years
2119,1626,0.8565242857142847,0.4852428571428571,0.513413002152756,15 to 19 years
2120,6777,0.8565242857142847,0.4852428571428571,0.513413002152756,15 to 19 years
2121,2040,0.8565242857142847,0.4852428571428571,0.513413002152756,15 to 19 years
2122,9045,0.8565242857142847,0.4852428571428571,0.513413002152756,15 to 19 years
2123,4198,0.8565242857142847,0.4852428571428571,0.513413002152756,15 to 19 years
2124,2411,0.8565242857142847,0.4852428571428571,0.513413002152756,15 to 19 years
2125,2290,0.8565242857142847,0.4852428571428571,0.513413002152756,15 to 19 years
2126,7912,0.8565242857142847,0.4852428571428571,0.513413002152756,15 to 19 years
2127,3940,0.8565242857142847,0.4852428571428571,0.513413002152756,15 to 19 years
2128,4466,0.8565242857142847,0.4852428571428571,0.513413002152756,15 to 19 years
2129,4676,0.8565242857142847,0.4852428571428571,0.513413002152756,15 to 19 years
2130,9530,0.8565242857142847,0.4852428571428571,0.513413002152756,15 to 19 years
2131,5572,0.8565242857142847,0.4852428571428571,0.513413002152756,15 to 19 years
2132,572,0.8565242857142847,0.4852428571428571,0.513413002152756,15 to 19 years
2133,2470,0.8565242857142847,0.4852428571428571,0.513413002152756,15 to 19 years
2134,3097,0.8565242857142847,0.4852428571428571,0.513413002152756,15 to 19 years
2135,1613,0.8565242857142847,0.4852428571428571,0.513413002152756,15 to 19 years
2136,7682,0.8565242857142847,0.4852428571428571,0.513413002152756,15 to 19 years
2137,3331,0.8565242857142847,0.4852428571428571,0.513413002152756,15 to 19 years
2138,9794,0.8565242857142847,0.4852428571428571,0.513413002152756,15 to 19 years
2139,2743,0.8565242857142847,0.4852428571428571,0.513413002152756,15 to 19 years
2140,4127,0.8565242857142847,0.4852428571428571,0.513413002152756,15 to 19 years
2141,5307,0.8565242857142847,0.4852428571428571,0.513413002152756,15 to 19 years
2142,7999,0.8565242857142847,0.4852428571428571,0.513413002152756,15 to 19 years
2143,5472,0.8565242857142847,0.4852428571428571,0.513413002152756,15 to 19 years
2144,4718,0.8565242857142847,0.4852428571428571,0.513413002152756,15 to 19 years
2145,3620,0.8565242857142847,0.4852428571428571,0.513413002152756,15 to 19 years
2146,6100,0.8565242857142847,0.4852428571428571,0.513413002152756,15 to 19 years
2147,4970,0.8565242857142847,0.4852428571428571,0.513413002152756,15 to 19 years
2148,7935,0.8565242857142847,0.4852428571428571,0.513413002152756,15 to 19 years
2149,1007,0.8565242857142847,0.4852428571428571,0.513413002152756,15 to 19 years
2150,9696,0.8565242857142847,0.4852428571428571,0.513413002152756,15 to 19 years
2151,3244,0.0,0.4852428571428571,0.513413002152756,15 to 19 years
2152,9013,0.8565242857142847,0.4852428571428571,0.513413002152756,15 to 19 years
2153,3844,0.8565242857142847,0.4852428571428571,0.513413002152756,15 to 19 years
2154,7299,0.8565242857142847,0.4852428571428571,0.513413002152756,15 to 19 years
2155,7788,0.8565242857142847,0.4852428571428571,0.513413002152756,15 to 19 years
2156,8263,0.8565242857142847,0.4852428571428571,0.513413002152756,15 to 19 years
2157,224,0.8565242857142847,0.4852428571428571,0.513413002152756,15 to 19 years
2158,8276,0.8565242857142847,0.4852428571428571,0.513413002152756,15 to 19 years
2159,8938,0.8565242857142847,0.4852428571428571,0.513413002152756,15 to 19 years
2160,2962,0.8565242857142847,0.4852428571428571,0.513413002152756,15 to 19 years
2161,2580,0.42520301576108444,0.4852428571428571,0.513413002152756,15 to 19 years
2162,7981,0.8565242857142847,0.4852428571428571,0.513413002152756,15 to 19 years
2163,7645,0.8565242857142847,0.4852428571428571,0.513413002152756,15 to 19 years
2164,2182,0.8565242857142847,0.4852428571428571,0.513413002152756,15 to 19 years
2165,2843,0.8565242857142847,0.4852428571428571,0.513413002152756,15 to 19 years
2166,7729,0.8565242857142847,0.4852428571428571,0.513413002152756,15 to 19 years
2167,571,0.8565242857142847,0.4852428571428571,0.513413002152756,15 to 19 years
2168,3761,0.8565242857142847,0.4852428571428571,0.513413002152756,15 to 19 years
2169,9846,0.8565242857142847,0.4852428571428571,0.513413002152756,15 to 19 years
2170,6645,0.8565242857142847,0.4852428571428571,0.513413002152756,15 to 19 years
2171,1622,0.8565242857142847,0.4852428571428571,0.513413002152756,15 to 19 years
2172,6271,0.8565242857142847,0.4852428571428571,0.513413002152756,15 to 19 years
2173,3041,0.8565242857142847,0.4852428571428571,0.513413002152756,15 to 19 years
2174,8217,0.8565242857142847,0.4852428571428571,0.513413002152756,15 to 19 years
2175,9122,0.8565242857142847,0.4852428571428571,0.513413002152756,15 to 19 years
2176,567,0.8565242857142847,0.4852428571428571,0.513413002152756,15 to 19 years
2177,5898,0.8565242857142847,0.4852428571428571,0.513413002152756,15 to 19 years
2178,3608,0.8565242857142847,0.4852428571428571,0.513413002152756,15 to 19 years
2179,1080,0.8565242857142847,0.4852428571428571,0.513413002152756,15 to 19 years
2180,1971,0.8565242857142847,0.4852428571428571,0.513413002152756,15 to 19 years
2181,6372,0.8565242857142847,0.4852428571428571,0.513413002152756,15 to 19 years
2182,222,0.8565242857142847,0.4852428571428571,0.513413002152756,15 to 19 years
2183,3851,0.8565242857142847,0.4852428571428571,0.513413002152756,15 to 19 years
2184,2947,0.8565242857142847,0.4852428571428571,0.513413002152756,15 to 19 years
2185,446,0.8565242857142847,0.4852428571428571,0.513413002152756,15 to 19 years
2186,6596,0.8565242857142847,0.4852428571428571,0.513413002152756,15 to 19 years
2187,2027,0.8565242857142847,0.4852428571428571,0.513413002152756,15 to 19 years
2188,6646,0.8565242857142847,0.4852428571428571,0.513413002152756,15 to 19 years
2189,3351,0.8565242857142847,0.4852428571428571,0.513413002152756,15 to 19 years
2190,5293,0.8565242857142847,0.4852428571428571,0.513413002152756,15 to 19 years
2191,2773,0.8565242857142847,0.4852428571428571,0.513413002152756,15 to 19 years
2192,8114,0.8565242857142847,0.4852428571428571,0.513413002152756,15 to 19 years
2193,9134,0.8565242857142847,0.4852428571428571,0.513413002152756,15 to 19 years
2194,2494,0.8565242857142847,0.4852428571428571,0.513413002152756,15 to 19 years
2195,1411,0.8565242857142847,0.4852428571428571,0.513413002152756,15 to 19 years
2196,5105,0.8565242857142847,0.4852428571428571,0.513413002152756,15 to 19 years
2197,6538,0.8565242857142847,0.4852428571428571,0.513413002152756,15 to 19 years
2198,9537,0.8565242857142847,0.4852428571428571,0.513413002152756,15 to 19 years
2199,5547,0.8565242857142847,0.4852428571428571,0.513413002152756,15 to 19 years
2200,4021,0.8565242857142847,0.4852428571428571,0.513413002152756,15 to 19 years
2201,7401,0.8565242857142847,0.4852428571428571,0.513413002152756,15 to 19 years
2202,5892,0.8565242857142847,0.4852428571428571,0.513413002152756,15 to 19 years
2203,7301,0.8565242857142847,0.4852428571428571,0.513413002152756,15 to 19 years
2204,6258,0.8565242857142847,0.4852428571428571,0.513413002152756,15 to 19 years
2205,4514,0.8565242857142847,0.4852428571428571,0.513413002152756,15 to 19 years
2206,7332,0.8565242857142847,0.4852428571428571,0.513413002152756,15 to 19 years
2207,1805,0.8565242857142847,0.4852428571428571,0.513413002152756,15 to 19 years
2208,9981,0.8565242857142847,0.4852428571428571,0.513413002152756,15 to 19 years
2209,7640,0.8565242857142847,0.4852428571428571,0.513413002152756,15 to 19 years
2210,7136,0.8565242857142847,0.4852428571428571,0.513413002152756,15 to 19 years
2211,7364,0.8565242857142847,0.4852428571428571,0.513413002152756,15 to 19 years
2212,7220,0.8565242857142847,0.4852428571428571,0.513413002152756,15 to 19 years
2213,9274,0.8565242857142847,0.4852428571428571,0.513413002152756,15 to 19 years
2214,70,0.8565242857142847,0.4852428571428571,0.513413002152756,15 to 19 years
2215,8154,0.8565242857142847,0.4852428571428571,0.513413002152756,15 to 19 years
2216,4361,0.8565242857142847,0.4852428571428571,0.513413002152756,15 to 19 years
2217,7473,0.8565242857142847,0.4852428571428571,0.513413002152756,15 to 19 years
2218,8591,0.8565242857142847,0.4852428571428571,0.513413002152756,15 to 19 years
2219,118,0.8565242857142847,0.4852428571428571,0.513413002152756,15 to 19 years
2220,492,0.8565242857142847,0.4852428571428571,0.513413002152756,15 to 19 years
2221,9442,0.8565242857142847,0.4852428571428571,0.513413002152756,15 to 19 years
2222,9558,0.8565242857142847,0.4852428571428571,0.513413002152756,15 to 19 years
2223,6661,0.8565242857142847,0.4852428571428571,0.513413002152756,15 to 19 years
2224,4448,0.8565242857142847,0.4852428571428571,0.513413002152756,15 to 19 years
2225,4164,0.8565242857142847,0.4852428571428571,0.513413002152756,15 to 19 years
2226,9602,0.8565242857142847,0.4852428571428571,0.513413002152756,15 to 19 years
2227,9172,0.8565242857142847,0.4852428571428571,0.513413002152756,15 to 19 years
2228,7881,0.8565242857142847,0.4852428571428571,0.513413002152756,15 to 19 years
2229,5709,0.8565242857142847,0.4852428571428571,0.513413002152756,15 to 19 years
2230,6815,0.8565242857142847,0.4852428571428571,0.513413002152756,15 to 19 years
2231,2608,0.8565242857142847,0.4852428571428571,0.513413002152756,15 to 19 years
2232,8812,0.8565242857142847,0.4852428571428571,0.513413002152756,15 to 19 years
2233,4446,0.8565242857142847,0.4852428571428571,0.513413002152756,15 to 19 years
2234,1475,0.8565242857142847,0.4852428571428571,0.513413002152756,15 to 19 years
2235,1461,0.8565242857142847,0.4852428571428571,0.513413002152756,15 to 19 years
2236,4646,0.8565242857142847,0.4852428571428571,0.513413002152756,15 to 19 years
2237,520,0.8565242857142847,0.4852428571428571,0.513413002152756,15 to 19 years
2238,4554,0.8565242857142847,0.4852428571428571,0.513413002152756,15 to 19 years
2239,145,0.8565242857142847,0.4852428571428571,0.513413002152756,15 to 19 years
2240,7315,0.8565242857142847,0.4852428571428571,0.513413002152756,15 to 19 years
2241,6766,0.8565242857142847,0.4852428571428571,0.513413002152756,15 to 19 years
2242,8453,0.8565242857142847,0.4852428571428571,0.513413002152756,15 to 19 years
2243,7147,0.8565242857142847,0.4852428571428571,0.513413002152756,15 to 19 years
2244,521,0.8565242857142847,0.4852428571428571,0.513413002152756,15 to 19 years
2245,8501,0.8565242857142847,0.4852428571428571,0.513413002152756,15 to 19 years
2246,7165,0.8565242857142847,0.4852428571428571,0.513413002152756,15 to 19 years
2247,2889,0.8565242857142847,0.4852428571428571,0.513413002152756,15 to 19 years
2248,4256,0.8565242857142847,0.4852428571428571,0.513413002152756,15 to 19 years
2249,6327,0.8565242857142847,0.4852428571428571,0.513413002152756,15 to 19 years
2250,968,0.8565242857142847,0.4852428571428571,0.513413002152756,15 to 19 years
2251,5852,0.8565242857142847,0.4852428571428571,0.513413002152756,15 to 19 years
2252,6189,0.8565242857142847,0.4852428571428571,0.513413002152756,15 to 19 years
2253,3206,0.8565242857142847,0.4852428571428571,0.513413002152756,15 to 19 years
2254,1278,0.8565242857142847,0.4852428571428571,0.513413002152756,15 to 19 years
2255,1551,0.8565242857142847,0.4852428571428571,0.513413002152756,15 to 19 years
2256,7059,0.8565242857142847,0.4852428571428571,0.513413002152756,15 to 19 years
2257,6984,0.8565242857142847,0.4852428571428571,0.513413002152756,15 to 19 years
2258,5818,0.8565242857142847,0.4852428571428571,0.513413002152756,15 to 19 years
2259,7135,0.8565242857142847,0.4852428571428571,0.513413002152756,15 to 19 years
2260,1199,0.8565242857142847,0.4852428571428571,0.513413002152756,15 to 19 years
2261,5229,0.8565242857142847,0.4852428571428571,0.513413002152756,15 to 19 years
2262,9491,0.8565242857142847,0.4852428571428571,0.513413002152756,15 to 19 years
2263,4138,0.8565242857142847,0.4852428571428571,0.513413002152756,15 to 19 years
2264,9731,0.8565242857142847,0.4852428571428571,0.513413002152756,15 to 19 years
2265,3397,0.8565242857142847,0.4852428571428571,0.513413002152756,15 to 19 years
2266,6013,0.8565242857142847,0.4852428571428571,0.513413002152756,15 to 19 years
2267,3745,0.8565242857142847,0.4852428571428571,0.513413002152756,15 to 19 years
2268,7461,0.8565242857142847,0.4852428571428571,0.513413002152756,15 to 19 years
2269,6360,0.8565242857142847,0.4852428571428571,0.513413002152756,15 to 19 years
2270,2091,0.8565242857142847,0.4852428571428571,0.513413002152756,15 to 19 years
2271,7346,0.8565242857142847,0.4852428571428571,0.513413002152756,15 to 19 years
2272,1883,0.8565242857142847,0.4852428571428571,0.513413002152756,15 to 19 years
2273,5315,0.8565242857142847,0.4852428571428571,0.513413002152756,15 to 19 years
2274,5477,0.8565242857142847,0.4852428571428571,0.513413002152756,15 to 19 years
2275,4644,0.8565242857142847,0.4852428571428571,0.513413002152756,15 to 19 years
2276,2604,0.8565242857142847,0.4852428571428571,0.513413002152756,15 to 19 years
2277,7605,0.8565242857142847,0.4852428571428571,0.513413002152756,15 to 19 years
2278,3341,0.8565242857142847,0.4852428571428571,0.513413002152756,15 to 19 years
2279,2174,0.8565242857142847,0.4852428571428571,0.513413002152756,15 to 19 years
2280,2524,0.8565242857142847,0.4852428571428571,0.513413002152756,15 to 19 years
2281,650,0.8565242857142847,0.4852428571428571,0.513413002152756,15 to 19 years
2282,7462,0.8565242857142847,0.4852428571428571,0.513413002152756,15 to 19 years
2283,4309,0.8565242857142847,0.4852428571428571,0.513413002152756,15 to 19 years
2284,7593,0.8565242857142847,0.4852428571428571,0.513413002152756,15 to 19 years
2285,7675,0.8565242857142847,0.4852428571428571,0.513413002152756,15 to 19 years
2286,80,0.8565242857142847,0.4852428571428571,0.513413002152756,15 to 19 years
2287,1737,0.8565242857142847,0.4852428571428571,0.513413002152756,15 to 19 years
2288,111,0.8565242857142847,0.4852428571428571,0.513413002152756,15 to 19 years
2289,9713,0.8565242857142847,0.4852428571428571,0.513413002152756,15 to 19 years
2290,6655,0.8565242857142847,0.4852428571428571,0.513413002152756,15 to 19 years
2291,2633,0.8565242857142847,0.4852428571428571,0.513413002152756,15 to 19 years
2292,6461,0.0,0.4852428571428571,0.513413002152756,15 to 19 years
2293,107,0.8565242857142847,0.4852428571428571,0.513413002152756,15 to 19 years
2294,1874,0.8565242857142847,0.4852428571428571,0.513413002152756,15 to 19 years
2295,8976,0.8565242857142847,0.4852428571428571,0.513413002152756,15 to 19 years
2296,9128,0.8565242857142847,0.4852428571428571,0.513413002152756,15 to 19 years
2297,6537,0.8565242857142847,0.4852428571428571,0.513413002152756,15 to 19 years
2298,8098,0.8565242857142847,0.4852428571428571,0.513413002152756,15 to 19 years
2299,5645,0.8565242857142847,0.4852428571428571,0.513413002152756,15 to 19 years
2300,4611,0.8565242857142847,0.4852428571428571,0.513413002152756,15 to 19 years
2301,4330,0.8565242857142847,0.4852428571428571,0.513413002152756,15 to 19 years
2302,8495,0.8565242857142847,0.4852428571428571,0.513413002152756,15 to 19 years
2303,9966,0.8565242857142847,0.4852428571428571,0.513413002152756,15 to 19 years
2304,2389,0.8565242857142847,0.4852428571428571,0.513413002152756,15 to 19 years
2305,6813,0.8565242857142847,0.4852428571428571,0.513413002152756,15 to 19 years
2306,4930,0.8565242857142847,0.4852428571428571,0.513413002152756,15 to 19 years
2307,233,0.8565242857142847,0.4852428571428571,0.513413002152756,15 to 19 years
2308,153,0.8565242857142847,0.4852428571428571,0.513413002152756,15 to 19 years
2309,8616,0.8565242857142847,0.4852428571428571,0.513413002152756,15 to 19 years
2310,3965,0.8565242857142847,0.4852428571428571,0.513413002152756,15 to 19 years
2311,4323,0.8565242857142847,0.4852428571428571,0.513413002152756,15 to 19 years
2312,6737,0.8565242857142847,0.4852428571428571,0.513413002152756,15 to 19 years
2313,5200,0.8565242857142847,0.4852428571428571,0.513413002152756,15 to 19 years
2314,5563,0.8565242857142847,0.4852428571428571,0.513413002152756,15 to 19 years
2315,68,0.8565242857142847,0.4852428571428571,0.513413002152756,15 to 19 years
2316,2615,0.8565242857142847,0.4852428571428571,0.513413002152756,15 to 19 years
2317,323,0.8565242857142847,0.4852428571428571,0.513413002152756,15 to 19 years
2318,5476,0.8565242857142847,0.4852428571428571,0.513413002152756,15 to 19 years
2319,9352,0.8565242857142847,0.4852428571428571,0.513413002152756,15 to 19 years
2320,2498,0.8565242857142847,0.4852428571428571,0.513413002152756,15 to 19 years
2321,1419,0.6182242933257729,0.4852428571428571,0.513413002152756,15 to 19 years
2322,7417,0.8565242857142847,0.4852428571428571,0.513413002152756,15 to 19 years
2323,4825,0.8565242857142847,0.4852428571428571,0.513413002152756,15 to 19 years
2324,8613,0.8565242857142847,0.4852428571428571,0.513413002152756,15 to 19 years
2325,3000,0.801297554288724,0.4852428571428571,0.513413002152756,15 to 19 years
2326,7603,0.8565242857142847,0.4852428571428571,0.513413002152756,15 to 19 years
2327,9516,0.8565242857142847,0.4852428571428571,0.513413002152756,15 to 19 years
2328,4675,0.8565242857142847,0.4852428571428571,0.513413002152756,15 to 19 years
2329,9328,0.8565242857142847,0.4852428571428571,0.513413002152756,15 to 19 years
2330,2205,0.8565242857142847,0.4852428571428571,0.513413002152756,15 to 19 years
2331,7453,0.8565242857142847,0.4852428571428571,0.513413002152756,15 to 19 years
2332,2346,0.8565242857142847,0.4852428571428571,0.513413002152756,15 to 19 years
2333,1775,0.8565242857142847,0.4852428571428571,0.513413002152756,15 to 19 years
2334,6051,0.8565242857142847,0.4852428571428571,0.513413002152756,15 to 19 years
2335,5644,0.8565242857142847,0.4852428571428571,0.513413002152756,15 to 19 years
2336,4247,0.8565242857142847,0.4852428571428571,0.513413002152756,15 to 19 years
2337,2532,0.8565242857142847,0.4852428571428571,0.513413002152756,15 to 19 years
2338,2768,0.8565242857142847,0.4852428571428571,0.513413002152756,15 to 19 years
2339,3301,0.8565242857142847,0.4852428571428571,0.513413002152756,15 to 19 years
2340,3428,0.8565242857142847,0.4852428571428571,0.513413002152756,15 to 19 years
2341,421,0.8565242857142847,0.4852428571428571,0.513413002152756,15 to 19 years
2342,4811,0.8565242857142847,0.4852428571428571,0.513413002152756,15 to 19 years
2343,5894,0.8565242857142847,0.4852428571428571,0.513413002152756,15 to 19 years
2344,9894,0.8565242857142847,0.4852428571428571,0.513413002152756,15 to 19 years
2345,4777,0.8565242857142847,0.4852428571428571,0.513413002152756,15 to 19 years
2346,11,0.8565242857142847,0.4852428571428571,0.513413002152756,15 to 19 years
2347,8626,0.8565242857142847,0.4852428571428571,0.513413002152756,15 to 19 years
2348,7287,0.8565242857142847,0.4852428571428571,0.513413002152756,15 to 19 years
2349,2228,0.8565242857142847,0.4852428571428571,0.513413002152756,15 to 19 years
2350,1354,0.8565242857142847,0.4852428571428571,0.513413002152756,15 to 19 years
2351,3548,0.8565242857142847,0.4852428571428571,0.513413002152756,15 to 19 years
2352,4123,0.8565242857142847,0.4852428571428571,0.513413002152756,15 to 19 years
2353,1576,0.8565242857142847,0.4852428571428571,0.513413002152756,15 to 19 years
2354,157,0.8565242857142847,0.4852428571428571,0.513413002152756,15 to 19 years
2355,3111,0.8565242857142847,0.4852428571428571,0.513413002152756,15 to 19 years
2356,7206,0.8565242857142847,0.4852428571428571,0.513413002152756,15 to 19 years
2357,5917,0.8565242857142847,0.4852428571428571,0.513413002152756,15 to 19 years
2358,1726,0.8565242857142847,0.4852428571428571,0.513413002152756,15 to 19 years
2359,7821,0.8565242857142847,0.4852428571428571,0.513413002152756,15 to 19 years
2360,6630,0.8565242857142847,0.4852428571428571,0.513413002152756,15 to 19 years
2361,5107,0.8565242857142847,0.4852428571428571,0.513413002152756,15 to 19 years
2362,5085,0.8565242857142847,0.4852428571428571,0.513413002152756,15 to 19 years
2363,3233,0.8565242857142847,0.4852428571428571,0.513413002152756,15 to 19 years
2364,5674,0.8565242857142847,0.4852428571428571,0.513413002152756,15 to 19 years
2365,799,0.8565242857142847,0.4852428571428571,0.513413002152756,15 to 19 years
2366,2231,0.8565242857142847,0.4852428571428571,0.513413002152756,15 to 19 years
2367,819,0.8565242857142847,0.4852428571428571,0.513413002152756,15 to 19 years
2368,5957,0.8565242857142847,0.4852428571428571,0.513413002152756,15 to 19 years
2369,2603,0.8565242857142847,0.4852428571428571,0.513413002152756,15 to 19 years
2370,7103,0.8565242857142847,0.4852428571428571,0.513413002152756,15 to 19 years
2371,1800,0.8565242857142847,0.4852428571428571,0.513413002152756,15 to 19 years
2372,8693,0.8565242857142847,0.4852428571428571,0.513413002152756,15 to 19 years
2373,4203,0.8565242857142847,0.4852428571428571,0.513413002152756,15 to 19 years
2374,9523,0.8565242857142847,0.4852428571428571,0.513413002152756,15 to 19 years
2375,7986,0.8565242857142847,0.4852428571428571,0.513413002152756,15 to 19 years
2376,2673,0.8565242857142847,0.4852428571428571,0.513413002152756,15 to 19 years
2377,667,0.8565242857142847,0.4852428571428571,0.513413002152756,15 to 19 years
2378,7406,0.8565242857142847,0.4852428571428571,0.513413002152756,15 to 19 years
2379,2111,0.8565242857142847,0.4852428571428571,0.513413002152756,15 to 19 years
2380,6086,0.8565242857142847,0.4852428571428571,0.513413002152756,15 to 19 years
2381,2316,0.8565242857142847,0.4852428571428571,0.513413002152756,15 to 19 years
2382,6398,0.8565242857142847,0.4852428571428571,0.513413002152756,15 to 19 years
2383,8841,0.8565242857142847,0.4852428571428571,0.513413002152756,15 to 19 years
2384,2088,0.8565242857142847,0.4852428571428571,0.513413002152756,15 to 19 years
2385,17,0.8565242857142847,0.4852428571428571,0.513413002152756,15 to 19 years
2386,4816,0.8565242857142847,0.4852428571428571,0.513413002152756,15 to 19 years
2387,1998,0.8565242857142847,0.4852428571428571,0.513413002152756,15 to 19 years
2388,4638,0.8565242857142847,0.4852428571428571,0.513413002152756,15 to 19 years
2389,2703,0.8565242857142847,0.4852428571428571,0.513413002152756,15 to 19 years
2390,3516,0.8565242857142847,0.4852428571428571,0.513413002152756,15 to 19 years
2391,8775,0.8565242857142847,0.4852428571428571,0.513413002152756,15 to 19 years
2392,897,0.8565242857142847,0.4852428571428571,0.513413002152756,15 to 19 years
2393,6998,0.8565242857142847,0.4852428571428571,0.513413002152756,15 to 19 years
2394,9305,0.8565242857142847,0.4852428571428571,0.513413002152756,15 to 19 years
2395,2302,0.8565242857142847,0.4852428571428571,0.513413002152756,15 to 19 years
2396,9074,0.8565242857142847,0.4852428571428571,0.513413002152756,15 to 19 years
2397,50,0.8565242857142847,0.4852428571428571,0.513413002152756,15 to 19 years
2398,8357,0.8565242857142847,0.4852428571428571,0.513413002152756,15 to 19 years
2399,979,0.8565242857142847,0.4852428571428571,0.513413002152756,15 to 19 years
2400,8878,0.8565242857142847,0.4852428571428571,0.513413002152756,15 to 19 years
2401,2017,0.8565242857142847,0.4852428571428571,0.513413002152756,15 to 19 years
2402,5733,0.8565242857142847,0.4852428571428571,0.513413002152756,15 to 19 years
2403,6523,0.8565242857142847,0.4852428571428571,0.513413002152756,15 to 19 years
2404,9228,0.8565242857142847,0.4852428571428571,0.513413002152756,15 to 19 years
2405,1547,0.8565242857142847,0.4852428571428571,0.513413002152756,15 to 19 years
2406,7811,0.8565242857142847,0.4852428571428571,0.513413002152756,15 to 19 years
2407,6052,0.8565242857142847,0.4852428571428571,0.513413002152756,15 to 19 years
2408,2840,0.8565242857142847,0.4852428571428571,0.513413002152756,15 to 19 years
2409,1844,0.8565242857142847,0.4852428571428571,0.513413002152756,15 to 19 years
2410,4124,0.8565242857142847,0.4852428571428571,0.513413002152756,15 to 19 years
2411,9213,0.8565242857142847,0.4852428571428571,0.513413002152756,15 to 19 years
2412,2944,0.8565242857142847,0.4852428571428571,0.513413002152756,15 to 19 years
2413,6715,0.8565242857142847,0.4852428571428571,0.513413002152756,15 to 19 years
2414,9329,0.8565242857142847,0.4852428571428571,0.513413002152756,15 to 19 years
2415,9096,0.8565242857142847,0.4852428571428571,0.513413002152756,15 to 19 years
2416,7965,0.8565242857142847,0.4852428571428571,0.513413002152756,15 to 19 years
2417,76,0.8565242857142847,0.4852428571428571,0.513413002152756,15 to 19 years
2418,72,0.8565242857142847,0.4852428571428571,0.513413002152756,15 to 19 years
2419,7288,0.8565242857142847,0.4852428571428571,0.513413002152756,15 to 19 years
2420,5259,0.8565242857142847,0.4852428571428571,0.513413002152756,15 to 19 years
2421,5409,0.8565242857142847,0.4852428571428571,0.513413002152756,15 to 19 years
2422,9650,0.8565242857142847,0.4852428571428571,0.513413002152756,15 to 19 years
2423,7793,0.8565242857142847,0.4852428571428571,0.513413002152756,15 to 19 years
2424,2283,0.8565242857142847,0.4852428571428571,0.513413002152756,15 to 19 years
2425,8144,0.8565242857142847,0.4852428571428571,0.513413002152756,15 to 19 years
2426,6085,0.8565242857142847,0.4852428571428571,0.513413002152756,15 to 19 years
2427,7477,0.8565242857142847,0.4852428571428571,0.513413002152756,15 to 19 years
2428,6769,0.8565242857142847,0.4852428571428571,0.513413002152756,15 to 19 years
2429,1899,0.8565242857142847,0.4852428571428571,0.513413002152756,15 to 19 years
2430,3836,0.8565242857142847,0.4852428571428571,0.513413002152756,15 to 19 years
2431,167,0.5673720754900689,0.4852428571428571,0.513413002152756,15 to 19 years
2432,2696,0.8565242857142847,0.4852428571428571,0.513413002152756,15 to 19 years
2433,326,0.8565242857142847,0.4852428571428571,0.513413002152756,15 to 19 years
2434,6955,0.8565242857142847,0.4852428571428571,0.513413002152756,15 to 19 years
2435,751,0.8565242857142847,0.4852428571428571,0.513413002152756,15 to 19 years
2436,4779,0.8565242857142847,0.4852428571428571,0.513413002152756,15 to 19 years
2437,2475,0.8565242857142847,0.4852428571428571,0.513413002152756,15 to 19 years
2438,8520,0.8565242857142847,0.4852428571428571,0.513413002152756,15 to 19 years
2439,5844,0.8565242857142847,0.4852428571428571,0.513413002152756,15 to 19 years
2440,1634,0.8565242857142847,0.4852428571428571,0.513413002152756,15 to 19 years
2441,6352,0.8565242857142847,0.4852428571428571,0.513413002152756,15 to 19 years
2442,7176,0.8565242857142847,0.4852428571428571,0.513413002152756,15 to 19 years
2443,7539,0.8565242857142847,0.4852428571428571,0.513413002152756,15 to 19 years
2444,8659,0.8565242857142847,0.4852428571428571,0.513413002152756,15 to 19 years
2445,9717,0.8565242857142847,0.4852428571428571,0.513413002152756,15 to 19 years
2446,3834,0.8565242857142847,0.4852428571428571,0.513413002152756,15 to 19 years
2447,2267,0.8565242857142847,0.4852428571428571,0.513413002152756,15 to 19 years
2448,8360,0.8565242857142847,0.4852428571428571,0.513413002152756,15 to 19 years
2449,6916,0.8565242857142847,0.4852428571428571,0.513413002152756,15 to 19 years
2450,5807,0.8565242857142847,0.4852428571428571,0.513413002152756,15 to 19 years
2451,546,0.8565242857142847,0.4852428571428571,0.513413002152756,15 to 19 years
2452,3386,0.8565242857142847,0.4852428571428571,0.513413002152756,15 to 19 years
2453,4987,0.8565242857142847,0.4852428571428571,0.513413002152756,15 to 19 years
2454,7874,0.8565242857142847,0.4852428571428571,0.513413002152756,15 to 19 years
2455,3375,0.8565242857142847,0.4852428571428571,0.513413002152756,15 to 19 years
2456,1317,0.8565242857142847,0.4852428571428571,0.513413002152756,15 to 19 years
2457,5867,0.8565242857142847,0.4852428571428571,0.513413002152756,15 to 19 years
2458,4827,0.8565242857142847,0.4852428571428571,0.513413002152756,15 to 19 years
2459,203,0.8565242857142847,0.4852428571428571,0.513413002152756,15 to 19 years
2460,6640,0.8565242857142847,0.4852428571428571,0.513413002152756,15 to 19 years
2461,6390,0.8565242857142847,0.4852428571428571,0.513413002152756,15 to 19 years
2462,6699,0.8565242857142847,0.4852428571428571,0.513413002152756,15 to 19 years
2463,6967,0.8565242857142847,0.4852428571428571,0.513413002152756,15 to 19 years
2464,7464,0.8565242857142847,0.4852428571428571,0.513413002152756,15 to 19 years
2465,8865,0.8565242857142847,0.4852428571428571,0.513413002152756,15 to 19 years
2466,7741,0.8565242857142847,0.4852428571428571,0.513413002152756,15 to 19 years
2467,4209,0.8565242857142847,0.4852428571428571,0.513413002152756,15 to 19 years
2468,954,0.8565242857142847,0.4852428571428571,0.513413002152756,15 to 19 years
2469,9571,0.8565242857142847,0.4852428571428571,0.513413002152756,15 to 19 years
2470,4706,0.8565242857142847,0.4852428571428571,0.513413002152756,15 to 19 years
2471,7388,0.8565242857142847,0.4852428571428571,0.513413002152756,15 to 19 years
2472,6444,0.8565242857142847,0.4852428571428571,0.513413002152756,15 to 19 years
2473,9419,0.8565242857142847,0.4852428571428571,0.513413002152756,15 to 19 years
2474,4738,0.8565242857142847,0.4852428571428571,0.513413002152756,15 to 19 years
2475,2576,0.8565242857142847,0.4852428571428571,0.513413002152756,15 to 19 years
2476,922,0.8565242857142847,0.4852428571428571,0.513413002152756,15 to 19 years
2477,4311,0.8565242857142847,0.4852428571428571,0.513413002152756,15 to 19 years
2478,3159,0.8565242857142847,0.4852428571428571,0.513413002152756,15 to 19 years
2479,4407,0.8565242857142847,0.4852428571428571,0.513413002152756,15 to 19 years
2480,4155,0.8565242857142847,0.4852428571428571,0.513413002152756,15 to 19 years
2481,3303,0.8565242857142847,0.4852428571428571,0.513413002152756,15 to 19 years
2482,761,0.8565242857142847,0.4852428571428571,0.513413002152756,15 to 19 years
2483,9188,0.8565242857142847,0.4852428571428571,0.513413002152756,15 to 19 years
2484,8964,0.8565242857142847,0.4852428571428571,0.513413002152756,15 to 19 years
2485,8510,0.8565242857142847,0.4852428571428571,0.513413002152756,15 to 19 years
2486,5137,0.8565242857142847,0.4852428571428571,0.513413002152756,15 to 19 years
2487,5508,0.8565242857142847,0.4852428571428571,0.513413002152756,15 to 19 years
2488,8846,0.8565242857142847,0.4852428571428571,0.513413002152756,15 to 19 years
2489,9142,0.8565242857142847,0.4852428571428571,0.513413002152756,15 to 19 years
2490,9884,0.8565242857142847,0.4852428571428571,0.513413002152756,15 to 19 years
2491,2480,0.8565242857142847,0.4852428571428571,0.513413002152756,15 to 19 years
2492,8927,0.8565242857142847,0.4852428571428571,0.513413002152756,15 to 19 years
2493,1200,0.8565242857142847,0.4852428571428571,0.513413002152756,15 to 19 years
2494,239,0.8565242857142847,0.4852428571428571,0.513413002152756,15 to 19 years
2495,6878,0.8565242857142847,0.4852428571428571,0.513413002152756,15 to 19 years
2496,6269,0.8565242857142847,0.4852428571428571,0.513413002152756,15 to 19 years
2497,1491,0.8565242857142847,0.4852428571428571,0.513413002152756,15 to 19 years
2498,1184,0.8565242857142847,0.4852428571428571,0.513413002152756,15 to 19 years
2499,5673,0.8565242857142847,0.4852428571428571,0.513413002152756,15 to 19 years
2500,7898,0.8565242857142847,0.4852428571428571,0.513413002152756,15 to 19 years
2501,4339,0.8565242857142847,0.4852428571428571,0.513413002152756,15 to 19 years
2502,8786,0.8565242857142847,0.4852428571428571,0.513413002152756,15 to 19 years
2503,6923,0.8565242857142847,0.4852428571428571,0.513413002152756,15 to 19 years
2504,1266,0.8565242857142847,0.4852428571428571,0.513413002152756,15 to 19 years
2505,147,0.8565242857142847,0.4852428571428571,0.513413002152756,15 to 19 years
2506,6517,0.8565242857142847,0.4852428571428571,0.513413002152756,15 to 19 years
2507,2251,0.8565242857142847,0.4852428571428571,0.513413002152756,15 to 19 years
2508,907,0.8565242857142847,0.4852428571428571,0.513413002152756,15 to 19 years
2509,7977,0.8565242857142847,0.4852428571428571,0.513413002152756,15 to 19 years
2510,6200,0.8565242857142847,0.4852428571428571,0.513413002152756,15 to 19 years
2511,8856,0.8565242857142847,0.4852428571428571,0.513413002152756,15 to 19 years
2512,295,0.8565242857142847,0.4852428571428571,0.513413002152756,15 to 19 years
2513,5032,0.8565242857142847,0.4852428571428571,0.513413002152756,15 to 19 years
2514,4027,0.8565242857142847,0.4852428571428571,0.513413002152756,15 to 19 years
2515,5404,0.8565242857142847,0.4852428571428571,0.513413002152756,15 to 19 years
2516,3203,0.8565242857142847,0.4852428571428571,0.513413002152756,15 to 19 years
2517,7003,0.8565242857142847,0.4852428571428571,0.513413002152756,15 to 19 years
2518,4695,0.8565242857142847,0.4852428571428571,0.513413002152756,15 to 19 years
2519,3106,0.8565242857142847,0.4852428571428571,0.513413002152756,15 to 19 years
2520,4035,0.8565242857142847,0.4852428571428571,0.513413002152756,15 to 19 years
2521,5000,0.8565242857142847,0.4852428571428571,0.513413002152756,15 to 19 years
2522,5923,0.8565242857142847,0.4852428571428571,0.513413002152756,15 to 19 years
2523,8422,0.8565242857142847,0.4852428571428571,0.513413002152756,15 to 19 years
2524,5967,0.8565242857142847,0.4852428571428571,0.513413002152756,15 to 19 years
2525,6389,0.8565242857142847,0.4852428571428571,0.513413002152756,15 to 19 years
2526,1754,0.8565242857142847,0.4852428571428571,0.513413002152756,15 to 19 years
2527,1082,0.8565242857142847,0.4852428571428571,0.513413002152756,15 to 19 years
2528,4821,0.8565242857142847,0.4852428571428571,0.513413002152756,15 to 19 years
2529,2852,0.8565242857142847,0.4852428571428571,0.513413002152756,15 to 19 years
2530,7618,0.8565242857142847,0.4852428571428571,0.513413002152756,15 to 19 years
2531,2020,0.8565242857142847,0.4852428571428571,0.513413002152756,15 to 19 years
2532,5445,0.8565242857142847,0.4852428571428571,0.513413002152756,15 to 19 years
2533,2850,0.8565242857142847,0.4852428571428571,0.513413002152756,15 to 19 years
2534,6326,0.8565242857142847,0.4852428571428571,0.513413002152756,15 to 19 years
2535,744,0.8565242857142847,0.4852428571428571,0.513413002152756,15 to 19 years
2536,7524,0.8565242857142847,0.4852428571428571,0.513413002152756,15 to 19 years
2537,75,0.8565242857142847,0.4852428571428571,0.513413002152756,15 to 19 years
2538,7929,0.8565242857142847,0.4852428571428571,0.513413002152756,15 to 19 years
2539,2393,0.8565242857142847,0.4852428571428571,0.513413002152756,15 to 19 years
2540,9653,0.8565242857142847,0.4852428571428571,0.513413002152756,15 to 19 years
2541,9027,0.8565242857142847,0.4852428571428571,0.513413002152756,15 to 19 years
2542,4104,0.8565242857142847,0.4852428571428571,0.513413002152756,15 to 19 years
2543,7782,0.8565242857142847,0.4852428571428571,0.513413002152756,15 to 19 years
2544,6828,0.8565242857142847,0.4852428571428571,0.513413002152756,15 to 19 years
2545,5195,0.8565242857142847,0.4852428571428571,0.513413002152756,15 to 19 years
2546,5457,0.8565242857142847,0.4852428571428571,0.513413002152756,15 to 19 years
2547,7405,0.8565242857142847,0.4852428571428571,0.513413002152756,15 to 19 years
2548,8756,0.8565242857142847,0.4852428571428571,0.513413002152756,15 to 19 years
2549,2071,0.8565242857142847,0.4852428571428571,0.513413002152756,15 to 19 years
2550,7572,0.8565242857142847,0.4852428571428571,0.513413002152756,15 to 19 years
2551,8407,0.8565242857142847,0.4852428571428571,0.513413002152756,15 to 19 years
2552,2390,0.8565242857142847,0.4852428571428571,0.513413002152756,15 to 19 years
2553,9958,0.8565242857142847,0.4852428571428571,0.513413002152756,15 to 19 years
2554,6591,0.8565242857142847,0.4852428571428571,0.513413002152756,15 to 19 years
2555,4001,0.8565242857142847,0.4852428571428571,0.513413002152756,15 to 19 years
2556,1930,0.8565242857142847,0.4852428571428571,0.513413002152756,15 to 19 years
2557,6909,0.8565242857142847,0.4852428571428571,0.513413002152756,15 to 19 years
2558,9866,0.8565242857142847,0.4852428571428571,0.513413002152756,15 to 19 years
2559,3997,0.8565242857142847,0.4852428571428571,0.513413002152756,15 to 19 years
2560,2526,0.8565242857142847,0.4852428571428571,0.513413002152756,15 to 19 years
2561,7892,0.8565242857142847,0.4852428571428571,0.513413002152756,15 to 19 years
2562,5931,0.8565242857142847,0.4852428571428571,0.513413002152756,15 to 19 years
2563,4471,0.8565242857142847,0.4852428571428571,0.513413002152756,15 to 19 years
2564,8050,0.8565242857142847,0.4852428571428571,0.513413002152756,15 to 19 years
2565,996,0.8565242857142847,0.4852428571428571,0.513413002152756,15 to 19 years
2566,2904,0.8565242857142847,0.4852428571428571,0.513413002152756,15 to 19 years
2567,2075,0.8565242857142847,0.4852428571428571,0.513413002152756,15 to 19 years
2568,5326,0.8565242857142847,0.4852428571428571,0.513413002152756,15 to 19 years
2569,8552,0.8565242857142847,0.4852428571428571,0.513413002152756,15 to 19 years
2570,6211,0.8565242857142847,0.4852428571428571,0.513413002152756,15 to 19 years
2571,5276,0.8565242857142847,0.4852428571428571,0.513413002152756,15 to 19 years
2572,1211,0.8565242857142847,0.4852428571428571,0.513413002152756,15 to 19 years
2573,3503,0.8565242857142847,0.4852428571428571,0.513413002152756,15 to 19 years
2574,5462,0.8565242857142847,0.4852428571428571,0.513413002152756,15 to 19 years
2575,1164,0.8565242857142847,0.4852428571428571,0.513413002152756,15 to 19 years
2576,267,0.8565242857142847,0.4852428571428571,0.513413002152756,15 to 19 years
2577,6615,0.8565242857142847,0.4852428571428571,0.513413002152756,15 to 19 years
2578,8561,0.8565242857142847,0.4852428571428571,0.513413002152756,15 to 19 years
2579,1380,0.8565242857142847,0.4852428571428571,0.513413002152756,15 to 19 years
2580,5832,0.8565242857142847,0.4852428571428571,0.513413002152756,15 to 19 years
2581,9878,0.8565242857142847,0.4852428571428571,0.513413002152756,15 to 19 years
2582,1522,0.8565242857142847,0.4852428571428571,0.513413002152756,15 to 19 years
2583,5218,0.8565242857142847,0.4852428571428571,0.513413002152756,15 to 19 years
2584,8296,0.8565242857142847,0.4852428571428571,0.513413002152756,15 to 19 years
2585,6631,0.8565242857142847,0.4852428571428571,0.513413002152756,15 to 19 years
2586,7609,0.8565242857142847,0.4852428571428571,0.513413002152756,15 to 19 years
2587,3320,0.8565242857142847,0.4852428571428571,0.513413002152756,15 to 19 years
2588,1274,0.8565242857142847,0.4852428571428571,0.513413002152756,15 to 19 years
2589,5145,0.8565242857142847,0.4852428571428571,0.513413002152756,15 to 19 years
2590,9944,0.8565242857142847,0.4852428571428571,0.513413002152756,15 to 19 years
2591,7139,0.8565242857142847,0.4852428571428571,0.513413002152756,15 to 19 years
2592,7963,0.8565242857142847,0.4852428571428571,0.513413002152756,15 to 19 years
2593,2529,0.8565242857142847,0.4852428571428571,0.513413002152756,15 to 19 years
2594,9961,0.8565242857142847,0.4852428571428571,0.513413002152756,15 to 19 years
2595,4399,0.8565242857142847,0.4852428571428571,0.513413002152756,15 to 19 years
2596,7275,0.8565242857142847,0.4852428571428571,0.513413002152756,15 to 19 years
2597,7309,0.8565242857142847,0.4852428571428571,0.513413002152756,15 to 19 years
2598,52,0.8565242857142847,0.4852428571428571,0.513413002152756,15 to 19 years
2599,9482,0.8565242857142847,0.4852428571428571,0.513413002152756,15 to 19 years
2600,6411,0.8565242857142847,0.4852428571428571,0.513413002152756,15 to 19 years
2601,5212,0.8565242857142847,0.4852428571428571,0.513413002152756,15 to 19 years
2602,812,0.8565242857142847,0.4852428571428571,0.513413002152756,15 to 19 years
2603,6635,0.8565242857142847,0.4852428571428571,0.513413002152756,15 to 19 years
2604,6058,0.8565242857142847,0.4852428571428571,0.513413002152756,15 to 19 years
2605,4855,0.8565242857142847,0.4852428571428571,0.513413002152756,15 to 19 years
2606,3348,0.8565242857142847,0.4852428571428571,0.513413002152756,15 to 19 years
2607,6599,0.8565242857142847,0.4852428571428571,0.513413002152756,15 to 19 years
2608,4753,0.8565242857142847,0.4852428571428571,0.513413002152756,15 to 19 years
2609,8345,0.8565242857142847,0.4852428571428571,0.513413002152756,15 to 19 years
2610,8681,0.8565242857142847,0.4852428571428571,0.513413002152756,15 to 19 years
2611,1127,0.8565242857142847,0.4852428571428571,0.513413002152756,15 to 19 years
2612,3660,0.8565242857142847,0.4852428571428571,0.513413002152756,15 to 19 years
2613,7529,0.8565242857142847,0.4852428571428571,0.513413002152756,15 to 19 years
2614,1880,0.8565242857142847,0.4852428571428571,0.513413002152756,15 to 19 years
2615,3337,0.8565242857142847,0.4852428571428571,0.513413002152756,15 to 19 years
2616,3772,0.8565242857142847,0.4852428571428571,0.513413002152756,15 to 19 years
2617,3485,0.8565242857142847,0.4852428571428571,0.513413002152756,15 to 19 years
2618,5306,0.8565242857142847,0.4852428571428571,0.513413002152756,15 to 19 years
2619,2413,0.8565242857142847,0.4852428571428571,0.513413002152756,15 to 19 years
2620,3288,0.8565242857142847,0.4852428571428571,0.513413002152756,15 to 19 years
2621,6296,0.8565242857142847,0.4852428571428571,0.513413002152756,15 to 19 years
2622,2584,0.8565242857142847,0.4852428571428571,0.513413002152756,15 to 19 years
2623,305,0.8565242857142847,0.4852428571428571,0.513413002152756,15 to 19 years
2624,5495,0.8565242857142847,0.4852428571428571,0.513413002152756,15 to 19 years
2625,1704,0.8565242857142847,0.4852428571428571,0.513413002152756,15 to 19 years
2626,8233,0.8565242857142847,0.4852428571428571,0.513413002152756,15 to 19 years
2627,9231,0.8565242857142847,0.4852428571428571,0.513413002152756,15 to 19 years
2628,7375,0.8565242857142847,0.4852428571428571,0.513413002152756,15 to 19 years
2629,6272,0.8565242857142847,0.4852428571428571,0.513413002152756,15 to 19 years
2630,4858,0.8565242857142847,0.4852428571428571,0.513413002152756,15 to 19 years
2631,3165,0.8565242857142847,0.4852428571428571,0.513413002152756,15 to 19 years
2632,8192,0.8565242857142847,0.4852428571428571,0.513413002152756,15 to 19 years
2633,7703,0.8565242857142847,0.4852428571428571,0.513413002152756,15 to 19 years
2634,3473,0.8565242857142847,0.4852428571428571,0.513413002152756,15 to 19 years
2635,715,0.8565242857142847,0.4852428571428571,0.513413002152756,15 to 19 years
2636,1812,0.8565242857142847,0.4852428571428571,0.513413002152756,15 to 19 years
2637,4926,0.8565242857142847,0.4852428571428571,0.513413002152756,15 to 19 years
2638,1372,0.8565242857142847,0.4852428571428571,0.513413002152756,15 to 19 years
2639,49,0.8565242857142847,0.4852428571428571,0.513413002152756,15 to 19 years
2640,8339,0.8565242857142847,0.4852428571428571,0.513413002152756,15 to 19 years
2641,4353,0.8565242857142847,0.4852428571428571,0.513413002152756,15 to 19 years
2642,1335,0.8565242857142847,0.4852428571428571,0.513413002152756,15 to 19 years
2643,1450,0.8565242857142847,0.4852428571428571,0.513413002152756,15 to 19 years
2644,9003,0.8565242857142847,0.4852428571428571,0.513413002152756,15 to 19 years
2645,4553,0.8565242857142847,0.4852428571428571,0.513413002152756,15 to 19 years
2646,9367,0.8565242857142847,0.4852428571428571,0.513413002152756,15 to 19 years
2647,7460,0.8565242857142847,0.4852428571428571,0.513413002152756,15 to 19 years
2648,3951,0.8565242857142847,0.4852428571428571,0.513413002152756,15 to 19 years
2649,1988,0.8565242857142847,0.4852428571428571,0.513413002152756,15 to 19 years
2650,3918,0.8565242857142847,0.4852428571428571,0.513413002152756,15 to 19 years
2651,5694,0.8565242857142847,0.4852428571428571,0.513413002152756,15 to 19 years
2652,6131,0.8565242857142847,0.4852428571428571,0.513413002152756,15 to 19 years
2653,4528,0.8565242857142847,0.4852428571428571,0.513413002152756,15 to 19 years
2654,5973,0.8565242857142847,0.4852428571428571,0.513413002152756,15 to 19 years
2655,6582,0.8565242857142847,0.4852428571428571,0.513413002152756,15 to 19 years
2656,3939,0.8565242857142847,0.4852428571428571,0.513413002152756,15 to 19 years
2657,7975,0.8565242857142847,0.4852428571428571,0.513413002152756,15 to 19 years
2658,9888,0.8565242857142847,0.4852428571428571,0.513413002152756,15 to 19 years
2659,1005,0.8565242857142847,0.4852428571428571,0.513413002152756,15 to 19 years
2660,8072,0.8565242857142847,0.4852428571428571,0.513413002152756,15 to 19 years
2661,5186,0.8565242857142847,0.4852428571428571,0.513413002152756,15 to 19 years
2662,1482,0.8565242857142847,0.4852428571428571,0.513413002152756,15 to 19 years
2663,9474,0.8565242857142847,0.4852428571428571,0.513413002152756,15 to 19 years
2664,4135,0.8565242857142847,0.4852428571428571,0.513413002152756,15 to 19 years
2665,3782,0.8565242857142847,0.4852428571428571,0.513413002152756,15 to 19 years
2666,9501,0.8565242857142847,0.4852428571428571,0.513413002152756,15 to 19 years
2667,4115,0.8565242857142847,0.4852428571428571,0.513413002152756,15 to 19 years
2668,5403,0.8565242857142847,0.4852428571428571,0.513413002152756,15 to 19 years
2669,6979,0.8565242857142847,0.4852428571428571,0.513413002152756,15 to 19 years
2670,1296,0.8565242857142847,0.4852428571428571,0.513413002152756,15 to 19 years
2671,2459,0.8565242857142847,0.4852428571428571,0.513413002152756,15 to 19 years
2672,5980,0.8565242857142847,0.4852428571428571,0.513413002152756,15 to 19 years
2673,5942,0.8565242857142847,0.4852428571428571,0.513413002152756,15 to 19 years
2674,426,0.8565242857142847,0.4852428571428571,0.513413002152756,15 to 19 years
2675,9444,0.8565242857142847,0.4852428571428571,0.513413002152756,15 to 19 years
2676,8070,0.8565242857142847,0.4852428571428571,0.513413002152756,15 to 19 years
2677,7634,0.8565242857142847,0.4852428571428571,0.513413002152756,15 to 19 years
2678,3099,0.8565242857142847,0.4852428571428571,0.513413002152756,15 to 19 years
2679,4064,0.8565242857142847,0.4852428571428571,0.513413002152756,15 to 19 years
2680,7100,0.8565242857142847,0.4852428571428571,0.513413002152756,15 to 19 years
2681,1701,0.8565242857142847,0.4852428571428571,0.513413002152756,15 to 19 years
2682,2854,0.8565242857142847,0.4852428571428571,0.513413002152756,15 to 19 years
2683,7650,0.8565242857142847,0.4852428571428571,0.513413002152756,15 to 19 years
2684,1350,0.8565242857142847,0.4852428571428571,0.513413002152756,15 to 19 years
2685,1596,0.8565242857142847,0.4852428571428571,0.513413002152756,15 to 19 years
2686,9132,0.8565242857142847,0.4852428571428571,0.513413002152756,15 to 19 years
2687,6483,0.8565242857142847,0.4852428571428571,0.513413002152756,15 to 19 years
2688,6981,0.8565242857142847,0.4852428571428571,0.513413002152756,15 to 19 years
2689,4763,0.8565242857142847,0.4852428571428571,0.513413002152756,15 to 19 years
2690,4709,0.8565242857142847,0.4852428571428571,0.513413002152756,15 to 19 years
2691,8732,0.8565242857142847,0.4852428571428571,0.513413002152756,15 to 19 years
2692,6428,0.8565242857142847,0.4852428571428571,0.513413002152756,15 to 19 years
2693,862,0.8565242857142847,0.4852428571428571,0.513413002152756,15 to 19 years
2694,9024,0.8565242857142847,0.4852428571428571,0.513413002152756,15 to 19 years
2695,5603,0.8565242857142847,0.4852428571428571,0.513413002152756,15 to 19 years
2696,5906,0.0,0.4852428571428571,0.513413002152756,15 to 19 years
2697,2670,0.8565242857142847,0.4852428571428571,0.513413002152756,15 to 19 years
2698,5691,0.8565242857142847,0.4852428571428571,0.513413002152756,15 to 19 years
2699,8566,0.8565242857142847,0.4852428571428571,0.513413002152756,15 to 19 years
2700,5121,0.8565242857142847,0.4852428571428571,0.513413002152756,15 to 19 years
2701,5877,0.8565242857142847,0.4852428571428571,0.513413002152756,15 to 19 years
2702,2144,0.8565242857142847,0.4852428571428571,0.513413002152756,15 to 19 years
2703,7311,0.8565242857142847,0.4852428571428571,0.513413002152756,15 to 19 years
2704,553,0.8565242857142847,0.4852428571428571,0.513413002152756,15 to 19 years
2705,621,0.8565242857142847,0.4852428571428571,0.513413002152756,15 to 19 years
2706,187,0.8565242857142847,0.4852428571428571,0.513413002152756,15 to 19 years
2707,8417,0.8565242857142847,0.4852428571428571,0.513413002152756,15 to 19 years
2708,4957,0.8565242857142847,0.4852428571428571,0.513413002152756,15 to 19 years
2709,3155,0.8565242857142847,0.4852428571428571,0.513413002152756,15 to 19 years
2710,9293,0.8565242857142847,0.4852428571428571,0.513413002152756,15 to 19 years
2711,4071,0.8565242857142847,0.4852428571428571,0.513413002152756,15 to 19 years
2712,9347,0.8565242857142847,0.4852428571428571,0.513413002152756,15 to 19 years
2713,9907,0.8565242857142847,0.4852428571428571,0.513413002152756,15 to 19 years
2714,1286,0.8565242857142847,0.4852428571428571,0.513413002152756,15 to 19 years
2715,202,0.8565242857142847,0.4852428571428571,0.513413002152756,15 to 19 years
2716,6960,0.8565242857142847,0.4852428571428571,0.513413002152756,15 to 19 years
2717,7358,0.8565242857142847,0.4852428571428571,0.513413002152756,15 to 19 years
2718,4843,0.8565242857142847,0.4852428571428571,0.513413002152756,15 to 19 years
2719,9735,0.8565242857142847,0.4852428571428571,0.513413002152756,15 to 19 years
2720,8248,0.8565242857142847,0.4852428571428571,0.513413002152756,15 to 19 years
2721,8658,0.8565242857142847,0.4852428571428571,0.513413002152756,15 to 19 years
2722,598,0.8565242857142847,0.4852428571428571,0.513413002152756,15 to 19 years
2723,1283,0.8565242857142847,0.4852428571428571,0.513413002152756,15 to 19 years
2724,9643,0.8565242857142847,0.4852428571428571,0.513413002152756,15 to 19 years
2725,4239,0.5475109788148692,0.4852428571428571,0.513413002152756,15 to 19 years
2726,3150,0.8565242857142847,0.4852428571428571,0.513413002152756,15 to 19 years
2727,3437,0.8565242857142847,0.4852428571428571,0.513413002152756,15 to 19 years
2728,3808,0.8565242857142847,0.4852428571428571,0.513413002152756,15 to 19 years
2729,8779,0.8565242857142847,0.4852428571428571,0.513413002152756,15 to 19 years
2730,4097,0.8565242857142847,0.4852428571428571,0.513413002152756,15 to 19 years
2731,9000,0.5037042464840653,0.4852428571428571,0.513413002152756,15 to 19 years
2732,4861,0.8565242857142847,0.4852428571428571,0.513413002152756,15 to 19 years
2733,3454,0.8565242857142847,0.4852428571428571,0.513413002152756,15 to 19 years
2734,634,0.8335242857142845,0.4852428571428571,0.513413002152756,20 to 24 years
2735,2009,0.8335242857142845,0.4852428571428571,0.513413002152756,20 to 24 years
2736,4087,0.2219430306878601,0.4852428571428571,0.513413002152756,20 to 24 years
2737,1272,0.8335242857142845,0.4852428571428571,0.513413002152756,20 to 24 years
2738,2408,0.8335242857142845,0.4852428571428571,0.513413002152756,20 to 24 years
2739,1870,0.8335242857142845,0.4852428571428571,0.513413002152756,20 to 24 years
2740,8013,0.8335242857142845,0.4852428571428571,0.513413002152756,20 to 24 years
2741,8960,0.8335242857142845,0.4852428571428571,0.513413002152756,20 to 24 years
2742,9428,0.8335242857142845,0.4852428571428571,0.513413002152756,20 to 24 years
2743,8903,0.8335242857142845,0.4852428571428571,0.513413002152756,20 to 24 years
2744,6739,0.8335242857142845,0.4852428571428571,0.513413002152756,20 to 24 years
2745,6752,0.8335242857142845,0.4852428571428571,0.513413002152756,20 to 24 years
2746,9249,0.8335242857142845,0.4852428571428571,0.513413002152756,20 to 24 years
2747,7760,0.8335242857142845,0.4852428571428571,0.513413002152756,20 to 24 years
2748,3173,0.46797637953628163,0.4852428571428571,0.513413002152756,20 to 24 years
2749,8032,0.8335242857142845,0.4852428571428571,0.513413002152756,20 to 24 years
2750,501,0.8335242857142845,0.4852428571428571,0.513413002152756,20 to 24 years
2751,834,0.8335242857142845,0.4852428571428571,0.513413002152756,20 to 24 years
2752,530,0.8335242857142845,0.4852428571428571,0.513413002152756,20 to 24 years
2753,3045,0.8335242857142845,0.4852428571428571,0.513413002152756,20 to 24 years
2754,8673,0.8335242857142845,0.4852428571428571,0.513413002152756,20 to 24 years
2755,6983,0.8335242857142845,0.4852428571428571,0.513413002152756,20 to 24 years
2756,3957,0.3225807671369989,0.4852428571428571,0.513413002152756,20 to 24 years
2757,938,0.8335242857142845,0.4852428571428571,0.513413002152756,20 to 24 years
2758,2257,0.8335242857142845,0.4852428571428571,0.513413002152756,20 to 24 years
2759,1575,0.8335242857142845,0.4852428571428571,0.513413002152756,20 to 24 years
2760,3530,0.8335242857142845,0.4852428571428571,0.513413002152756,20 to 24 years
2761,2948,0.8335242857142845,0.4852428571428571,0.513413002152756,20 to 24 years
2762,8290,0.8335242857142845,0.4852428571428571,0.513413002152756,20 to 24 years
2763,2990,0.8335242857142845,0.4852428571428571,0.513413002152756,20 to 24 years
2764,8590,0.8335242857142845,0.4852428571428571,0.513413002152756,20 to 24 years
2765,1814,0.8335242857142845,0.4852428571428571,0.513413002152756,20 to 24 years
2766,1542,0.8335242857142845,0.4852428571428571,0.513413002152756,20 to 24 years
2767,8148,0.8335242857142845,0.4852428571428571,0.513413002152756,20 to 24 years
2768,6031,0.8335242857142845,0.4852428571428571,0.513413002152756,20 to 24 years
2769,2810,0.8335242857142845,0.4852428571428571,0.513413002152756,20 to 24 years
2770,191,0.8335242857142845,0.4852428571428571,0.513413002152756,20 to 24 years
2771,6187,0.8335242857142845,0.4852428571428571,0.513413002152756,20 to 24 years
2772,280,0.8335242857142845,0.4852428571428571,0.513413002152756,20 to 24 years
2773,6667,0.8335242857142845,0.4852428571428571,0.513413002152756,20 to 24 years
2774,797,0.8335242857142845,0.4852428571428571,0.513413002152756,20 to 24 years
2775,3029,0.8335242857142845,0.4852428571428571,0.513413002152756,20 to 24 years
2776,2280,0.8335242857142845,0.4852428571428571,0.513413002152756,20 to 24 years
2777,760,0.8335242857142845,0.4852428571428571,0.513413002152756,20 to 24 years
2778,1252,0.8335242857142845,0.4852428571428571,0.513413002152756,20 to 24 years
2779,8889,0.8335242857142845,0.4852428571428571,0.513413002152756,20 to 24 years
2780,6886,0.8335242857142845,0.4852428571428571,0.513413002152756,20 to 24 years
2781,2565,0.8335242857142845,0.4852428571428571,0.513413002152756,20 to 24 years
2782,5031,0.8335242857142845,0.4852428571428571,0.513413002152756,20 to 24 years
2783,9751,0.8335242857142845,0.4852428571428571,0.513413002152756,20 to 24 years
2784,9139,0.8335242857142845,0.4852428571428571,0.513413002152756,20 to 24 years
2785,1762,0.8335242857142845,0.4852428571428571,0.513413002152756,20 to 24 years
2786,2380,0.8335242857142845,0.4852428571428571,0.513413002152756,20 to 24 years
2787,8755,0.8335242857142845,0.4852428571428571,0.513413002152756,20 to 24 years
2788,6383,0.8335242857142845,0.4852428571428571,0.513413002152756,20 to 24 years
2789,2562,0.8335242857142845,0.4852428571428571,0.513413002152756,20 to 24 years
2790,4233,0.8335242857142845,0.4852428571428571,0.513413002152756,20 to 24 years
2791,1560,0.8335242857142845,0.4852428571428571,0.513413002152756,20 to 24 years
2792,8751,0.8335242857142845,0.4852428571428571,0.513413002152756,20 to 24 years
2793,6398,0.8335242857142845,0.4852428571428571,0.513413002152756,20 to 24 years
2794,6214,0.8335242857142845,0.4852428571428571,0.513413002152756,20 to 24 years
2795,9391,0.8335242857142845,0.4852428571428571,0.513413002152756,20 to 24 years
2796,4944,0.8335242857142845,0.4852428571428571,0.513413002152756,20 to 24 years
2797,1250,0.8335242857142845,0.4852428571428571,0.513413002152756,20 to 24 years
2798,7708,0.8335242857142845,0.4852428571428571,0.513413002152756,20 to 24 years
2799,7234,0.8335242857142845,0.4852428571428571,0.513413002152756,20 to 24 years
2800,9891,0.8335242857142845,0.4852428571428571,0.513413002152756,20 to 24 years
2801,9804,0.8335242857142845,0.4852428571428571,0.513413002152756,20 to 24 years
2802,9399,0.8335242857142845,0.4852428571428571,0.513413002152756,20 to 24 years
2803,6750,0.8335242857142845,0.4852428571428571,0.513413002152756,20 to 24 years
2804,9686,0.8335242857142845,0.4852428571428571,0.513413002152756,20 to 24 years
2805,2042,0.8335242857142845,0.4852428571428571,0.513413002152756,20 to 24 years
2806,8317,0.8335242857142845,0.4852428571428571,0.513413002152756,20 to 24 years
2807,8762,0.8335242857142845,0.4852428571428571,0.513413002152756,20 to 24 years
2808,1965,0.8335242857142845,0.4852428571428571,0.513413002152756,20 to 24 years
2809,3348,0.8335242857142845,0.4852428571428571,0.513413002152756,20 to 24 years
2810,3427,0.8335242857142845,0.4852428571428571,0.513413002152756,20 to 24 years
2811,2371,0.8335242857142845,0.4852428571428571,0.513413002152756,20 to 24 years
2812,8580,0.8335242857142845,0.4852428571428571,0.513413002152756,20 to 24 years
2813,8967,0.8335242857142845,0.4852428571428571,0.513413002152756,20 to 24 years
2814,3377,0.3889880295227755,0.4852428571428571,0.513413002152756,20 to 24 years
2815,5104,0.8335242857142845,0.4852428571428571,0.513413002152756,20 to 24 years
2816,2254,0.8335242857142845,0.4852428571428571,0.513413002152756,20 to 24 years
2817,2815,0.8335242857142845,0.4852428571428571,0.513413002152756,20 to 24 years
2818,9190,0.8335242857142845,0.4852428571428571,0.513413002152756,20 to 24 years
2819,9647,0.8335242857142845,0.4852428571428571,0.513413002152756,20 to 24 years
2820,628,0.8335242857142845,0.4852428571428571,0.513413002152756,20 to 24 years
2821,2402,0.8335242857142845,0.4852428571428571,0.513413002152756,20 to 24 years
2822,1031,0.8335242857142845,0.4852428571428571,0.513413002152756,20 to 24 years
2823,5042,0.8335242857142845,0.4852428571428571,0.513413002152756,20 to 24 years
2824,6339,0.8335242857142845,0.4852428571428571,0.513413002152756,20 to 24 years
2825,6937,0.8335242857142845,0.4852428571428571,0.513413002152756,20 to 24 years
2826,1335,0.8335242857142845,0.4852428571428571,0.513413002152756,20 to 24 years
2827,9949,0.8335242857142845,0.4852428571428571,0.513413002152756,20 to 24 years
2828,2213,0.8335242857142845,0.4852428571428571,0.513413002152756,20 to 24 years
2829,9034,0.8335242857142845,0.4852428571428571,0.513413002152756,20 to 24 years
2830,3149,0.8335242857142845,0.4852428571428571,0.513413002152756,20 to 24 years
2831,9164,0.8335242857142845,0.4852428571428571,0.513413002152756,20 to 24 years
2832,3800,0.8335242857142845,0.4852428571428571,0.513413002152756,20 to 24 years
2833,1247,0.8335242857142845,0.4852428571428571,0.513413002152756,20 to 24 years
2834,6853,0.8335242857142845,0.4852428571428571,0.513413002152756,20 to 24 years
2835,9322,0.8335242857142845,0.4852428571428571,0.513413002152756,20 to 24 years
2836,8691,0.8335242857142845,0.4852428571428571,0.513413002152756,20 to 24 years
2837,9084,0.8335242857142845,0.4852428571428571,0.513413002152756,20 to 24 years
2838,2729,0.8335242857142845,0.4852428571428571,0.513413002152756,20 to 24 years
2839,5053,0.8335242857142845,0.4852428571428571,0.513413002152756,20 to 24 years
2840,1407,0.8335242857142845,0.4852428571428571,0.513413002152756,20 to 24 years
2841,2239,0.8335242857142845,0.4852428571428571,0.513413002152756,20 to 24 years
2842,966,0.8335242857142845,0.4852428571428571,0.513413002152756,20 to 24 years
2843,259,0.8335242857142845,0.4852428571428571,0.513413002152756,20 to 24 years
2844,10,0.8335242857142845,0.4852428571428571,0.513413002152756,20 to 24 years
2845,5556,0.8335242857142845,0.4852428571428571,0.513413002152756,20 to 24 years
2846,9098,0.8335242857142845,0.4852428571428571,0.513413002152756,20 to 24 years
2847,5573,0.8335242857142845,0.4852428571428571,0.513413002152756,20 to 24 years
2848,8150,0.8335242857142845,0.4852428571428571,0.513413002152756,20 to 24 years
2849,4738,0.8335242857142845,0.4852428571428571,0.513413002152756,20 to 24 years
2850,4283,0.8335242857142845,0.4852428571428571,0.513413002152756,20 to 24 years
2851,7939,0.8335242857142845,0.4852428571428571,0.513413002152756,20 to 24 years
2852,953,0.8335242857142845,0.4852428571428571,0.513413002152756,20 to 24 years
2853,6319,0.8335242857142845,0.4852428571428571,0.513413002152756,20 to 24 years
2854,3182,0.8335242857142845,0.4852428571428571,0.513413002152756,20 to 24 years
2855,7401,0.8335242857142845,0.4852428571428571,0.513413002152756,20 to 24 years
2856,7689,0.8335242857142845,0.4852428571428571,0.513413002152756,20 to 24 years
2857,9671,0.8335242857142845,0.4852428571428571,0.513413002152756,20 to 24 years
2858,8351,0.8335242857142845,0.4852428571428571,0.513413002152756,20 to 24 years
2859,2870,0.8335242857142845,0.4852428571428571,0.513413002152756,20 to 24 years
2860,488,0.8335242857142845,0.4852428571428571,0.513413002152756,20 to 24 years
2861,8788,0.8335242857142845,0.4852428571428571,0.513413002152756,20 to 24 years
2862,3539,0.8335242857142845,0.4852428571428571,0.513413002152756,20 to 24 years
2863,2773,0.8335242857142845,0.4852428571428571,0.513413002152756,20 to 24 years
2864,2002,0.8335242857142845,0.4852428571428571,0.513413002152756,20 to 24 years
2865,7067,0.8335242857142845,0.4852428571428571,0.513413002152756,20 to 24 years
2866,9409,0.8335242857142845,0.4852428571428571,0.513413002152756,20 to 24 years
2867,8888,0.8335242857142845,0.4852428571428571,0.513413002152756,20 to 24 years
2868,6626,0.8335242857142845,0.4852428571428571,0.513413002152756,20 to 24 years
2869,4633,0.8335242857142845,0.4852428571428571,0.513413002152756,20 to 24 years
2870,2939,0.8335242857142845,0.4852428571428571,0.513413002152756,20 to 24 years
2871,2820,0.8335242857142845,0.4852428571428571,0.513413002152756,20 to 24 years
2872,2467,0.8335242857142845,0.4852428571428571,0.513413002152756,20 to 24 years
2873,8033,0.8335242857142845,0.4852428571428571,0.513413002152756,20 to 24 years
2874,6700,0.8335242857142845,0.4852428571428571,0.513413002152756,20 to 24 years
2875,8169,0.8335242857142845,0.4852428571428571,0.513413002152756,20 to 24 years
2876,5361,0.8335242857142845,0.4852428571428571,0.513413002152756,20 to 24 years
2877,9983,0.0,0.4852428571428571,0.513413002152756,20 to 24 years
2878,6604,0.8335242857142845,0.4852428571428571,0.513413002152756,20 to 24 years
2879,3060,0.8335242857142845,0.4852428571428571,0.513413002152756,20 to 24 years
2880,4975,0.8335242857142845,0.4852428571428571,0.513413002152756,20 to 24 years
2881,2511,0.8335242857142845,0.4852428571428571,0.513413002152756,20 to 24 years
2882,8048,0.8335242857142845,0.4852428571428571,0.513413002152756,20 to 24 years
2883,2047,0.8335242857142845,0.4852428571428571,0.513413002152756,20 to 24 years
2884,9697,0.0,0.4852428571428571,0.513413002152756,20 to 24 years
2885,2154,0.8335242857142845,0.4852428571428571,0.513413002152756,20 to 24 years
2886,3983,0.8335242857142845,0.4852428571428571,0.513413002152756,20 to 24 years
2887,4280,0.8335242857142845,0.4852428571428571,0.513413002152756,20 to 24 years
2888,5733,0.8335242857142845,0.4852428571428571,0.513413002152756,20 to 24 years
2889,9029,0.8335242857142845,0.4852428571428571,0.513413002152756,20 to 24 years
2890,1081,0.8335242857142845,0.4852428571428571,0.513413002152756,20 to 24 years
2891,2475,0.8335242857142845,0.4852428571428571,0.513413002152756,20 to 24 years
2892,7279,0.8335242857142845,0.4852428571428571,0.513413002152756,20 to 24 years
2893,7515,0.8335242857142845,0.4852428571428571,0.513413002152756,20 to 24 years
2894,9110,0.8335242857142845,0.4852428571428571,0.513413002152756,20 to 24 years
2895,1977,0.8335242857142845,0.4852428571428571,0.513413002152756,20 to 24 years
2896,7254,0.8335242857142845,0.4852428571428571,0.513413002152756,20 to 24 years
2897,6461,0.0,0.4852428571428571,0.513413002152756,20 to 24 years
2898,6170,0.8335242857142845,0.4852428571428571,0.513413002152756,20 to 24 years
2899,6857,0.8335242857142845,0.4852428571428571,0.513413002152756,20 to 24 years
2900,8165,0.8335242857142845,0.4852428571428571,0.513413002152756,20 to 24 years
2901,3610,0.8335242857142845,0.4852428571428571,0.513413002152756,20 to 24 years
2902,3878,0.8335242857142845,0.4852428571428571,0.513413002152756,20 to 24 years
2903,5485,0.8335242857142845,0.4852428571428571,0.513413002152756,20 to 24 years
2904,9724,0.8335242857142845,0.4852428571428571,0.513413002152756,20 to 24 years
2905,6814,0.8335242857142845,0.4852428571428571,0.513413002152756,20 to 24 years
2906,6698,0.8335242857142845,0.4852428571428571,0.513413002152756,20 to 24 years
2907,4908,0.8335242857142845,0.4852428571428571,0.513413002152756,20 to 24 years
2908,1052,0.8335242857142845,0.4852428571428571,0.513413002152756,20 to 24 years
2909,818,0.8335242857142845,0.4852428571428571,0.513413002152756,20 to 24 years
2910,3132,0.8335242857142845,0.4852428571428571,0.513413002152756,20 to 24 years
2911,3262,0.8335242857142845,0.4852428571428571,0.513413002152756,20 to 24 years
2912,4842,0.8335242857142845,0.4852428571428571,0.513413002152756,20 to 24 years
2913,4813,0.8335242857142845,0.4852428571428571,0.513413002152756,20 to 24 years
2914,5726,0.8335242857142845,0.4852428571428571,0.513413002152756,20 to 24 years
2915,9159,0.8335242857142845,0.4852428571428571,0.513413002152756,20 to 24 years
2916,7861,0.8335242857142845,0.4852428571428571,0.513413002152756,20 to 24 years
2917,2007,0.8335242857142845,0.4852428571428571,0.513413002152756,20 to 24 years
2918,872,0.8335242857142845,0.4852428571428571,0.513413002152756,20 to 24 years
2919,3984,0.8335242857142845,0.4852428571428571,0.513413002152756,20 to 24 years
2920,6362,0.8335242857142845,0.4852428571428571,0.513413002152756,20 to 24 years
2921,7545,0.8335242857142845,0.4852428571428571,0.513413002152756,20 to 24 years
2922,9126,0.8335242857142845,0.4852428571428571,0.513413002152756,20 to 24 years
2923,6302,0.8335242857142845,0.4852428571428571,0.513413002152756,20 to 24 years
2924,6039,0.8335242857142845,0.4852428571428571,0.513413002152756,20 to 24 years
2925,5806,0.8335242857142845,0.4852428571428571,0.513413002152756,20 to 24 years
2926,4564,0.8335242857142845,0.4852428571428571,0.513413002152756,20 to 24 years
2927,404,0.8335242857142845,0.4852428571428571,0.513413002152756,20 to 24 years
2928,2137,0.8335242857142845,0.4852428571428571,0.513413002152756,20 to 24 years
2929,1924,0.8335242857142845,0.4852428571428571,0.513413002152756,20 to 24 years
2930,6137,0.8335242857142845,0.4852428571428571,0.513413002152756,20 to 24 years
2931,5721,0.8335242857142845,0.4852428571428571,0.513413002152756,20 to 24 years
2932,5080,0.8335242857142845,0.4852428571428571,0.513413002152756,20 to 24 years
2933,5594,0.8335242857142845,0.4852428571428571,0.513413002152756,20 to 24 years
2934,6911,0.8335242857142845,0.4852428571428571,0.513413002152756,20 to 24 years
2935,1155,0.8335242857142845,0.4852428571428571,0.513413002152756,20 to 24 years
2936,5562,0.0,0.4852428571428571,0.513413002152756,20 to 24 years
2937,7007,0.8335242857142845,0.4852428571428571,0.513413002152756,20 to 24 years
2938,5947,0.8335242857142845,0.4852428571428571,0.513413002152756,20 to 24 years
2939,7602,0.8335242857142845,0.4852428571428571,0.513413002152756,20 to 24 years
2940,8324,0.8335242857142845,0.4852428571428571,0.513413002152756,20 to 24 years
2941,6900,0.8335242857142845,0.4852428571428571,0.513413002152756,20 to 24 years
2942,2569,0.8335242857142845,0.4852428571428571,0.513413002152756,20 to 24 years
2943,2855,0.8335242857142845,0.4852428571428571,0.513413002152756,20 to 24 years
2944,6743,0.8335242857142845,0.4852428571428571,0.513413002152756,20 to 24 years
2945,7349,0.8335242857142845,0.4852428571428571,0.513413002152756,20 to 24 years
2946,3488,0.8335242857142845,0.4852428571428571,0.513413002152756,20 to 24 years
2947,2866,0.8335242857142845,0.4852428571428571,0.513413002152756,20 to 24 years
2948,8966,0.8335242857142845,0.4852428571428571,0.513413002152756,20 to 24 years
2949,2570,0.8335242857142845,0.4852428571428571,0.513413002152756,20 to 24 years
2950,2694,0.8335242857142845,0.4852428571428571,0.513413002152756,20 to 24 years
2951,7662,0.8335242857142845,0.4852428571428571,0.513413002152756,20 to 24 years
2952,1692,0.8335242857142845,0.4852428571428571,0.513413002152756,20 to 24 years
2953,8274,0.8335242857142845,0.4852428571428571,0.513413002152756,20 to 24 years
2954,2496,0.8335242857142845,0.4852428571428571,0.513413002152756,20 to 24 years
2955,1995,0.8335242857142845,0.4852428571428571,0.513413002152756,20 to 24 years
2956,3884,0.8335242857142845,0.4852428571428571,0.513413002152756,20 to 24 years
2957,5495,0.8335242857142845,0.4852428571428571,0.513413002152756,20 to 24 years
2958,8611,0.8335242857142845,0.4852428571428571,0.513413002152756,20 to 24 years
2959,6272,0.8335242857142845,0.4852428571428571,0.513413002152756,20 to 24 years
2960,7829,0.8335242857142845,0.4852428571428571,0.513413002152756,20 to 24 years
2961,9184,0.8335242857142845,0.4852428571428571,0.513413002152756,20 to 24 years
2962,9750,0.8335242857142845,0.4852428571428571,0.513413002152756,20 to 24 years
2963,8326,0.8335242857142845,0.4852428571428571,0.513413002152756,20 to 24 years
2964,4534,0.8335242857142845,0.4852428571428571,0.513413002152756,20 to 24 years
2965,8467,0.8335242857142845,0.4852428571428571,0.513413002152756,20 to 24 years
2966,7287,0.8335242857142845,0.4852428571428571,0.513413002152756,20 to 24 years
2967,2126,0.8335242857142845,0.4852428571428571,0.513413002152756,20 to 24 years
2968,3516,0.8335242857142845,0.4852428571428571,0.513413002152756,20 to 24 years
2969,8145,0.8335242857142845,0.4852428571428571,0.513413002152756,20 to 24 years
2970,7198,0.8335242857142845,0.4852428571428571,0.513413002152756,20 to 24 years
2971,6981,0.8335242857142845,0.4852428571428571,0.513413002152756,20 to 24 years
2972,7385,0.8335242857142845,0.4852428571428571,0.513413002152756,20 to 24 years
2973,3291,0.8335242857142845,0.4852428571428571,0.513413002152756,20 to 24 years
2974,2359,0.8335242857142845,0.4852428571428571,0.513413002152756,20 to 24 years
2975,6399,0.8335242857142845,0.4852428571428571,0.513413002152756,20 to 24 years
2976,6971,0.8335242857142845,0.4852428571428571,0.513413002152756,20 to 24 years
2977,6974,0.8335242857142845,0.4852428571428571,0.513413002152756,20 to 24 years
2978,7214,0.8335242857142845,0.4852428571428571,0.513413002152756,20 to 24 years
2979,9203,0.8335242857142845,0.4852428571428571,0.513413002152756,20 to 24 years
2980,7735,0.8335242857142845,0.4852428571428571,0.513413002152756,20 to 24 years
2981,9268,0.8335242857142845,0.4852428571428571,0.513413002152756,20 to 24 years
2982,8108,0.8335242857142845,0.4852428571428571,0.513413002152756,20 to 24 years
2983,202,0.8335242857142845,0.4852428571428571,0.513413002152756,20 to 24 years
2984,3170,0.8335242857142845,0.4852428571428571,0.513413002152756,20 to 24 years
2985,9103,0.8335242857142845,0.4852428571428571,0.513413002152756,20 to 24 years
2986,5045,0.8335242857142845,0.4852428571428571,0.513413002152756,20 to 24 years
2987,6481,0.8335242857142845,0.4852428571428571,0.513413002152756,20 to 24 years
2988,1347,0.8335242857142845,0.4852428571428571,0.513413002152756,20 to 24 years
2989,1331,0.8335242857142845,0.4852428571428571,0.513413002152756,20 to 24 years
2990,9919,0.8335242857142845,0.4852428571428571,0.513413002152756,20 to 24 years
2991,6069,0.8335242857142845,0.4852428571428571,0.513413002152756,20 to 24 years
2992,6554,0.8335242857142845,0.4852428571428571,0.513413002152756,20 to 24 years
2993,8134,0.8335242857142845,0.4852428571428571,0.513413002152756,20 to 24 years
2994,4657,0.8335242857142845,0.4852428571428571,0.513413002152756,20 to 24 years
2995,8359,0.8335242857142845,0.4852428571428571,0.513413002152756,20 to 24 years
2996,2617,0.8335242857142845,0.4852428571428571,0.513413002152756,20 to 24 years
2997,864,0.8335242857142845,0.4852428571428571,0.513413002152756,20 to 24 years
2998,9681,0.8335242857142845,0.4852428571428571,0.513413002152756,20 to 24 years
2999,9296,0.8335242857142845,0.4852428571428571,0.513413002152756,20 to 24 years
3000,7313,0.8335242857142845,0.4852428571428571,0.513413002152756,20 to 24 years
3001,8283,0.8335242857142845,0.4852428571428571,0.513413002152756,20 to 24 years
3002,3764,0.8335242857142845,0.4852428571428571,0.513413002152756,20 to 24 years
3003,5769,0.8335242857142845,0.4852428571428571,0.513413002152756,20 to 24 years
3004,8856,0.8335242857142845,0.4852428571428571,0.513413002152756,20 to 24 years
3005,2035,0.8335242857142845,0.4852428571428571,0.513413002152756,20 to 24 years
3006,6071,0.8335242857142845,0.4852428571428571,0.513413002152756,20 to 24 years
3007,1142,0.8335242857142845,0.4852428571428571,0.513413002152756,20 to 24 years
3008,433,0.8335242857142845,0.4852428571428571,0.513413002152756,20 to 24 years
3009,2788,0.8335242857142845,0.4852428571428571,0.513413002152756,20 to 24 years
3010,6996,0.8335242857142845,0.4852428571428571,0.513413002152756,20 to 24 years
3011,7229,0.8335242857142845,0.4852428571428571,0.513413002152756,20 to 24 years
3012,7315,0.8335242857142845,0.4852428571428571,0.513413002152756,20 to 24 years
3013,8609,0.8335242857142845,0.4852428571428571,0.513413002152756,20 to 24 years
3014,8098,0.8335242857142845,0.4852428571428571,0.513413002152756,20 to 24 years
3015,1549,0.8335242857142845,0.4852428571428571,0.513413002152756,20 to 24 years
3016,9154,0.8335242857142845,0.4852428571428571,0.513413002152756,20 to 24 years
3017,5209,0.8335242857142845,0.4852428571428571,0.513413002152756,20 to 24 years
3018,254,0.8335242857142845,0.4852428571428571,0.513413002152756,20 to 24 years
3019,3189,0.8335242857142845,0.4852428571428571,0.513413002152756,20 to 24 years
3020,393,0.8335242857142845,0.4852428571428571,0.513413002152756,20 to 24 years
3021,8345,0.8335242857142845,0.4852428571428571,0.513413002152756,20 to 24 years
3022,5715,0.8335242857142845,0.4852428571428571,0.513413002152756,20 to 24 years
3023,7521,0.8335242857142845,0.4852428571428571,0.513413002152756,20 to 24 years
3024,7051,0.45741291566892883,0.4852428571428571,0.513413002152756,20 to 24 years
3025,3645,0.8335242857142845,0.4852428571428571,0.513413002152756,20 to 24 years
3026,7944,0.8335242857142845,0.4852428571428571,0.513413002152756,20 to 24 years
3027,7420,0.8335242857142845,0.4852428571428571,0.513413002152756,20 to 24 years
3028,474,0.8335242857142845,0.4852428571428571,0.513413002152756,20 to 24 years
3029,7498,0.8335242857142845,0.4852428571428571,0.513413002152756,20 to 24 years
3030,3167,0.8335242857142845,0.4852428571428571,0.513413002152756,20 to 24 years
3031,2850,0.8335242857142845,0.4852428571428571,0.513413002152756,20 to 24 years
3032,3805,0.8335242857142845,0.4852428571428571,0.513413002152756,20 to 24 years
3033,7252,0.8335242857142845,0.4852428571428571,0.513413002152756,20 to 24 years
3034,9774,0.8335242857142845,0.4852428571428571,0.513413002152756,20 to 24 years
3035,7910,0.8335242857142845,0.4852428571428571,0.513413002152756,20 to 24 years
3036,5990,0.8335242857142845,0.4852428571428571,0.513413002152756,20 to 24 years
3037,2267,0.8335242857142845,0.4852428571428571,0.513413002152756,20 to 24 years
3038,9123,0.8335242857142845,0.4852428571428571,0.513413002152756,20 to 24 years
3039,5208,0.8335242857142845,0.4852428571428571,0.513413002152756,20 to 24 years
3040,9274,0.8335242857142845,0.4852428571428571,0.513413002152756,20 to 24 years
3041,8485,0.8335242857142845,0.4852428571428571,0.513413002152756,20 to 24 years
3042,118,0.8335242857142845,0.4852428571428571,0.513413002152756,20 to 24 years
3043,6232,0.8335242857142845,0.4852428571428571,0.513413002152756,20 to 24 years
3044,8947,0.8335242857142845,0.4852428571428571,0.513413002152756,20 to 24 years
3045,336,0.8335242857142845,0.4852428571428571,0.513413002152756,20 to 24 years
3046,6111,0.8335242857142845,0.4852428571428571,0.513413002152756,20 to 24 years
3047,9698,0.8335242857142845,0.4852428571428571,0.513413002152756,20 to 24 years
3048,9487,0.8335242857142845,0.4852428571428571,0.513413002152756,20 to 24 years
3049,3811,0.8335242857142845,0.4852428571428571,0.513413002152756,20 to 24 years
3050,3374,0.8335242857142845,0.4852428571428571,0.513413002152756,20 to 24 years
3051,4131,0.8335242857142845,0.4852428571428571,0.513413002152756,20 to 24 years
3052,6786,0.8335242857142845,0.4852428571428571,0.513413002152756,20 to 24 years
3053,2472,0.8335242857142845,0.4852428571428571,0.513413002152756,20 to 24 years
3054,1190,0.8335242857142845,0.4852428571428571,0.513413002152756,20 to 24 years
3055,8882,0.8335242857142845,0.4852428571428571,0.513413002152756,20 to 24 years
3056,2891,0.8335242857142845,0.4852428571428571,0.513413002152756,20 to 24 years
3057,1212,0.8335242857142845,0.4852428571428571,0.513413002152756,20 to 24 years
3058,4018,0.8335242857142845,0.4852428571428571,0.513413002152756,20 to 24 years
3059,1900,0.7470816742293168,0.4852428571428571,0.513413002152756,20 to 24 years
3060,2895,0.8335242857142845,0.4852428571428571,0.513413002152756,20 to 24 years
3061,8560,0.8335242857142845,0.4852428571428571,0.513413002152756,20 to 24 years
3062,992,0.8335242857142845,0.4852428571428571,0.513413002152756,20 to 24 years
3063,4068,0.8335242857142845,0.4852428571428571,0.513413002152756,20 to 24 years
3064,1073,0.8335242857142845,0.4852428571428571,0.513413002152756,20 to 24 years
3065,6173,0.8335242857142845,0.4852428571428571,0.513413002152756,20 to 24 years
3066,4262,0.8335242857142845,0.4852428571428571,0.513413002152756,20 to 24 years
3067,7159,0.8335242857142845,0.4852428571428571,0.513413002152756,20 to 24 years
3068,9439,0.8335242857142845,0.4852428571428571,0.513413002152756,20 to 24 years
3069,3335,0.8335242857142845,0.4852428571428571,0.513413002152756,20 to 24 years
3070,4409,0.8335242857142845,0.4852428571428571,0.513413002152756,20 to 24 years
3071,5359,0.8335242857142845,0.4852428571428571,0.513413002152756,20 to 24 years
3072,8152,0.8335242857142845,0.4852428571428571,0.513413002152756,20 to 24 years
3073,4499,0.8335242857142845,0.4852428571428571,0.513413002152756,20 to 24 years
3074,3531,0.8335242857142845,0.4852428571428571,0.513413002152756,20 to 24 years
3075,6593,0.8335242857142845,0.4852428571428571,0.513413002152756,20 to 24 years
3076,1497,0.8335242857142845,0.4852428571428571,0.513413002152756,20 to 24 years
3077,2447,0.8335242857142845,0.4852428571428571,0.513413002152756,20 to 24 years
3078,9843,0.8335242857142845,0.4852428571428571,0.513413002152756,20 to 24 years
3079,6509,0.8335242857142845,0.4852428571428571,0.513413002152756,20 to 24 years
3080,1115,0.8335242857142845,0.4852428571428571,0.513413002152756,20 to 24 years
3081,9115,0.8335242857142845,0.4852428571428571,0.513413002152756,20 to 24 years
3082,5404,0.8335242857142845,0.4852428571428571,0.513413002152756,20 to 24 years
3083,8072,0.8335242857142845,0.4852428571428571,0.513413002152756,20 to 24 years
3084,6903,0.8335242857142845,0.4852428571428571,0.513413002152756,20 to 24 years
3085,2390,0.8335242857142845,0.4852428571428571,0.513413002152756,20 to 24 years
3086,2298,0.8335242857142845,0.4852428571428571,0.513413002152756,20 to 24 years
3087,9185,0.8335242857142845,0.4852428571428571,0.513413002152756,20 to 24 years
3088,8497,0.8335242857142845,0.4852428571428571,0.513413002152756,20 to 24 years
3089,6502,0.8335242857142845,0.4852428571428571,0.513413002152756,20 to 24 years
3090,2186,0.8335242857142845,0.4852428571428571,0.513413002152756,20 to 24 years
3091,8077,0.8335242857142845,0.4852428571428571,0.513413002152756,20 to 24 years
3092,7008,0.8335242857142845,0.4852428571428571,0.513413002152756,20 to 24 years
3093,243,0.8335242857142845,0.4852428571428571,0.513413002152756,20 to 24 years
3094,8182,0.8335242857142845,0.4852428571428571,0.513413002152756,20 to 24 years
3095,542,0.8335242857142845,0.4852428571428571,0.513413002152756,20 to 24 years
3096,589,0.8335242857142845,0.4852428571428571,0.513413002152756,20 to 24 years
3097,5322,0.8335242857142845,0.4852428571428571,0.513413002152756,20 to 24 years
3098,5995,0.8335242857142845,0.4852428571428571,0.513413002152756,20 to 24 years
3099,5805,0.8335242857142845,0.4852428571428571,0.513413002152756,20 to 24 years
3100,9295,0.8335242857142845,0.4852428571428571,0.513413002152756,20 to 24 years
3101,302,0.8335242857142845,0.4852428571428571,0.513413002152756,20 to 24 years
3102,593,0.8335242857142845,0.4852428571428571,0.513413002152756,20 to 24 years
3103,7965,0.8335242857142845,0.4852428571428571,0.513413002152756,20 to 24 years
3104,312,0.8335242857142845,0.4852428571428571,0.513413002152756,20 to 24 years
3105,2225,0.8335242857142845,0.4852428571428571,0.513413002152756,20 to 24 years
3106,9037,0.8335242857142845,0.4852428571428571,0.513413002152756,20 to 24 years
3107,3912,0.8335242857142845,0.4852428571428571,0.513413002152756,20 to 24 years
3108,7876,0.8335242857142845,0.4852428571428571,0.513413002152756,20 to 24 years
3109,2342,0.8335242857142845,0.4852428571428571,0.513413002152756,20 to 24 years
3110,9619,0.8335242857142845,0.4852428571428571,0.513413002152756,20 to 24 years
3111,9438,0.8335242857142845,0.4852428571428571,0.513413002152756,20 to 24 years
3112,7840,0.8335242857142845,0.4852428571428571,0.513413002152756,20 to 24 years
3113,9260,0.8335242857142845,0.4852428571428571,0.513413002152756,20 to 24 years
3114,8368,0.8335242857142845,0.4852428571428571,0.513413002152756,20 to 24 years
3115,5719,0.8335242857142845,0.4852428571428571,0.513413002152756,20 to 24 years
3116,2348,0.8335242857142845,0.4852428571428571,0.513413002152756,20 to 24 years
3117,2916,0.8335242857142845,0.4852428571428571,0.513413002152756,20 to 24 years
3118,8400,0.8335242857142845,0.4852428571428571,0.513413002152756,20 to 24 years
3119,4526,0.8335242857142845,0.4852428571428571,0.513413002152756,20 to 24 years
3120,5984,0.8335242857142845,0.4852428571428571,0.513413002152756,20 to 24 years
3121,6617,0.8335242857142845,0.4852428571428571,0.513413002152756,20 to 24 years
3122,1138,0.8335242857142845,0.4852428571428571,0.513413002152756,20 to 24 years
3123,5018,0.8335242857142845,0.4852428571428571,0.513413002152756,20 to 24 years
3124,1285,0.8335242857142845,0.4852428571428571,0.513413002152756,20 to 24 years
3125,2179,0.8335242857142845,0.4852428571428571,0.513413002152756,20 to 24 years
3126,6555,0.3886050096391447,0.4852428571428571,0.513413002152756,20 to 24 years
3127,1291,0.8335242857142845,0.4852428571428571,0.513413002152756,20 to 24 years
3128,4036,0.8335242857142845,0.4852428571428571,0.513413002152756,20 to 24 years
3129,2250,0.8335242857142845,0.4852428571428571,0.513413002152756,20 to 24 years
3130,791,0.8335242857142845,0.4852428571428571,0.513413002152756,20 to 24 years
3131,1369,0.8335242857142845,0.4852428571428571,0.513413002152756,20 to 24 years
3132,4186,0.8335242857142845,0.4852428571428571,0.513413002152756,20 to 24 years
3133,8803,0.8335242857142845,0.4852428571428571,0.513413002152756,20 to 24 years
3134,891,0.8335242857142845,0.4852428571428571,0.513413002152756,20 to 24 years
3135,2305,0.8335242857142845,0.4852428571428571,0.513413002152756,20 to 24 years
3136,6353,0.8335242857142845,0.4852428571428571,0.513413002152756,20 to 24 years
3137,9914,0.8335242857142845,0.4852428571428571,0.513413002152756,20 to 24 years
3138,8734,0.8335242857142845,0.4852428571428571,0.513413002152756,20 to 24 years
3139,5198,0.8335242857142845,0.4852428571428571,0.513413002152756,20 to 24 years
3140,6466,0.8335242857142845,0.4852428571428571,0.513413002152756,20 to 24 years
3141,7001,0.8335242857142845,0.4852428571428571,0.513413002152756,20 to 24 years
3142,257,0.8335242857142845,0.4852428571428571,0.513413002152756,20 to 24 years
3143,5787,0.8335242857142845,0.4852428571428571,0.513413002152756,20 to 24 years
3144,3648,0.8335242857142845,0.4852428571428571,0.513413002152756,20 to 24 years
3145,6560,0.8335242857142845,0.4852428571428571,0.513413002152756,20 to 24 years
3146,9068,0.8335242857142845,0.4852428571428571,0.513413002152756,20 to 24 years
3147,6135,0.8335242857142845,0.4852428571428571,0.513413002152756,20 to 24 years
3148,6237,0.8335242857142845,0.4852428571428571,0.513413002152756,20 to 24 years
3149,5275,0.8335242857142845,0.4852428571428571,0.513413002152756,20 to 24 years
3150,4072,0.8335242857142845,0.4852428571428571,0.513413002152756,20 to 24 years
3151,8176,0.8335242857142845,0.4852428571428571,0.513413002152756,20 to 24 years
3152,8202,0.8335242857142845,0.4852428571428571,0.513413002152756,20 to 24 years
3153,5894,0.8335242857142845,0.4852428571428571,0.513413002152756,20 to 24 years
3154,809,0.8335242857142845,0.4852428571428571,0.513413002152756,20 to 24 years
3155,6143,0.8335242857142845,0.4852428571428571,0.513413002152756,20 to 24 years
3156,5498,0.8335242857142845,0.4852428571428571,0.513413002152756,20 to 24 years
3157,4567,0.5409711413088015,0.4852428571428571,0.513413002152756,20 to 24 years
3158,6812,0.8335242857142845,0.4852428571428571,0.513413002152756,20 to 24 years
3159,238,0.8335242857142845,0.4852428571428571,0.513413002152756,20 to 24 years
3160,5061,0.8335242857142845,0.4852428571428571,0.513413002152756,20 to 24 years
3161,6034,0.8335242857142845,0.4852428571428571,0.513413002152756,20 to 24 years
3162,3287,0.8335242857142845,0.4852428571428571,0.513413002152756,20 to 24 years
3163,2194,0.8335242857142845,0.4852428571428571,0.513413002152756,20 to 24 years
3164,7645,0.8335242857142845,0.4852428571428571,0.513413002152756,20 to 24 years
3165,7542,0.8335242857142845,0.4852428571428571,0.513413002152756,20 to 24 years
3166,6658,0.8335242857142845,0.4852428571428571,0.513413002152756,20 to 24 years
3167,8367,0.8335242857142845,0.4852428571428571,0.513413002152756,20 to 24 years
3168,119,0.8335242857142845,0.4852428571428571,0.513413002152756,20 to 24 years
3169,3962,0.8335242857142845,0.4852428571428571,0.513413002152756,20 to 24 years
3170,4987,0.8335242857142845,0.4852428571428571,0.513413002152756,20 to 24 years
3171,6193,0.8335242857142845,0.4852428571428571,0.513413002152756,20 to 24 years
3172,2018,0.8335242857142845,0.4852428571428571,0.513413002152756,20 to 24 years
3173,8944,0.8335242857142845,0.4852428571428571,0.513413002152756,20 to 24 years
3174,9643,0.8335242857142845,0.4852428571428571,0.513413002152756,20 to 24 years
3175,5533,0.8335242857142845,0.4852428571428571,0.513413002152756,20 to 24 years
3176,3025,0.8335242857142845,0.4852428571428571,0.513413002152756,20 to 24 years
3177,3820,0.8335242857142845,0.4852428571428571,0.513413002152756,20 to 24 years
3178,9552,0.8335242857142845,0.4852428571428571,0.513413002152756,20 to 24 years
3179,2453,0.8335242857142845,0.4852428571428571,0.513413002152756,20 to 24 years
3180,5734,0.8335242857142845,0.4852428571428571,0.513413002152756,20 to 24 years
3181,2338,0.8335242857142845,0.4852428571428571,0.513413002152756,20 to 24 years
3182,1666,0.8335242857142845,0.4852428571428571,0.513413002152756,20 to 24 years
3183,6490,0.8335242857142845,0.4852428571428571,0.513413002152756,20 to 24 years
3184,4542,0.8335242857142845,0.4852428571428571,0.513413002152756,20 to 24 years
3185,7255,0.8335242857142845,0.4852428571428571,0.513413002152756,20 to 24 years
3186,5247,0.8335242857142845,0.4852428571428571,0.513413002152756,20 to 24 years
3187,561,0.8335242857142845,0.4852428571428571,0.513413002152756,20 to 24 years
3188,7192,0.8335242857142845,0.4852428571428571,0.513413002152756,20 to 24 years
3189,1139,0.8335242857142845,0.4852428571428571,0.513413002152756,20 to 24 years
3190,251,0.8335242857142845,0.4852428571428571,0.513413002152756,20 to 24 years
3191,6494,0.8335242857142845,0.4852428571428571,0.513413002152756,20 to 24 years
3192,897,0.8335242857142845,0.4852428571428571,0.513413002152756,20 to 24 years
3193,590,0.8335242857142845,0.4852428571428571,0.513413002152756,20 to 24 years
3194,146,0.8335242857142845,0.4852428571428571,0.513413002152756,20 to 24 years
3195,9777,0.8335242857142845,0.4852428571428571,0.513413002152756,20 to 24 years
3196,7767,0.8335242857142845,0.4852428571428571,0.513413002152756,20 to 24 years
3197,2947,0.8335242857142845,0.4852428571428571,0.513413002152756,20 to 24 years
3198,7635,0.8335242857142845,0.4852428571428571,0.513413002152756,20 to 24 years
3199,6651,0.8335242857142845,0.4852428571428571,0.513413002152756,20 to 24 years
3200,7919,0.8335242857142845,0.4852428571428571,0.513413002152756,20 to 24 years
3201,2847,0.8335242857142845,0.4852428571428571,0.513413002152756,20 to 24 years
3202,1320,0.8335242857142845,0.4852428571428571,0.513413002152756,20 to 24 years
3203,9265,0.8335242857142845,0.4852428571428571,0.513413002152756,20 to 24 years
3204,8507,0.8335242857142845,0.4852428571428571,0.513413002152756,20 to 24 years
3205,7559,0.8335242857142845,0.4852428571428571,0.513413002152756,20 to 24 years
3206,2077,0.8335242857142845,0.4852428571428571,0.513413002152756,20 to 24 years
3207,4446,0.8335242857142845,0.4852428571428571,0.513413002152756,20 to 24 years
3208,4084,0.8335242857142845,0.4852428571428571,0.513413002152756,20 to 24 years
3209,1161,0.8335242857142845,0.4852428571428571,0.513413002152756,20 to 24 years
3210,197,0.8335242857142845,0.4852428571428571,0.513413002152756,20 to 24 years
3211,3364,0.8335242857142845,0.4852428571428571,0.513413002152756,20 to 24 years
3212,3690,0.8335242857142845,0.4852428571428571,0.513413002152756,20 to 24 years
3213,7819,0.8335242857142845,0.4852428571428571,0.513413002152756,20 to 24 years
3214,1180,0.8335242857142845,0.4852428571428571,0.513413002152756,20 to 24 years
3215,7745,0.8335242857142845,0.4852428571428571,0.513413002152756,20 to 24 years
3216,4182,0.8335242857142845,0.4852428571428571,0.513413002152756,20 to 24 years
3217,2962,0.8335242857142845,0.4852428571428571,0.513413002152756,20 to 24 years
3218,6902,0.8335242857142845,0.4852428571428571,0.513413002152756,20 to 24 years
3219,4021,0.8335242857142845,0.4852428571428571,0.513413002152756,20 to 24 years
3220,5891,0.8335242857142845,0.4852428571428571,0.513413002152756,20 to 24 years
3221,9712,0.8335242857142845,0.4852428571428571,0.513413002152756,20 to 24 years
3222,8703,0.8335242857142845,0.4852428571428571,0.513413002152756,20 to 24 years
3223,3094,0.8335242857142845,0.4852428571428571,0.513413002152756,20 to 24 years
3224,2210,0.8335242857142845,0.4852428571428571,0.513413002152756,20 to 24 years
3225,8415,0.8335242857142845,0.4852428571428571,0.513413002152756,20 to 24 years
3226,5909,0.8335242857142845,0.4852428571428571,0.513413002152756,20 to 24 years
3227,7830,0.8335242857142845,0.4852428571428571,0.513413002152756,20 to 24 years
3228,1639,0.8335242857142845,0.4852428571428571,0.513413002152756,20 to 24 years
3229,5622,0.8335242857142845,0.4852428571428571,0.513413002152756,20 to 24 years
3230,5456,0.8335242857142845,0.4852428571428571,0.513413002152756,20 to 24 years
3231,8065,0.8335242857142845,0.4852428571428571,0.513413002152756,20 to 24 years
3232,5457,0.8335242857142845,0.4852428571428571,0.513413002152756,20 to 24 years
3233,4941,0.8335242857142845,0.4852428571428571,0.513413002152756,20 to 24 years
3234,4754,0.8335242857142845,0.4852428571428571,0.513413002152756,20 to 24 years
3235,5732,0.8335242857142845,0.4852428571428571,0.513413002152756,20 to 24 years
3236,1486,0.8335242857142845,0.4852428571428571,0.513413002152756,20 to 24 years
3237,5476,0.8335242857142845,0.4852428571428571,0.513413002152756,20 to 24 years
3238,6790,0.8335242857142845,0.4852428571428571,0.513413002152756,20 to 24 years
3239,2707,0.8335242857142845,0.4852428571428571,0.513413002152756,20 to 24 years
3240,4251,0.8335242857142845,0.4852428571428571,0.513413002152756,20 to 24 years
3241,480,0.8335242857142845,0.4852428571428571,0.513413002152756,20 to 24 years
3242,2414,0.8335242857142845,0.4852428571428571,0.513413002152756,20 to 24 years
3243,53,0.8335242857142845,0.4852428571428571,0.513413002152756,20 to 24 years
3244,928,0.8335242857142845,0.4852428571428571,0.513413002152756,20 to 24 years
3245,8210,0.8335242857142845,0.4852428571428571,0.513413002152756,20 to 24 years
3246,481,0.8335242857142845,0.4852428571428571,0.513413002152756,20 to 24 years
3247,4288,0.8335242857142845,0.4852428571428571,0.513413002152756,20 to 24 years
3248,5397,0.8335242857142845,0.4852428571428571,0.513413002152756,20 to 24 years
3249,376,0.8335242857142845,0.4852428571428571,0.513413002152756,20 to 24 years
3250,5259,0.8335242857142845,0.4852428571428571,0.513413002152756,20 to 24 years
3251,7298,0.8335242857142845,0.4852428571428571,0.513413002152756,20 to 24 years
3252,210,0.8335242857142845,0.4852428571428571,0.513413002152756,20 to 24 years
3253,9773,0.8335242857142845,0.4852428571428571,0.513413002152756,20 to 24 years
3254,3342,0.8335242857142845,0.4852428571428571,0.513413002152756,20 to 24 years
3255,8591,0.8335242857142845,0.4852428571428571,0.513413002152756,20 to 24 years
3256,934,0.8335242857142845,0.4852428571428571,0.513413002152756,20 to 24 years
3257,9114,0.8335242857142845,0.4852428571428571,0.513413002152756,20 to 24 years
3258,194,0.8335242857142845,0.4852428571428571,0.513413002152756,20 to 24 years
3259,3538,0.8335242857142845,0.4852428571428571,0.513413002152756,20 to 24 years
3260,4445,0.8335242857142845,0.4852428571428571,0.513413002152756,20 to 24 years
3261,8757,0.8335242857142845,0.4852428571428571,0.513413002152756,20 to 24 years
3262,4368,0.8335242857142845,0.4852428571428571,0.513413002152756,20 to 24 years
3263,7131,0.8335242857142845,0.4852428571428571,0.513413002152756,20 to 24 years
3264,3552,0.8335242857142845,0.4852428571428571,0.513413002152756,20 to 24 years
3265,5782,0.8335242857142845,0.4852428571428571,0.513413002152756,20 to 24 years
3266,7788,0.8335242857142845,0.4852428571428571,0.513413002152756,20 to 24 years
3267,1330,0.8335242857142845,0.4852428571428571,0.513413002152756,20 to 24 years
3268,8782,0.8335242857142845,0.4852428571428571,0.513413002152756,20 to 24 years
3269,1037,0.8335242857142845,0.4852428571428571,0.513413002152756,20 to 24 years
3270,2662,0.8335242857142845,0.4852428571428571,0.513413002152756,20 to 24 years
3271,9702,0.8335242857142845,0.4852428571428571,0.513413002152756,20 to 24 years
3272,8096,0.8335242857142845,0.4852428571428571,0.513413002152756,20 to 24 years
3273,4293,0.8335242857142845,0.4852428571428571,0.513413002152756,20 to 24 years
3274,1528,0.8335242857142845,0.4852428571428571,0.513413002152756,20 to 24 years
3275,3095,0.8335242857142845,0.4852428571428571,0.513413002152756,20 to 24 years
3276,247,0.8335242857142845,0.4852428571428571,0.513413002152756,20 to 24 years
3277,4523,0.8335242857142845,0.4852428571428571,0.513413002152756,20 to 24 years
3278,152,0.8335242857142845,0.4852428571428571,0.513413002152756,20 to 24 years
3279,7100,0.8335242857142845,0.4852428571428571,0.513413002152756,20 to 24 years
3280,690,0.8335242857142845,0.4852428571428571,0.513413002152756,20 to 24 years
3281,3236,0.8335242857142845,0.4852428571428571,0.513413002152756,20 to 24 years
3282,2592,0.8335242857142845,0.4852428571428571,0.513413002152756,20 to 24 years
3283,6199,0.8335242857142845,0.4852428571428571,0.513413002152756,20 to 24 years
3284,8854,0.8335242857142845,0.4852428571428571,0.513413002152756,20 to 24 years
3285,3493,0.8335242857142845,0.4852428571428571,0.513413002152756,20 to 24 years
3286,4507,0.8335242857142845,0.4852428571428571,0.513413002152756,20 to 24 years
3287,8775,0.8335242857142845,0.4852428571428571,0.513413002152756,20 to 24 years
3288,4040,0.8335242857142845,0.4852428571428571,0.513413002152756,20 to 24 years
3289,214,0.8335242857142845,0.4852428571428571,0.513413002152756,20 to 24 years
3290,6130,0.8335242857142845,0.4852428571428571,0.513413002152756,20 to 24 years
3291,611,0.8335242857142845,0.4852428571428571,0.513413002152756,20 to 24 years
3292,843,0.8335242857142845,0.4852428571428571,0.513413002152756,20 to 24 years
3293,8819,0.8335242857142845,0.4852428571428571,0.513413002152756,20 to 24 years
3294,6029,0.8335242857142845,0.4852428571428571,0.513413002152756,20 to 24 years
3295,8796,0.8335242857142845,0.4852428571428571,0.513413002152756,20 to 24 years
3296,3659,0.8335242857142845,0.4852428571428571,0.513413002152756,20 to 24 years
3297,9372,0.8335242857142845,0.4852428571428571,0.513413002152756,20 to 24 years
3298,7470,0.8335242857142845,0.4852428571428571,0.513413002152756,20 to 24 years
3299,9398,0.8335242857142845,0.4852428571428571,0.513413002152756,20 to 24 years
3300,6422,0.8335242857142845,0.4852428571428571,0.513413002152756,20 to 24 years
3301,3679,0.8335242857142845,0.4852428571428571,0.513413002152756,20 to 24 years
3302,1573,0.8335242857142845,0.4852428571428571,0.513413002152756,20 to 24 years
3303,5774,0.8335242857142845,0.4852428571428571,0.513413002152756,20 to 24 years
3304,6079,0.8335242857142845,0.4852428571428571,0.513413002152756,20 to 24 years
3305,1408,0.8335242857142845,0.4852428571428571,0.513413002152756,20 to 24 years
3306,1033,0.8335242857142845,0.4852428571428571,0.513413002152756,20 to 24 years
3307,9215,0.8335242857142845,0.4852428571428571,0.513413002152756,20 to 24 years
3308,6095,0.8335242857142845,0.4852428571428571,0.513413002152756,20 to 24 years
3309,154,0.8335242857142845,0.4852428571428571,0.513413002152756,20 to 24 years
3310,899,0.8335242857142845,0.4852428571428571,0.513413002152756,20 to 24 years
3311,1078,0.8335242857142845,0.4852428571428571,0.513413002152756,20 to 24 years
3312,8909,0.8335242857142845,0.4852428571428571,0.513413002152756,20 to 24 years
3313,844,0.8335242857142845,0.4852428571428571,0.513413002152756,20 to 24 years
3314,6105,0.8335242857142845,0.4852428571428571,0.513413002152756,20 to 24 years
3315,885,0.8335242857142845,0.4852428571428571,0.513413002152756,20 to 24 years
3316,7063,0.8335242857142845,0.4852428571428571,0.513413002152756,20 to 24 years
3317,5105,0.8335242857142845,0.4852428571428571,0.513413002152756,20 to 24 years
3318,1923,0.8335242857142845,0.4852428571428571,0.513413002152756,20 to 24 years
3319,4965,0.8335242857142845,0.4852428571428571,0.513413002152756,20 to 24 years
3320,4729,0.8335242857142845,0.4852428571428571,0.513413002152756,20 to 24 years
3321,8424,0.8335242857142845,0.4852428571428571,0.513413002152756,20 to 24 years
3322,9380,0.8335242857142845,0.4852428571428571,0.513413002152756,20 to 24 years
3323,1771,0.8335242857142845,0.4852428571428571,0.513413002152756,20 to 24 years
3324,7362,0.8335242857142845,0.4852428571428571,0.513413002152756,20 to 24 years
3325,7974,0.8335242857142845,0.4852428571428571,0.513413002152756,20 to 24 years
3326,4535,0.8335242857142845,0.4852428571428571,0.513413002152756,20 to 24 years
3327,2967,0.8335242857142845,0.4852428571428571,0.513413002152756,20 to 24 years
3328,5724,0.8335242857142845,0.4852428571428571,0.513413002152756,20 to 24 years
3329,2005,0.8335242857142845,0.4852428571428571,0.513413002152756,20 to 24 years
3330,7115,0.8335242857142845,0.4852428571428571,0.513413002152756,20 to 24 years
3331,38,0.8335242857142845,0.4852428571428571,0.513413002152756,20 to 24 years
3332,3417,0.8335242857142845,0.4852428571428571,0.513413002152756,20 to 24 years
3333,4756,0.8335242857142845,0.4852428571428571,0.513413002152756,20 to 24 years
3334,1504,0.8335242857142845,0.4852428571428571,0.513413002152756,20 to 24 years
3335,9831,0.8335242857142845,0.4852428571428571,0.513413002152756,20 to 24 years
3336,1473,0.8335242857142845,0.4852428571428571,0.513413002152756,20 to 24 years
3337,2362,0.8335242857142845,0.4852428571428571,0.513413002152756,20 to 24 years
3338,7623,0.8335242857142845,0.4852428571428571,0.513413002152756,20 to 24 years
3339,533,0.8335242857142845,0.4852428571428571,0.513413002152756,20 to 24 years
3340,2908,0.8335242857142845,0.4852428571428571,0.513413002152756,20 to 24 years
3341,3111,0.8335242857142845,0.4852428571428571,0.513413002152756,20 to 24 years
3342,8284,0.8335242857142845,0.4852428571428571,0.513413002152756,20 to 24 years
3343,7411,0.8335242857142845,0.4852428571428571,0.513413002152756,20 to 24 years
3344,5685,0.8335242857142845,0.4852428571428571,0.513413002152756,20 to 24 years
3345,8899,0.8335242857142845,0.4852428571428571,0.513413002152756,20 to 24 years
3346,8373,0.8335242857142845,0.4852428571428571,0.513413002152756,20 to 24 years
3347,4231,0.8335242857142845,0.4852428571428571,0.513413002152756,20 to 24 years
3348,3821,0.8335242857142845,0.4852428571428571,0.513413002152756,20 to 24 years
3349,6352,0.8335242857142845,0.4852428571428571,0.513413002152756,20 to 24 years
3350,7754,0.8335242857142845,0.4852428571428571,0.513413002152756,20 to 24 years
3351,7373,0.8335242857142845,0.4852428571428571,0.513413002152756,20 to 24 years
3352,5892,0.8335242857142845,0.4852428571428571,0.513413002152756,20 to 24 years
3353,9365,0.8335242857142845,0.4852428571428571,0.513413002152756,20 to 24 years
3354,8716,0.8335242857142845,0.4852428571428571,0.513413002152756,20 to 24 years
3355,7407,0.8335242857142845,0.4852428571428571,0.513413002152756,20 to 24 years
3356,8138,0.8335242857142845,0.4852428571428571,0.513413002152756,20 to 24 years
3357,41,0.8335242857142845,0.4852428571428571,0.513413002152756,20 to 24 years
3358,8302,0.8335242857142845,0.4852428571428571,0.513413002152756,20 to 24 years
3359,1927,0.8335242857142845,0.4852428571428571,0.513413002152756,20 to 24 years
3360,6144,0.8335242857142845,0.4852428571428571,0.513413002152756,20 to 24 years
3361,3475,0.8335242857142845,0.4852428571428571,0.513413002152756,20 to 24 years
3362,9995,0.8335242857142845,0.4852428571428571,0.513413002152756,20 to 24 years
3363,3008,0.8335242857142845,0.4852428571428571,0.513413002152756,20 to 24 years
3364,2241,0.8335242857142845,0.4852428571428571,0.513413002152756,20 to 24 years
3365,1612,0.8335242857142845,0.4852428571428571,0.513413002152756,20 to 24 years
3366,2576,0.8335242857142845,0.4852428571428571,0.513413002152756,20 to 24 years
3367,1710,0.8335242857142845,0.4852428571428571,0.513413002152756,20 to 24 years
3368,9546,0.8335242857142845,0.4852428571428571,0.513413002152756,20 to 24 years
3369,7078,0.8335242857142845,0.4852428571428571,0.513413002152756,20 to 24 years
3370,917,0.8335242857142845,0.4852428571428571,0.513413002152756,20 to 24 years
3371,3605,0.8335242857142845,0.4852428571428571,0.513413002152756,20 to 24 years
3372,6444,0.8335242857142845,0.4852428571428571,0.513413002152756,20 to 24 years
3373,421,0.8335242857142845,0.4852428571428571,0.513413002152756,20 to 24 years
3374,9678,0.8335242857142845,0.4852428571428571,0.513413002152756,20 to 24 years
3375,7301,0.8335242857142845,0.4852428571428571,0.513413002152756,20 to 24 years
3376,7814,0.8335242857142845,0.4852428571428571,0.513413002152756,20 to 24 years
3377,2413,0.8335242857142845,0.4852428571428571,0.513413002152756,20 to 24 years
3378,5956,0.8335242857142845,0.4852428571428571,0.513413002152756,20 to 24 years
3379,2224,0.8335242857142845,0.4852428571428571,0.513413002152756,20 to 24 years
3380,6552,0.8335242857142845,0.4852428571428571,0.513413002152756,20 to 24 years
3381,6489,0.8335242857142845,0.4852428571428571,0.513413002152756,20 to 24 years
3382,7684,0.8335242857142845,0.4852428571428571,0.513413002152756,20 to 24 years
3383,2778,0.8335242857142845,0.4852428571428571,0.513413002152756,20 to 24 years
3384,4023,0.8335242857142845,0.4852428571428571,0.513413002152756,20 to 24 years
3385,7346,0.8335242857142845,0.4852428571428571,0.513413002152756,20 to 24 years
3386,2006,0.8335242857142845,0.4852428571428571,0.513413002152756,20 to 24 years
3387,466,0.8335242857142845,0.4852428571428571,0.513413002152756,20 to 24 years
3388,5366,0.8335242857142845,0.4852428571428571,0.513413002152756,20 to 24 years
3389,4206,0.8335242857142845,0.4852428571428571,0.513413002152756,20 to 24 years
3390,2,0.8335242857142845,0.4852428571428571,0.513413002152756,20 to 24 years
3391,9351,0.44288190328834237,0.4852428571428571,0.513413002152756,20 to 24 years
3392,9277,0.8335242857142845,0.4852428571428571,0.513413002152756,20 to 24 years
3393,2223,0.8335242857142845,0.4852428571428571,0.513413002152756,20 to 24 years
3394,3103,0.8335242857142845,0.4852428571428571,0.513413002152756,20 to 24 years
3395,9349,0.8335242857142845,0.4852428571428571,0.513413002152756,20 to 24 years
3396,4843,0.8335242857142845,0.4852428571428571,0.513413002152756,20 to 24 years
3397,7423,0.8335242857142845,0.4852428571428571,0.513413002152756,20 to 24 years
3398,4938,0.8335242857142845,0.4852428571428571,0.513413002152756,20 to 24 years
3399,1571,0.8335242857142845,0.4852428571428571,0.513413002152756,20 to 24 years
3400,8247,0.8335242857142845,0.4852428571428571,0.513413002152756,20 to 24 years
3401,7151,0.8335242857142845,0.4852428571428571,0.513413002152756,20 to 24 years
3402,1925,0.8335242857142845,0.4852428571428571,0.513413002152756,20 to 24 years
3403,406,0.8335242857142845,0.4852428571428571,0.513413002152756,20 to 24 years
3404,3799,0.8335242857142845,0.4852428571428571,0.513413002152756,20 to 24 years
3405,5119,0.8335242857142845,0.4852428571428571,0.513413002152756,20 to 24 years
3406,1225,0.8335242857142845,0.4852428571428571,0.513413002152756,20 to 24 years
3407,8052,0.8335242857142845,0.4852428571428571,0.513413002152756,20 to 24 years
3408,6392,0.8335242857142845,0.4852428571428571,0.513413002152756,20 to 24 years
3409,3279,0.8335242857142845,0.4852428571428571,0.513413002152756,20 to 24 years
3410,8740,0.8335242857142845,0.4852428571428571,0.513413002152756,20 to 24 years
3411,5846,0.8335242857142845,0.4852428571428571,0.513413002152756,20 to 24 years
3412,5032,0.8335242857142845,0.4852428571428571,0.513413002152756,20 to 24 years
3413,2559,0.8335242857142845,0.4852428571428571,0.513413002152756,20 to 24 years
3414,8090,0.8335242857142845,0.4852428571428571,0.513413002152756,20 to 24 years
3415,345,0.8335242857142845,0.4852428571428571,0.513413002152756,20 to 24 years
3416,4301,0.8335242857142845,0.4852428571428571,0.513413002152756,20 to 24 years
3417,6035,0.8335242857142845,0.4852428571428571,0.513413002152756,20 to 24 years
3418,3464,0.8335242857142845,0.4852428571428571,0.513413002152756,20 to 24 years
3419,2439,0.8335242857142845,0.4852428571428571,0.513413002152756,20 to 24 years
3420,3947,0.8335242857142845,0.4852428571428571,0.513413002152756,20 to 24 years
3421,6801,0.8335242857142845,0.4852428571428571,0.513413002152756,20 to 24 years
3422,5072,0.8335242857142845,0.4852428571428571,0.513413002152756,20 to 24 years
3423,4550,0.8335242857142845,0.4852428571428571,0.513413002152756,20 to 24 years
3424,5293,0.8335242857142845,0.4852428571428571,0.513413002152756,20 to 24 years
3425,2448,0.8335242857142845,0.4852428571428571,0.513413002152756,20 to 24 years
3426,806,0.6609738135987252,0.4852428571428571,0.513413002152756,20 to 24 years
3427,7585,0.8335242857142845,0.4852428571428571,0.513413002152756,20 to 24 years
3428,1664,0.8335242857142845,0.4852428571428571,0.513413002152756,20 to 24 years
3429,1749,0.8335242857142845,0.4852428571428571,0.513413002152756,20 to 24 years
3430,9418,0.8335242857142845,0.4852428571428571,0.513413002152756,20 to 24 years
3431,8520,0.8335242857142845,0.4852428571428571,0.513413002152756,20 to 24 years
3432,9002,0.8335242857142845,0.4852428571428571,0.513413002152756,20 to 24 years
3433,3710,0.8335242857142845,0.4852428571428571,0.513413002152756,20 to 24 years
3434,4181,0.8335242857142845,0.4852428571428571,0.513413002152756,20 to 24 years
3435,8571,0.8335242857142845,0.4852428571428571,0.513413002152756,20 to 24 years
3436,1616,0.8335242857142845,0.4852428571428571,0.513413002152756,20 to 24 years
3437,895,0.8335242857142845,0.4852428571428571,0.513413002152756,20 to 24 years
3438,8576,0.8335242857142845,0.4852428571428571,0.513413002152756,20 to 24 years
3439,9745,0.8335242857142845,0.4852428571428571,0.513413002152756,20 to 24 years
3440,8915,0.8335242857142845,0.4852428571428571,0.513413002152756,20 to 24 years
3441,5588,0.8335242857142845,0.4852428571428571,0.513413002152756,20 to 24 years
3442,8715,0.8335242857142845,0.4852428571428571,0.513413002152756,20 to 24 years
3443,4584,0.8335242857142845,0.4852428571428571,0.513413002152756,20 to 24 years
3444,2905,0.8335242857142845,0.4852428571428571,0.513413002152756,20 to 24 years
3445,7548,0.8335242857142845,0.4852428571428571,0.513413002152756,20 to 24 years
3446,7277,0.8335242857142845,0.4852428571428571,0.513413002152756,20 to 24 years
3447,6549,0.8335242857142845,0.4852428571428571,0.513413002152756,20 to 24 years
3448,3366,0.8335242857142845,0.4852428571428571,0.513413002152756,20 to 24 years
3449,1099,0.8335242857142845,0.4852428571428571,0.513413002152756,20 to 24 years
3450,5062,0.8335242857142845,0.4852428571428571,0.513413002152756,20 to 24 years
3451,6961,0.8335242857142845,0.4852428571428571,0.513413002152756,20 to 24 years
3452,547,0.8335242857142845,0.4852428571428571,0.513413002152756,20 to 24 years
3453,2183,0.8335242857142845,0.4852428571428571,0.513413002152756,20 to 24 years
3454,108,0.8335242857142845,0.4852428571428571,0.513413002152756,20 to 24 years
3455,3450,0.8335242857142845,0.4852428571428571,0.513413002152756,20 to 24 years
3456,8254,0.8335242857142845,0.4852428571428571,0.513413002152756,20 to 24 years
3457,2278,0.8335242857142845,0.4852428571428571,0.513413002152756,20 to 24 years
3458,1439,0.8335242857142845,0.4852428571428571,0.513413002152756,20 to 24 years
3459,6488,0.8335242857142845,0.4852428571428571,0.513413002152756,20 to 24 years
3460,4793,0.8335242857142845,0.4852428571428571,0.513413002152756,20 to 24 years
3461,9463,0.8335242857142845,0.4852428571428571,0.513413002152756,20 to 24 years
3462,4686,0.8335242857142845,0.4852428571428571,0.513413002152756,20 to 24 years
3463,906,0.8335242857142845,0.4852428571428571,0.513413002152756,20 to 24 years
3464,8087,0.8335242857142845,0.4852428571428571,0.513413002152756,20 to 24 years
3465,8311,0.8335242857142845,0.4852428571428571,0.513413002152756,20 to 24 years
3466,2757,0.8335242857142845,0.4852428571428571,0.513413002152756,20 to 24 years
3467,4125,0.8335242857142845,0.4852428571428571,0.513413002152756,20 to 24 years
3468,6110,0.8335242857142845,0.4852428571428571,0.513413002152756,20 to 24 years
3469,6784,0.8335242857142845,0.4852428571428571,0.513413002152756,20 to 24 years
3470,3091,0.8335242857142845,0.4852428571428571,0.513413002152756,20 to 24 years
3471,5942,0.8335242857142845,0.4852428571428571,0.513413002152756,20 to 24 years
3472,1853,0.8335242857142845,0.4852428571428571,0.513413002152756,20 to 24 years
3473,5535,0.8335242857142845,0.4852428571428571,0.513413002152756,20 to 24 years
3474,7133,0.8335242857142845,0.4852428571428571,0.513413002152756,20 to 24 years
3475,6794,0.8335242857142845,0.4852428571428571,0.513413002152756,20 to 24 years
3476,8327,0.8335242857142845,0.4852428571428571,0.513413002152756,20 to 24 years
3477,6565,0.8335242857142845,0.4852428571428571,0.513413002152756,20 to 24 years
3478,3499,0.8335242857142845,0.4852428571428571,0.513413002152756,20 to 24 years
3479,5314,0.8335242857142845,0.4852428571428571,0.513413002152756,20 to 24 years
3480,1437,0.8335242857142845,0.4852428571428571,0.513413002152756,20 to 24 years
3481,2790,0.8335242857142845,0.4852428571428571,0.513413002152756,20 to 24 years
3482,3123,0.8335242857142845,0.4852428571428571,0.513413002152756,20 to 24 years
3483,2003,0.8335242857142845,0.4852428571428571,0.513413002152756,20 to 24 years
3484,3003,0.8335242857142845,0.4852428571428571,0.513413002152756,20 to 24 years
3485,4103,0.8335242857142845,0.4852428571428571,0.513413002152756,20 to 24 years
3486,9644,0.8335242857142845,0.4852428571428571,0.513413002152756,20 to 24 years
3487,9142,0.8335242857142845,0.4852428571428571,0.513413002152756,20 to 24 years
3488,9025,0.8335242857142845,0.4852428571428571,0.513413002152756,20 to 24 years
3489,5907,0.8335242857142845,0.4852428571428571,0.513413002152756,20 to 24 years
3490,745,0.8335242857142845,0.4852428571428571,0.513413002152756,20 to 24 years
3491,6672,0.8335242857142845,0.4852428571428571,0.513413002152756,20 to 24 years
3492,475,0.8335242857142845,0.4852428571428571,0.513413002152756,20 to 24 years
3493,9212,0.8335242857142845,0.4852428571428571,0.513413002152756,20 to 24 years
3494,9875,0.8335242857142845,0.4852428571428571,0.513413002152756,20 to 24 years
3495,4726,0.8335242857142845,0.4852428571428571,0.513413002152756,20 to 24 years
3496,7506,0.8335242857142845,0.4852428571428571,0.513413002152756,20 to 24 years
3497,9764,0.8335242857142845,0.4852428571428571,0.513413002152756,20 to 24 years
3498,7456,0.8105242857142843,0.4852428571428571,0.513413002152756,25 to 29 years
3499,7158,0.8105242857142843,0.4852428571428571,0.513413002152756,25 to 29 years
3500,5308,0.8105242857142843,0.4852428571428571,0.513413002152756,25 to 29 years
3501,2360,0.8105242857142843,0.4852428571428571,0.513413002152756,25 to 29 years
3502,4914,0.8105242857142843,0.4852428571428571,0.513413002152756,25 to 29 years
3503,2562,0.8105242857142843,0.4852428571428571,0.513413002152756,25 to 29 years
3504,7291,0.8105242857142843,0.4852428571428571,0.513413002152756,25 to 29 years
3505,4376,0.8105242857142843,0.4852428571428571,0.513413002152756,25 to 29 years
3506,6584,0.8105242857142843,0.4852428571428571,0.513413002152756,25 to 29 years
3507,2248,0.8105242857142843,0.4852428571428571,0.513413002152756,25 to 29 years
3508,1599,0.8105242857142843,0.4852428571428571,0.513413002152756,25 to 29 years
3509,6311,0.8105242857142843,0.4852428571428571,0.513413002152756,25 to 29 years
3510,757,0.8105242857142843,0.4852428571428571,0.513413002152756,25 to 29 years
3511,3847,0.8105242857142843,0.4852428571428571,0.513413002152756,25 to 29 years
3512,7962,0.8105242857142843,0.4852428571428571,0.513413002152756,25 to 29 years
3513,4950,0.8105242857142843,0.4852428571428571,0.513413002152756,25 to 29 years
3514,8665,0.3172592476327068,0.4852428571428571,0.513413002152756,25 to 29 years
3515,1226,0.8105242857142843,0.4852428571428571,0.513413002152756,25 to 29 years
3516,8144,0.8105242857142843,0.4852428571428571,0.513413002152756,25 to 29 years
3517,6602,0.8105242857142843,0.4852428571428571,0.513413002152756,25 to 29 years
3518,7612,0.8105242857142843,0.4852428571428571,0.513413002152756,25 to 29 years
3519,330,0.8105242857142843,0.4852428571428571,0.513413002152756,25 to 29 years
3520,6314,0.8105242857142843,0.4852428571428571,0.513413002152756,25 to 29 years
3521,3535,0.8105242857142843,0.4852428571428571,0.513413002152756,25 to 29 years
3522,9297,0.0,0.4852428571428571,0.513413002152756,25 to 29 years
3523,1943,0.8105242857142843,0.4852428571428571,0.513413002152756,25 to 29 years
3524,6921,0.8105242857142843,0.4852428571428571,0.513413002152756,25 to 29 years
3525,2755,0.8105242857142843,0.4852428571428571,0.513413002152756,25 to 29 years
3526,6208,0.8105242857142843,0.4852428571428571,0.513413002152756,25 to 29 years
3527,454,0.8105242857142843,0.4852428571428571,0.513413002152756,25 to 29 years
3528,4524,0.8105242857142843,0.4852428571428571,0.513413002152756,25 to 29 years
3529,300,0.8105242857142843,0.4852428571428571,0.513413002152756,25 to 29 years
3530,5045,0.8105242857142843,0.4852428571428571,0.513413002152756,25 to 29 years
3531,7131,0.8105242857142843,0.4852428571428571,0.513413002152756,25 to 29 years
3532,6271,0.8105242857142843,0.4852428571428571,0.513413002152756,25 to 29 years
3533,3232,0.8105242857142843,0.4852428571428571,0.513413002152756,25 to 29 years
3534,8243,0.8105242857142843,0.4852428571428571,0.513413002152756,25 to 29 years
3535,1754,0.8105242857142843,0.4852428571428571,0.513413002152756,25 to 29 years
3536,748,0.8105242857142843,0.4852428571428571,0.513413002152756,25 to 29 years
3537,7138,0.8105242857142843,0.4852428571428571,0.513413002152756,25 to 29 years
3538,5158,0.8105242857142843,0.4852428571428571,0.513413002152756,25 to 29 years
3539,3705,0.8105242857142843,0.4852428571428571,0.513413002152756,25 to 29 years
3540,576,0.8105242857142843,0.4852428571428571,0.513413002152756,25 to 29 years
3541,9337,0.8105242857142843,0.4852428571428571,0.513413002152756,25 to 29 years
3542,8096,0.8105242857142843,0.4852428571428571,0.513413002152756,25 to 29 years
3543,3017,0.8105242857142843,0.4852428571428571,0.513413002152756,25 to 29 years
3544,1812,0.8105242857142843,0.4852428571428571,0.513413002152756,25 to 29 years
3545,8164,0.8105242857142843,0.4852428571428571,0.513413002152756,25 to 29 years
3546,6595,0.8105242857142843,0.4852428571428571,0.513413002152756,25 to 29 years
3547,3966,0.8105242857142843,0.4852428571428571,0.513413002152756,25 to 29 years
3548,5600,0.8105242857142843,0.4852428571428571,0.513413002152756,25 to 29 years
3549,1831,0.8105242857142843,0.4852428571428571,0.513413002152756,25 to 29 years
3550,6096,0.8105242857142843,0.4852428571428571,0.513413002152756,25 to 29 years
3551,9089,0.8105242857142843,0.4852428571428571,0.513413002152756,25 to 29 years
3552,195,0.8105242857142843,0.4852428571428571,0.513413002152756,25 to 29 years
3553,6534,0.8105242857142843,0.4852428571428571,0.513413002152756,25 to 29 years
3554,8641,0.8105242857142843,0.4852428571428571,0.513413002152756,25 to 29 years
3555,1417,0.8105242857142843,0.4852428571428571,0.513413002152756,25 to 29 years
3556,4128,0.8105242857142843,0.4852428571428571,0.513413002152756,25 to 29 years
3557,4263,0.8105242857142843,0.4852428571428571,0.513413002152756,25 to 29 years
3558,5820,0.8105242857142843,0.4852428571428571,0.513413002152756,25 to 29 years
3559,4713,0.8105242857142843,0.4852428571428571,0.513413002152756,25 to 29 years
3560,5180,0.8105242857142843,0.4852428571428571,0.513413002152756,25 to 29 years
3561,9807,0.8105242857142843,0.4852428571428571,0.513413002152756,25 to 29 years
3562,2348,0.8105242857142843,0.4852428571428571,0.513413002152756,25 to 29 years
3563,7560,0.8105242857142843,0.4852428571428571,0.513413002152756,25 to 29 years
3564,2105,0.8105242857142843,0.4852428571428571,0.513413002152756,25 to 29 years
3565,3979,0.8105242857142843,0.4852428571428571,0.513413002152756,25 to 29 years
3566,9280,0.8105242857142843,0.4852428571428571,0.513413002152756,25 to 29 years
3567,4033,0.8105242857142843,0.4852428571428571,0.513413002152756,25 to 29 years
3568,2451,0.8105242857142843,0.4852428571428571,0.513413002152756,25 to 29 years
3569,1752,0.8105242857142843,0.4852428571428571,0.513413002152756,25 to 29 years
3570,3549,0.8105242857142843,0.4852428571428571,0.513413002152756,25 to 29 years
3571,9478,0.8105242857142843,0.4852428571428571,0.513413002152756,25 to 29 years
3572,2384,0.8105242857142843,0.4852428571428571,0.513413002152756,25 to 29 years
3573,6112,0.8105242857142843,0.4852428571428571,0.513413002152756,25 to 29 years
3574,7554,0.8105242857142843,0.4852428571428571,0.513413002152756,25 to 29 years
3575,7769,0.8105242857142843,0.4852428571428571,0.513413002152756,25 to 29 years
3576,725,0.8105242857142843,0.4852428571428571,0.513413002152756,25 to 29 years
3577,8330,0.8105242857142843,0.4852428571428571,0.513413002152756,25 to 29 years
3578,1517,0.34611907788217383,0.4852428571428571,0.513413002152756,25 to 29 years
3579,8052,0.8105242857142843,0.4852428571428571,0.513413002152756,25 to 29 years
3580,4527,0.8105242857142843,0.4852428571428571,0.513413002152756,25 to 29 years
3581,3304,0.8105242857142843,0.4852428571428571,0.513413002152756,25 to 29 years
3582,3635,0.8105242857142843,0.4852428571428571,0.513413002152756,25 to 29 years
3583,6715,0.8105242857142843,0.4852428571428571,0.513413002152756,25 to 29 years
3584,8122,0.0,0.4852428571428571,0.513413002152756,25 to 29 years
3585,7458,0.8105242857142843,0.4852428571428571,0.513413002152756,25 to 29 years
3586,7957,0.8105242857142843,0.4852428571428571,0.513413002152756,25 to 29 years
3587,3247,0.8105242857142843,0.4852428571428571,0.513413002152756,25 to 29 years
3588,5128,0.8105242857142843,0.4852428571428571,0.513413002152756,25 to 29 years
3589,1342,0.8105242857142843,0.4852428571428571,0.513413002152756,25 to 29 years
3590,7351,0.8105242857142843,0.4852428571428571,0.513413002152756,25 to 29 years
3591,90,0.8105242857142843,0.4852428571428571,0.513413002152756,25 to 29 years
3592,2219,0.8105242857142843,0.4852428571428571,0.513413002152756,25 to 29 years
3593,4315,0.8105242857142843,0.4852428571428571,0.513413002152756,25 to 29 years
3594,3432,0.8105242857142843,0.4852428571428571,0.513413002152756,25 to 29 years
3595,4826,0.8105242857142843,0.4852428571428571,0.513413002152756,25 to 29 years
3596,8579,0.8105242857142843,0.4852428571428571,0.513413002152756,25 to 29 years
3597,9334,0.8105242857142843,0.4852428571428571,0.513413002152756,25 to 29 years
3598,8905,0.8105242857142843,0.4852428571428571,0.513413002152756,25 to 29 years
3599,3246,0.8105242857142843,0.4852428571428571,0.513413002152756,25 to 29 years
3600,553,0.8105242857142843,0.4852428571428571,0.513413002152756,25 to 29 years
3601,3110,0.8105242857142843,0.4852428571428571,0.513413002152756,25 to 29 years
3602,1872,0.8105242857142843,0.4852428571428571,0.513413002152756,25 to 29 years
3603,5631,0.8105242857142843,0.4852428571428571,0.513413002152756,25 to 29 years
3604,8333,0.8105242857142843,0.4852428571428571,0.513413002152756,25 to 29 years
3605,1208,0.8105242857142843,0.4852428571428571,0.513413002152756,25 to 29 years
3606,275,0.8105242857142843,0.4852428571428571,0.513413002152756,25 to 29 years
3607,9984,0.8105242857142843,0.4852428571428571,0.513413002152756,25 to 29 years
3608,310,0.8105242857142843,0.4852428571428571,0.513413002152756,25 to 29 years
3609,9705,0.8105242857142843,0.4852428571428571,0.513413002152756,25 to 29 years
3610,5637,0.8105242857142843,0.4852428571428571,0.513413002152756,25 to 29 years
3611,1189,0.8105242857142843,0.4852428571428571,0.513413002152756,25 to 29 years
3612,5963,0.8105242857142843,0.4852428571428571,0.513413002152756,25 to 29 years
3613,1851,0.8105242857142843,0.4852428571428571,0.513413002152756,25 to 29 years
3614,8106,0.8105242857142843,0.4852428571428571,0.513413002152756,25 to 29 years
3615,4063,0.8105242857142843,0.4852428571428571,0.513413002152756,25 to 29 years
3616,5592,0.8105242857142843,0.4852428571428571,0.513413002152756,25 to 29 years
3617,5016,0.8105242857142843,0.4852428571428571,0.513413002152756,25 to 29 years
3618,2167,0.8105242857142843,0.4852428571428571,0.513413002152756,25 to 29 years
3619,8622,0.8105242857142843,0.4852428571428571,0.513413002152756,25 to 29 years
3620,1108,0.8105242857142843,0.4852428571428571,0.513413002152756,25 to 29 years
3621,2491,0.8105242857142843,0.4852428571428571,0.513413002152756,25 to 29 years
3622,6416,0.8105242857142843,0.4852428571428571,0.513413002152756,25 to 29 years
3623,2168,0.8105242857142843,0.4852428571428571,0.513413002152756,25 to 29 years
3624,3430,0.8105242857142843,0.4852428571428571,0.513413002152756,25 to 29 years
3625,8398,0.8105242857142843,0.4852428571428571,0.513413002152756,25 to 29 years
3626,562,0.8105242857142843,0.4852428571428571,0.513413002152756,25 to 29 years
3627,837,0.8105242857142843,0.4852428571428571,0.513413002152756,25 to 29 years
3628,5828,0.8105242857142843,0.4852428571428571,0.513413002152756,25 to 29 years
3629,9975,0.8105242857142843,0.4852428571428571,0.513413002152756,25 to 29 years
3630,7023,0.8105242857142843,0.4852428571428571,0.513413002152756,25 to 29 years
3631,5589,0.8105242857142843,0.4852428571428571,0.513413002152756,25 to 29 years
3632,2747,0.8105242857142843,0.4852428571428571,0.513413002152756,25 to 29 years
3633,7046,0.8105242857142843,0.4852428571428571,0.513413002152756,25 to 29 years
3634,7261,0.8105242857142843,0.4852428571428571,0.513413002152756,25 to 29 years
3635,7210,0.8105242857142843,0.4852428571428571,0.513413002152756,25 to 29 years
3636,5197,0.8105242857142843,0.4852428571428571,0.513413002152756,25 to 29 years
3637,6716,0.8105242857142843,0.4852428571428571,0.513413002152756,25 to 29 years
3638,9907,0.8105242857142843,0.4852428571428571,0.513413002152756,25 to 29 years
3639,5075,0.8105242857142843,0.4852428571428571,0.513413002152756,25 to 29 years
3640,7284,0.8105242857142843,0.4852428571428571,0.513413002152756,25 to 29 years
3641,5914,0.8105242857142843,0.4852428571428571,0.513413002152756,25 to 29 years
3642,7569,0.8105242857142843,0.4852428571428571,0.513413002152756,25 to 29 years
3643,9580,0.8105242857142843,0.4852428571428571,0.513413002152756,25 to 29 years
3644,5229,0.8105242857142843,0.4852428571428571,0.513413002152756,25 to 29 years
3645,8365,0.8105242857142843,0.4852428571428571,0.513413002152756,25 to 29 years
3646,5288,0.8105242857142843,0.4852428571428571,0.513413002152756,25 to 29 years
3647,9790,0.8105242857142843,0.4852428571428571,0.513413002152756,25 to 29 years
3648,4899,0.8105242857142843,0.4852428571428571,0.513413002152756,25 to 29 years
3649,38,0.8105242857142843,0.4852428571428571,0.513413002152756,25 to 29 years
3650,9158,0.0,0.4852428571428571,0.513413002152756,25 to 29 years
3651,9894,0.8105242857142843,0.4852428571428571,0.513413002152756,25 to 29 years
3652,8966,0.8105242857142843,0.4852428571428571,0.513413002152756,25 to 29 years
3653,7076,0.8105242857142843,0.4852428571428571,0.513413002152756,25 to 29 years
3654,6800,0.8105242857142843,0.4852428571428571,0.513413002152756,25 to 29 years
3655,1766,0.8105242857142843,0.4852428571428571,0.513413002152756,25 to 29 years
3656,6010,0.8105242857142843,0.4852428571428571,0.513413002152756,25 to 29 years
3657,6622,0.8105242857142843,0.4852428571428571,0.513413002152756,25 to 29 years
3658,8613,0.8105242857142843,0.4852428571428571,0.513413002152756,25 to 29 years
3659,9560,0.8105242857142843,0.4852428571428571,0.513413002152756,25 to 29 years
3660,3023,0.8105242857142843,0.4852428571428571,0.513413002152756,25 to 29 years
3661,2371,0.8105242857142843,0.4852428571428571,0.513413002152756,25 to 29 years
3662,1472,0.8105242857142843,0.4852428571428571,0.513413002152756,25 to 29 years
3663,2990,0.8105242857142843,0.4852428571428571,0.513413002152756,25 to 29 years
3664,8278,0.8105242857142843,0.4852428571428571,0.513413002152756,25 to 29 years
3665,5212,0.8105242857142843,0.4852428571428571,0.513413002152756,25 to 29 years
3666,3225,0.8105242857142843,0.4852428571428571,0.513413002152756,25 to 29 years
3667,9079,0.8105242857142843,0.4852428571428571,0.513413002152756,25 to 29 years
3668,4675,0.8105242857142843,0.4852428571428571,0.513413002152756,25 to 29 years
3669,4937,0.8105242857142843,0.4852428571428571,0.513413002152756,25 to 29 years
3670,3403,0.8105242857142843,0.4852428571428571,0.513413002152756,25 to 29 years
3671,6504,0.8105242857142843,0.4852428571428571,0.513413002152756,25 to 29 years
3672,6902,0.5238377871168276,0.4852428571428571,0.513413002152756,25 to 29 years
3673,2445,0.8105242857142843,0.4852428571428571,0.513413002152756,25 to 29 years
3674,407,0.8105242857142843,0.4852428571428571,0.513413002152756,25 to 29 years
3675,8412,0.8105242857142843,0.4852428571428571,0.513413002152756,25 to 29 years
3676,1854,0.8105242857142843,0.4852428571428571,0.513413002152756,25 to 29 years
3677,7849,0.8105242857142843,0.4852428571428571,0.513413002152756,25 to 29 years
3678,3831,0.8105242857142843,0.4852428571428571,0.513413002152756,25 to 29 years
3679,8236,0.8105242857142843,0.4852428571428571,0.513413002152756,25 to 29 years
3680,4188,0.8105242857142843,0.4852428571428571,0.513413002152756,25 to 29 years
3681,6973,0.8105242857142843,0.4852428571428571,0.513413002152756,25 to 29 years
3682,7063,0.8105242857142843,0.4852428571428571,0.513413002152756,25 to 29 years
3683,3779,0.8105242857142843,0.4852428571428571,0.513413002152756,25 to 29 years
3684,941,0.8105242857142843,0.4852428571428571,0.513413002152756,25 to 29 years
3685,221,0.8105242857142843,0.4852428571428571,0.513413002152756,25 to 29 years
3686,2164,0.8105242857142843,0.4852428571428571,0.513413002152756,25 to 29 years
3687,7642,0.8105242857142843,0.4852428571428571,0.513413002152756,25 to 29 years
3688,547,0.8105242857142843,0.4852428571428571,0.513413002152756,25 to 29 years
3689,56,0.8105242857142843,0.4852428571428571,0.513413002152756,25 to 29 years
3690,3912,0.8105242857142843,0.4852428571428571,0.513413002152756,25 to 29 years
3691,8434,0.8105242857142843,0.4852428571428571,0.513413002152756,25 to 29 years
3692,3938,0.8105242857142843,0.4852428571428571,0.513413002152756,25 to 29 years
3693,7068,0.8105242857142843,0.4852428571428571,0.513413002152756,25 to 29 years
3694,7673,0.8105242857142843,0.4852428571428571,0.513413002152756,25 to 29 years
3695,84,0.8105242857142843,0.4852428571428571,0.513413002152756,25 to 29 years
3696,288,0.8105242857142843,0.4852428571428571,0.513413002152756,25 to 29 years
3697,1508,0.8105242857142843,0.4852428571428571,0.513413002152756,25 to 29 years
3698,7387,0.8105242857142843,0.4852428571428571,0.513413002152756,25 to 29 years
3699,925,0.8105242857142843,0.4852428571428571,0.513413002152756,25 to 29 years
3700,8764,0.8105242857142843,0.4852428571428571,0.513413002152756,25 to 29 years
3701,600,0.8105242857142843,0.4852428571428571,0.513413002152756,25 to 29 years
3702,6373,0.8105242857142843,0.4852428571428571,0.513413002152756,25 to 29 years
3703,3308,0.8105242857142843,0.4852428571428571,0.513413002152756,25 to 29 years
3704,6400,0.8105242857142843,0.4852428571428571,0.513413002152756,25 to 29 years
3705,8006,0.8105242857142843,0.4852428571428571,0.513413002152756,25 to 29 years
3706,5055,0.8105242857142843,0.4852428571428571,0.513413002152756,25 to 29 years
3707,2093,0.8105242857142843,0.4852428571428571,0.513413002152756,25 to 29 years
3708,2215,0.8105242857142843,0.4852428571428571,0.513413002152756,25 to 29 years
3709,1067,0.8105242857142843,0.4852428571428571,0.513413002152756,25 to 29 years
3710,7892,0.8105242857142843,0.4852428571428571,0.513413002152756,25 to 29 years
3711,1370,0.8105242857142843,0.4852428571428571,0.513413002152756,25 to 29 years
3712,2040,0.8105242857142843,0.4852428571428571,0.513413002152756,25 to 29 years
3713,9383,0.8105242857142843,0.4852428571428571,0.513413002152756,25 to 29 years
3714,7373,0.8105242857142843,0.4852428571428571,0.513413002152756,25 to 29 years
3715,8320,0.8105242857142843,0.4852428571428571,0.513413002152756,25 to 29 years
3716,5625,0.8105242857142843,0.4852428571428571,0.513413002152756,25 to 29 years
3717,8700,0.8105242857142843,0.4852428571428571,0.513413002152756,25 to 29 years
3718,4521,0.31738229276859803,0.4852428571428571,0.513413002152756,25 to 29 years
3719,1257,0.8105242857142843,0.4852428571428571,0.513413002152756,25 to 29 years
3720,6359,0.8105242857142843,0.4852428571428571,0.513413002152756,25 to 29 years
3721,8167,0.8105242857142843,0.4852428571428571,0.513413002152756,25 to 29 years
3722,4115,0.8105242857142843,0.4852428571428571,0.513413002152756,25 to 29 years
3723,4663,0.8105242857142843,0.4852428571428571,0.513413002152756,25 to 29 years
3724,1285,0.8105242857142843,0.4852428571428571,0.513413002152756,25 to 29 years
3725,5756,0.8105242857142843,0.4852428571428571,0.513413002152756,25 to 29 years
3726,4532,0.8105242857142843,0.4852428571428571,0.513413002152756,25 to 29 years
3727,9139,0.8105242857142843,0.4852428571428571,0.513413002152756,25 to 29 years
3728,9599,0.8105242857142843,0.4852428571428571,0.513413002152756,25 to 29 years
3729,7685,0.8105242857142843,0.4852428571428571,0.513413002152756,25 to 29 years
3730,2702,0.8105242857142843,0.4852428571428571,0.513413002152756,25 to 29 years
3731,3379,0.8105242857142843,0.4852428571428571,0.513413002152756,25 to 29 years
3732,2968,0.8105242857142843,0.4852428571428571,0.513413002152756,25 to 29 years
3733,7065,0.8105242857142843,0.4852428571428571,0.513413002152756,25 to 29 years
3734,6034,0.8105242857142843,0.4852428571428571,0.513413002152756,25 to 29 years
3735,9103,0.8105242857142843,0.4852428571428571,0.513413002152756,25 to 29 years
3736,107,0.8105242857142843,0.4852428571428571,0.513413002152756,25 to 29 years
3737,8014,0.8105242857142843,0.4852428571428571,0.513413002152756,25 to 29 years
3738,7668,0.8105242857142843,0.4852428571428571,0.513413002152756,25 to 29 years
3739,6529,0.8105242857142843,0.4852428571428571,0.513413002152756,25 to 29 years
3740,9785,0.8105242857142843,0.4852428571428571,0.513413002152756,25 to 29 years
3741,4163,0.8105242857142843,0.4852428571428571,0.513413002152756,25 to 29 years
3742,6019,0.8105242857142843,0.4852428571428571,0.513413002152756,25 to 29 years
3743,3118,0.8105242857142843,0.4852428571428571,0.513413002152756,25 to 29 years
3744,7110,0.8105242857142843,0.4852428571428571,0.513413002152756,25 to 29 years
3745,1183,0.8105242857142843,0.4852428571428571,0.513413002152756,25 to 29 years
3746,8244,0.8105242857142843,0.4852428571428571,0.513413002152756,25 to 29 years
3747,5219,0.8105242857142843,0.4852428571428571,0.513413002152756,25 to 29 years
3748,8049,0.8105242857142843,0.4852428571428571,0.513413002152756,25 to 29 years
3749,9341,0.8105242857142843,0.4852428571428571,0.513413002152756,25 to 29 years
3750,8451,0.0,0.4852428571428571,0.513413002152756,25 to 29 years
3751,7405,0.8105242857142843,0.4852428571428571,0.513413002152756,25 to 29 years
3752,3561,0.8105242857142843,0.4852428571428571,0.513413002152756,25 to 29 years
3753,5937,0.8105242857142843,0.4852428571428571,0.513413002152756,25 to 29 years
3754,2247,0.8105242857142843,0.4852428571428571,0.513413002152756,25 to 29 years
3755,2509,0.8105242857142843,0.4852428571428571,0.513413002152756,25 to 29 years
3756,7543,0.8105242857142843,0.4852428571428571,0.513413002152756,25 to 29 years
3757,8432,0.8105242857142843,0.4852428571428571,0.513413002152756,25 to 29 years
3758,9100,0.8105242857142843,0.4852428571428571,0.513413002152756,25 to 29 years
3759,820,0.8105242857142843,0.4852428571428571,0.513413002152756,25 to 29 years
3760,3124,0.8105242857142843,0.4852428571428571,0.513413002152756,25 to 29 years
3761,5490,0.8105242857142843,0.4852428571428571,0.513413002152756,25 to 29 years
3762,4054,0.8105242857142843,0.4852428571428571,0.513413002152756,25 to 29 years
3763,1879,0.8105242857142843,0.4852428571428571,0.513413002152756,25 to 29 years
3764,7031,0.8105242857142843,0.4852428571428571,0.513413002152756,25 to 29 years
3765,1134,0.8105242857142843,0.4852428571428571,0.513413002152756,25 to 29 years
3766,3615,0.8105242857142843,0.4852428571428571,0.513413002152756,25 to 29 years
3767,5275,0.8105242857142843,0.4852428571428571,0.513413002152756,25 to 29 years
3768,8307,0.8105242857142843,0.4852428571428571,0.513413002152756,25 to 29 years
3769,8147,0.8105242857142843,0.4852428571428571,0.513413002152756,25 to 29 years
3770,3222,0.8105242857142843,0.4852428571428571,0.513413002152756,25 to 29 years
3771,31,0.8105242857142843,0.4852428571428571,0.513413002152756,25 to 29 years
3772,6522,0.8105242857142843,0.4852428571428571,0.513413002152756,25 to 29 years
3773,2395,0.8105242857142843,0.4852428571428571,0.513413002152756,25 to 29 years
3774,1935,0.8105242857142843,0.4852428571428571,0.513413002152756,25 to 29 years
3775,9970,0.8105242857142843,0.4852428571428571,0.513413002152756,25 to 29 years
3776,7999,0.8105242857142843,0.4852428571428571,0.513413002152756,25 to 29 years
3777,2409,0.8105242857142843,0.4852428571428571,0.513413002152756,25 to 29 years
3778,5732,0.8105242857142843,0.4852428571428571,0.513413002152756,25 to 29 years
3779,8687,0.8105242857142843,0.4852428571428571,0.513413002152756,25 to 29 years
3780,2264,0.8105242857142843,0.4852428571428571,0.513413002152756,25 to 29 years
3781,3026,0.8105242857142843,0.4852428571428571,0.513413002152756,25 to 29 years
3782,4278,0.8105242857142843,0.4852428571428571,0.513413002152756,25 to 29 years
3783,5701,0.8105242857142843,0.4852428571428571,0.513413002152756,25 to 29 years
3784,5163,0.8105242857142843,0.4852428571428571,0.513413002152756,25 to 29 years
3785,376,0.8105242857142843,0.4852428571428571,0.513413002152756,25 to 29 years
3786,624,0.8105242857142843,0.4852428571428571,0.513413002152756,25 to 29 years
3787,1818,0.8105242857142843,0.4852428571428571,0.513413002152756,25 to 29 years
3788,5687,0.8105242857142843,0.4852428571428571,0.513413002152756,25 to 29 years
3789,1164,0.8105242857142843,0.4852428571428571,0.513413002152756,25 to 29 years
3790,5392,0.8105242857142843,0.4852428571428571,0.513413002152756,25 to 29 years
3791,9573,0.8105242857142843,0.4852428571428571,0.513413002152756,25 to 29 years
3792,3992,0.8105242857142843,0.4852428571428571,0.513413002152756,25 to 29 years
3793,5708,0.8105242857142843,0.4852428571428571,0.513413002152756,25 to 29 years
3794,3066,0.8105242857142843,0.4852428571428571,0.513413002152756,25 to 29 years
3795,6291,0.8105242857142843,0.4852428571428571,0.513413002152756,25 to 29 years
3796,6717,0.8105242857142843,0.4852428571428571,0.513413002152756,25 to 29 years
3797,1466,0.8105242857142843,0.4852428571428571,0.513413002152756,25 to 29 years
3798,2315,0.8105242857142843,0.4852428571428571,0.513413002152756,25 to 29 years
3799,1429,0.8105242857142843,0.4852428571428571,0.513413002152756,25 to 29 years
3800,6872,0.8105242857142843,0.4852428571428571,0.513413002152756,25 to 29 years
3801,4697,0.8105242857142843,0.4852428571428571,0.513413002152756,25 to 29 years
3802,9278,0.8105242857142843,0.4852428571428571,0.513413002152756,25 to 29 years
3803,8016,0.8105242857142843,0.4852428571428571,0.513413002152756,25 to 29 years
3804,2273,0.8105242857142843,0.4852428571428571,0.513413002152756,25 to 29 years
3805,7140,0.8105242857142843,0.4852428571428571,0.513413002152756,25 to 29 years
3806,231,0.8105242857142843,0.4852428571428571,0.513413002152756,25 to 29 years
3807,2364,0.8105242857142843,0.4852428571428571,0.513413002152756,25 to 29 years
3808,2890,0.8105242857142843,0.4852428571428571,0.513413002152756,25 to 29 years
3809,1440,0.8105242857142843,0.4852428571428571,0.513413002152756,25 to 29 years
3810,5382,0.8105242857142843,0.4852428571428571,0.513413002152756,25 to 29 years
3811,7101,0.8105242857142843,0.4852428571428571,0.513413002152756,25 to 29 years
3812,2065,0.8105242857142843,0.4852428571428571,0.513413002152756,25 to 29 years
3813,2373,0.8105242857142843,0.4852428571428571,0.513413002152756,25 to 29 years
3814,4427,0.8105242857142843,0.4852428571428571,0.513413002152756,25 to 29 years
3815,5977,0.8105242857142843,0.4852428571428571,0.513413002152756,25 to 29 years
3816,9290,0.8105242857142843,0.4852428571428571,0.513413002152756,25 to 29 years
3817,465,0.8105242857142843,0.4852428571428571,0.513413002152756,25 to 29 years
3818,6269,0.8105242857142843,0.4852428571428571,0.513413002152756,25 to 29 years
3819,3307,0.8105242857142843,0.4852428571428571,0.513413002152756,25 to 29 years
3820,881,0.5878419284846842,0.4852428571428571,0.513413002152756,25 to 29 years
3821,6960,0.8105242857142843,0.4852428571428571,0.513413002152756,25 to 29 years
3822,4804,0.8105242857142843,0.4852428571428571,0.513413002152756,25 to 29 years
3823,1614,0.8105242857142843,0.4852428571428571,0.513413002152756,25 to 29 years
3824,336,0.8105242857142843,0.4852428571428571,0.513413002152756,25 to 29 years
3825,7890,0.8105242857142843,0.4852428571428571,0.513413002152756,25 to 29 years
3826,5821,0.8105242857142843,0.4852428571428571,0.513413002152756,25 to 29 years
3827,9666,0.8105242857142843,0.4852428571428571,0.513413002152756,25 to 29 years
3828,5511,0.8105242857142843,0.4852428571428571,0.513413002152756,25 to 29 years
3829,2253,0.0,0.4852428571428571,0.513413002152756,25 to 29 years
3830,3187,0.8105242857142843,0.4852428571428571,0.513413002152756,25 to 29 years
3831,3694,0.8105242857142843,0.4852428571428571,0.513413002152756,25 to 29 years
3832,415,0.8105242857142843,0.4852428571428571,0.513413002152756,25 to 29 years
3833,8322,0.8105242857142843,0.4852428571428571,0.513413002152756,25 to 29 years
3834,5421,0.8105242857142843,0.4852428571428571,0.513413002152756,25 to 29 years
3835,4204,0.8105242857142843,0.4852428571428571,0.513413002152756,25 to 29 years
3836,6875,0.8105242857142843,0.4852428571428571,0.513413002152756,25 to 29 years
3837,6077,0.8105242857142843,0.4852428571428571,0.513413002152756,25 to 29 years
3838,5238,0.8105242857142843,0.4852428571428571,0.513413002152756,25 to 29 years
3839,2630,0.8105242857142843,0.4852428571428571,0.513413002152756,25 to 29 years
3840,5661,0.8105242857142843,0.4852428571428571,0.513413002152756,25 to 29 years
3841,441,0.8105242857142843,0.4852428571428571,0.513413002152756,25 to 29 years
3842,506,0.8105242857142843,0.4852428571428571,0.513413002152756,25 to 29 years
3843,7915,0.8105242857142843,0.4852428571428571,0.513413002152756,25 to 29 years
3844,2555,0.8105242857142843,0.4852428571428571,0.513413002152756,25 to 29 years
3845,2117,0.8105242857142843,0.4852428571428571,0.513413002152756,25 to 29 years
3846,5612,0.8105242857142843,0.4852428571428571,0.513413002152756,25 to 29 years
3847,3318,0.8105242857142843,0.4852428571428571,0.513413002152756,25 to 29 years
3848,6215,0.8105242857142843,0.4852428571428571,0.513413002152756,25 to 29 years
3849,4126,0.8105242857142843,0.4852428571428571,0.513413002152756,25 to 29 years
3850,3965,0.8105242857142843,0.4852428571428571,0.513413002152756,25 to 29 years
3851,7022,0.8105242857142843,0.4852428571428571,0.513413002152756,25 to 29 years
3852,8439,0.8105242857142843,0.4852428571428571,0.513413002152756,25 to 29 years
3853,3759,0.8105242857142843,0.4852428571428571,0.513413002152756,25 to 29 years
3854,3704,0.8105242857142843,0.4852428571428571,0.513413002152756,25 to 29 years
3855,8287,0.8105242857142843,0.4852428571428571,0.513413002152756,25 to 29 years
3856,5201,0.8105242857142843,0.4852428571428571,0.513413002152756,25 to 29 years
3857,7262,0.8105242857142843,0.4852428571428571,0.513413002152756,25 to 29 years
3858,3167,0.8105242857142843,0.4852428571428571,0.513413002152756,25 to 29 years
3859,1663,0.8105242857142843,0.4852428571428571,0.513413002152756,25 to 29 years
3860,7214,0.8105242857142843,0.4852428571428571,0.513413002152756,25 to 29 years
3861,8441,0.8105242857142843,0.4852428571428571,0.513413002152756,25 to 29 years
3862,1483,0.8105242857142843,0.4852428571428571,0.513413002152756,25 to 29 years
3863,9488,0.8105242857142843,0.4852428571428571,0.513413002152756,25 to 29 years
3864,6951,0.8105242857142843,0.4852428571428571,0.513413002152756,25 to 29 years
3865,9670,0.8105242857142843,0.4852428571428571,0.513413002152756,25 to 29 years
3866,5287,0.8105242857142843,0.4852428571428571,0.513413002152756,25 to 29 years
3867,5244,0.8105242857142843,0.4852428571428571,0.513413002152756,25 to 29 years
3868,1846,0.8105242857142843,0.4852428571428571,0.513413002152756,25 to 29 years
3869,9929,0.8105242857142843,0.4852428571428571,0.513413002152756,25 to 29 years
3870,3253,0.8105242857142843,0.4852428571428571,0.513413002152756,25 to 29 years
3871,4233,0.8105242857142843,0.4852428571428571,0.513413002152756,25 to 29 years
3872,9890,0.8105242857142843,0.4852428571428571,0.513413002152756,25 to 29 years
3873,5086,0.8105242857142843,0.4852428571428571,0.513413002152756,25 to 29 years
3874,5448,0.8105242857142843,0.4852428571428571,0.513413002152756,25 to 29 years
3875,2878,0.8105242857142843,0.4852428571428571,0.513413002152756,25 to 29 years
3876,717,0.8105242857142843,0.4852428571428571,0.513413002152756,25 to 29 years
3877,7348,0.8105242857142843,0.4852428571428571,0.513413002152756,25 to 29 years
3878,7651,0.8105242857142843,0.4852428571428571,0.513413002152756,25 to 29 years
3879,6657,0.8105242857142843,0.4852428571428571,0.513413002152756,25 to 29 years
3880,4721,0.8105242857142843,0.4852428571428571,0.513413002152756,25 to 29 years
3881,1035,0.8105242857142843,0.4852428571428571,0.513413002152756,25 to 29 years
3882,4814,0.8105242857142843,0.4852428571428571,0.513413002152756,25 to 29 years
3883,8789,0.8105242857142843,0.4852428571428571,0.513413002152756,25 to 29 years
3884,6792,0.8105242857142843,0.4852428571428571,0.513413002152756,25 to 29 years
3885,8489,0.8105242857142843,0.4852428571428571,0.513413002152756,25 to 29 years
3886,6824,0.8105242857142843,0.4852428571428571,0.513413002152756,25 to 29 years
3887,5993,0.8105242857142843,0.4852428571428571,0.513413002152756,25 to 29 years
3888,6046,0.8105242857142843,0.4852428571428571,0.513413002152756,25 to 29 years
3889,8045,0.8105242857142843,0.4852428571428571,0.513413002152756,25 to 29 years
3890,1543,0.8105242857142843,0.4852428571428571,0.513413002152756,25 to 29 years
3891,5155,0.8105242857142843,0.4852428571428571,0.513413002152756,25 to 29 years
3892,1451,0.8105242857142843,0.4852428571428571,0.513413002152756,25 to 29 years
3893,4423,0.8105242857142843,0.4852428571428571,0.513413002152756,25 to 29 years
3894,7779,0.8105242857142843,0.4852428571428571,0.513413002152756,25 to 29 years
3895,8527,0.8105242857142843,0.4852428571428571,0.513413002152756,25 to 29 years
3896,6723,0.8105242857142843,0.4852428571428571,0.513413002152756,25 to 29 years
3897,1920,0.8105242857142843,0.4852428571428571,0.513413002152756,25 to 29 years
3898,834,0.8105242857142843,0.4852428571428571,0.513413002152756,25 to 29 years
3899,2309,0.8105242857142843,0.4852428571428571,0.513413002152756,25 to 29 years
3900,467,0.8105242857142843,0.4852428571428571,0.513413002152756,25 to 29 years
3901,5682,0.8105242857142843,0.4852428571428571,0.513413002152756,25 to 29 years
3902,550,0.8105242857142843,0.4852428571428571,0.513413002152756,25 to 29 years
3903,7687,0.8105242857142843,0.4852428571428571,0.513413002152756,25 to 29 years
3904,3208,0.8105242857142843,0.4852428571428571,0.513413002152756,25 to 29 years
3905,3676,0.8105242857142843,0.4852428571428571,0.513413002152756,25 to 29 years
3906,2035,0.8105242857142843,0.4852428571428571,0.513413002152756,25 to 29 years
3907,8643,0.8105242857142843,0.4852428571428571,0.513413002152756,25 to 29 years
3908,3137,0.8105242857142843,0.4852428571428571,0.513413002152756,25 to 29 years
3909,6312,0.8105242857142843,0.4852428571428571,0.513413002152756,25 to 29 years
3910,9961,0.8105242857142843,0.4852428571428571,0.513413002152756,25 to 29 years
3911,670,0.8105242857142843,0.4852428571428571,0.513413002152756,25 to 29 years
3912,6913,0.8105242857142843,0.4852428571428571,0.513413002152756,25 to 29 years
3913,3123,0.8105242857142843,0.4852428571428571,0.513413002152756,25 to 29 years
3914,7559,0.8105242857142843,0.4852428571428571,0.513413002152756,25 to 29 years
3915,7656,0.8105242857142843,0.4852428571428571,0.513413002152756,25 to 29 years
3916,4954,0.8105242857142843,0.4852428571428571,0.513413002152756,25 to 29 years
3917,1834,0.8105242857142843,0.4852428571428571,0.513413002152756,25 to 29 years
3918,8536,0.8105242857142843,0.4852428571428571,0.513413002152756,25 to 29 years
3919,3436,0.8105242857142843,0.4852428571428571,0.513413002152756,25 to 29 years
3920,930,0.8105242857142843,0.4852428571428571,0.513413002152756,25 to 29 years
3921,6818,0.8105242857142843,0.4852428571428571,0.513413002152756,25 to 29 years
3922,5621,0.8105242857142843,0.4852428571428571,0.513413002152756,25 to 29 years
3923,4396,0.8105242857142843,0.4852428571428571,0.513413002152756,25 to 29 years
3924,8676,0.8105242857142843,0.4852428571428571,0.513413002152756,25 to 29 years
3925,821,0.8105242857142843,0.4852428571428571,0.513413002152756,25 to 29 years
3926,2515,0.8105242857142843,0.4852428571428571,0.513413002152756,25 to 29 years
3927,7114,0.8105242857142843,0.4852428571428571,0.513413002152756,25 to 29 years
3928,2151,0.8105242857142843,0.4852428571428571,0.513413002152756,25 to 29 years
3929,2489,0.8105242857142843,0.4852428571428571,0.513413002152756,25 to 29 years
3930,5812,0.8105242857142843,0.4852428571428571,0.513413002152756,25 to 29 years
3931,8409,0.8105242857142843,0.4852428571428571,0.513413002152756,25 to 29 years
3932,8421,0.8105242857142843,0.4852428571428571,0.513413002152756,25 to 29 years
3933,6652,0.8105242857142843,0.4852428571428571,0.513413002152756,25 to 29 years
3934,2116,0.8105242857142843,0.4852428571428571,0.513413002152756,25 to 29 years
3935,5271,0.8105242857142843,0.4852428571428571,0.513413002152756,25 to 29 years
3936,4029,0.8105242857142843,0.4852428571428571,0.513413002152756,25 to 29 years
3937,4963,0.8105242857142843,0.4852428571428571,0.513413002152756,25 to 29 years
3938,9476,0.8105242857142843,0.4852428571428571,0.513413002152756,25 to 29 years
3939,7404,0.8105242857142843,0.4852428571428571,0.513413002152756,25 to 29 years
3940,3717,0.8105242857142843,0.4852428571428571,0.513413002152756,25 to 29 years
3941,5267,0.8105242857142843,0.4852428571428571,0.513413002152756,25 to 29 years
3942,7162,0.8105242857142843,0.4852428571428571,0.513413002152756,25 to 29 years
3943,7700,0.8105242857142843,0.4852428571428571,0.513413002152756,25 to 29 years
3944,788,0.8105242857142843,0.4852428571428571,0.513413002152756,25 to 29 years
3945,1654,0.8105242857142843,0.4852428571428571,0.513413002152756,25 to 29 years
3946,3669,0.8105242857142843,0.4852428571428571,0.513413002152756,25 to 29 years
3947,5995,0.8105242857142843,0.4852428571428571,0.513413002152756,25 to 29 years
3948,5615,0.8105242857142843,0.4852428571428571,0.513413002152756,25 to 29 years
3949,9541,0.8105242857142843,0.4852428571428571,0.513413002152756,25 to 29 years
3950,8124,0.8105242857142843,0.4852428571428571,0.513413002152756,25 to 29 years
3951,7706,0.8105242857142843,0.4852428571428571,0.513413002152756,25 to 29 years
3952,8261,0.8105242857142843,0.4852428571428571,0.513413002152756,25 to 29 years
3953,9500,0.8105242857142843,0.4852428571428571,0.513413002152756,25 to 29 years
3954,177,0.8105242857142843,0.4852428571428571,0.513413002152756,25 to 29 years
3955,3664,0.8105242857142843,0.4852428571428571,0.513413002152756,25 to 29 years
3956,9152,0.8105242857142843,0.4852428571428571,0.513413002152756,25 to 29 years
3957,3558,0.8105242857142843,0.4852428571428571,0.513413002152756,25 to 29 years
3958,891,0.8105242857142843,0.4852428571428571,0.513413002152756,25 to 29 years
3959,6580,0.8105242857142843,0.4852428571428571,0.513413002152756,25 to 29 years
3960,3886,0.8105242857142843,0.4852428571428571,0.513413002152756,25 to 29 years
3961,4207,0.8105242857142843,0.4852428571428571,0.513413002152756,25 to 29 years
3962,4245,0.8105242857142843,0.4852428571428571,0.513413002152756,25 to 29 years
3963,6408,0.8105242857142843,0.4852428571428571,0.513413002152756,25 to 29 years
3964,622,0.8105242857142843,0.4852428571428571,0.513413002152756,25 to 29 years
3965,5602,0.8105242857142843,0.4852428571428571,0.513413002152756,25 to 29 years
3966,4905,0.8105242857142843,0.4852428571428571,0.513413002152756,25 to 29 years
3967,2892,0.8105242857142843,0.4852428571428571,0.513413002152756,25 to 29 years
3968,2109,0.8105242857142843,0.4852428571428571,0.513413002152756,25 to 29 years
3969,8982,0.8105242857142843,0.4852428571428571,0.513413002152756,25 to 29 years
3970,7907,0.8105242857142843,0.4852428571428571,0.513413002152756,25 to 29 years
3971,1658,0.8105242857142843,0.4852428571428571,0.513413002152756,25 to 29 years
3972,8032,0.8105242857142843,0.4852428571428571,0.513413002152756,25 to 29 years
3973,672,0.8105242857142843,0.4852428571428571,0.513413002152756,25 to 29 years
3974,643,0.8105242857142843,0.4852428571428571,0.513413002152756,25 to 29 years
3975,5329,0.8105242857142843,0.4852428571428571,0.513413002152756,25 to 29 years
3976,8153,0.8105242857142843,0.4852428571428571,0.513413002152756,25 to 29 years
3977,5545,0.8105242857142843,0.4852428571428571,0.513413002152756,25 to 29 years
3978,9411,0.8105242857142843,0.4852428571428571,0.513413002152756,25 to 29 years
3979,4369,0.8105242857142843,0.4852428571428571,0.513413002152756,25 to 29 years
3980,9384,0.8105242857142843,0.4852428571428571,0.513413002152756,25 to 29 years
3981,6832,0.8105242857142843,0.4852428571428571,0.513413002152756,25 to 29 years
3982,704,0.8105242857142843,0.4852428571428571,0.513413002152756,25 to 29 years
3983,396,0.8105242857142843,0.4852428571428571,0.513413002152756,25 to 29 years
3984,4206,0.8105242857142843,0.4852428571428571,0.513413002152756,25 to 29 years
3985,6145,0.8105242857142843,0.4852428571428571,0.513413002152756,25 to 29 years
3986,6203,0.2578542370867275,0.4852428571428571,0.513413002152756,25 to 29 years
3987,6266,0.8105242857142843,0.4852428571428571,0.513413002152756,25 to 29 years
3988,4679,0.8105242857142843,0.4852428571428571,0.513413002152756,25 to 29 years
3989,6129,0.8105242857142843,0.4852428571428571,0.513413002152756,25 to 29 years
3990,4113,0.8105242857142843,0.4852428571428571,0.513413002152756,25 to 29 years
3991,4173,0.8105242857142843,0.4852428571428571,0.513413002152756,25 to 29 years
3992,8585,0.8105242857142843,0.4852428571428571,0.513413002152756,25 to 29 years
3993,64,0.8105242857142843,0.4852428571428571,0.513413002152756,25 to 29 years
3994,6549,0.8105242857142843,0.4852428571428571,0.513413002152756,25 to 29 years
3995,5003,0.8105242857142843,0.4852428571428571,0.513413002152756,25 to 29 years
3996,7121,0.8105242857142843,0.4852428571428571,0.513413002152756,25 to 29 years
3997,2643,0.8105242857142843,0.4852428571428571,0.513413002152756,25 to 29 years
3998,4482,0.8105242857142843,0.4852428571428571,0.513413002152756,25 to 29 years
3999,1930,0.8105242857142843,0.4852428571428571,0.513413002152756,25 to 29 years
4000,1866,0.8105242857142843,0.4852428571428571,0.513413002152756,25 to 29 years
4001,942,0.8105242857142843,0.4852428571428571,0.513413002152756,25 to 29 years
4002,4922,0.8105242857142843,0.4852428571428571,0.513413002152756,25 to 29 years
4003,1709,0.8105242857142843,0.4852428571428571,0.513413002152756,25 to 29 years
4004,8714,0.8105242857142843,0.4852428571428571,0.513413002152756,25 to 29 years
4005,9881,0.8105242857142843,0.4852428571428571,0.513413002152756,25 to 29 years
4006,5966,0.8105242857142843,0.4852428571428571,0.513413002152756,25 to 29 years
4007,5892,0.8105242857142843,0.4852428571428571,0.513413002152756,25 to 29 years
4008,4614,0.8105242857142843,0.4852428571428571,0.513413002152756,25 to 29 years
4009,9471,0.8105242857142843,0.4852428571428571,0.513413002152756,25 to 29 years
4010,5626,0.8105242857142843,0.4852428571428571,0.513413002152756,25 to 29 years
4011,8090,0.8105242857142843,0.4852428571428571,0.513413002152756,25 to 29 years
4012,5870,0.8105242857142843,0.4852428571428571,0.513413002152756,25 to 29 years
4013,7659,0.8105242857142843,0.4852428571428571,0.513413002152756,25 to 29 years
4014,8485,0.8105242857142843,0.4852428571428571,0.513413002152756,25 to 29 years
4015,7590,0.8105242857142843,0.4852428571428571,0.513413002152756,25 to 29 years
4016,7943,0.8105242857142843,0.4852428571428571,0.513413002152756,25 to 29 years
4017,5503,0.8105242857142843,0.4852428571428571,0.513413002152756,25 to 29 years
4018,9925,0.8105242857142843,0.4852428571428571,0.513413002152756,25 to 29 years
4019,7738,0.8105242857142843,0.4852428571428571,0.513413002152756,25 to 29 years
4020,6168,0.8105242857142843,0.4852428571428571,0.513413002152756,25 to 29 years
4021,9299,0.8105242857142843,0.4852428571428571,0.513413002152756,25 to 29 years
4022,5282,0.8105242857142843,0.4852428571428571,0.513413002152756,25 to 29 years
4023,7752,0.8105242857142843,0.4852428571428571,0.513413002152756,25 to 29 years
4024,3254,0.8105242857142843,0.4852428571428571,0.513413002152756,25 to 29 years
4025,6852,0.8105242857142843,0.4852428571428571,0.513413002152756,25 to 29 years
4026,191,0.8105242857142843,0.4852428571428571,0.513413002152756,25 to 29 years
4027,9811,0.8105242857142843,0.4852428571428571,0.513413002152756,25 to 29 years
4028,9694,0.8105242857142843,0.4852428571428571,0.513413002152756,25 to 29 years
4029,7664,0.8105242857142843,0.4852428571428571,0.513413002152756,25 to 29 years
4030,2808,0.8105242857142843,0.4852428571428571,0.513413002152756,25 to 29 years
4031,8477,0.8105242857142843,0.4852428571428571,0.513413002152756,25 to 29 years
4032,5823,0.8105242857142843,0.4852428571428571,0.513413002152756,25 to 29 years
4033,494,0.8105242857142843,0.4852428571428571,0.513413002152756,25 to 29 years
4034,5747,0.8105242857142843,0.4852428571428571,0.513413002152756,25 to 29 years
4035,4287,0.8105242857142843,0.4852428571428571,0.513413002152756,25 to 29 years
4036,7267,0.8105242857142843,0.4852428571428571,0.513413002152756,25 to 29 years
4037,1574,0.8105242857142843,0.4852428571428571,0.513413002152756,25 to 29 years
4038,6126,0.8105242857142843,0.4852428571428571,0.513413002152756,25 to 29 years
4039,723,0.8105242857142843,0.4852428571428571,0.513413002152756,25 to 29 years
4040,9985,0.8105242857142843,0.4852428571428571,0.513413002152756,25 to 29 years
4041,1728,0.8105242857142843,0.4852428571428571,0.513413002152756,25 to 29 years
4042,9872,0.47454508802445816,0.4852428571428571,0.513413002152756,25 to 29 years
4043,6255,0.8105242857142843,0.4852428571428571,0.513413002152756,25 to 29 years
4044,1045,0.8105242857142843,0.4852428571428571,0.513413002152756,25 to 29 years
4045,9654,0.8105242857142843,0.4852428571428571,0.513413002152756,25 to 29 years
4046,2898,0.8105242857142843,0.4852428571428571,0.513413002152756,25 to 29 years
4047,1631,0.8105242857142843,0.4852428571428571,0.513413002152756,25 to 29 years
4048,5799,0.8105242857142843,0.4852428571428571,0.513413002152756,25 to 29 years
4049,8698,0.8105242857142843,0.4852428571428571,0.513413002152756,25 to 29 years
4050,3345,0.8105242857142843,0.4852428571428571,0.513413002152756,25 to 29 years
4051,6088,0.8105242857142843,0.4852428571428571,0.513413002152756,25 to 29 years
4052,1132,0.8105242857142843,0.4852428571428571,0.513413002152756,25 to 29 years
4053,4371,0.8105242857142843,0.4852428571428571,0.513413002152756,25 to 29 years
4054,3045,0.8105242857142843,0.4852428571428571,0.513413002152756,25 to 29 years
4055,1482,0.8105242857142843,0.4852428571428571,0.513413002152756,25 to 29 years
4056,6188,0.8105242857142843,0.4852428571428571,0.513413002152756,25 to 29 years
4057,3651,0.8105242857142843,0.4852428571428571,0.513413002152756,25 to 29 years
4058,1345,0.8105242857142843,0.4852428571428571,0.513413002152756,25 to 29 years
4059,2574,0.8105242857142843,0.4852428571428571,0.513413002152756,25 to 29 years
4060,2905,0.8105242857142843,0.4852428571428571,0.513413002152756,25 to 29 years
4061,4551,0.8105242857142843,0.4852428571428571,0.513413002152756,25 to 29 years
4062,8576,0.8105242857142843,0.4852428571428571,0.513413002152756,25 to 29 years
4063,2226,0.8105242857142843,0.4852428571428571,0.513413002152756,25 to 29 years
4064,8272,0.8105242857142843,0.4852428571428571,0.513413002152756,25 to 29 years
4065,7152,0.8105242857142843,0.4852428571428571,0.513413002152756,25 to 29 years
4066,8186,0.8105242857142843,0.4852428571428571,0.513413002152756,25 to 29 years
4067,1077,0.8105242857142843,0.4852428571428571,0.513413002152756,25 to 29 years
4068,1330,0.8105242857142843,0.4852428571428571,0.513413002152756,25 to 29 years
4069,4194,0.8105242857142843,0.4852428571428571,0.513413002152756,25 to 29 years
4070,2842,0.8105242857142843,0.4852428571428571,0.513413002152756,25 to 29 years
4071,6728,0.8105242857142843,0.4852428571428571,0.513413002152756,25 to 29 years
4072,5839,0.8105242857142843,0.4852428571428571,0.513413002152756,25 to 29 years
4073,8420,0.8105242857142843,0.4852428571428571,0.513413002152756,25 to 29 years
4074,8805,0.8105242857142843,0.4852428571428571,0.513413002152756,25 to 29 years
4075,6912,0.8105242857142843,0.4852428571428571,0.513413002152756,25 to 29 years
4076,3772,0.8105242857142843,0.4852428571428571,0.513413002152756,25 to 29 years
4077,6611,0.8105242857142843,0.4852428571428571,0.513413002152756,25 to 29 years
4078,1810,0.8105242857142843,0.4852428571428571,0.513413002152756,25 to 29 years
4079,898,0.8105242857142843,0.4852428571428571,0.513413002152756,25 to 29 years
4080,2680,0.8105242857142843,0.4852428571428571,0.513413002152756,25 to 29 years
4081,3776,0.8105242857142843,0.4852428571428571,0.513413002152756,25 to 29 years
4082,2231,0.8105242857142843,0.4852428571428571,0.513413002152756,25 to 29 years
4083,6941,0.8105242857142843,0.4852428571428571,0.513413002152756,25 to 29 years
4084,2661,0.8105242857142843,0.4852428571428571,0.513413002152756,25 to 29 years
4085,2937,0.8105242857142843,0.4852428571428571,0.513413002152756,25 to 29 years
4086,5089,0.8105242857142843,0.4852428571428571,0.513413002152756,25 to 29 years
4087,5144,0.8105242857142843,0.4852428571428571,0.513413002152756,25 to 29 years
4088,3961,0.8105242857142843,0.4852428571428571,0.513413002152756,25 to 29 years
4089,3761,0.8105242857142843,0.4852428571428571,0.513413002152756,25 to 29 years
4090,7193,0.8105242857142843,0.4852428571428571,0.513413002152756,25 to 29 years
4091,8953,0.8105242857142843,0.4852428571428571,0.513413002152756,25 to 29 years
4092,5340,0.8105242857142843,0.4852428571428571,0.513413002152756,25 to 29 years
4093,1855,0.8105242857142843,0.4852428571428571,0.513413002152756,25 to 29 years
4094,7106,0.8105242857142843,0.4852428571428571,0.513413002152756,25 to 29 years
4095,2017,0.8105242857142843,0.4852428571428571,0.513413002152756,25 to 29 years
4096,9870,0.8105242857142843,0.4852428571428571,0.513413002152756,25 to 29 years
4097,8968,0.8105242857142843,0.4852428571428571,0.513413002152756,25 to 29 years
4098,3678,0.8105242857142843,0.4852428571428571,0.513413002152756,25 to 29 years
4099,7324,0.8105242857142843,0.4852428571428571,0.513413002152756,25 to 29 years
4100,2577,0.8105242857142843,0.4852428571428571,0.513413002152756,25 to 29 years
4101,4516,0.8105242857142843,0.4852428571428571,0.513413002152756,25 to 29 years
4102,3384,0.8105242857142843,0.4852428571428571,0.513413002152756,25 to 29 years
4103,3818,0.8105242857142843,0.4852428571428571,0.513413002152756,25 to 29 years
4104,944,0.8105242857142843,0.4852428571428571,0.513413002152756,25 to 29 years
4105,702,0.8105242857142843,0.4852428571428571,0.513413002152756,25 to 29 years
4106,8881,0.8105242857142843,0.4852428571428571,0.513413002152756,25 to 29 years
4107,3628,0.8105242857142843,0.4852428571428571,0.513413002152756,25 to 29 years
4108,9161,0.8105242857142843,0.4852428571428571,0.513413002152756,25 to 29 years
4109,5786,0.8105242857142843,0.4852428571428571,0.513413002152756,25 to 29 years
4110,9783,0.8105242857142843,0.4852428571428571,0.513413002152756,25 to 29 years
4111,2953,0.8105242857142843,0.4852428571428571,0.513413002152756,25 to 29 years
4112,6082,0.8105242857142843,0.4852428571428571,0.513413002152756,25 to 29 years
4113,1607,0.8105242857142843,0.4852428571428571,0.513413002152756,25 to 29 years
4114,9542,0.8105242857142843,0.4852428571428571,0.513413002152756,25 to 29 years
4115,2356,0.8105242857142843,0.4852428571428571,0.513413002152756,25 to 29 years
4116,9710,0.8105242857142843,0.4852428571428571,0.513413002152756,25 to 29 years
4117,7846,0.8105242857142843,0.4852428571428571,0.513413002152756,25 to 29 years
4118,8942,0.8105242857142843,0.4852428571428571,0.513413002152756,25 to 29 years
4119,6692,0.8105242857142843,0.4852428571428571,0.513413002152756,25 to 29 years
4120,8745,0.8105242857142843,0.4852428571428571,0.513413002152756,25 to 29 years
4121,9595,0.8105242857142843,0.4852428571428571,0.513413002152756,25 to 29 years
4122,859,0.8105242857142843,0.4852428571428571,0.513413002152756,25 to 29 years
4123,7130,0.31385330351900087,0.4852428571428571,0.513413002152756,25 to 29 years
4124,7491,0.8105242857142843,0.4852428571428571,0.513413002152756,25 to 29 years
4125,8058,0.8105242857142843,0.4852428571428571,0.513413002152756,25 to 29 years
4126,9990,0.8105242857142843,0.4852428571428571,0.513413002152756,25 to 29 years
4127,2885,0.8105242857142843,0.4852428571428571,0.513413002152756,25 to 29 years
4128,4786,0.8105242857142843,0.4852428571428571,0.513413002152756,25 to 29 years
4129,1408,0.8105242857142843,0.4852428571428571,0.513413002152756,25 to 29 years
4130,5276,0.8105242857142843,0.4852428571428571,0.513413002152756,25 to 29 years
4131,6473,0.8105242857142843,0.4852428571428571,0.513413002152756,25 to 29 years
4132,3191,0.8105242857142843,0.4852428571428571,0.513413002152756,25 to 29 years
4133,5433,0.8105242857142843,0.4852428571428571,0.513413002152756,25 to 29 years
4134,4759,0.8105242857142843,0.4852428571428571,0.513413002152756,25 to 29 years
4135,9454,0.8105242857142843,0.4852428571428571,0.513413002152756,25 to 29 years
4136,1481,0.8105242857142843,0.4852428571428571,0.513413002152756,25 to 29 years
4137,5088,0.8105242857142843,0.4852428571428571,0.513413002152756,25 to 29 years
4138,301,0.8105242857142843,0.4852428571428571,0.513413002152756,25 to 29 years
4139,4594,0.8105242857142843,0.4852428571428571,0.513413002152756,25 to 29 years
4140,7770,0.8105242857142843,0.4852428571428571,0.513413002152756,25 to 29 years
4141,8352,0.8105242857142843,0.4852428571428571,0.513413002152756,25 to 29 years
4142,9817,0.8105242857142843,0.4852428571428571,0.513413002152756,25 to 29 years
4143,6592,0.8105242857142843,0.4852428571428571,0.513413002152756,25 to 29 years
4144,6997,0.8105242857142843,0.4852428571428571,0.513413002152756,25 to 29 years
4145,6450,0.8105242857142843,0.4852428571428571,0.513413002152756,25 to 29 years
4146,778,0.8105242857142843,0.4852428571428571,0.513413002152756,25 to 29 years
4147,9096,0.8105242857142843,0.4852428571428571,0.513413002152756,25 to 29 years
4148,5005,0.8105242857142843,0.4852428571428571,0.513413002152756,25 to 29 years
4149,5379,0.8105242857142843,0.4852428571428571,0.513413002152756,25 to 29 years
4150,5779,0.8105242857142843,0.4852428571428571,0.513413002152756,25 to 29 years
4151,9162,0.8105242857142843,0.4852428571428571,0.513413002152756,25 to 29 years
4152,1167,0.8105242857142843,0.4852428571428571,0.513413002152756,25 to 29 years
4153,5458,0.8105242857142843,0.4852428571428571,0.513413002152756,25 to 29 years
4154,560,0.8105242857142843,0.4852428571428571,0.513413002152756,25 to 29 years
4155,6768,0.8105242857142843,0.4852428571428571,0.513413002152756,25 to 29 years
4156,2756,0.8105242857142843,0.4852428571428571,0.513413002152756,25 to 29 years
4157,9233,0.8105242857142843,0.4852428571428571,0.513413002152756,25 to 29 years
4158,4388,0.8105242857142843,0.4852428571428571,0.513413002152756,25 to 29 years
4159,6457,0.8105242857142843,0.4852428571428571,0.513413002152756,25 to 29 years
4160,1084,0.8105242857142843,0.4852428571428571,0.513413002152756,25 to 29 years
4161,6599,0.8105242857142843,0.4852428571428571,0.513413002152756,25 to 29 years
4162,3520,0.8105242857142843,0.4852428571428571,0.513413002152756,25 to 29 years
4163,232,0.8105242857142843,0.4852428571428571,0.513413002152756,25 to 29 years
4164,2488,0.8105242857142843,0.4852428571428571,0.513413002152756,25 to 29 years
4165,5528,0.8105242857142843,0.4852428571428571,0.513413002152756,25 to 29 years
4166,4942,0.8105242857142843,0.4852428571428571,0.513413002152756,25 to 29 years
4167,8635,0.8105242857142843,0.4852428571428571,0.513413002152756,25 to 29 years
4168,1064,0.8105242857142843,0.4852428571428571,0.513413002152756,25 to 29 years
4169,4366,0.8105242857142843,0.4852428571428571,0.513413002152756,25 to 29 years
4170,4999,0.8105242857142843,0.4852428571428571,0.513413002152756,25 to 29 years
4171,9518,0.8105242857142843,0.4852428571428571,0.513413002152756,25 to 29 years
4172,172,0.8105242857142843,0.4852428571428571,0.513413002152756,25 to 29 years
4173,939,0.8105242857142843,0.4852428571428571,0.513413002152756,25 to 29 years
4174,2997,0.8105242857142843,0.4852428571428571,0.513413002152756,25 to 29 years
4175,8454,0.8105242857142843,0.4852428571428571,0.513413002152756,25 to 29 years
4176,6645,0.8105242857142843,0.4852428571428571,0.513413002152756,25 to 29 years
4177,2317,0.8105242857142843,0.4852428571428571,0.513413002152756,25 to 29 years
4178,5770,0.8105242857142843,0.4852428571428571,0.513413002152756,25 to 29 years
4179,1829,0.8105242857142843,0.4852428571428571,0.513413002152756,25 to 29 years
4180,3094,0.8105242857142843,0.4852428571428571,0.513413002152756,25 to 29 years
4181,1014,0.8105242857142843,0.4852428571428571,0.513413002152756,25 to 29 years
4182,8993,0.8105242857142843,0.4852428571428571,0.513413002152756,25 to 29 years
4183,1248,0.8105242857142843,0.4852428571428571,0.513413002152756,25 to 29 years
4184,9617,0.8105242857142843,0.4852428571428571,0.513413002152756,25 to 29 years
4185,5019,0.0,0.4852428571428571,0.513413002152756,25 to 29 years
4186,840,0.8105242857142843,0.4852428571428571,0.513413002152756,25 to 29 years
4187,8505,0.8105242857142843,0.4852428571428571,0.513413002152756,25 to 29 years
4188,581,0.8105242857142843,0.4852428571428571,0.513413002152756,25 to 29 years
4189,8857,0.8105242857142843,0.4852428571428571,0.513413002152756,25 to 29 years
4190,4927,0.8105242857142843,0.4852428571428571,0.513413002152756,25 to 29 years
4191,152,0.8105242857142843,0.4852428571428571,0.513413002152756,25 to 29 years
4192,3334,0.8105242857142843,0.4852428571428571,0.513413002152756,25 to 29 years
4193,6119,0.8105242857142843,0.4852428571428571,0.513413002152756,25 to 29 years
4194,5567,0.8105242857142843,0.4852428571428571,0.513413002152756,25 to 29 years
4195,7747,0.8105242857142843,0.4852428571428571,0.513413002152756,25 to 29 years
4196,408,0.8105242857142843,0.4852428571428571,0.513413002152756,25 to 29 years
4197,7596,0.8105242857142843,0.4852428571428571,0.513413002152756,25 to 29 years
4198,6671,0.8105242857142843,0.4852428571428571,0.513413002152756,25 to 29 years
4199,2670,0.8105242857142843,0.4852428571428571,0.513413002152756,25 to 29 years
4200,8649,0.8105242857142843,0.4852428571428571,0.513413002152756,25 to 29 years
4201,4515,0.8105242857142843,0.4852428571428571,0.513413002152756,25 to 29 years
4202,7143,0.8105242857142843,0.4852428571428571,0.513413002152756,25 to 29 years
4203,7643,0.8105242857142843,0.4852428571428571,0.513413002152756,25 to 29 years
4204,1984,0.8105242857142843,0.4852428571428571,0.513413002152756,25 to 29 years
4205,4429,0.8105242857142843,0.4852428571428571,0.513413002152756,25 to 29 years
4206,3857,0.8105242857142843,0.4852428571428571,0.513413002152756,25 to 29 years
4207,3442,0.8105242857142843,0.4852428571428571,0.513413002152756,25 to 29 years
4208,2157,0.787524285714284,0.4852428571428571,0.513413002152756,30 to 34 years
4209,8209,0.787524285714284,0.4852428571428571,0.513413002152756,30 to 34 years
4210,4993,0.787524285714284,0.4852428571428571,0.513413002152756,30 to 34 years
4211,8203,0.787524285714284,0.4852428571428571,0.513413002152756,30 to 34 years
4212,9368,0.787524285714284,0.4852428571428571,0.513413002152756,30 to 34 years
4213,179,0.787524285714284,0.4852428571428571,0.513413002152756,30 to 34 years
4214,8198,0.787524285714284,0.4852428571428571,0.513413002152756,30 to 34 years
4215,2491,0.787524285714284,0.4852428571428571,0.513413002152756,30 to 34 years
4216,1712,0.787524285714284,0.4852428571428571,0.513413002152756,30 to 34 years
4217,7782,0.787524285714284,0.4852428571428571,0.513413002152756,30 to 34 years
4218,5550,0.787524285714284,0.4852428571428571,0.513413002152756,30 to 34 years
4219,5986,0.787524285714284,0.4852428571428571,0.513413002152756,30 to 34 years
4220,442,0.787524285714284,0.4852428571428571,0.513413002152756,30 to 34 years
4221,2620,0.787524285714284,0.4852428571428571,0.513413002152756,30 to 34 years
4222,3621,0.787524285714284,0.4852428571428571,0.513413002152756,30 to 34 years
4223,7612,0.787524285714284,0.4852428571428571,0.513413002152756,30 to 34 years
4224,8469,0.787524285714284,0.4852428571428571,0.513413002152756,30 to 34 years
4225,4025,0.787524285714284,0.4852428571428571,0.513413002152756,30 to 34 years
4226,5376,0.787524285714284,0.4852428571428571,0.513413002152756,30 to 34 years
4227,6305,0.787524285714284,0.4852428571428571,0.513413002152756,30 to 34 years
4228,1871,0.787524285714284,0.4852428571428571,0.513413002152756,30 to 34 years
4229,931,0.787524285714284,0.4852428571428571,0.513413002152756,30 to 34 years
4230,6584,0.787524285714284,0.4852428571428571,0.513413002152756,30 to 34 years
4231,7262,0.787524285714284,0.4852428571428571,0.513413002152756,30 to 34 years
4232,7523,0.787524285714284,0.4852428571428571,0.513413002152756,30 to 34 years
4233,9909,0.787524285714284,0.4852428571428571,0.513413002152756,30 to 34 years
4234,4348,0.787524285714284,0.4852428571428571,0.513413002152756,30 to 34 years
4235,9389,0.787524285714284,0.4852428571428571,0.513413002152756,30 to 34 years
4236,4306,0.787524285714284,0.4852428571428571,0.513413002152756,30 to 34 years
4237,410,0.787524285714284,0.4852428571428571,0.513413002152756,30 to 34 years
4238,1678,0.787524285714284,0.4852428571428571,0.513413002152756,30 to 34 years
4239,752,0.787524285714284,0.4852428571428571,0.513413002152756,30 to 34 years
4240,3524,0.787524285714284,0.4852428571428571,0.513413002152756,30 to 34 years
4241,1236,0.787524285714284,0.4852428571428571,0.513413002152756,30 to 34 years
4242,4318,0.787524285714284,0.4852428571428571,0.513413002152756,30 to 34 years
4243,369,0.787524285714284,0.4852428571428571,0.513413002152756,30 to 34 years
4244,6289,0.787524285714284,0.4852428571428571,0.513413002152756,30 to 34 years
4245,2757,0.787524285714284,0.4852428571428571,0.513413002152756,30 to 34 years
4246,4552,0.787524285714284,0.4852428571428571,0.513413002152756,30 to 34 years
4247,6460,0.787524285714284,0.4852428571428571,0.513413002152756,30 to 34 years
4248,1732,0.787524285714284,0.4852428571428571,0.513413002152756,30 to 34 years
4249,9122,0.787524285714284,0.4852428571428571,0.513413002152756,30 to 34 years
4250,3826,0.787524285714284,0.4852428571428571,0.513413002152756,30 to 34 years
4251,7312,0.787524285714284,0.4852428571428571,0.513413002152756,30 to 34 years
4252,226,0.787524285714284,0.4852428571428571,0.513413002152756,30 to 34 years
4253,2254,0.787524285714284,0.4852428571428571,0.513413002152756,30 to 34 years
4254,3027,0.787524285714284,0.4852428571428571,0.513413002152756,30 to 34 years
4255,7278,0.787524285714284,0.4852428571428571,0.513413002152756,30 to 34 years
4256,9700,0.787524285714284,0.4852428571428571,0.513413002152756,30 to 34 years
4257,6115,0.787524285714284,0.4852428571428571,0.513413002152756,30 to 34 years
4258,4873,0.787524285714284,0.4852428571428571,0.513413002152756,30 to 34 years
4259,9704,0.787524285714284,0.4852428571428571,0.513413002152756,30 to 34 years
4260,7290,0.787524285714284,0.4852428571428571,0.513413002152756,30 to 34 years
4261,9017,0.787524285714284,0.4852428571428571,0.513413002152756,30 to 34 years
4262,9701,0.787524285714284,0.4852428571428571,0.513413002152756,30 to 34 years
4263,9692,0.787524285714284,0.4852428571428571,0.513413002152756,30 to 34 years
4264,9375,0.787524285714284,0.4852428571428571,0.513413002152756,30 to 34 years
4265,701,0.787524285714284,0.4852428571428571,0.513413002152756,30 to 34 years
4266,1662,0.787524285714284,0.4852428571428571,0.513413002152756,30 to 34 years
4267,943,0.787524285714284,0.4852428571428571,0.513413002152756,30 to 34 years
4268,1979,0.787524285714284,0.4852428571428571,0.513413002152756,30 to 34 years
4269,6010,0.787524285714284,0.4852428571428571,0.513413002152756,30 to 34 years
4270,1315,0.787524285714284,0.4852428571428571,0.513413002152756,30 to 34 years
4271,5132,0.787524285714284,0.4852428571428571,0.513413002152756,30 to 34 years
4272,3187,0.787524285714284,0.4852428571428571,0.513413002152756,30 to 34 years
4273,2750,0.787524285714284,0.4852428571428571,0.513413002152756,30 to 34 years
4274,1115,0.787524285714284,0.4852428571428571,0.513413002152756,30 to 34 years
4275,3281,0.787524285714284,0.4852428571428571,0.513413002152756,30 to 34 years
4276,4224,0.787524285714284,0.4852428571428571,0.513413002152756,30 to 34 years
4277,2295,0.787524285714284,0.4852428571428571,0.513413002152756,30 to 34 years
4278,6161,0.787524285714284,0.4852428571428571,0.513413002152756,30 to 34 years
4279,5143,0.787524285714284,0.4852428571428571,0.513413002152756,30 to 34 years
4280,7550,0.787524285714284,0.4852428571428571,0.513413002152756,30 to 34 years
4281,9309,0.787524285714284,0.4852428571428571,0.513413002152756,30 to 34 years
4282,5364,0.787524285714284,0.4852428571428571,0.513413002152756,30 to 34 years
4283,8381,0.787524285714284,0.4852428571428571,0.513413002152756,30 to 34 years
4284,4298,0.787524285714284,0.4852428571428571,0.513413002152756,30 to 34 years
4285,6141,0.787524285714284,0.4852428571428571,0.513413002152756,30 to 34 years
4286,7128,0.787524285714284,0.4852428571428571,0.513413002152756,30 to 34 years
4287,4245,0.787524285714284,0.4852428571428571,0.513413002152756,30 to 34 years
4288,4445,0.787524285714284,0.4852428571428571,0.513413002152756,30 to 34 years
4289,2650,0.787524285714284,0.4852428571428571,0.513413002152756,30 to 34 years
4290,6359,0.787524285714284,0.4852428571428571,0.513413002152756,30 to 34 years
4291,9302,0.787524285714284,0.4852428571428571,0.513413002152756,30 to 34 years
4292,9182,0.787524285714284,0.4852428571428571,0.513413002152756,30 to 34 years
4293,4962,0.787524285714284,0.4852428571428571,0.513413002152756,30 to 34 years
4294,9809,0.787524285714284,0.4852428571428571,0.513413002152756,30 to 34 years
4295,7111,0.787524285714284,0.4852428571428571,0.513413002152756,30 to 34 years
4296,6516,0.787524285714284,0.4852428571428571,0.513413002152756,30 to 34 years
4297,957,0.787524285714284,0.4852428571428571,0.513413002152756,30 to 34 years
4298,8734,0.787524285714284,0.4852428571428571,0.513413002152756,30 to 34 years
4299,7357,0.787524285714284,0.4852428571428571,0.513413002152756,30 to 34 years
4300,4210,0.787524285714284,0.4852428571428571,0.513413002152756,30 to 34 years
4301,7556,0.787524285714284,0.4852428571428571,0.513413002152756,30 to 34 years
4302,7345,0.787524285714284,0.4852428571428571,0.513413002152756,30 to 34 years
4303,6677,0.787524285714284,0.4852428571428571,0.513413002152756,30 to 34 years
4304,3487,0.787524285714284,0.4852428571428571,0.513413002152756,30 to 34 years
4305,5476,0.787524285714284,0.4852428571428571,0.513413002152756,30 to 34 years
4306,5395,0.31110006206484836,0.4852428571428571,0.513413002152756,30 to 34 years
4307,6111,0.787524285714284,0.4852428571428571,0.513413002152756,30 to 34 years
4308,6384,0.787524285714284,0.4852428571428571,0.513413002152756,30 to 34 years
4309,9661,0.787524285714284,0.4852428571428571,0.513413002152756,30 to 34 years
4310,4382,0.787524285714284,0.4852428571428571,0.513413002152756,30 to 34 years
4311,9688,0.787524285714284,0.4852428571428571,0.513413002152756,30 to 34 years
4312,1071,0.787524285714284,0.4852428571428571,0.513413002152756,30 to 34 years
4313,1661,0.787524285714284,0.4852428571428571,0.513413002152756,30 to 34 years
4314,9352,0.787524285714284,0.4852428571428571,0.513413002152756,30 to 34 years
4315,5704,0.787524285714284,0.4852428571428571,0.513413002152756,30 to 34 years
4316,1557,0.787524285714284,0.4852428571428571,0.513413002152756,30 to 34 years
4317,6314,0.787524285714284,0.4852428571428571,0.513413002152756,30 to 34 years
4318,8786,0.787524285714284,0.4852428571428571,0.513413002152756,30 to 34 years
4319,9335,0.787524285714284,0.4852428571428571,0.513413002152756,30 to 34 years
4320,8063,0.42674341428488344,0.4852428571428571,0.513413002152756,30 to 34 years
4321,3350,0.787524285714284,0.4852428571428571,0.513413002152756,30 to 34 years
4322,28,0.787524285714284,0.4852428571428571,0.513413002152756,30 to 34 years
4323,329,0.787524285714284,0.4852428571428571,0.513413002152756,30 to 34 years
4324,4979,0.787524285714284,0.4852428571428571,0.513413002152756,30 to 34 years
4325,2099,0.787524285714284,0.4852428571428571,0.513413002152756,30 to 34 years
4326,4400,0.787524285714284,0.4852428571428571,0.513413002152756,30 to 34 years
4327,9356,0.787524285714284,0.4852428571428571,0.513413002152756,30 to 34 years
4328,6032,0.787524285714284,0.4852428571428571,0.513413002152756,30 to 34 years
4329,3213,0.787524285714284,0.4852428571428571,0.513413002152756,30 to 34 years
4330,462,0.787524285714284,0.4852428571428571,0.513413002152756,30 to 34 years
4331,6981,0.787524285714284,0.4852428571428571,0.513413002152756,30 to 34 years
4332,2378,0.787524285714284,0.4852428571428571,0.513413002152756,30 to 34 years
4333,6691,0.787524285714284,0.4852428571428571,0.513413002152756,30 to 34 years
4334,4415,0.787524285714284,0.4852428571428571,0.513413002152756,30 to 34 years
4335,1526,0.787524285714284,0.4852428571428571,0.513413002152756,30 to 34 years
4336,8075,0.787524285714284,0.4852428571428571,0.513413002152756,30 to 34 years
4337,5955,0.787524285714284,0.4852428571428571,0.513413002152756,30 to 34 years
4338,393,0.787524285714284,0.4852428571428571,0.513413002152756,30 to 34 years
4339,9858,0.787524285714284,0.4852428571428571,0.513413002152756,30 to 34 years
4340,8478,0.787524285714284,0.4852428571428571,0.513413002152756,30 to 34 years
4341,208,0.787524285714284,0.4852428571428571,0.513413002152756,30 to 34 years
4342,2922,0.787524285714284,0.4852428571428571,0.513413002152756,30 to 34 years
4343,1431,0.787524285714284,0.4852428571428571,0.513413002152756,30 to 34 years
4344,151,0.787524285714284,0.4852428571428571,0.513413002152756,30 to 34 years
4345,9328,0.787524285714284,0.4852428571428571,0.513413002152756,30 to 34 years
4346,7269,0.787524285714284,0.4852428571428571,0.513413002152756,30 to 34 years
4347,7671,0.787524285714284,0.4852428571428571,0.513413002152756,30 to 34 years
4348,6871,0.787524285714284,0.4852428571428571,0.513413002152756,30 to 34 years
4349,8100,0.787524285714284,0.4852428571428571,0.513413002152756,30 to 34 years
4350,1084,0.787524285714284,0.4852428571428571,0.513413002152756,30 to 34 years
4351,6489,0.787524285714284,0.4852428571428571,0.513413002152756,30 to 34 years
4352,8592,0.787524285714284,0.4852428571428571,0.513413002152756,30 to 34 years
4353,3643,0.787524285714284,0.4852428571428571,0.513413002152756,30 to 34 years
4354,1167,0.787524285714284,0.4852428571428571,0.513413002152756,30 to 34 years
4355,5051,0.787524285714284,0.4852428571428571,0.513413002152756,30 to 34 years
4356,4916,0.787524285714284,0.4852428571428571,0.513413002152756,30 to 34 years
4357,485,0.787524285714284,0.4852428571428571,0.513413002152756,30 to 34 years
4358,8333,0.787524285714284,0.4852428571428571,0.513413002152756,30 to 34 years
4359,7788,0.787524285714284,0.4852428571428571,0.513413002152756,30 to 34 years
4360,5992,0.787524285714284,0.4852428571428571,0.513413002152756,30 to 34 years
4361,5645,0.787524285714284,0.4852428571428571,0.513413002152756,30 to 34 years
4362,3645,0.787524285714284,0.4852428571428571,0.513413002152756,30 to 34 years
4363,5227,0.787524285714284,0.4852428571428571,0.513413002152756,30 to 34 years
4364,9323,0.787524285714284,0.4852428571428571,0.513413002152756,30 to 34 years
4365,7659,0.787524285714284,0.4852428571428571,0.513413002152756,30 to 34 years
4366,3037,0.787524285714284,0.4852428571428571,0.513413002152756,30 to 34 years
4367,7077,0.787524285714284,0.4852428571428571,0.513413002152756,30 to 34 years
4368,7664,0.787524285714284,0.4852428571428571,0.513413002152756,30 to 34 years
4369,6216,0.787524285714284,0.4852428571428571,0.513413002152756,30 to 34 years
4370,4824,0.787524285714284,0.4852428571428571,0.513413002152756,30 to 34 years
4371,5071,0.787524285714284,0.4852428571428571,0.513413002152756,30 to 34 years
4372,312,0.787524285714284,0.4852428571428571,0.513413002152756,30 to 34 years
4373,1087,0.787524285714284,0.4852428571428571,0.513413002152756,30 to 34 years
4374,9403,0.787524285714284,0.4852428571428571,0.513413002152756,30 to 34 years
4375,5568,0.787524285714284,0.4852428571428571,0.513413002152756,30 to 34 years
4376,6191,0.787524285714284,0.4852428571428571,0.513413002152756,30 to 34 years
4377,4815,0.787524285714284,0.4852428571428571,0.513413002152756,30 to 34 years
4378,4512,0.787524285714284,0.4852428571428571,0.513413002152756,30 to 34 years
4379,2924,0.787524285714284,0.4852428571428571,0.513413002152756,30 to 34 years
4380,748,0.787524285714284,0.4852428571428571,0.513413002152756,30 to 34 years
4381,6751,0.787524285714284,0.4852428571428571,0.513413002152756,30 to 34 years
4382,8032,0.787524285714284,0.4852428571428571,0.513413002152756,30 to 34 years
4383,4989,0.787524285714284,0.4852428571428571,0.513413002152756,30 to 34 years
4384,321,0.787524285714284,0.4852428571428571,0.513413002152756,30 to 34 years
4385,7334,0.787524285714284,0.4852428571428571,0.513413002152756,30 to 34 years
4386,6832,0.787524285714284,0.4852428571428571,0.513413002152756,30 to 34 years
4387,2247,0.787524285714284,0.4852428571428571,0.513413002152756,30 to 34 years
4388,7389,0.787524285714284,0.4852428571428571,0.513413002152756,30 to 34 years
4389,8646,0.787524285714284,0.4852428571428571,0.513413002152756,30 to 34 years
4390,1940,0.787524285714284,0.4852428571428571,0.513413002152756,30 to 34 years
4391,5068,0.787524285714284,0.4852428571428571,0.513413002152756,30 to 34 years
4392,2928,0.787524285714284,0.4852428571428571,0.513413002152756,30 to 34 years
4393,7956,0.787524285714284,0.4852428571428571,0.513413002152756,30 to 34 years
4394,9501,0.787524285714284,0.4852428571428571,0.513413002152756,30 to 34 years
4395,7030,0.787524285714284,0.4852428571428571,0.513413002152756,30 to 34 years
4396,1163,0.787524285714284,0.4852428571428571,0.513413002152756,30 to 34 years
4397,1949,0.787524285714284,0.4852428571428571,0.513413002152756,30 to 34 years
4398,7364,0.787524285714284,0.4852428571428571,0.513413002152756,30 to 34 years
4399,779,0.787524285714284,0.4852428571428571,0.513413002152756,30 to 34 years
4400,8599,0.787524285714284,0.4852428571428571,0.513413002152756,30 to 34 years
4401,419,0.787524285714284,0.4852428571428571,0.513413002152756,30 to 34 years
4402,3583,0.787524285714284,0.4852428571428571,0.513413002152756,30 to 34 years
4403,1604,0.787524285714284,0.4852428571428571,0.513413002152756,30 to 34 years
4404,1275,0.787524285714284,0.4852428571428571,0.513413002152756,30 to 34 years
4405,2640,0.787524285714284,0.4852428571428571,0.513413002152756,30 to 34 years
4406,271,0.787524285714284,0.4852428571428571,0.513413002152756,30 to 34 years
4407,7465,0.787524285714284,0.4852428571428571,0.513413002152756,30 to 34 years
4408,9098,0.787524285714284,0.4852428571428571,0.513413002152756,30 to 34 years
4409,1232,0.787524285714284,0.4852428571428571,0.513413002152756,30 to 34 years
4410,879,0.787524285714284,0.4852428571428571,0.513413002152756,30 to 34 years
4411,6999,0.787524285714284,0.4852428571428571,0.513413002152756,30 to 34 years
4412,6794,0.787524285714284,0.4852428571428571,0.513413002152756,30 to 34 years
4413,7302,0.787524285714284,0.4852428571428571,0.513413002152756,30 to 34 years
4414,3328,0.787524285714284,0.4852428571428571,0.513413002152756,30 to 34 years
4415,663,0.787524285714284,0.4852428571428571,0.513413002152756,30 to 34 years
4416,3262,0.787524285714284,0.4852428571428571,0.513413002152756,30 to 34 years
4417,6561,0.787524285714284,0.4852428571428571,0.513413002152756,30 to 34 years
4418,1041,0.787524285714284,0.4852428571428571,0.513413002152756,30 to 34 years
4419,6299,0.787524285714284,0.4852428571428571,0.513413002152756,30 to 34 years
4420,3597,0.787524285714284,0.4852428571428571,0.513413002152756,30 to 34 years
4421,5152,0.787524285714284,0.4852428571428571,0.513413002152756,30 to 34 years
4422,3866,0.787524285714284,0.4852428571428571,0.513413002152756,30 to 34 years
4423,3437,0.787524285714284,0.4852428571428571,0.513413002152756,30 to 34 years
4424,1146,0.787524285714284,0.4852428571428571,0.513413002152756,30 to 34 years
4425,6235,0.787524285714284,0.4852428571428571,0.513413002152756,30 to 34 years
4426,7423,0.787524285714284,0.4852428571428571,0.513413002152756,30 to 34 years
4427,2715,0.787524285714284,0.4852428571428571,0.513413002152756,30 to 34 years
4428,6848,0.787524285714284,0.4852428571428571,0.513413002152756,30 to 34 years
4429,6250,0.787524285714284,0.4852428571428571,0.513413002152756,30 to 34 years
4430,6459,0.787524285714284,0.4852428571428571,0.513413002152756,30 to 34 years
4431,1103,0.787524285714284,0.4852428571428571,0.513413002152756,30 to 34 years
4432,1704,0.787524285714284,0.4852428571428571,0.513413002152756,30 to 34 years
4433,4263,0.787524285714284,0.4852428571428571,0.513413002152756,30 to 34 years
4434,6372,0.787524285714284,0.4852428571428571,0.513413002152756,30 to 34 years
4435,7660,0.787524285714284,0.4852428571428571,0.513413002152756,30 to 34 years
4436,4459,0.787524285714284,0.4852428571428571,0.513413002152756,30 to 34 years
4437,9176,0.787524285714284,0.4852428571428571,0.513413002152756,30 to 34 years
4438,722,0.787524285714284,0.4852428571428571,0.513413002152756,30 to 34 years
4439,8976,0.787524285714284,0.4852428571428571,0.513413002152756,30 to 34 years
4440,5570,0.787524285714284,0.4852428571428571,0.513413002152756,30 to 34 years
4441,6737,0.787524285714284,0.4852428571428571,0.513413002152756,30 to 34 years
4442,5525,0.787524285714284,0.4852428571428571,0.513413002152756,30 to 34 years
4443,8374,0.787524285714284,0.4852428571428571,0.513413002152756,30 to 34 years
4444,79,0.787524285714284,0.4852428571428571,0.513413002152756,30 to 34 years
4445,9706,0.787524285714284,0.4852428571428571,0.513413002152756,30 to 34 years
4446,8819,0.787524285714284,0.4852428571428571,0.513413002152756,30 to 34 years
4447,4624,0.787524285714284,0.4852428571428571,0.513413002152756,30 to 34 years
4448,1959,0.787524285714284,0.4852428571428571,0.513413002152756,30 to 34 years
4449,4126,0.787524285714284,0.4852428571428571,0.513413002152756,30 to 34 years
4450,8623,0.787524285714284,0.4852428571428571,0.513413002152756,30 to 34 years
4451,5495,0.787524285714284,0.4852428571428571,0.513413002152756,30 to 34 years
4452,4393,0.617346350917893,0.4852428571428571,0.513413002152756,30 to 34 years
4453,7474,0.787524285714284,0.4852428571428571,0.513413002152756,30 to 34 years
4454,4182,0.787524285714284,0.4852428571428571,0.513413002152756,30 to 34 years
4455,4104,0.787524285714284,0.4852428571428571,0.513413002152756,30 to 34 years
4456,9503,0.787524285714284,0.4852428571428571,0.513413002152756,30 to 34 years
4457,7280,0.787524285714284,0.4852428571428571,0.513413002152756,30 to 34 years
4458,7471,0.787524285714284,0.4852428571428571,0.513413002152756,30 to 34 years
4459,8014,0.787524285714284,0.4852428571428571,0.513413002152756,30 to 34 years
4460,1088,0.787524285714284,0.4852428571428571,0.513413002152756,30 to 34 years
4461,5124,0.787524285714284,0.4852428571428571,0.513413002152756,30 to 34 years
4462,106,0.787524285714284,0.4852428571428571,0.513413002152756,30 to 34 years
4463,1754,0.787524285714284,0.4852428571428571,0.513413002152756,30 to 34 years
4464,9289,0.787524285714284,0.4852428571428571,0.513413002152756,30 to 34 years
4465,4007,0.787524285714284,0.4852428571428571,0.513413002152756,30 to 34 years
4466,2260,0.787524285714284,0.4852428571428571,0.513413002152756,30 to 34 years
4467,4586,0.787524285714284,0.4852428571428571,0.513413002152756,30 to 34 years
4468,3550,0.787524285714284,0.4852428571428571,0.513413002152756,30 to 34 years
4469,1841,0.787524285714284,0.4852428571428571,0.513413002152756,30 to 34 years
4470,3210,0.787524285714284,0.4852428571428571,0.513413002152756,30 to 34 years
4471,5279,0.787524285714284,0.4852428571428571,0.513413002152756,30 to 34 years
4472,9260,0.787524285714284,0.4852428571428571,0.513413002152756,30 to 34 years
4473,3355,0.787524285714284,0.4852428571428571,0.513413002152756,30 to 34 years
4474,2451,0.787524285714284,0.4852428571428571,0.513413002152756,30 to 34 years
4475,5603,0.787524285714284,0.4852428571428571,0.513413002152756,30 to 34 years
4476,8277,0.787524285714284,0.4852428571428571,0.513413002152756,30 to 34 years
4477,357,0.787524285714284,0.4852428571428571,0.513413002152756,30 to 34 years
4478,5462,0.787524285714284,0.4852428571428571,0.513413002152756,30 to 34 years
4479,4986,0.787524285714284,0.4852428571428571,0.513413002152756,30 to 34 years
4480,220,0.787524285714284,0.4852428571428571,0.513413002152756,30 to 34 years
4481,2604,0.787524285714284,0.4852428571428571,0.513413002152756,30 to 34 years
4482,3543,0.787524285714284,0.4852428571428571,0.513413002152756,30 to 34 years
4483,1769,0.787524285714284,0.4852428571428571,0.513413002152756,30 to 34 years
4484,9662,0.787524285714284,0.4852428571428571,0.513413002152756,30 to 34 years
4485,6672,0.787524285714284,0.4852428571428571,0.513413002152756,30 to 34 years
4486,2580,0.35620301576108454,0.4852428571428571,0.513413002152756,30 to 34 years
4487,1176,0.787524285714284,0.4852428571428571,0.513413002152756,30 to 34 years
4488,7609,0.787524285714284,0.4852428571428571,0.513413002152756,30 to 34 years
4489,506,0.787524285714284,0.4852428571428571,0.513413002152756,30 to 34 years
4490,4744,0.787524285714284,0.4852428571428571,0.513413002152756,30 to 34 years
4491,2523,0.787524285714284,0.4852428571428571,0.513413002152756,30 to 34 years
4492,3030,0.787524285714284,0.4852428571428571,0.513413002152756,30 to 34 years
4493,3370,0.3881387219410229,0.4852428571428571,0.513413002152756,30 to 34 years
4494,2766,0.787524285714284,0.4852428571428571,0.513413002152756,30 to 34 years
4495,4155,0.787524285714284,0.4852428571428571,0.513413002152756,30 to 34 years
4496,2521,0.787524285714284,0.4852428571428571,0.513413002152756,30 to 34 years
4497,6072,0.787524285714284,0.4852428571428571,0.513413002152756,30 to 34 years
4498,1091,0.787524285714284,0.4852428571428571,0.513413002152756,30 to 34 years
4499,1403,0.787524285714284,0.4852428571428571,0.513413002152756,30 to 34 years
4500,7622,0.787524285714284,0.4852428571428571,0.513413002152756,30 to 34 years
4501,9286,0.787524285714284,0.4852428571428571,0.513413002152756,30 to 34 years
4502,370,0.787524285714284,0.4852428571428571,0.513413002152756,30 to 34 years
4503,6600,0.787524285714284,0.4852428571428571,0.513413002152756,30 to 34 years
4504,1438,0.787524285714284,0.4852428571428571,0.513413002152756,30 to 34 years
4505,3811,0.787524285714284,0.4852428571428571,0.513413002152756,30 to 34 years
4506,3505,0.787524285714284,0.4852428571428571,0.513413002152756,30 to 34 years
4507,8961,0.787524285714284,0.4852428571428571,0.513413002152756,30 to 34 years
4508,9527,0.787524285714284,0.4852428571428571,0.513413002152756,30 to 34 years
4509,9402,0.787524285714284,0.4852428571428571,0.513413002152756,30 to 34 years
4510,3509,0.787524285714284,0.4852428571428571,0.513413002152756,30 to 34 years
4511,1681,0.787524285714284,0.4852428571428571,0.513413002152756,30 to 34 years
4512,6518,0.787524285714284,0.4852428571428571,0.513413002152756,30 to 34 years
4513,5757,0.787524285714284,0.4852428571428571,0.513413002152756,30 to 34 years
4514,3841,0.787524285714284,0.4852428571428571,0.513413002152756,30 to 34 years
4515,7438,0.3159249897154168,0.4852428571428571,0.513413002152756,30 to 34 years
4516,9813,0.787524285714284,0.4852428571428571,0.513413002152756,30 to 34 years
4517,3065,0.787524285714284,0.4852428571428571,0.513413002152756,30 to 34 years
4518,6889,0.787524285714284,0.4852428571428571,0.513413002152756,30 to 34 years
4519,6915,0.787524285714284,0.4852428571428571,0.513413002152756,30 to 34 years
4520,1972,0.787524285714284,0.4852428571428571,0.513413002152756,30 to 34 years
4521,5691,0.787524285714284,0.4852428571428571,0.513413002152756,30 to 34 years
4522,3166,0.787524285714284,0.4852428571428571,0.513413002152756,30 to 34 years
4523,6557,0.6339518049950631,0.4852428571428571,0.513413002152756,30 to 34 years
4524,1497,0.787524285714284,0.4852428571428571,0.513413002152756,30 to 34 years
4525,7494,0.787524285714284,0.4852428571428571,0.513413002152756,30 to 34 years
4526,181,0.787524285714284,0.4852428571428571,0.513413002152756,30 to 34 years
4527,1932,0.787524285714284,0.4852428571428571,0.513413002152756,30 to 34 years
4528,6716,0.787524285714284,0.4852428571428571,0.513413002152756,30 to 34 years
4529,5232,0.787524285714284,0.4852428571428571,0.513413002152756,30 to 34 years
4530,2948,0.787524285714284,0.4852428571428571,0.513413002152756,30 to 34 years
4531,8470,0.787524285714284,0.4852428571428571,0.513413002152756,30 to 34 years
4532,6976,0.787524285714284,0.4852428571428571,0.513413002152756,30 to 34 years
4533,9414,0.787524285714284,0.4852428571428571,0.513413002152756,30 to 34 years
4534,1939,0.787524285714284,0.4852428571428571,0.513413002152756,30 to 34 years
4535,1873,0.787524285714284,0.4852428571428571,0.513413002152756,30 to 34 years
4536,3273,0.787524285714284,0.4852428571428571,0.513413002152756,30 to 34 years
4537,9614,0.787524285714284,0.4852428571428571,0.513413002152756,30 to 34 years
4538,4047,0.787524285714284,0.4852428571428571,0.513413002152756,30 to 34 years
4539,7960,0.787524285714284,0.4852428571428571,0.513413002152756,30 to 34 years
4540,2193,0.787524285714284,0.4852428571428571,0.513413002152756,30 to 34 years
4541,2329,0.787524285714284,0.4852428571428571,0.513413002152756,30 to 34 years
4542,1968,0.787524285714284,0.4852428571428571,0.513413002152756,30 to 34 years
4543,6896,0.787524285714284,0.4852428571428571,0.513413002152756,30 to 34 years
4544,8429,0.787524285714284,0.4852428571428571,0.513413002152756,30 to 34 years
4545,7864,0.787524285714284,0.4852428571428571,0.513413002152756,30 to 34 years
4546,6567,0.787524285714284,0.4852428571428571,0.513413002152756,30 to 34 years
4547,3654,0.787524285714284,0.4852428571428571,0.513413002152756,30 to 34 years
4548,1832,0.787524285714284,0.4852428571428571,0.513413002152756,30 to 34 years
4549,6997,0.787524285714284,0.4852428571428571,0.513413002152756,30 to 34 years
4550,5471,0.787524285714284,0.4852428571428571,0.513413002152756,30 to 34 years
4551,1183,0.787524285714284,0.4852428571428571,0.513413002152756,30 to 34 years
4552,5167,0.787524285714284,0.4852428571428571,0.513413002152756,30 to 34 years
4553,8679,0.787524285714284,0.4852428571428571,0.513413002152756,30 to 34 years
4554,7818,0.787524285714284,0.4852428571428571,0.513413002152756,30 to 34 years
4555,165,0.787524285714284,0.4852428571428571,0.513413002152756,30 to 34 years
4556,8188,0.787524285714284,0.4852428571428571,0.513413002152756,30 to 34 years
4557,3340,0.787524285714284,0.4852428571428571,0.513413002152756,30 to 34 years
4558,1726,0.787524285714284,0.4852428571428571,0.513413002152756,30 to 34 years
4559,3380,0.787524285714284,0.4852428571428571,0.513413002152756,30 to 34 years
4560,2819,0.787524285714284,0.4852428571428571,0.513413002152756,30 to 34 years
4561,5738,0.787524285714284,0.4852428571428571,0.513413002152756,30 to 34 years
4562,3780,0.787524285714284,0.4852428571428571,0.513413002152756,30 to 34 years
4563,6675,-0.09468594991097391,0.4852428571428571,0.513413002152756,30 to 34 years
4564,5962,0.787524285714284,0.4852428571428571,0.513413002152756,30 to 34 years
4565,105,0.787524285714284,0.4852428571428571,0.513413002152756,30 to 34 years
4566,7308,0.787524285714284,0.4852428571428571,0.513413002152756,30 to 34 years
4567,3128,0.787524285714284,0.4852428571428571,0.513413002152756,30 to 34 years
4568,9594,0.787524285714284,0.4852428571428571,0.513413002152756,30 to 34 years
4569,3999,0.787524285714284,0.4852428571428571,0.513413002152756,30 to 34 years
4570,8433,0.787524285714284,0.4852428571428571,0.513413002152756,30 to 34 years
4571,2646,0.787524285714284,0.4852428571428571,0.513413002152756,30 to 34 years
4572,7784,0.787524285714284,0.4852428571428571,0.513413002152756,30 to 34 years
4573,9225,0.787524285714284,0.4852428571428571,0.513413002152756,30 to 34 years
4574,1664,0.787524285714284,0.4852428571428571,0.513413002152756,30 to 34 years
4575,2733,0.787524285714284,0.4852428571428571,0.513413002152756,30 to 34 years
4576,5377,0.787524285714284,0.4852428571428571,0.513413002152756,30 to 34 years
4577,2906,0.787524285714284,0.4852428571428571,0.513413002152756,30 to 34 years
4578,186,0.787524285714284,0.4852428571428571,0.513413002152756,30 to 34 years
4579,3409,0.787524285714284,0.4852428571428571,0.513413002152756,30 to 34 years
4580,4906,0.787524285714284,0.4852428571428571,0.513413002152756,30 to 34 years
4581,7076,0.787524285714284,0.4852428571428571,0.513413002152756,30 to 34 years
4582,4349,0.787524285714284,0.4852428571428571,0.513413002152756,30 to 34 years
4583,9818,0.787524285714284,0.4852428571428571,0.513413002152756,30 to 34 years
4584,5579,0.787524285714284,0.4852428571428571,0.513413002152756,30 to 34 years
4585,1645,0.787524285714284,0.4852428571428571,0.513413002152756,30 to 34 years
4586,8324,0.787524285714284,0.4852428571428571,0.513413002152756,30 to 34 years
4587,824,0.787524285714284,0.4852428571428571,0.513413002152756,30 to 34 years
4588,1951,0.787524285714284,0.4852428571428571,0.513413002152756,30 to 34 years
4589,6644,0.787524285714284,0.4852428571428571,0.513413002152756,30 to 34 years
4590,5753,0.787524285714284,0.4852428571428571,0.513413002152756,30 to 34 years
4591,7584,0.787524285714284,0.4852428571428571,0.513413002152756,30 to 34 years
4592,2763,0.787524285714284,0.4852428571428571,0.513413002152756,30 to 34 years
4593,7783,0.787524285714284,0.4852428571428571,0.513413002152756,30 to 34 years
4594,3720,0.787524285714284,0.4852428571428571,0.513413002152756,30 to 34 years
4595,6125,0.787524285714284,0.4852428571428571,0.513413002152756,30 to 34 years
4596,3786,0.787524285714284,0.4852428571428571,0.513413002152756,30 to 34 years
4597,1234,0.787524285714284,0.4852428571428571,0.513413002152756,30 to 34 years
4598,3641,0.787524285714284,0.4852428571428571,0.513413002152756,30 to 34 years
4599,3633,0.787524285714284,0.4852428571428571,0.513413002152756,30 to 34 years
4600,1039,0.787524285714284,0.4852428571428571,0.513413002152756,30 to 34 years
4601,518,0.787524285714284,0.4852428571428571,0.513413002152756,30 to 34 years
4602,8106,0.787524285714284,0.4852428571428571,0.513413002152756,30 to 34 years
4603,2068,0.787524285714284,0.4852428571428571,0.513413002152756,30 to 34 years
4604,6048,0.787524285714284,0.4852428571428571,0.513413002152756,30 to 34 years
4605,9014,0.787524285714284,0.4852428571428571,0.513413002152756,30 to 34 years
4606,9293,0.787524285714284,0.4852428571428571,0.513413002152756,30 to 34 years
4607,9301,0.787524285714284,0.4852428571428571,0.513413002152756,30 to 34 years
4608,5190,0.787524285714284,0.4852428571428571,0.513413002152756,30 to 34 years
4609,1446,0.787524285714284,0.4852428571428571,0.513413002152756,30 to 34 years
4610,6129,0.787524285714284,0.4852428571428571,0.513413002152756,30 to 34 years
4611,4837,0.787524285714284,0.4852428571428571,0.513413002152756,30 to 34 years
4612,6053,0.787524285714284,0.4852428571428571,0.513413002152756,30 to 34 years
4613,5781,0.787524285714284,0.4852428571428571,0.513413002152756,30 to 34 years
4614,6908,0.787524285714284,0.4852428571428571,0.513413002152756,30 to 34 years
4615,2623,0.787524285714284,0.4852428571428571,0.513413002152756,30 to 34 years
4616,1665,0.787524285714284,0.4852428571428571,0.513413002152756,30 to 34 years
4617,9232,0.787524285714284,0.4852428571428571,0.513413002152756,30 to 34 years
4618,4937,0.787524285714284,0.4852428571428571,0.513413002152756,30 to 34 years
4619,3937,0.787524285714284,0.4852428571428571,0.513413002152756,30 to 34 years
4620,7316,0.787524285714284,0.4852428571428571,0.513413002152756,30 to 34 years
4621,4753,0.787524285714284,0.4852428571428571,0.513413002152756,30 to 34 years
4622,5581,0.787524285714284,0.4852428571428571,0.513413002152756,30 to 34 years
4623,3235,0.787524285714284,0.4852428571428571,0.513413002152756,30 to 34 years
4624,9129,0.787524285714284,0.4852428571428571,0.513413002152756,30 to 34 years
4625,2647,0.787524285714284,0.4852428571428571,0.513413002152756,30 to 34 years
4626,8155,0.787524285714284,0.4852428571428571,0.513413002152756,30 to 34 years
4627,6345,0.787524285714284,0.4852428571428571,0.513413002152756,30 to 34 years
4628,1413,0.787524285714284,0.4852428571428571,0.513413002152756,30 to 34 years
4629,9445,0.787524285714284,0.4852428571428571,0.513413002152756,30 to 34 years
4630,8499,0.787524285714284,0.4852428571428571,0.513413002152756,30 to 34 years
4631,6592,0.787524285714284,0.4852428571428571,0.513413002152756,30 to 34 years
4632,9437,0.787524285714284,0.4852428571428571,0.513413002152756,30 to 34 years
4633,7444,0.2645457521484922,0.4852428571428571,0.513413002152756,30 to 34 years
4634,835,0.4016965390241612,0.4852428571428571,0.513413002152756,30 to 34 years
4635,9284,0.787524285714284,0.4852428571428571,0.513413002152756,30 to 34 years
4636,6618,0.787524285714284,0.4852428571428571,0.513413002152756,30 to 34 years
4637,7633,0.787524285714284,0.4852428571428571,0.513413002152756,30 to 34 years
4638,611,0.787524285714284,0.4852428571428571,0.513413002152756,30 to 34 years
4639,4417,0.787524285714284,0.4852428571428571,0.513413002152756,30 to 34 years
4640,2052,0.787524285714284,0.4852428571428571,0.513413002152756,30 to 34 years
4641,667,0.787524285714284,0.4852428571428571,0.513413002152756,30 to 34 years
4642,1714,0.787524285714284,0.4852428571428571,0.513413002152756,30 to 34 years
4643,1252,0.787524285714284,0.4852428571428571,0.513413002152756,30 to 34 years
4644,4907,0.787524285714284,0.4852428571428571,0.513413002152756,30 to 34 years
4645,2237,0.787524285714284,0.4852428571428571,0.513413002152756,30 to 34 years
4646,1196,0.787524285714284,0.4852428571428571,0.513413002152756,30 to 34 years
4647,454,0.787524285714284,0.4852428571428571,0.513413002152756,30 to 34 years
4648,3007,0.787524285714284,0.4852428571428571,0.513413002152756,30 to 34 years
4649,7537,0.787524285714284,0.4852428571428571,0.513413002152756,30 to 34 years
4650,4518,0.787524285714284,0.4852428571428571,0.513413002152756,30 to 34 years
4651,7019,0.787524285714284,0.4852428571428571,0.513413002152756,30 to 34 years
4652,890,0.787524285714284,0.4852428571428571,0.513413002152756,30 to 34 years
4653,5270,0.787524285714284,0.4852428571428571,0.513413002152756,30 to 34 years
4654,2778,0.787524285714284,0.4852428571428571,0.513413002152756,30 to 34 years
4655,3775,0.787524285714284,0.4852428571428571,0.513413002152756,30 to 34 years
4656,285,0.5830974021984474,0.4852428571428571,0.513413002152756,30 to 34 years
4657,7235,0.787524285714284,0.4852428571428571,0.513413002152756,30 to 34 years
4658,3623,0.787524285714284,0.4852428571428571,0.513413002152756,30 to 34 years
4659,1833,0.787524285714284,0.4852428571428571,0.513413002152756,30 to 34 years
4660,7295,0.787524285714284,0.4852428571428571,0.513413002152756,30 to 34 years
4661,8424,0.787524285714284,0.4852428571428571,0.513413002152756,30 to 34 years
4662,1776,0.787524285714284,0.4852428571428571,0.513413002152756,30 to 34 years
4663,5698,0.787524285714284,0.4852428571428571,0.513413002152756,30 to 34 years
4664,5536,0.787524285714284,0.4852428571428571,0.513413002152756,30 to 34 years
4665,1818,0.787524285714284,0.4852428571428571,0.513413002152756,30 to 34 years
4666,1366,0.787524285714284,0.4852428571428571,0.513413002152756,30 to 34 years
4667,4185,0.787524285714284,0.4852428571428571,0.513413002152756,30 to 34 years
4668,5306,0.787524285714284,0.4852428571428571,0.513413002152756,30 to 34 years
4669,729,0.787524285714284,0.4852428571428571,0.513413002152756,30 to 34 years
4670,5544,0.787524285714284,0.4852428571428571,0.513413002152756,30 to 34 years
4671,5449,0.787524285714284,0.4852428571428571,0.513413002152756,30 to 34 years
4672,251,0.787524285714284,0.4852428571428571,0.513413002152756,30 to 34 years
4673,7586,0.787524285714284,0.4852428571428571,0.513413002152756,30 to 34 years
4674,7220,0.787524285714284,0.4852428571428571,0.513413002152756,30 to 34 years
4675,5159,0.787524285714284,0.4852428571428571,0.513413002152756,30 to 34 years
4676,3138,0.787524285714284,0.4852428571428571,0.513413002152756,30 to 34 years
4677,4798,0.787524285714284,0.4852428571428571,0.513413002152756,30 to 34 years
4678,7626,0.787524285714284,0.4852428571428571,0.513413002152756,30 to 34 years
4679,6502,0.787524285714284,0.4852428571428571,0.513413002152756,30 to 34 years
4680,2949,0.787524285714284,0.4852428571428571,0.513413002152756,30 to 34 years
4681,8901,0.787524285714284,0.4852428571428571,0.513413002152756,30 to 34 years
4682,3830,0.787524285714284,0.4852428571428571,0.513413002152756,30 to 34 years
4683,4736,0.787524285714284,0.4852428571428571,0.513413002152756,30 to 34 years
4684,8164,0.787524285714284,0.4852428571428571,0.513413002152756,30 to 34 years
4685,421,0.787524285714284,0.4852428571428571,0.513413002152756,30 to 34 years
4686,3625,0.787524285714284,0.4852428571428571,0.513413002152756,30 to 34 years
4687,3206,0.787524285714284,0.4852428571428571,0.513413002152756,30 to 34 years
4688,6694,0.787524285714284,0.4852428571428571,0.513413002152756,30 to 34 years
4689,8340,0.787524285714284,0.4852428571428571,0.513413002152756,30 to 34 years
4690,258,0.787524285714284,0.4852428571428571,0.513413002152756,30 to 34 years
4691,5713,0.787524285714284,0.4852428571428571,0.513413002152756,30 to 34 years
4692,8196,0.787524285714284,0.4852428571428571,0.513413002152756,30 to 34 years
4693,2768,0.787524285714284,0.4852428571428571,0.513413002152756,30 to 34 years
4694,9847,0.787524285714284,0.4852428571428571,0.513413002152756,30 to 34 years
4695,1068,0.787524285714284,0.4852428571428571,0.513413002152756,30 to 34 years
4696,3788,0.787524285714284,0.4852428571428571,0.513413002152756,30 to 34 years
4697,7833,0.787524285714284,0.4852428571428571,0.513413002152756,30 to 34 years
4698,76,0.787524285714284,0.4852428571428571,0.513413002152756,30 to 34 years
4699,9166,0.787524285714284,0.4852428571428571,0.513413002152756,30 to 34 years
4700,3939,0.787524285714284,0.4852428571428571,0.513413002152756,30 to 34 years
4701,1159,0.787524285714284,0.4852428571428571,0.513413002152756,30 to 34 years
4702,8158,0.787524285714284,0.4852428571428571,0.513413002152756,30 to 34 years
4703,6858,0.787524285714284,0.4852428571428571,0.513413002152756,30 to 34 years
4704,9640,0.787524285714284,0.4852428571428571,0.513413002152756,30 to 34 years
4705,4724,0.787524285714284,0.4852428571428571,0.513413002152756,30 to 34 years
4706,6673,0.787524285714284,0.4852428571428571,0.513413002152756,30 to 34 years
4707,3360,0.787524285714284,0.4852428571428571,0.513413002152756,30 to 34 years
4708,7151,0.787524285714284,0.4852428571428571,0.513413002152756,30 to 34 years
4709,5636,0.787524285714284,0.4852428571428571,0.513413002152756,30 to 34 years
4710,1713,0.787524285714284,0.4852428571428571,0.513413002152756,30 to 34 years
4711,8253,0.787524285714284,0.4852428571428571,0.513413002152756,30 to 34 years
4712,1535,0.787524285714284,0.4852428571428571,0.513413002152756,30 to 34 years
4713,7886,0.787524285714284,0.4852428571428571,0.513413002152756,30 to 34 years
4714,3551,0.787524285714284,0.4852428571428571,0.513413002152756,30 to 34 years
4715,6959,0.787524285714284,0.4852428571428571,0.513413002152756,30 to 34 years
4716,9534,0.787524285714284,0.4852428571428571,0.513413002152756,30 to 34 years
4717,547,0.787524285714284,0.4852428571428571,0.513413002152756,30 to 34 years
4718,1842,0.787524285714284,0.4852428571428571,0.513413002152756,30 to 34 years
4719,2937,0.787524285714284,0.4852428571428571,0.513413002152756,30 to 34 years
4720,9715,0.787524285714284,0.4852428571428571,0.513413002152756,30 to 34 years
4721,8004,0.787524285714284,0.4852428571428571,0.513413002152756,30 to 34 years
4722,5773,0.31419919036767713,0.4852428571428571,0.513413002152756,30 to 34 years
4723,7442,0.4700486917874244,0.4852428571428571,0.513413002152756,30 to 34 years
4724,725,0.787524285714284,0.4852428571428571,0.513413002152756,30 to 34 years
4725,4442,0.787524285714284,0.4852428571428571,0.513413002152756,30 to 34 years
4726,92,0.787524285714284,0.4852428571428571,0.513413002152756,30 to 34 years
4727,1984,0.787524285714284,0.4852428571428571,0.513413002152756,30 to 34 years
4728,9091,0.787524285714284,0.4852428571428571,0.513413002152756,30 to 34 years
4729,7117,0.787524285714284,0.4852428571428571,0.513413002152756,30 to 34 years
4730,1677,0.787524285714284,0.4852428571428571,0.513413002152756,30 to 34 years
4731,5658,0.787524285714284,0.4852428571428571,0.513413002152756,30 to 34 years
4732,8055,0.787524285714284,0.4852428571428571,0.513413002152756,30 to 34 years
4733,8139,0.787524285714284,0.4852428571428571,0.513413002152756,30 to 34 years
4734,4133,0.787524285714284,0.4852428571428571,0.513413002152756,30 to 34 years
4735,2838,0.787524285714284,0.4852428571428571,0.513413002152756,30 to 34 years
4736,5693,0.787524285714284,0.4852428571428571,0.513413002152756,30 to 34 years
4737,2012,0.787524285714284,0.4852428571428571,0.513413002152756,30 to 34 years
4738,8578,0.787524285714284,0.4852428571428571,0.513413002152756,30 to 34 years
4739,9330,0.787524285714284,0.4852428571428571,0.513413002152756,30 to 34 years
4740,898,0.787524285714284,0.4852428571428571,0.513413002152756,30 to 34 years
4741,6094,0.787524285714284,0.4852428571428571,0.513413002152756,30 to 34 years
4742,3130,0.787524285714284,0.4852428571428571,0.513413002152756,30 to 34 years
4743,3948,0.4446453970734657,0.4852428571428571,0.513413002152756,30 to 34 years
4744,727,0.787524285714284,0.4852428571428571,0.513413002152756,30 to 34 years
4745,5816,0.787524285714284,0.4852428571428571,0.513413002152756,30 to 34 years
4746,2264,0.787524285714284,0.4852428571428571,0.513413002152756,30 to 34 years
4747,4278,0.787524285714284,0.4852428571428571,0.513413002152756,30 to 34 years
4748,5496,0.787524285714284,0.4852428571428571,0.513413002152756,30 to 34 years
4749,5510,0.787524285714284,0.4852428571428571,0.513413002152756,30 to 34 years
4750,5717,0.787524285714284,0.4852428571428571,0.513413002152756,30 to 34 years
4751,8720,0.787524285714284,0.4852428571428571,0.513413002152756,30 to 34 years
4752,6271,0.787524285714284,0.4852428571428571,0.513413002152756,30 to 34 years
4753,6117,0.787524285714284,0.4852428571428571,0.513413002152756,30 to 34 years
4754,4374,0.787524285714284,0.4852428571428571,0.513413002152756,30 to 34 years
4755,1086,0.787524285714284,0.4852428571428571,0.513413002152756,30 to 34 years
4756,3362,0.787524285714284,0.4852428571428571,0.513413002152756,30 to 34 years
4757,9696,0.787524285714284,0.4852428571428571,0.513413002152756,30 to 34 years
4758,9884,0.787524285714284,0.4852428571428571,0.513413002152756,30 to 34 years
4759,1583,0.787524285714284,0.4852428571428571,0.513413002152756,30 to 34 years
4760,5688,0.787524285714284,0.4852428571428571,0.513413002152756,30 to 34 years
4761,3773,0.787524285714284,0.4852428571428571,0.513413002152756,30 to 34 years
4762,5472,0.787524285714284,0.4852428571428571,0.513413002152756,30 to 34 years
4763,1660,0.787524285714284,0.4852428571428571,0.513413002152756,30 to 34 years
4764,5418,0.787524285714284,0.4852428571428571,0.513413002152756,30 to 34 years
4765,1772,0.787524285714284,0.4852428571428571,0.513413002152756,30 to 34 years
4766,6580,0.787524285714284,0.4852428571428571,0.513413002152756,30 to 34 years
4767,4584,0.787524285714284,0.4852428571428571,0.513413002152756,30 to 34 years
4768,9629,0.787524285714284,0.4852428571428571,0.513413002152756,30 to 34 years
4769,6664,0.787524285714284,0.4852428571428571,0.513413002152756,30 to 34 years
4770,4017,0.787524285714284,0.4852428571428571,0.513413002152756,30 to 34 years
4771,5286,0.787524285714284,0.4852428571428571,0.513413002152756,30 to 34 years
4772,3175,0.787524285714284,0.4852428571428571,0.513413002152756,30 to 34 years
4773,6702,0.787524285714284,0.4852428571428571,0.513413002152756,30 to 34 years
4774,9879,0.4949961603963756,0.4852428571428571,0.513413002152756,30 to 34 years
4775,7900,0.787524285714284,0.4852428571428571,0.513413002152756,30 to 34 years
4776,5096,0.787524285714284,0.4852428571428571,0.513413002152756,30 to 34 years
4777,2664,0.787524285714284,0.4852428571428571,0.513413002152756,30 to 34 years
4778,7647,0.787524285714284,0.4852428571428571,0.513413002152756,30 to 34 years
4779,4330,0.787524285714284,0.4852428571428571,0.513413002152756,30 to 34 years
4780,2943,0.787524285714284,0.4852428571428571,0.513413002152756,30 to 34 years
4781,5977,0.787524285714284,0.4852428571428571,0.513413002152756,30 to 34 years
4782,4829,0.787524285714284,0.4852428571428571,0.513413002152756,30 to 34 years
4783,5486,0.787524285714284,0.4852428571428571,0.513413002152756,30 to 34 years
4784,5105,0.787524285714284,0.4852428571428571,0.513413002152756,30 to 34 years
4785,9664,0.787524285714284,0.4852428571428571,0.513413002152756,30 to 34 years
4786,6419,0.787524285714284,0.4852428571428571,0.513413002152756,30 to 34 years
4787,655,0.787524285714284,0.4852428571428571,0.513413002152756,30 to 34 years
4788,4516,0.787524285714284,0.4852428571428571,0.513413002152756,30 to 34 years
4789,5812,0.787524285714284,0.4852428571428571,0.513413002152756,30 to 34 years
4790,9896,0.787524285714284,0.4852428571428571,0.513413002152756,30 to 34 years
4791,9834,0.787524285714284,0.4852428571428571,0.513413002152756,30 to 34 years
4792,3088,0.787524285714284,0.4852428571428571,0.513413002152756,30 to 34 years
4793,3546,0.787524285714284,0.4852428571428571,0.513413002152756,30 to 34 years
4794,9605,0.787524285714284,0.4852428571428571,0.513413002152756,30 to 34 years
4795,7910,0.787524285714284,0.4852428571428571,0.513413002152756,30 to 34 years
4796,2980,0.787524285714284,0.4852428571428571,0.513413002152756,30 to 34 years
4797,2179,0.787524285714284,0.4852428571428571,0.513413002152756,30 to 34 years
4798,5694,0.787524285714284,0.4852428571428571,0.513413002152756,30 to 34 years
4799,7534,0.787524285714284,0.4852428571428571,0.513413002152756,30 to 34 years
4800,6733,0.787524285714284,0.4852428571428571,0.513413002152756,30 to 34 years
4801,7264,0.787524285714284,0.4852428571428571,0.513413002152756,30 to 34 years
4802,9649,0.787524285714284,0.4852428571428571,0.513413002152756,30 to 34 years
4803,4992,0.787524285714284,0.4852428571428571,0.513413002152756,30 to 34 years
4804,7070,0.787524285714284,0.4852428571428571,0.513413002152756,30 to 34 years
4805,87,0.25765687035025825,0.4852428571428571,0.513413002152756,30 to 34 years
4806,3627,0.787524285714284,0.4852428571428571,0.513413002152756,30 to 34 years
4807,9152,0.787524285714284,0.4852428571428571,0.513413002152756,30 to 34 years
4808,4105,0.787524285714284,0.4852428571428571,0.513413002152756,30 to 34 years
4809,5969,0.787524285714284,0.4852428571428571,0.513413002152756,30 to 34 years
4810,5784,0.787524285714284,0.4852428571428571,0.513413002152756,30 to 34 years
4811,8927,0.787524285714284,0.4852428571428571,0.513413002152756,30 to 34 years
4812,4924,0.787524285714284,0.4852428571428571,0.513413002152756,30 to 34 years
4813,4613,0.787524285714284,0.4852428571428571,0.513413002152756,30 to 34 years
4814,6939,0.787524285714284,0.4852428571428571,0.513413002152756,30 to 34 years
4815,2394,0.787524285714284,0.4852428571428571,0.513413002152756,30 to 34 years
4816,8368,0.787524285714284,0.4852428571428571,0.513413002152756,30 to 34 years
4817,4872,0.787524285714284,0.4852428571428571,0.513413002152756,30 to 34 years
4818,2543,0.38388308254840325,0.4852428571428571,0.513413002152756,30 to 34 years
4819,6173,0.787524285714284,0.4852428571428571,0.513413002152756,30 to 34 years
4820,513,0.787524285714284,0.4852428571428571,0.513413002152756,30 to 34 years
4821,3119,0.787524285714284,0.4852428571428571,0.513413002152756,30 to 34 years
4822,6792,0.787524285714284,0.4852428571428571,0.513413002152756,30 to 34 years
4823,1779,0.787524285714284,0.4852428571428571,0.513413002152756,30 to 34 years
4824,8518,0.787524285714284,0.4852428571428571,0.513413002152756,30 to 34 years
4825,8878,0.787524285714284,0.4852428571428571,0.513413002152756,30 to 34 years
4826,7891,0.787524285714284,0.4852428571428571,0.513413002152756,30 to 34 years
4827,8896,0.787524285714284,0.4852428571428571,0.513413002152756,30 to 34 years
4828,6526,0.787524285714284,0.4852428571428571,0.513413002152756,30 to 34 years
4829,3022,0.787524285714284,0.4852428571428571,0.513413002152756,30 to 34 years
4830,5618,0.787524285714284,0.4852428571428571,0.513413002152756,30 to 34 years
4831,1208,0.787524285714284,0.4852428571428571,0.513413002152756,30 to 34 years
4832,7322,0.787524285714284,0.4852428571428571,0.513413002152756,30 to 34 years
4833,2589,0.787524285714284,0.4852428571428571,0.513413002152756,30 to 34 years
4834,6543,0.787524285714284,0.4852428571428571,0.513413002152756,30 to 34 years
4835,1693,0.787524285714284,0.4852428571428571,0.513413002152756,30 to 34 years
4836,9056,0.787524285714284,0.4852428571428571,0.513413002152756,30 to 34 years
4837,1801,0.787524285714284,0.4852428571428571,0.513413002152756,30 to 34 years
4838,2083,0.787524285714284,0.4852428571428571,0.513413002152756,30 to 34 years
4839,2171,0.787524285714284,0.4852428571428571,0.513413002152756,30 to 34 years
4840,6131,0.787524285714284,0.4852428571428571,0.513413002152756,30 to 34 years
4841,379,0.787524285714284,0.4852428571428571,0.513413002152756,30 to 34 years
4842,5020,0.787524285714284,0.4852428571428571,0.513413002152756,30 to 34 years
4843,2222,0.787524285714284,0.4852428571428571,0.513413002152756,30 to 34 years
4844,1630,0.787524285714284,0.4852428571428571,0.513413002152756,30 to 34 years
4845,1823,0.787524285714284,0.4852428571428571,0.513413002152756,30 to 34 years
4846,9680,0.787524285714284,0.4852428571428571,0.513413002152756,30 to 34 years
4847,7187,0.787524285714284,0.4852428571428571,0.513413002152756,30 to 34 years
4848,2145,0.787524285714284,0.4852428571428571,0.513413002152756,30 to 34 years
4849,599,0.787524285714284,0.4852428571428571,0.513413002152756,30 to 34 years
4850,2178,0.787524285714284,0.4852428571428571,0.513413002152756,30 to 34 years
4851,8399,0.787524285714284,0.4852428571428571,0.513413002152756,30 to 34 years
4852,6763,0.787524285714284,0.4852428571428571,0.513413002152756,30 to 34 years
4853,9716,0.787524285714284,0.4852428571428571,0.513413002152756,30 to 34 years
4854,3378,0.787524285714284,0.4852428571428571,0.513413002152756,30 to 34 years
4855,2857,0.787524285714284,0.4852428571428571,0.513413002152756,30 to 34 years
4856,5834,0.787524285714284,0.4852428571428571,0.513413002152756,30 to 34 years
4857,2654,0.0,0.4852428571428571,0.513413002152756,30 to 34 years
4858,2272,0.787524285714284,0.4852428571428571,0.513413002152756,30 to 34 years
4859,7798,0.787524285714284,0.4852428571428571,0.513413002152756,30 to 34 years
4860,4397,0.787524285714284,0.4852428571428571,0.513413002152756,30 to 34 years
4861,6569,0.787524285714284,0.4852428571428571,0.513413002152756,30 to 34 years
4862,3909,0.787524285714284,0.4852428571428571,0.513413002152756,30 to 34 years
4863,5400,0.787524285714284,0.4852428571428571,0.513413002152756,30 to 34 years
4864,2955,0.787524285714284,0.4852428571428571,0.513413002152756,30 to 34 years
4865,9977,0.787524285714284,0.4852428571428571,0.513413002152756,30 to 34 years
4866,2006,0.787524285714284,0.4852428571428571,0.513413002152756,30 to 34 years
4867,3875,0.764524285714281,0.4852428571428571,0.513413002152756,35 to 39 years
4868,1882,0.764524285714281,0.4852428571428571,0.513413002152756,35 to 39 years
4869,9090,0.764524285714281,0.4852428571428571,0.513413002152756,35 to 39 years
4870,8952,0.764524285714281,0.4852428571428571,0.513413002152756,35 to 39 years
4871,7901,0.764524285714281,0.4852428571428571,0.513413002152756,35 to 39 years
4872,8048,0.764524285714281,0.4852428571428571,0.513413002152756,35 to 39 years
4873,2657,0.764524285714281,0.4852428571428571,0.513413002152756,35 to 39 years
4874,9989,0.764524285714281,0.4852428571428571,0.513413002152756,35 to 39 years
4875,8798,0.764524285714281,0.4852428571428571,0.513413002152756,35 to 39 years
4876,1250,0.764524285714281,0.4852428571428571,0.513413002152756,35 to 39 years
4877,6442,0.764524285714281,0.4852428571428571,0.513413002152756,35 to 39 years
4878,3486,0.764524285714281,0.4852428571428571,0.513413002152756,35 to 39 years
4879,8707,0.764524285714281,0.4852428571428571,0.513413002152756,35 to 39 years
4880,5767,0.764524285714281,0.4852428571428571,0.513413002152756,35 to 39 years
4881,5614,0.764524285714281,0.4852428571428571,0.513413002152756,35 to 39 years
4882,8200,0.764524285714281,0.4852428571428571,0.513413002152756,35 to 39 years
4883,61,0.764524285714281,0.4852428571428571,0.513413002152756,35 to 39 years
4884,6721,0.764524285714281,0.4852428571428571,0.513413002152756,35 to 39 years
4885,4521,0.271382292768595,0.4852428571428571,0.513413002152756,35 to 39 years
4886,4725,0.764524285714281,0.4852428571428571,0.513413002152756,35 to 39 years
4887,9758,0.764524285714281,0.4852428571428571,0.513413002152756,35 to 39 years
4888,4424,0.764524285714281,0.4852428571428571,0.513413002152756,35 to 39 years
4889,849,0.764524285714281,0.4852428571428571,0.513413002152756,35 to 39 years
4890,465,0.764524285714281,0.4852428571428571,0.513413002152756,35 to 39 years
4891,3750,0.764524285714281,0.4852428571428571,0.513413002152756,35 to 39 years
4892,6920,0.764524285714281,0.4852428571428571,0.513413002152756,35 to 39 years
4893,9604,0.764524285714281,0.4852428571428571,0.513413002152756,35 to 39 years
4894,652,0.764524285714281,0.4852428571428571,0.513413002152756,35 to 39 years
4895,6365,0.764524285714281,0.4852428571428571,0.513413002152756,35 to 39 years
4896,4185,0.764524285714281,0.4852428571428571,0.513413002152756,35 to 39 years
4897,8747,0.764524285714281,0.4852428571428571,0.513413002152756,35 to 39 years
4898,5970,0.764524285714281,0.4852428571428571,0.513413002152756,35 to 39 years
4899,9330,0.764524285714281,0.4852428571428571,0.513413002152756,35 to 39 years
4900,2965,0.764524285714281,0.4852428571428571,0.513413002152756,35 to 39 years
4901,1436,0.764524285714281,0.4852428571428571,0.513413002152756,35 to 39 years
4902,2953,0.764524285714281,0.4852428571428571,0.513413002152756,35 to 39 years
4903,4475,0.764524285714281,0.4852428571428571,0.513413002152756,35 to 39 years
4904,105,0.764524285714281,0.4852428571428571,0.513413002152756,35 to 39 years
4905,1379,0.764524285714281,0.4852428571428571,0.513413002152756,35 to 39 years
4906,2107,0.764524285714281,0.4852428571428571,0.513413002152756,35 to 39 years
4907,5,0.764524285714281,0.4852428571428571,0.513413002152756,35 to 39 years
4908,2469,0.764524285714281,0.4852428571428571,0.513413002152756,35 to 39 years
4909,5585,0.764524285714281,0.4852428571428571,0.513413002152756,35 to 39 years
4910,6713,0.764524285714281,0.4852428571428571,0.513413002152756,35 to 39 years
4911,2622,0.31066919763593415,0.4852428571428571,0.513413002152756,35 to 39 years
4912,7287,0.764524285714281,0.4852428571428571,0.513413002152756,35 to 39 years
4913,8868,0.764524285714281,0.4852428571428571,0.513413002152756,35 to 39 years
4914,5365,0.764524285714281,0.4852428571428571,0.513413002152756,35 to 39 years
4915,4904,0.764524285714281,0.4852428571428571,0.513413002152756,35 to 39 years
4916,9676,0.3674273475973424,0.4852428571428571,0.513413002152756,35 to 39 years
4917,1633,0.764524285714281,0.4852428571428571,0.513413002152756,35 to 39 years
4918,1924,0.764524285714281,0.4852428571428571,0.513413002152756,35 to 39 years
4919,2174,0.764524285714281,0.4852428571428571,0.513413002152756,35 to 39 years
4920,9220,0.764524285714281,0.4852428571428571,0.513413002152756,35 to 39 years
4921,5799,0.764524285714281,0.4852428571428571,0.513413002152756,35 to 39 years
4922,9532,0.764524285714281,0.4852428571428571,0.513413002152756,35 to 39 years
4923,1781,0.764524285714281,0.4852428571428571,0.513413002152756,35 to 39 years
4924,157,0.764524285714281,0.4852428571428571,0.513413002152756,35 to 39 years
4925,4360,0.764524285714281,0.4852428571428571,0.513413002152756,35 to 39 years
4926,3178,0.764524285714281,0.4852428571428571,0.513413002152756,35 to 39 years
4927,2650,0.764524285714281,0.4852428571428571,0.513413002152756,35 to 39 years
4928,997,0.764524285714281,0.4852428571428571,0.513413002152756,35 to 39 years
4929,3090,0.764524285714281,0.4852428571428571,0.513413002152756,35 to 39 years
4930,8894,0.764524285714281,0.4852428571428571,0.513413002152756,35 to 39 years
4931,79,0.764524285714281,0.4852428571428571,0.513413002152756,35 to 39 years
4932,284,0.764524285714281,0.4852428571428571,0.513413002152756,35 to 39 years
4933,8174,0.764524285714281,0.4852428571428571,0.513413002152756,35 to 39 years
4934,4893,0.764524285714281,0.4852428571428571,0.513413002152756,35 to 39 years
4935,5841,0.764524285714281,0.4852428571428571,0.513413002152756,35 to 39 years
4936,5826,0.764524285714281,0.4852428571428571,0.513413002152756,35 to 39 years
4937,2274,0.764524285714281,0.4852428571428571,0.513413002152756,35 to 39 years
4938,4141,0.764524285714281,0.4852428571428571,0.513413002152756,35 to 39 years
4939,7671,0.764524285714281,0.4852428571428571,0.513413002152756,35 to 39 years
4940,2262,0.764524285714281,0.4852428571428571,0.513413002152756,35 to 39 years
4941,5353,0.764524285714281,0.4852428571428571,0.513413002152756,35 to 39 years
4942,6551,0.764524285714281,0.4852428571428571,0.513413002152756,35 to 39 years
4943,488,0.764524285714281,0.4852428571428571,0.513413002152756,35 to 39 years
4944,5836,0.3001720642639677,0.4852428571428571,0.513413002152756,35 to 39 years
4945,4809,0.764524285714281,0.4852428571428571,0.513413002152756,35 to 39 years
4946,8892,0.764524285714281,0.4852428571428571,0.513413002152756,35 to 39 years
4947,8622,0.764524285714281,0.4852428571428571,0.513413002152756,35 to 39 years
4948,9653,0.764524285714281,0.4852428571428571,0.513413002152756,35 to 39 years
4949,6232,0.764524285714281,0.4852428571428571,0.513413002152756,35 to 39 years
4950,9940,0.764524285714281,0.4852428571428571,0.513413002152756,35 to 39 years
4951,2706,0.764524285714281,0.4852428571428571,0.513413002152756,35 to 39 years
4952,7238,0.764524285714281,0.4852428571428571,0.513413002152756,35 to 39 years
4953,1289,0.764524285714281,0.4852428571428571,0.513413002152756,35 to 39 years
4954,5664,0.764524285714281,0.4852428571428571,0.513413002152756,35 to 39 years
4955,7416,0.764524285714281,0.4852428571428571,0.513413002152756,35 to 39 years
4956,9929,0.764524285714281,0.4852428571428571,0.513413002152756,35 to 39 years
4957,5851,0.764524285714281,0.4852428571428571,0.513413002152756,35 to 39 years
4958,2123,0.764524285714281,0.4852428571428571,0.513413002152756,35 to 39 years
4959,5290,0.764524285714281,0.4852428571428571,0.513413002152756,35 to 39 years
4960,485,0.764524285714281,0.4852428571428571,0.513413002152756,35 to 39 years
4961,5555,0.764524285714281,0.4852428571428571,0.513413002152756,35 to 39 years
4962,6364,0.764524285714281,0.4852428571428571,0.513413002152756,35 to 39 years
4963,666,0.764524285714281,0.4852428571428571,0.513413002152756,35 to 39 years
4964,9344,0.764524285714281,0.4852428571428571,0.513413002152756,35 to 39 years
4965,3113,0.4074739348869609,0.4852428571428571,0.513413002152756,35 to 39 years
4966,260,0.764524285714281,0.4852428571428571,0.513413002152756,35 to 39 years
4967,7954,0.2560867858367175,0.4852428571428571,0.513413002152756,35 to 39 years
4968,1650,0.764524285714281,0.4852428571428571,0.513413002152756,35 to 39 years
4969,4431,0.3518508333761676,0.4852428571428571,0.513413002152756,35 to 39 years
4970,9461,0.764524285714281,0.4852428571428571,0.513413002152756,35 to 39 years
4971,9529,0.764524285714281,0.4852428571428571,0.513413002152756,35 to 39 years
4972,1979,0.764524285714281,0.4852428571428571,0.513413002152756,35 to 39 years
4973,1542,0.764524285714281,0.4852428571428571,0.513413002152756,35 to 39 years
4974,8675,0.764524285714281,0.4852428571428571,0.513413002152756,35 to 39 years
4975,3665,0.764524285714281,0.4852428571428571,0.513413002152756,35 to 39 years
4976,5468,0.764524285714281,0.4852428571428571,0.513413002152756,35 to 39 years
4977,3181,0.764524285714281,0.4852428571428571,0.513413002152756,35 to 39 years
4978,5628,0.764524285714281,0.4852428571428571,0.513413002152756,35 to 39 years
4979,1025,0.764524285714281,0.4852428571428571,0.513413002152756,35 to 39 years
4980,9539,0.764524285714281,0.4852428571428571,0.513413002152756,35 to 39 years
4981,6515,0.764524285714281,0.4852428571428571,0.513413002152756,35 to 39 years
4982,9278,0.764524285714281,0.4852428571428571,0.513413002152756,35 to 39 years
4983,3240,0.764524285714281,0.4852428571428571,0.513413002152756,35 to 39 years
4984,9400,0.764524285714281,0.4852428571428571,0.513413002152756,35 to 39 years
4985,8366,0.764524285714281,0.4852428571428571,0.513413002152756,35 to 39 years
4986,6090,0.764524285714281,0.4852428571428571,0.513413002152756,35 to 39 years
4987,6949,0.764524285714281,0.4852428571428571,0.513413002152756,35 to 39 years
4988,2663,0.764524285714281,0.4852428571428571,0.513413002152756,35 to 39 years
4989,5287,0.764524285714281,0.4852428571428571,0.513413002152756,35 to 39 years
4990,2944,0.764524285714281,0.4852428571428571,0.513413002152756,35 to 39 years
4991,6473,0.764524285714281,0.4852428571428571,0.513413002152756,35 to 39 years
4992,5808,0.764524285714281,0.4852428571428571,0.513413002152756,35 to 39 years
4993,8515,0.764524285714281,0.4852428571428571,0.513413002152756,35 to 39 years
4994,1232,0.764524285714281,0.4852428571428571,0.513413002152756,35 to 39 years
4995,6480,0.764524285714281,0.4852428571428571,0.513413002152756,35 to 39 years
4996,9357,0.764524285714281,0.4852428571428571,0.513413002152756,35 to 39 years
4997,6262,0.764524285714281,0.4852428571428571,0.513413002152756,35 to 39 years
4998,7516,0.764524285714281,0.4852428571428571,0.513413002152756,35 to 39 years
4999,8769,0.764524285714281,0.4852428571428571,0.513413002152756,35 to 39 years
5000,6496,0.764524285714281,0.4852428571428571,0.513413002152756,35 to 39 years
5001,3194,0.764524285714281,0.4852428571428571,0.513413002152756,35 to 39 years
5002,4391,0.764524285714281,0.4852428571428571,0.513413002152756,35 to 39 years
5003,2012,0.764524285714281,0.4852428571428571,0.513413002152756,35 to 39 years
5004,558,0.764524285714281,0.4852428571428571,0.513413002152756,35 to 39 years
5005,1891,0.764524285714281,0.4852428571428571,0.513413002152756,35 to 39 years
5006,3226,0.21934284822047292,0.4852428571428571,0.513413002152756,35 to 39 years
5007,7023,0.764524285714281,0.4852428571428571,0.513413002152756,35 to 39 years
5008,5049,0.764524285714281,0.4852428571428571,0.513413002152756,35 to 39 years
5009,1965,0.764524285714281,0.4852428571428571,0.513413002152756,35 to 39 years
5010,396,0.764524285714281,0.4852428571428571,0.513413002152756,35 to 39 years
5011,1816,0.764524285714281,0.4852428571428571,0.513413002152756,35 to 39 years
5012,251,0.764524285714281,0.4852428571428571,0.513413002152756,35 to 39 years
5013,9497,0.764524285714281,0.4852428571428571,0.513413002152756,35 to 39 years
5014,4569,0.764524285714281,0.4852428571428571,0.513413002152756,35 to 39 years
5015,9253,0.764524285714281,0.4852428571428571,0.513413002152756,35 to 39 years
5016,3488,0.764524285714281,0.4852428571428571,0.513413002152756,35 to 39 years
5017,5105,0.764524285714281,0.4852428571428571,0.513413002152756,35 to 39 years
5018,8598,0.764524285714281,0.4852428571428571,0.513413002152756,35 to 39 years
5019,6823,0.764524285714281,0.4852428571428571,0.513413002152756,35 to 39 years
5020,9821,0.764524285714281,0.4852428571428571,0.513413002152756,35 to 39 years
5021,2845,0.764524285714281,0.4852428571428571,0.513413002152756,35 to 39 years
5022,5324,0.764524285714281,0.4852428571428571,0.513413002152756,35 to 39 years
5023,7470,0.764524285714281,0.4852428571428571,0.513413002152756,35 to 39 years
5024,1660,0.764524285714281,0.4852428571428571,0.513413002152756,35 to 39 years
5025,8658,0.764524285714281,0.4852428571428571,0.513413002152756,35 to 39 years
5026,5965,0.764524285714281,0.4852428571428571,0.513413002152756,35 to 39 years
5027,8468,0.764524285714281,0.4852428571428571,0.513413002152756,35 to 39 years
5028,9331,0.764524285714281,0.4852428571428571,0.513413002152756,35 to 39 years
5029,4903,0.764524285714281,0.4852428571428571,0.513413002152756,35 to 39 years
5030,4329,0.764524285714281,0.4852428571428571,0.513413002152756,35 to 39 years
5031,5588,0.764524285714281,0.4852428571428571,0.513413002152756,35 to 39 years
5032,3549,0.764524285714281,0.4852428571428571,0.513413002152756,35 to 39 years
5033,192,0.764524285714281,0.4852428571428571,0.513413002152756,35 to 39 years
5034,7871,0.764524285714281,0.4852428571428571,0.513413002152756,35 to 39 years
5035,937,0.764524285714281,0.4852428571428571,0.513413002152756,35 to 39 years
5036,5668,0.764524285714281,0.4852428571428571,0.513413002152756,35 to 39 years
5037,576,0.764524285714281,0.4852428571428571,0.513413002152756,35 to 39 years
5038,7274,0.764524285714281,0.4852428571428571,0.513413002152756,35 to 39 years
5039,6558,0.764524285714281,0.4852428571428571,0.513413002152756,35 to 39 years
5040,7430,0.764524285714281,0.4852428571428571,0.513413002152756,35 to 39 years
5041,2926,0.764524285714281,0.4852428571428571,0.513413002152756,35 to 39 years
5042,1450,0.764524285714281,0.4852428571428571,0.513413002152756,35 to 39 years
5043,8101,0.764524285714281,0.4852428571428571,0.513413002152756,35 to 39 years
5044,5336,0.764524285714281,0.4852428571428571,0.513413002152756,35 to 39 years
5045,7868,0.764524285714281,0.4852428571428571,0.513413002152756,35 to 39 years
5046,8056,0.764524285714281,0.4852428571428571,0.513413002152756,35 to 39 years
5047,9249,0.764524285714281,0.4852428571428571,0.513413002152756,35 to 39 years
5048,638,0.764524285714281,0.4852428571428571,0.513413002152756,35 to 39 years
5049,9603,0.764524285714281,0.4852428571428571,0.513413002152756,35 to 39 years
5050,2790,0.764524285714281,0.4852428571428571,0.513413002152756,35 to 39 years
5051,9119,0.764524285714281,0.4852428571428571,0.513413002152756,35 to 39 years
5052,2562,0.764524285714281,0.4852428571428571,0.513413002152756,35 to 39 years
5053,2334,0.764524285714281,0.4852428571428571,0.513413002152756,35 to 39 years
5054,9835,0.764524285714281,0.4852428571428571,0.513413002152756,35 to 39 years
5055,1120,0.764524285714281,0.4852428571428571,0.513413002152756,35 to 39 years
5056,4849,0.764524285714281,0.4852428571428571,0.513413002152756,35 to 39 years
5057,5999,0.764524285714281,0.4852428571428571,0.513413002152756,35 to 39 years
5058,5819,0.764524285714281,0.4852428571428571,0.513413002152756,35 to 39 years
5059,6435,0.764524285714281,0.4852428571428571,0.513413002152756,35 to 39 years
5060,1723,0.764524285714281,0.4852428571428571,0.513413002152756,35 to 39 years
5061,6612,0.764524285714281,0.4852428571428571,0.513413002152756,35 to 39 years
5062,685,0.764524285714281,0.4852428571428571,0.513413002152756,35 to 39 years
5063,8780,0.764524285714281,0.4852428571428571,0.513413002152756,35 to 39 years
5064,6879,0.764524285714281,0.4852428571428571,0.513413002152756,35 to 39 years
5065,2344,0.764524285714281,0.4852428571428571,0.513413002152756,35 to 39 years
5066,40,0.764524285714281,0.4852428571428571,0.513413002152756,35 to 39 years
5067,9120,0.764524285714281,0.4852428571428571,0.513413002152756,35 to 39 years
5068,1253,0.764524285714281,0.4852428571428571,0.513413002152756,35 to 39 years
5069,2096,0.3289102417208182,0.4852428571428571,0.513413002152756,35 to 39 years
5070,2443,0.764524285714281,0.4852428571428571,0.513413002152756,35 to 39 years
5071,4173,0.764524285714281,0.4852428571428571,0.513413002152756,35 to 39 years
5072,9853,0.764524285714281,0.4852428571428571,0.513413002152756,35 to 39 years
5073,8851,0.23135143963512456,0.4852428571428571,0.513413002152756,35 to 39 years
5074,1746,0.764524285714281,0.4852428571428571,0.513413002152756,35 to 39 years
5075,4104,0.764524285714281,0.4852428571428571,0.513413002152756,35 to 39 years
5076,3432,0.764524285714281,0.4852428571428571,0.513413002152756,35 to 39 years
5077,3304,0.764524285714281,0.4852428571428571,0.513413002152756,35 to 39 years
5078,462,0.764524285714281,0.4852428571428571,0.513413002152756,35 to 39 years
5079,9235,0.307567983490915,0.4852428571428571,0.513413002152756,35 to 39 years
5080,6095,0.764524285714281,0.4852428571428571,0.513413002152756,35 to 39 years
5081,5155,0.764524285714281,0.4852428571428571,0.513413002152756,35 to 39 years
5082,1986,0.764524285714281,0.4852428571428571,0.513413002152756,35 to 39 years
5083,2303,0.764524285714281,0.4852428571428571,0.513413002152756,35 to 39 years
5084,708,0.764524285714281,0.4852428571428571,0.513413002152756,35 to 39 years
5085,7545,0.764524285714281,0.4852428571428571,0.513413002152756,35 to 39 years
5086,4857,0.764524285714281,0.4852428571428571,0.513413002152756,35 to 39 years
5087,4547,0.764524285714281,0.4852428571428571,0.513413002152756,35 to 39 years
5088,9625,0.764524285714281,0.4852428571428571,0.513413002152756,35 to 39 years
5089,7445,0.764524285714281,0.4852428571428571,0.513413002152756,35 to 39 years
5090,2108,0.764524285714281,0.4852428571428571,0.513413002152756,35 to 39 years
5091,9152,0.764524285714281,0.4852428571428571,0.513413002152756,35 to 39 years
5092,686,0.764524285714281,0.4852428571428571,0.513413002152756,35 to 39 years
5093,9855,0.764524285714281,0.4852428571428571,0.513413002152756,35 to 39 years
5094,1238,0.764524285714281,0.4852428571428571,0.513413002152756,35 to 39 years
5095,5700,0.764524285714281,0.4852428571428571,0.513413002152756,35 to 39 years
5096,7011,0.764524285714281,0.4852428571428571,0.513413002152756,35 to 39 years
5097,5355,0.764524285714281,0.4852428571428571,0.513413002152756,35 to 39 years
5098,242,0.764524285714281,0.4852428571428571,0.513413002152756,35 to 39 years
5099,7830,0.764524285714281,0.4852428571428571,0.513413002152756,35 to 39 years
5100,2901,0.764524285714281,0.4852428571428571,0.513413002152756,35 to 39 years
5101,9289,0.764524285714281,0.4852428571428571,0.513413002152756,35 to 39 years
5102,6724,0.764524285714281,0.4852428571428571,0.513413002152756,35 to 39 years
5103,5334,0.764524285714281,0.4852428571428571,0.513413002152756,35 to 39 years
5104,8766,0.764524285714281,0.4852428571428571,0.513413002152756,35 to 39 years
5105,1095,0.764524285714281,0.4852428571428571,0.513413002152756,35 to 39 years
5106,7418,0.764524285714281,0.4852428571428571,0.513413002152756,35 to 39 years
5107,6400,0.764524285714281,0.4852428571428571,0.513413002152756,35 to 39 years
5108,6671,0.764524285714281,0.4852428571428571,0.513413002152756,35 to 39 years
5109,506,0.764524285714281,0.4852428571428571,0.513413002152756,35 to 39 years
5110,2914,0.764524285714281,0.4852428571428571,0.513413002152756,35 to 39 years
5111,5872,0.764524285714281,0.4852428571428571,0.513413002152756,35 to 39 years
5112,6834,0.764524285714281,0.4852428571428571,0.513413002152756,35 to 39 years
5113,7728,0.764524285714281,0.4852428571428571,0.513413002152756,35 to 39 years
5114,4349,0.764524285714281,0.4852428571428571,0.513413002152756,35 to 39 years
5115,6430,0.764524285714281,0.4852428571428571,0.513413002152756,35 to 39 years
5116,3619,0.764524285714281,0.4852428571428571,0.513413002152756,35 to 39 years
5117,7502,0.764524285714281,0.4852428571428571,0.513413002152756,35 to 39 years
5118,7883,0.764524285714281,0.4852428571428571,0.513413002152756,35 to 39 years
5119,8371,0.764524285714281,0.4852428571428571,0.513413002152756,35 to 39 years
5120,3034,0.6073926093537113,0.4852428571428571,0.513413002152756,35 to 39 years
5121,7708,0.764524285714281,0.4852428571428571,0.513413002152756,35 to 39 years
5122,3122,0.764524285714281,0.4852428571428571,0.513413002152756,35 to 39 years
5123,6168,0.764524285714281,0.4852428571428571,0.513413002152756,35 to 39 years
5124,7837,0.764524285714281,0.4852428571428571,0.513413002152756,35 to 39 years
5125,8825,0.5141454026942178,0.4852428571428571,0.513413002152756,35 to 39 years
5126,2794,0.2585753692914025,0.4852428571428571,0.513413002152756,35 to 39 years
5127,9950,0.764524285714281,0.4852428571428571,0.513413002152756,35 to 39 years
5128,4750,0.764524285714281,0.4852428571428571,0.513413002152756,35 to 39 years
5129,6513,0.764524285714281,0.4852428571428571,0.513413002152756,35 to 39 years
5130,5197,0.764524285714281,0.4852428571428571,0.513413002152756,35 to 39 years
5131,9811,0.764524285714281,0.4852428571428571,0.513413002152756,35 to 39 years
5132,2035,0.764524285714281,0.4852428571428571,0.513413002152756,35 to 39 years
5133,1943,0.764524285714281,0.4852428571428571,0.513413002152756,35 to 39 years
5134,2324,0.764524285714281,0.4852428571428571,0.513413002152756,35 to 39 years
5135,3221,0.764524285714281,0.4852428571428571,0.513413002152756,35 to 39 years
5136,2218,0.764524285714281,0.4852428571428571,0.513413002152756,35 to 39 years
5137,1938,0.764524285714281,0.4852428571428571,0.513413002152756,35 to 39 years
5138,1931,0.764524285714281,0.4852428571428571,0.513413002152756,35 to 39 years
5139,5375,0.764524285714281,0.4852428571428571,0.513413002152756,35 to 39 years
5140,83,0.764524285714281,0.4852428571428571,0.513413002152756,35 to 39 years
5141,115,0.764524285714281,0.4852428571428571,0.513413002152756,35 to 39 years
5142,2256,0.764524285714281,0.4852428571428571,0.513413002152756,35 to 39 years
5143,9863,0.764524285714281,0.4852428571428571,0.513413002152756,35 to 39 years
5144,1910,0.764524285714281,0.4852428571428571,0.513413002152756,35 to 39 years
5145,9106,0.764524285714281,0.4852428571428571,0.513413002152756,35 to 39 years
5146,6655,0.764524285714281,0.4852428571428571,0.513413002152756,35 to 39 years
5147,9440,0.764524285714281,0.4852428571428571,0.513413002152756,35 to 39 years
5148,1584,0.764524285714281,0.4852428571428571,0.513413002152756,35 to 39 years
5149,9009,0.764524285714281,0.4852428571428571,0.513413002152756,35 to 39 years
5150,9383,0.764524285714281,0.4852428571428571,0.513413002152756,35 to 39 years
5151,3830,0.764524285714281,0.4852428571428571,0.513413002152756,35 to 39 years
5152,6472,0.764524285714281,0.4852428571428571,0.513413002152756,35 to 39 years
5153,5986,0.764524285714281,0.4852428571428571,0.513413002152756,35 to 39 years
5154,5212,0.5273432146482638,0.4852428571428571,0.513413002152756,35 to 39 years
5155,6512,0.764524285714281,0.4852428571428571,0.513413002152756,35 to 39 years
5156,1612,0.764524285714281,0.4852428571428571,0.513413002152756,35 to 39 years
5157,8047,0.764524285714281,0.4852428571428571,0.513413002152756,35 to 39 years
5158,7468,0.764524285714281,0.4852428571428571,0.513413002152756,35 to 39 years
5159,2897,0.764524285714281,0.4852428571428571,0.513413002152756,35 to 39 years
5160,2018,0.764524285714281,0.4852428571428571,0.513413002152756,35 to 39 years
5161,7851,0.764524285714281,0.4852428571428571,0.513413002152756,35 to 39 years
5162,2165,0.764524285714281,0.4852428571428571,0.513413002152756,35 to 39 years
5163,9850,0.764524285714281,0.4852428571428571,0.513413002152756,35 to 39 years
5164,4586,0.764524285714281,0.4852428571428571,0.513413002152756,35 to 39 years
5165,7668,0.764524285714281,0.4852428571428571,0.513413002152756,35 to 39 years
5166,7547,0.764524285714281,0.4852428571428571,0.513413002152756,35 to 39 years
5167,4444,0.764524285714281,0.4852428571428571,0.513413002152756,35 to 39 years
5168,7519,0.764524285714281,0.4852428571428571,0.513413002152756,35 to 39 years
5169,5176,0.764524285714281,0.4852428571428571,0.513413002152756,35 to 39 years
5170,2083,0.764524285714281,0.4852428571428571,0.513413002152756,35 to 39 years
5171,3209,0.764524285714281,0.4852428571428571,0.513413002152756,35 to 39 years
5172,1560,0.764524285714281,0.4852428571428571,0.513413002152756,35 to 39 years
5173,7524,0.764524285714281,0.4852428571428571,0.513413002152756,35 to 39 years
5174,131,0.764524285714281,0.4852428571428571,0.513413002152756,35 to 39 years
5175,6226,0.764524285714281,0.4852428571428571,0.513413002152756,35 to 39 years
5176,1550,0.764524285714281,0.4852428571428571,0.513413002152756,35 to 39 years
5177,6997,0.764524285714281,0.4852428571428571,0.513413002152756,35 to 39 years
5178,2705,0.764524285714281,0.4852428571428571,0.513413002152756,35 to 39 years
5179,3704,0.764524285714281,0.4852428571428571,0.513413002152756,35 to 39 years
5180,1479,0.764524285714281,0.4852428571428571,0.513413002152756,35 to 39 years
5181,4196,0.764524285714281,0.4852428571428571,0.513413002152756,35 to 39 years
5182,6064,0.764524285714281,0.4852428571428571,0.513413002152756,35 to 39 years
5183,8776,0.764524285714281,0.4852428571428571,0.513413002152756,35 to 39 years
5184,902,0.764524285714281,0.4852428571428571,0.513413002152756,35 to 39 years
5185,5225,0.764524285714281,0.4852428571428571,0.513413002152756,35 to 39 years
5186,5875,0.764524285714281,0.4852428571428571,0.513413002152756,35 to 39 years
5187,6027,0.764524285714281,0.4852428571428571,0.513413002152756,35 to 39 years
5188,5743,0.764524285714281,0.4852428571428571,0.513413002152756,35 to 39 years
5189,4129,0.764524285714281,0.4852428571428571,0.513413002152756,35 to 39 years
5190,3705,0.764524285714281,0.4852428571428571,0.513413002152756,35 to 39 years
5191,7913,0.764524285714281,0.4852428571428571,0.513413002152756,35 to 39 years
5192,7738,0.764524285714281,0.4852428571428571,0.513413002152756,35 to 39 years
5193,3931,0.764524285714281,0.4852428571428571,0.513413002152756,35 to 39 years
5194,4453,0.764524285714281,0.4852428571428571,0.513413002152756,35 to 39 years
5195,8631,0.764524285714281,0.4852428571428571,0.513413002152756,35 to 39 years
5196,524,0.764524285714281,0.4852428571428571,0.513413002152756,35 to 39 years
5197,7371,0.5243877540548433,0.4852428571428571,0.513413002152756,35 to 39 years
5198,6954,0.764524285714281,0.4852428571428571,0.513413002152756,35 to 39 years
5199,7598,0.764524285714281,0.4852428571428571,0.513413002152756,35 to 39 years
5200,4742,0.764524285714281,0.4852428571428571,0.513413002152756,35 to 39 years
5201,1571,0.764524285714281,0.4852428571428571,0.513413002152756,35 to 39 years
5202,1385,0.764524285714281,0.4852428571428571,0.513413002152756,35 to 39 years
5203,8246,0.764524285714281,0.4852428571428571,0.513413002152756,35 to 39 years
5204,8540,0.764524285714281,0.4852428571428571,0.513413002152756,35 to 39 years
5205,3844,0.764524285714281,0.4852428571428571,0.513413002152756,35 to 39 years
5206,6408,0.764524285714281,0.4852428571428571,0.513413002152756,35 to 39 years
5207,7673,0.764524285714281,0.4852428571428571,0.513413002152756,35 to 39 years
5208,5635,0.764524285714281,0.4852428571428571,0.513413002152756,35 to 39 years
5209,1847,0.764524285714281,0.4852428571428571,0.513413002152756,35 to 39 years
5210,3398,0.764524285714281,0.4852428571428571,0.513413002152756,35 to 39 years
5211,8628,0.764524285714281,0.4852428571428571,0.513413002152756,35 to 39 years
5212,2760,0.764524285714281,0.4852428571428571,0.513413002152756,35 to 39 years
5213,5892,0.764524285714281,0.4852428571428571,0.513413002152756,35 to 39 years
5214,2145,0.764524285714281,0.4852428571428571,0.513413002152756,35 to 39 years
5215,1739,0.764524285714281,0.4852428571428571,0.513413002152756,35 to 39 years
5216,4944,0.764524285714281,0.4852428571428571,0.513413002152756,35 to 39 years
5217,5052,0.764524285714281,0.4852428571428571,0.513413002152756,35 to 39 years
5218,3713,0.764524285714281,0.4852428571428571,0.513413002152756,35 to 39 years
5219,9851,0.764524285714281,0.4852428571428571,0.513413002152756,35 to 39 years
5220,840,0.764524285714281,0.4852428571428571,0.513413002152756,35 to 39 years
5221,4282,0.764524285714281,0.4852428571428571,0.513413002152756,35 to 39 years
5222,3532,0.764524285714281,0.4852428571428571,0.513413002152756,35 to 39 years
5223,5650,0.764524285714281,0.4852428571428571,0.513413002152756,35 to 39 years
5224,6475,0.764524285714281,0.4852428571428571,0.513413002152756,35 to 39 years
5225,2778,0.764524285714281,0.4852428571428571,0.513413002152756,35 to 39 years
5226,4779,0.764524285714281,0.4852428571428571,0.513413002152756,35 to 39 years
5227,7292,0.764524285714281,0.4852428571428571,0.513413002152756,35 to 39 years
5228,2787,0.43101885681608165,0.4852428571428571,0.513413002152756,35 to 39 years
5229,6242,0.764524285714281,0.4852428571428571,0.513413002152756,35 to 39 years
5230,9208,0.764524285714281,0.4852428571428571,0.513413002152756,35 to 39 years
5231,3295,0.764524285714281,0.4852428571428571,0.513413002152756,35 to 39 years
5232,6623,0.764524285714281,0.4852428571428571,0.513413002152756,35 to 39 years
5233,8415,0.764524285714281,0.4852428571428571,0.513413002152756,35 to 39 years
5234,7548,0.764524285714281,0.4852428571428571,0.513413002152756,35 to 39 years
5235,5253,0.764524285714281,0.4852428571428571,0.513413002152756,35 to 39 years
5236,9237,0.764524285714281,0.4852428571428571,0.513413002152756,35 to 39 years
5237,2122,0.764524285714281,0.4852428571428571,0.513413002152756,35 to 39 years
5238,3630,0.764524285714281,0.4852428571428571,0.513413002152756,35 to 39 years
5239,4316,0.764524285714281,0.4852428571428571,0.513413002152756,35 to 39 years
5240,5980,0.764524285714281,0.4852428571428571,0.513413002152756,35 to 39 years
5241,4211,0.764524285714281,0.4852428571428571,0.513413002152756,35 to 39 years
5242,233,0.764524285714281,0.4852428571428571,0.513413002152756,35 to 39 years
5243,5140,0.764524285714281,0.4852428571428571,0.513413002152756,35 to 39 years
5244,4236,0.764524285714281,0.4852428571428571,0.513413002152756,35 to 39 years
5245,9306,0.764524285714281,0.4852428571428571,0.513413002152756,35 to 39 years
5246,9059,0.764524285714281,0.4852428571428571,0.513413002152756,35 to 39 years
5247,246,0.764524285714281,0.4852428571428571,0.513413002152756,35 to 39 years
5248,4472,0.2611660561598394,0.4852428571428571,0.513413002152756,35 to 39 years
5249,5990,0.764524285714281,0.4852428571428571,0.513413002152756,35 to 39 years
5250,8417,0.764524285714281,0.4852428571428571,0.513413002152756,35 to 39 years
5251,2644,0.764524285714281,0.4852428571428571,0.513413002152756,35 to 39 years
5252,9222,0.764524285714281,0.4852428571428571,0.513413002152756,35 to 39 years
5253,4901,0.764524285714281,0.4852428571428571,0.513413002152756,35 to 39 years
5254,8127,0.764524285714281,0.4852428571428571,0.513413002152756,35 to 39 years
5255,2152,0.764524285714281,0.4852428571428571,0.513413002152756,35 to 39 years
5256,2672,0.764524285714281,0.4852428571428571,0.513413002152756,35 to 39 years
5257,4452,0.764524285714281,0.4852428571428571,0.513413002152756,35 to 39 years
5258,1190,0.764524285714281,0.4852428571428571,0.513413002152756,35 to 39 years
5259,2938,0.764524285714281,0.4852428571428571,0.513413002152756,35 to 39 years
5260,555,0.764524285714281,0.4852428571428571,0.513413002152756,35 to 39 years
5261,3676,0.764524285714281,0.4852428571428571,0.513413002152756,35 to 39 years
5262,2578,0.764524285714281,0.4852428571428571,0.513413002152756,35 to 39 years
5263,2501,0.764524285714281,0.4852428571428571,0.513413002152756,35 to 39 years
5264,4811,0.764524285714281,0.4852428571428571,0.513413002152756,35 to 39 years
5265,8867,0.764524285714281,0.4852428571428571,0.513413002152756,35 to 39 years
5266,9660,0.46923887482363863,0.4852428571428571,0.513413002152756,35 to 39 years
5267,1084,0.764524285714281,0.4852428571428571,0.513413002152756,35 to 39 years
5268,2921,0.764524285714281,0.4852428571428571,0.513413002152756,35 to 39 years
5269,7442,0.44704869178742135,0.4852428571428571,0.513413002152756,35 to 39 years
5270,5778,0.764524285714281,0.4852428571428571,0.513413002152756,35 to 39 years
5271,4952,0.764524285714281,0.4852428571428571,0.513413002152756,35 to 39 years
5272,6541,0.764524285714281,0.4852428571428571,0.513413002152756,35 to 39 years
5273,2110,0.764524285714281,0.4852428571428571,0.513413002152756,35 to 39 years
5274,2922,0.764524285714281,0.4852428571428571,0.513413002152756,35 to 39 years
5275,3829,0.764524285714281,0.4852428571428571,0.513413002152756,35 to 39 years
5276,807,0.4348189050591396,0.4852428571428571,0.513413002152756,35 to 39 years
5277,7791,0.764524285714281,0.4852428571428571,0.513413002152756,35 to 39 years
5278,624,0.764524285714281,0.4852428571428571,0.513413002152756,35 to 39 years
5279,5950,0.764524285714281,0.4852428571428571,0.513413002152756,35 to 39 years
5280,2937,0.764524285714281,0.4852428571428571,0.513413002152756,35 to 39 years
5281,6950,0.764524285714281,0.4852428571428571,0.513413002152756,35 to 39 years
5282,6142,0.764524285714281,0.4852428571428571,0.513413002152756,35 to 39 years
5283,9072,0.764524285714281,0.4852428571428571,0.513413002152756,35 to 39 years
5284,2391,0.764524285714281,0.4852428571428571,0.513413002152756,35 to 39 years
5285,388,0.764524285714281,0.4852428571428571,0.513413002152756,35 to 39 years
5286,2827,0.764524285714281,0.4852428571428571,0.513413002152756,35 to 39 years
5287,580,0.764524285714281,0.4852428571428571,0.513413002152756,35 to 39 years
5288,693,0.764524285714281,0.4852428571428571,0.513413002152756,35 to 39 years
5289,5240,0.764524285714281,0.4852428571428571,0.513413002152756,35 to 39 years
5290,8465,0.764524285714281,0.4852428571428571,0.513413002152756,35 to 39 years
5291,1098,0.764524285714281,0.4852428571428571,0.513413002152756,35 to 39 years
5292,2667,0.764524285714281,0.4852428571428571,0.513413002152756,35 to 39 years
5293,2619,0.764524285714281,0.4852428571428571,0.513413002152756,35 to 39 years
5294,9477,0.764524285714281,0.4852428571428571,0.513413002152756,35 to 39 years
5295,1219,0.764524285714281,0.4852428571428571,0.513413002152756,35 to 39 years
5296,9233,0.764524285714281,0.4852428571428571,0.513413002152756,35 to 39 years
5297,1332,0.764524285714281,0.4852428571428571,0.513413002152756,35 to 39 years
5298,1123,0.764524285714281,0.4852428571428571,0.513413002152756,35 to 39 years
5299,1608,0.764524285714281,0.4852428571428571,0.513413002152756,35 to 39 years
5300,8314,0.764524285714281,0.4852428571428571,0.513413002152756,35 to 39 years
5301,287,0.764524285714281,0.4852428571428571,0.513413002152756,35 to 39 years
5302,628,0.764524285714281,0.4852428571428571,0.513413002152756,35 to 39 years
5303,8727,0.764524285714281,0.4852428571428571,0.513413002152756,35 to 39 years
5304,9501,0.764524285714281,0.4852428571428571,0.513413002152756,35 to 39 years
5305,446,0.764524285714281,0.4852428571428571,0.513413002152756,35 to 39 years
5306,5889,0.764524285714281,0.4852428571428571,0.513413002152756,35 to 39 years
5307,125,0.764524285714281,0.4852428571428571,0.513413002152756,35 to 39 years
5308,6240,0.764524285714281,0.4852428571428571,0.513413002152756,35 to 39 years
5309,4227,0.764524285714281,0.4852428571428571,0.513413002152756,35 to 39 years
5310,1349,0.764524285714281,0.4852428571428571,0.513413002152756,35 to 39 years
5311,3758,0.764524285714281,0.4852428571428571,0.513413002152756,35 to 39 years
5312,5164,0.764524285714281,0.4852428571428571,0.513413002152756,35 to 39 years
5313,9498,0.764524285714281,0.4852428571428571,0.513413002152756,35 to 39 years
5314,5090,0.764524285714281,0.4852428571428571,0.513413002152756,35 to 39 years
5315,6286,0.764524285714281,0.4852428571428571,0.513413002152756,35 to 39 years
5316,7467,0.764524285714281,0.4852428571428571,0.513413002152756,35 to 39 years
5317,3160,0.764524285714281,0.4852428571428571,0.513413002152756,35 to 39 years
5318,2142,0.764524285714281,0.4852428571428571,0.513413002152756,35 to 39 years
5319,5877,0.764524285714281,0.4852428571428571,0.513413002152756,35 to 39 years
5320,2271,0.764524285714281,0.4852428571428571,0.513413002152756,35 to 39 years
5321,7827,0.764524285714281,0.4852428571428571,0.513413002152756,35 to 39 years
5322,8324,0.764524285714281,0.4852428571428571,0.513413002152756,35 to 39 years
5323,9567,0.764524285714281,0.4852428571428571,0.513413002152756,35 to 39 years
5324,1982,0.764524285714281,0.4852428571428571,0.513413002152756,35 to 39 years
5325,2366,0.764524285714281,0.4852428571428571,0.513413002152756,35 to 39 years
5326,4035,0.764524285714281,0.4852428571428571,0.513413002152756,35 to 39 years
5327,981,0.764524285714281,0.4852428571428571,0.513413002152756,35 to 39 years
5328,8191,0.764524285714281,0.4852428571428571,0.513413002152756,35 to 39 years
5329,5948,0.764524285714281,0.4852428571428571,0.513413002152756,35 to 39 years
5330,2111,0.764524285714281,0.4852428571428571,0.513413002152756,35 to 39 years
5331,6847,0.764524285714281,0.4852428571428571,0.513413002152756,35 to 39 years
5332,4308,0.764524285714281,0.4852428571428571,0.513413002152756,35 to 39 years
5333,8482,0.764524285714281,0.4852428571428571,0.513413002152756,35 to 39 years
5334,2674,0.764524285714281,0.4852428571428571,0.513413002152756,35 to 39 years
5335,454,0.764524285714281,0.4852428571428571,0.513413002152756,35 to 39 years
5336,6393,0.764524285714281,0.4852428571428571,0.513413002152756,35 to 39 years
5337,1867,0.764524285714281,0.4852428571428571,0.513413002152756,35 to 39 years
5338,2464,0.764524285714281,0.4852428571428571,0.513413002152756,35 to 39 years
5339,4223,0.764524285714281,0.4852428571428571,0.513413002152756,35 to 39 years
5340,5237,0.764524285714281,0.4852428571428571,0.513413002152756,35 to 39 years
5341,1169,0.764524285714281,0.4852428571428571,0.513413002152756,35 to 39 years
5342,2758,0.764524285714281,0.4852428571428571,0.513413002152756,35 to 39 years
5343,9408,0.764524285714281,0.4852428571428571,0.513413002152756,35 to 39 years
5344,9735,0.764524285714281,0.4852428571428571,0.513413002152756,35 to 39 years
5345,8517,0.764524285714281,0.4852428571428571,0.513413002152756,35 to 39 years
5346,8136,0.764524285714281,0.4852428571428571,0.513413002152756,35 to 39 years
5347,8068,0.764524285714281,0.4852428571428571,0.513413002152756,35 to 39 years
5348,4149,0.764524285714281,0.4852428571428571,0.513413002152756,35 to 39 years
5349,7228,0.764524285714281,0.4852428571428571,0.513413002152756,35 to 39 years
5350,2240,0.764524285714281,0.4852428571428571,0.513413002152756,35 to 39 years
5351,3219,0.764524285714281,0.4852428571428571,0.513413002152756,35 to 39 years
5352,7134,0.764524285714281,0.4852428571428571,0.513413002152756,35 to 39 years
5353,707,0.764524285714281,0.4852428571428571,0.513413002152756,35 to 39 years
5354,7557,0.764524285714281,0.4852428571428571,0.513413002152756,35 to 39 years
5355,795,0.764524285714281,0.4852428571428571,0.513413002152756,35 to 39 years
5356,8154,0.764524285714281,0.4852428571428571,0.513413002152756,35 to 39 years
5357,137,0.764524285714281,0.4852428571428571,0.513413002152756,35 to 39 years
5358,3278,0.764524285714281,0.4852428571428571,0.513413002152756,35 to 39 years
5359,6684,0.764524285714281,0.4852428571428571,0.513413002152756,35 to 39 years
5360,5044,0.764524285714281,0.4852428571428571,0.513413002152756,35 to 39 years
5361,8192,0.764524285714281,0.4852428571428571,0.513413002152756,35 to 39 years
5362,6003,0.764524285714281,0.4852428571428571,0.513413002152756,35 to 39 years
5363,165,0.764524285714281,0.4852428571428571,0.513413002152756,35 to 39 years
5364,5295,0.621252386821203,0.4852428571428571,0.513413002152756,35 to 39 years
5365,1184,0.764524285714281,0.4852428571428571,0.513413002152756,35 to 39 years
5366,9682,0.764524285714281,0.4852428571428571,0.513413002152756,35 to 39 years
5367,8993,0.764524285714281,0.4852428571428571,0.513413002152756,35 to 39 years
5368,5766,0.764524285714281,0.4852428571428571,0.513413002152756,35 to 39 years
5369,7643,0.764524285714281,0.4852428571428571,0.513413002152756,35 to 39 years
5370,4609,0.764524285714281,0.4852428571428571,0.513413002152756,35 to 39 years
5371,1172,0.764524285714281,0.4852428571428571,0.513413002152756,35 to 39 years
5372,4807,0.764524285714281,0.4852428571428571,0.513413002152756,35 to 39 years
5373,9557,0.764524285714281,0.4852428571428571,0.513413002152756,35 to 39 years
5374,5425,0.764524285714281,0.4852428571428571,0.513413002152756,35 to 39 years
5375,6657,0.764524285714281,0.4852428571428571,0.513413002152756,35 to 39 years
5376,4371,0.764524285714281,0.4852428571428571,0.513413002152756,35 to 39 years
5377,7369,0.764524285714281,0.4852428571428571,0.513413002152756,35 to 39 years
5378,2737,0.764524285714281,0.4852428571428571,0.513413002152756,35 to 39 years
5379,7443,0.764524285714281,0.4852428571428571,0.513413002152756,35 to 39 years
5380,8100,0.764524285714281,0.4852428571428571,0.513413002152756,35 to 39 years
5381,5740,0.764524285714281,0.4852428571428571,0.513413002152756,35 to 39 years
5382,3340,0.764524285714281,0.4852428571428571,0.513413002152756,35 to 39 years
5383,5251,0.764524285714281,0.4852428571428571,0.513413002152756,35 to 39 years
5384,8410,0.764524285714281,0.4852428571428571,0.513413002152756,35 to 39 years
5385,4889,0.764524285714281,0.4852428571428571,0.513413002152756,35 to 39 years
5386,8844,0.764524285714281,0.4852428571428571,0.513413002152756,35 to 39 years
5387,5342,0.764524285714281,0.4852428571428571,0.513413002152756,35 to 39 years
5388,5689,0.764524285714281,0.4852428571428571,0.513413002152756,35 to 39 years
5389,2368,0.764524285714281,0.4852428571428571,0.513413002152756,35 to 39 years
5390,6865,0.764524285714281,0.4852428571428571,0.513413002152756,35 to 39 years
5391,6565,0.764524285714281,0.4852428571428571,0.513413002152756,35 to 39 years
5392,5381,0.764524285714281,0.4852428571428571,0.513413002152756,35 to 39 years
5393,7246,0.764524285714281,0.4852428571428571,0.513413002152756,35 to 39 years
5394,4427,0.764524285714281,0.4852428571428571,0.513413002152756,35 to 39 years
5395,5741,0.764524285714281,0.4852428571428571,0.513413002152756,35 to 39 years
5396,1675,0.764524285714281,0.4852428571428571,0.513413002152756,35 to 39 years
5397,2600,0.764524285714281,0.4852428571428571,0.513413002152756,35 to 39 years
5398,9443,0.764524285714281,0.4852428571428571,0.513413002152756,35 to 39 years
5399,2774,0.764524285714281,0.4852428571428571,0.513413002152756,35 to 39 years
5400,8848,0.764524285714281,0.4852428571428571,0.513413002152756,35 to 39 years
5401,869,0.764524285714281,0.4852428571428571,0.513413002152756,35 to 39 years
5402,6216,0.764524285714281,0.4852428571428571,0.513413002152756,35 to 39 years
5403,816,0.764524285714281,0.4852428571428571,0.513413002152756,35 to 39 years
5404,4481,0.764524285714281,0.4852428571428571,0.513413002152756,35 to 39 years
5405,9310,0.764524285714281,0.4852428571428571,0.513413002152756,35 to 39 years
5406,6597,0.764524285714281,0.4852428571428571,0.513413002152756,35 to 39 years
5407,6222,0.764524285714281,0.4852428571428571,0.513413002152756,35 to 39 years
5408,2373,0.764524285714281,0.4852428571428571,0.513413002152756,35 to 39 years
5409,5081,0.764524285714281,0.4852428571428571,0.513413002152756,35 to 39 years
5410,9593,0.25811808224409805,0.4852428571428571,0.513413002152756,35 to 39 years
5411,9110,0.764524285714281,0.4852428571428571,0.513413002152756,35 to 39 years
5412,8551,0.764524285714281,0.4852428571428571,0.513413002152756,35 to 39 years
5413,5173,0.4720639692643967,0.4852428571428571,0.513413002152756,35 to 39 years
5414,3923,0.764524285714281,0.4852428571428571,0.513413002152756,35 to 39 years
5415,4751,0.764524285714281,0.4852428571428571,0.513413002152756,35 to 39 years
5416,9594,0.764524285714281,0.4852428571428571,0.513413002152756,35 to 39 years
5417,9656,0.764524285714281,0.4852428571428571,0.513413002152756,35 to 39 years
5418,9517,0.764524285714281,0.4852428571428571,0.513413002152756,35 to 39 years
5419,276,0.764524285714281,0.4852428571428571,0.513413002152756,35 to 39 years
5420,6618,0.764524285714281,0.4852428571428571,0.513413002152756,35 to 39 years
5421,4684,0.764524285714281,0.4852428571428571,0.513413002152756,35 to 39 years
5422,9846,0.764524285714281,0.4852428571428571,0.513413002152756,35 to 39 years
5423,2824,0.764524285714281,0.4852428571428571,0.513413002152756,35 to 39 years
5424,4138,0.764524285714281,0.4852428571428571,0.513413002152756,35 to 39 years
5425,5422,0.764524285714281,0.4852428571428571,0.513413002152756,35 to 39 years
5426,8543,0.764524285714281,0.4852428571428571,0.513413002152756,35 to 39 years
5427,7097,0.764524285714281,0.4852428571428571,0.513413002152756,35 to 39 years
5428,3010,0.764524285714281,0.4852428571428571,0.513413002152756,35 to 39 years
5429,8605,0.764524285714281,0.4852428571428571,0.513413002152756,35 to 39 years
5430,8505,0.764524285714281,0.4852428571428571,0.513413002152756,35 to 39 years
5431,7906,0.764524285714281,0.4852428571428571,0.513413002152756,35 to 39 years
5432,3466,0.764524285714281,0.4852428571428571,0.513413002152756,35 to 39 years
5433,28,0.764524285714281,0.4852428571428571,0.513413002152756,35 to 39 years
5434,5064,0.764524285714281,0.4852428571428571,0.513413002152756,35 to 39 years
5435,5159,0.764524285714281,0.4852428571428571,0.513413002152756,35 to 39 years
5436,9896,0.764524285714281,0.4852428571428571,0.513413002152756,35 to 39 years
5437,8500,0.764524285714281,0.4852428571428571,0.513413002152756,35 to 39 years
5438,8777,0.764524285714281,0.4852428571428571,0.513413002152756,35 to 39 years
5439,2025,0.764524285714281,0.4852428571428571,0.513413002152756,35 to 39 years
5440,6096,0.764524285714281,0.4852428571428571,0.513413002152756,35 to 39 years
5441,8741,0.47604380131657187,0.4852428571428571,0.513413002152756,35 to 39 years
5442,7961,0.764524285714281,0.4852428571428571,0.513413002152756,35 to 39 years
5443,47,0.764524285714281,0.4852428571428571,0.513413002152756,35 to 39 years
5444,7682,0.764524285714281,0.4852428571428571,0.513413002152756,35 to 39 years
5445,6221,0.764524285714281,0.4852428571428571,0.513413002152756,35 to 39 years
5446,2703,0.764524285714281,0.4852428571428571,0.513413002152756,35 to 39 years
5447,3572,0.764524285714281,0.4852428571428571,0.513413002152756,35 to 39 years
5448,3425,0.764524285714281,0.4852428571428571,0.513413002152756,35 to 39 years
5449,881,0.5418419284846809,0.4852428571428571,0.513413002152756,35 to 39 years
5450,7001,0.764524285714281,0.4852428571428571,0.513413002152756,35 to 39 years
5451,6706,0.764524285714281,0.4852428571428571,0.513413002152756,35 to 39 years
5452,3596,0.764524285714281,0.4852428571428571,0.513413002152756,35 to 39 years
5453,5249,0.764524285714281,0.4852428571428571,0.513413002152756,35 to 39 years
5454,7816,0.764524285714281,0.4852428571428571,0.513413002152756,35 to 39 years
5455,8276,0.764524285714281,0.4852428571428571,0.513413002152756,35 to 39 years
5456,4376,0.764524285714281,0.4852428571428571,0.513413002152756,35 to 39 years
5457,4867,0.764524285714281,0.4852428571428571,0.513413002152756,35 to 39 years
5458,7392,0.764524285714281,0.4852428571428571,0.513413002152756,35 to 39 years
5459,6969,0.764524285714281,0.4852428571428571,0.513413002152756,35 to 39 years
5460,2614,0.764524285714281,0.4852428571428571,0.513413002152756,35 to 39 years
5461,8,0.458743122457348,0.4852428571428571,0.513413002152756,35 to 39 years
5462,7898,0.764524285714281,0.4852428571428571,0.513413002152756,35 to 39 years
5463,4081,0.764524285714281,0.4852428571428571,0.513413002152756,35 to 39 years
5464,976,0.764524285714281,0.4852428571428571,0.513413002152756,35 to 39 years
5465,514,0.764524285714281,0.4852428571428571,0.513413002152756,35 to 39 years
5466,2715,0.764524285714281,0.4852428571428571,0.513413002152756,35 to 39 years
5467,8232,0.764524285714281,0.4852428571428571,0.513413002152756,35 to 39 years
5468,2574,0.764524285714281,0.4852428571428571,0.513413002152756,35 to 39 years
5469,1640,0.764524285714281,0.4852428571428571,0.513413002152756,35 to 39 years
5470,1007,0.764524285714281,0.4852428571428571,0.513413002152756,35 to 39 years
5471,8603,0.764524285714281,0.4852428571428571,0.513413002152756,35 to 39 years
5472,9968,0.764524285714281,0.4852428571428571,0.513413002152756,35 to 39 years
5473,6737,0.764524285714281,0.4852428571428571,0.513413002152756,35 to 39 years
5474,7385,0.764524285714281,0.4852428571428571,0.513413002152756,35 to 39 years
5475,8352,0.764524285714281,0.4852428571428571,0.513413002152756,35 to 39 years
5476,7109,0.764524285714281,0.4852428571428571,0.513413002152756,35 to 39 years
5477,5560,0.764524285714281,0.4852428571428571,0.513413002152756,35 to 39 years
5478,6351,0.764524285714281,0.4852428571428571,0.513413002152756,35 to 39 years
5479,2580,0.31020301576090364,0.4852428571428571,0.513413002152756,40 to 44 years
5480,7920,0.7415242857141031,0.4852428571428571,0.513413002152756,40 to 44 years
5481,6800,0.7415242857141031,0.4852428571428571,0.513413002152756,40 to 44 years
5482,1561,0.7415242857141031,0.4852428571428571,0.513413002152756,40 to 44 years
5483,4840,0.7415242857141031,0.4852428571428571,0.513413002152756,40 to 44 years
5484,9630,0.7415242857141031,0.4852428571428571,0.513413002152756,40 to 44 years
5485,5677,0.7415242857141031,0.4852428571428571,0.513413002152756,40 to 44 years
5486,3009,0.7415242857141031,0.4852428571428571,0.513413002152756,40 to 44 years
5487,1031,0.7415242857141031,0.4852428571428571,0.513413002152756,40 to 44 years
5488,9694,0.7415242857141031,0.4852428571428571,0.513413002152756,40 to 44 years
5489,9024,0.7415242857141031,0.4852428571428571,0.513413002152756,40 to 44 years
5490,7399,0.7415242857141031,0.4852428571428571,0.513413002152756,40 to 44 years
5491,7847,0.7415242857141031,0.4852428571428571,0.513413002152756,40 to 44 years
5492,1558,0.7415242857141031,0.4852428571428571,0.513413002152756,40 to 44 years
5493,4483,0.7415242857141031,0.4852428571428571,0.513413002152756,40 to 44 years
5494,1826,0.47342821664376206,0.4852428571428571,0.513413002152756,40 to 44 years
5495,5923,0.7415242857141031,0.4852428571428571,0.513413002152756,40 to 44 years
5496,5047,0.7415242857141031,0.4852428571428571,0.513413002152756,40 to 44 years
5497,6217,0.7415242857141031,0.4852428571428571,0.513413002152756,40 to 44 years
5498,7313,0.7415242857141031,0.4852428571428571,0.513413002152756,40 to 44 years
5499,9105,0.7415242857141031,0.4852428571428571,0.513413002152756,40 to 44 years
5500,3583,0.29867201873000515,0.4852428571428571,0.513413002152756,40 to 44 years
5501,3084,0.7415242857141031,0.4852428571428571,0.513413002152756,40 to 44 years
5502,3458,0.7415242857141031,0.4852428571428571,0.513413002152756,40 to 44 years
5503,1251,0.7415242857141031,0.4852428571428571,0.513413002152756,40 to 44 years
5504,8202,0.7415242857141031,0.4852428571428571,0.513413002152756,40 to 44 years
5505,677,0.7415242857141031,0.4852428571428571,0.513413002152756,40 to 44 years
5506,5080,0.7415242857141031,0.4852428571428571,0.513413002152756,40 to 44 years
5507,9752,0.7415242857141031,0.4852428571428571,0.513413002152756,40 to 44 years
5508,9520,0.7415242857141031,0.4852428571428571,0.513413002152756,40 to 44 years
5509,4194,0.3876771392716759,0.4852428571428571,0.513413002152756,40 to 44 years
5510,322,0.7415242857141031,0.4852428571428571,0.513413002152756,40 to 44 years
5511,1243,0.7415242857141031,0.4852428571428571,0.513413002152756,40 to 44 years
5512,4807,0.7415242857141031,0.4852428571428571,0.513413002152756,40 to 44 years
5513,6347,0.7415242857141031,0.4852428571428571,0.513413002152756,40 to 44 years
5514,111,0.7415242857141031,0.4852428571428571,0.513413002152756,40 to 44 years
5515,6768,0.7415242857141031,0.4852428571428571,0.513413002152756,40 to 44 years
5516,529,0.7415242857141031,0.4852428571428571,0.513413002152756,40 to 44 years
5517,1560,0.7415242857141031,0.4852428571428571,0.513413002152756,40 to 44 years
5518,4467,0.7415242857141031,0.4852428571428571,0.513413002152756,40 to 44 years
5519,4680,0.7415242857141031,0.4852428571428571,0.513413002152756,40 to 44 years
5520,686,0.7415242857141031,0.4852428571428571,0.513413002152756,40 to 44 years
5521,8026,0.7415242857141031,0.4852428571428571,0.513413002152756,40 to 44 years
5522,6742,0.7415242857141031,0.4852428571428571,0.513413002152756,40 to 44 years
5523,5600,0.7415242857141031,0.4852428571428571,0.513413002152756,40 to 44 years
5524,7695,0.7415242857141031,0.4852428571428571,0.513413002152756,40 to 44 years
5525,4879,0.7415242857141031,0.4852428571428571,0.513413002152756,40 to 44 years
5526,2053,0.7415242857141031,0.4852428571428571,0.513413002152756,40 to 44 years
5527,5731,0.7415242857141031,0.4852428571428571,0.513413002152756,40 to 44 years
5528,6190,0.7415242857141031,0.4852428571428571,0.513413002152756,40 to 44 years
5529,1278,0.7415242857141031,0.4852428571428571,0.513413002152756,40 to 44 years
5530,5039,0.7415242857141031,0.4852428571428571,0.513413002152756,40 to 44 years
5531,5046,0.7415242857141031,0.4852428571428571,0.513413002152756,40 to 44 years
5532,5306,0.7415242857141031,0.4852428571428571,0.513413002152756,40 to 44 years
5533,7206,0.7415242857141031,0.4852428571428571,0.513413002152756,40 to 44 years
5534,786,0.7415242857141031,0.4852428571428571,0.513413002152756,40 to 44 years
5535,1684,0.7415242857141031,0.4852428571428571,0.513413002152756,40 to 44 years
5536,4447,0.4218799407601481,0.4852428571428571,0.513413002152756,40 to 44 years
5537,967,0.7415242857141031,0.4852428571428571,0.513413002152756,40 to 44 years
5538,2748,0.7415242857141031,0.4852428571428571,0.513413002152756,40 to 44 years
5539,1621,0.7415242857141031,0.4852428571428571,0.513413002152756,40 to 44 years
5540,7759,0.7415242857141031,0.4852428571428571,0.513413002152756,40 to 44 years
5541,7898,0.7415242857141031,0.4852428571428571,0.513413002152756,40 to 44 years
5542,892,0.7415242857141031,0.4852428571428571,0.513413002152756,40 to 44 years
5543,559,0.7415242857141031,0.4852428571428571,0.513413002152756,40 to 44 years
5544,4224,0.7415242857141031,0.4852428571428571,0.513413002152756,40 to 44 years
5545,544,0.7415242857141031,0.4852428571428571,0.513413002152756,40 to 44 years
5546,4300,0.7415242857141031,0.4852428571428571,0.513413002152756,40 to 44 years
5547,6655,0.7415242857141031,0.4852428571428571,0.513413002152756,40 to 44 years
5548,6409,0.7415242857141031,0.4852428571428571,0.513413002152756,40 to 44 years
5549,7892,0.7415242857141031,0.4852428571428571,0.513413002152756,40 to 44 years
5550,318,0.7415242857141031,0.4852428571428571,0.513413002152756,40 to 44 years
5551,1938,0.7415242857141031,0.4852428571428571,0.513413002152756,40 to 44 years
5552,8241,0.39793620290446874,0.4852428571428571,0.513413002152756,40 to 44 years
5553,3813,0.7415242857141031,0.4852428571428571,0.513413002152756,40 to 44 years
5554,9953,0.7415242857141031,0.4852428571428571,0.513413002152756,40 to 44 years
5555,6551,0.7415242857141031,0.4852428571428571,0.513413002152756,40 to 44 years
5556,247,0.7415242857141031,0.4852428571428571,0.513413002152756,40 to 44 years
5557,1320,0.7415242857141031,0.4852428571428571,0.513413002152756,40 to 44 years
5558,6873,0.7415242857141031,0.4852428571428571,0.513413002152756,40 to 44 years
5559,5963,0.7415242857141031,0.4852428571428571,0.513413002152756,40 to 44 years
5560,3154,0.7415242857141031,0.4852428571428571,0.513413002152756,40 to 44 years
5561,1740,0.7415242857141031,0.4852428571428571,0.513413002152756,40 to 44 years
5562,5334,0.7415242857141031,0.4852428571428571,0.513413002152756,40 to 44 years
5563,3218,0.7415242857141031,0.4852428571428571,0.513413002152756,40 to 44 years
5564,1694,0.7415242857141031,0.4852428571428571,0.513413002152756,40 to 44 years
5565,5354,0.7415242857141031,0.4852428571428571,0.513413002152756,40 to 44 years
5566,3159,0.7415242857141031,0.4852428571428571,0.513413002152756,40 to 44 years
5567,4616,0.7415242857141031,0.4852428571428571,0.513413002152756,40 to 44 years
5568,2490,0.7415242857141031,0.4852428571428571,0.513413002152756,40 to 44 years
5569,631,0.7415242857141031,0.4852428571428571,0.513413002152756,40 to 44 years
5570,8977,0.7415242857141031,0.4852428571428571,0.513413002152756,40 to 44 years
5571,7238,0.7415242857141031,0.4852428571428571,0.513413002152756,40 to 44 years
5572,1074,0.7415242857141031,0.4852428571428571,0.513413002152756,40 to 44 years
5573,273,0.7415242857141031,0.4852428571428571,0.513413002152756,40 to 44 years
5574,1608,0.7415242857141031,0.4852428571428571,0.513413002152756,40 to 44 years
5575,8904,0.7415242857141031,0.4852428571428571,0.513413002152756,40 to 44 years
5576,3301,0.7415242857141031,0.4852428571428571,0.513413002152756,40 to 44 years
5577,2271,0.7415242857141031,0.4852428571428571,0.513413002152756,40 to 44 years
5578,4734,0.7415242857141031,0.4852428571428571,0.513413002152756,40 to 44 years
5579,6572,0.7415242857141031,0.4852428571428571,0.513413002152756,40 to 44 years
5580,6576,0.7415242857141031,0.4852428571428571,0.513413002152756,40 to 44 years
5581,1810,0.7415242857141031,0.4852428571428571,0.513413002152756,40 to 44 years
5582,2373,0.7415242857141031,0.4852428571428571,0.513413002152756,40 to 44 years
5583,9503,0.7415242857141031,0.4852428571428571,0.513413002152756,40 to 44 years
5584,9290,0.7415242857141031,0.4852428571428571,0.513413002152756,40 to 44 years
5585,9738,0.3090915634674607,0.4852428571428571,0.513413002152756,40 to 44 years
5586,986,0.7415242857141031,0.4852428571428571,0.513413002152756,40 to 44 years
5587,6152,0.7415242857141031,0.4852428571428571,0.513413002152756,40 to 44 years
5588,3680,0.7415242857141031,0.4852428571428571,0.513413002152756,40 to 44 years
5589,3153,0.7415242857141031,0.4852428571428571,0.513413002152756,40 to 44 years
5590,9904,0.7415242857141031,0.4852428571428571,0.513413002152756,40 to 44 years
5591,8830,0.7415242857141031,0.4852428571428571,0.513413002152756,40 to 44 years
5592,2145,0.7415242857141031,0.4852428571428571,0.513413002152756,40 to 44 years
5593,8799,0.7415242857141031,0.4852428571428571,0.513413002152756,40 to 44 years
5594,3579,0.7415242857141031,0.4852428571428571,0.513413002152756,40 to 44 years
5595,4862,0.7415242857141031,0.4852428571428571,0.513413002152756,40 to 44 years
5596,6148,0.7415242857141031,0.4852428571428571,0.513413002152756,40 to 44 years
5597,9376,0.7415242857141031,0.4852428571428571,0.513413002152756,40 to 44 years
5598,9242,0.7415242857141031,0.4852428571428571,0.513413002152756,40 to 44 years
5599,7081,0.7415242857141031,0.4852428571428571,0.513413002152756,40 to 44 years
5600,1183,0.7415242857141031,0.4852428571428571,0.513413002152756,40 to 44 years
5601,4028,0.7415242857141031,0.4852428571428571,0.513413002152756,40 to 44 years
5602,5617,0.313115849194803,0.4852428571428571,0.513413002152756,40 to 44 years
5603,1455,0.7415242857141031,0.4852428571428571,0.513413002152756,40 to 44 years
5604,567,0.7415242857141031,0.4852428571428571,0.513413002152756,40 to 44 years
5605,9788,0.7415242857141031,0.4852428571428571,0.513413002152756,40 to 44 years
5606,7662,0.7415242857141031,0.4852428571428571,0.513413002152756,40 to 44 years
5607,8593,0.7415242857141031,0.4852428571428571,0.513413002152756,40 to 44 years
5608,4667,0.7415242857141031,0.4852428571428571,0.513413002152756,40 to 44 years
5609,8763,0.7415242857141031,0.4852428571428571,0.513413002152756,40 to 44 years
5610,2573,0.7415242857141031,0.4852428571428571,0.513413002152756,40 to 44 years
5611,2941,0.7415242857141031,0.4852428571428571,0.513413002152756,40 to 44 years
5612,7512,0.7415242857141031,0.4852428571428571,0.513413002152756,40 to 44 years
5613,4468,0.7415242857141031,0.4852428571428571,0.513413002152756,40 to 44 years
5614,4496,0.7415242857141031,0.4852428571428571,0.513413002152756,40 to 44 years
5615,8337,0.35791398783445366,0.4852428571428571,0.513413002152756,40 to 44 years
5616,6493,0.7415242857141031,0.4852428571428571,0.513413002152756,40 to 44 years
5617,3544,0.7415242857141031,0.4852428571428571,0.513413002152756,40 to 44 years
5618,6230,0.7415242857141031,0.4852428571428571,0.513413002152756,40 to 44 years
5619,3821,0.17299377928601256,0.4852428571428571,0.513413002152756,40 to 44 years
5620,6477,0.7415242857141031,0.4852428571428571,0.513413002152756,40 to 44 years
5621,6236,0.6588383785178505,0.4852428571428571,0.513413002152756,40 to 44 years
5622,3575,0.7415242857141031,0.4852428571428571,0.513413002152756,40 to 44 years
5623,923,0.7415242857141031,0.4852428571428571,0.513413002152756,40 to 44 years
5624,1401,0.7415242857141031,0.4852428571428571,0.513413002152756,40 to 44 years
5625,6669,0.7415242857141031,0.4852428571428571,0.513413002152756,40 to 44 years
5626,6157,0.7415242857141031,0.4852428571428571,0.513413002152756,40 to 44 years
5627,9253,0.7415242857141031,0.4852428571428571,0.513413002152756,40 to 44 years
5628,7827,0.7415242857141031,0.4852428571428571,0.513413002152756,40 to 44 years
5629,5167,0.7415242857141031,0.4852428571428571,0.513413002152756,40 to 44 years
5630,7499,0.7415242857141031,0.4852428571428571,0.513413002152756,40 to 44 years
5631,3898,0.7415242857141031,0.4852428571428571,0.513413002152756,40 to 44 years
5632,4546,0.7415242857141031,0.4852428571428571,0.513413002152756,40 to 44 years
5633,4000,0.7415242857141031,0.4852428571428571,0.513413002152756,40 to 44 years
5634,9608,0.7415242857141031,0.4852428571428571,0.513413002152756,40 to 44 years
5635,632,0.7415242857141031,0.4852428571428571,0.513413002152756,40 to 44 years
5636,5987,0.7415242857141031,0.4852428571428571,0.513413002152756,40 to 44 years
5637,5320,0.7415242857141031,0.4852428571428571,0.513413002152756,40 to 44 years
5638,4259,0.7415242857141031,0.4852428571428571,0.513413002152756,40 to 44 years
5639,6306,0.43433601346816836,0.4852428571428571,0.513413002152756,40 to 44 years
5640,4644,0.7415242857141031,0.4852428571428571,0.513413002152756,40 to 44 years
5641,9132,0.7415242857141031,0.4852428571428571,0.513413002152756,40 to 44 years
5642,5257,0.7415242857141031,0.4852428571428571,0.513413002152756,40 to 44 years
5643,3490,0.7415242857141031,0.4852428571428571,0.513413002152756,40 to 44 years
5644,7390,0.7415242857141031,0.4852428571428571,0.513413002152756,40 to 44 years
5645,297,0.7415242857141031,0.4852428571428571,0.513413002152756,40 to 44 years
5646,4643,0.7415242857141031,0.4852428571428571,0.513413002152756,40 to 44 years
5647,6555,0.29660500963896386,0.4852428571428571,0.513413002152756,40 to 44 years
5648,474,0.7415242857141031,0.4852428571428571,0.513413002152756,40 to 44 years
5649,382,0.7415242857141031,0.4852428571428571,0.513413002152756,40 to 44 years
5650,1589,0.7415242857141031,0.4852428571428571,0.513413002152756,40 to 44 years
5651,2901,0.7415242857141031,0.4852428571428571,0.513413002152756,40 to 44 years
5652,1789,0.3775301822803311,0.4852428571428571,0.513413002152756,40 to 44 years
5653,3504,0.7415242857141031,0.4852428571428571,0.513413002152756,40 to 44 years
5654,9742,0.7415242857141031,0.4852428571428571,0.513413002152756,40 to 44 years
5655,9227,0.7415242857141031,0.4852428571428571,0.513413002152756,40 to 44 years
5656,8780,0.7415242857141031,0.4852428571428571,0.513413002152756,40 to 44 years
5657,3242,0.7415242857141031,0.4852428571428571,0.513413002152756,40 to 44 years
5658,2831,0.7415242857141031,0.4852428571428571,0.513413002152756,40 to 44 years
5659,3230,0.7415242857141031,0.4852428571428571,0.513413002152756,40 to 44 years
5660,9264,0.42329968238373233,0.4852428571428571,0.513413002152756,40 to 44 years
5661,573,0.7415242857141031,0.4852428571428571,0.513413002152756,40 to 44 years
5662,8778,0.7415242857141031,0.4852428571428571,0.513413002152756,40 to 44 years
5663,8371,0.7415242857141031,0.4852428571428571,0.513413002152756,40 to 44 years
5664,2372,0.7415242857141031,0.4852428571428571,0.513413002152756,40 to 44 years
5665,8898,0.7415242857141031,0.4852428571428571,0.513413002152756,40 to 44 years
5666,6343,0.7415242857141031,0.4852428571428571,0.513413002152756,40 to 44 years
5667,9862,0.7415242857141031,0.4852428571428571,0.513413002152756,40 to 44 years
5668,2794,0.23557536929122463,0.4852428571428571,0.513413002152756,40 to 44 years
5669,1891,0.7415242857141031,0.4852428571428571,0.513413002152756,40 to 44 years
5670,765,0.7415242857141031,0.4852428571428571,0.513413002152756,40 to 44 years
5671,6772,0.7415242857141031,0.4852428571428571,0.513413002152756,40 to 44 years
5672,7145,0.7415242857141031,0.4852428571428571,0.513413002152756,40 to 44 years
5673,3441,0.7415242857141031,0.4852428571428571,0.513413002152756,40 to 44 years
5674,7228,0.4631421416303323,0.4852428571428571,0.513413002152756,40 to 44 years
5675,7937,0.7415242857141031,0.4852428571428571,0.513413002152756,40 to 44 years
5676,7357,0.7415242857141031,0.4852428571428571,0.513413002152756,40 to 44 years
5677,818,0.7415242857141031,0.4852428571428571,0.513413002152756,40 to 44 years
5678,226,0.7415242857141031,0.4852428571428571,0.513413002152756,40 to 44 years
5679,1861,0.7415242857141031,0.4852428571428571,0.513413002152756,40 to 44 years
5680,4739,0.7415242857141031,0.4852428571428571,0.513413002152756,40 to 44 years
5681,3911,0.11128315399304468,0.4852428571428571,0.513413002152756,40 to 44 years
5682,1828,0.7415242857141031,0.4852428571428571,0.513413002152756,40 to 44 years
5683,9857,0.7415242857141031,0.4852428571428571,0.513413002152756,40 to 44 years
5684,4726,0.37323479624207934,0.4852428571428571,0.513413002152756,40 to 44 years
5685,5745,0.7415242857141031,0.4852428571428571,0.513413002152756,40 to 44 years
5686,6282,0.7415242857141031,0.4852428571428571,0.513413002152756,40 to 44 years
5687,9022,0.7415242857141031,0.4852428571428571,0.513413002152756,40 to 44 years
5688,7250,0.7415242857141031,0.4852428571428571,0.513413002152756,40 to 44 years
5689,3011,0.7415242857141031,0.4852428571428571,0.513413002152756,40 to 44 years
5690,7667,0.7415242857141031,0.4852428571428571,0.513413002152756,40 to 44 years
5691,1233,0.7415242857141031,0.4852428571428571,0.513413002152756,40 to 44 years
5692,584,0.7415242857141031,0.4852428571428571,0.513413002152756,40 to 44 years
5693,8405,0.7415242857141031,0.4852428571428571,0.513413002152756,40 to 44 years
5694,120,0.7415242857141031,0.4852428571428571,0.513413002152756,40 to 44 years
5695,2649,0.7415242857141031,0.4852428571428571,0.513413002152756,40 to 44 years
5696,3296,0.7415242857141031,0.4852428571428571,0.513413002152756,40 to 44 years
5697,9978,0.7415242857141031,0.4852428571428571,0.513413002152756,40 to 44 years
5698,1817,0.7415242857141031,0.4852428571428571,0.513413002152756,40 to 44 years
5699,3852,0.7415242857141031,0.4852428571428571,0.513413002152756,40 to 44 years
5700,9175,0.7415242857141031,0.4852428571428571,0.513413002152756,40 to 44 years
5701,5075,0.7415242857141031,0.4852428571428571,0.513413002152756,40 to 44 years
5702,9475,0.7415242857141031,0.4852428571428571,0.513413002152756,40 to 44 years
5703,7949,0.7415242857141031,0.4852428571428571,0.513413002152756,40 to 44 years
5704,9778,0.7415242857141031,0.4852428571428571,0.513413002152756,40 to 44 years
5705,2812,0.7415242857141031,0.4852428571428571,0.513413002152756,40 to 44 years
5706,7078,0.7415242857141031,0.4852428571428571,0.513413002152756,40 to 44 years
5707,5623,0.7415242857141031,0.4852428571428571,0.513413002152756,40 to 44 years
5708,3844,0.7415242857141031,0.4852428571428571,0.513413002152756,40 to 44 years
5709,7344,0.7415242857141031,0.4852428571428571,0.513413002152756,40 to 44 years
5710,6004,0.7415242857141031,0.4852428571428571,0.513413002152756,40 to 44 years
5711,8625,0.5849275688466561,0.4852428571428571,0.513413002152756,40 to 44 years
5712,48,0.7415242857141031,0.4852428571428571,0.513413002152756,40 to 44 years
5713,1403,0.7415242857141031,0.4852428571428571,0.513413002152756,40 to 44 years
5714,5507,0.7415242857141031,0.4852428571428571,0.513413002152756,40 to 44 years
5715,1960,0.7415242857141031,0.4852428571428571,0.513413002152756,40 to 44 years
5716,5964,0.7415242857141031,0.4852428571428571,0.513413002152756,40 to 44 years
5717,8237,0.7415242857141031,0.4852428571428571,0.513413002152756,40 to 44 years
5718,899,0.7415242857141031,0.4852428571428571,0.513413002152756,40 to 44 years
5719,2420,0.7415242857141031,0.4852428571428571,0.513413002152756,40 to 44 years
5720,5345,0.7415242857141031,0.4852428571428571,0.513413002152756,40 to 44 years
5721,323,0.7415242857141031,0.4852428571428571,0.513413002152756,40 to 44 years
5722,7191,0.7415242857141031,0.4852428571428571,0.513413002152756,40 to 44 years
5723,9049,0.7415242857141031,0.4852428571428571,0.513413002152756,40 to 44 years
5724,9400,0.7415242857141031,0.4852428571428571,0.513413002152756,40 to 44 years
5725,5814,0.7415242857141031,0.4852428571428571,0.513413002152756,40 to 44 years
5726,378,0.7415242857141031,0.4852428571428571,0.513413002152756,40 to 44 years
5727,7927,0.7415242857141031,0.4852428571428571,0.513413002152756,40 to 44 years
5728,6245,0.7415242857141031,0.4852428571428571,0.513413002152756,40 to 44 years
5729,762,0.7415242857141031,0.4852428571428571,0.513413002152756,40 to 44 years
5730,7571,0.7415242857141031,0.4852428571428571,0.513413002152756,40 to 44 years
5731,4291,0.7415242857141031,0.4852428571428571,0.513413002152756,40 to 44 years
5732,808,0.7415242857141031,0.4852428571428571,0.513413002152756,40 to 44 years
5733,3081,0.7415242857141031,0.4852428571428571,0.513413002152756,40 to 44 years
5734,9156,0.7415242857141031,0.4852428571428571,0.513413002152756,40 to 44 years
5735,9161,0.7415242857141031,0.4852428571428571,0.513413002152756,40 to 44 years
5736,3922,0.7415242857141031,0.4852428571428571,0.513413002152756,40 to 44 years
5737,1840,0.7415242857141031,0.4852428571428571,0.513413002152756,40 to 44 years
5738,2395,0.5246228006815046,0.4852428571428571,0.513413002152756,40 to 44 years
5739,3593,0.7415242857141031,0.4852428571428571,0.513413002152756,40 to 44 years
5740,3848,0.7415242857141031,0.4852428571428571,0.513413002152756,40 to 44 years
5741,5184,0.7415242857141031,0.4852428571428571,0.513413002152756,40 to 44 years
5742,9949,0.7415242857141031,0.4852428571428571,0.513413002152756,40 to 44 years
5743,8638,0.7415242857141031,0.4852428571428571,0.513413002152756,40 to 44 years
5744,9628,0.7415242857141031,0.4852428571428571,0.513413002152756,40 to 44 years
5745,1185,0.7415242857141031,0.4852428571428571,0.513413002152756,40 to 44 years
5746,7790,0.7415242857141031,0.4852428571428571,0.513413002152756,40 to 44 years
5747,4529,0.7415242857141031,0.4852428571428571,0.513413002152756,40 to 44 years
5748,8479,0.7415242857141031,0.4852428571428571,0.513413002152756,40 to 44 years
5749,650,0.7415242857141031,0.4852428571428571,0.513413002152756,40 to 44 years
5750,8585,0.7415242857141031,0.4852428571428571,0.513413002152756,40 to 44 years
5751,4069,0.7415242857141031,0.4852428571428571,0.513413002152756,40 to 44 years
5752,7471,0.7415242857141031,0.4852428571428571,0.513413002152756,40 to 44 years
5753,1475,0.7415242857141031,0.4852428571428571,0.513413002152756,40 to 44 years
5754,117,0.7415242857141031,0.4852428571428571,0.513413002152756,40 to 44 years
5755,7643,0.7415242857141031,0.4852428571428571,0.513413002152756,40 to 44 years
5756,8239,0.2316334982652366,0.4852428571428571,0.513413002152756,40 to 44 years
5757,7879,0.7415242857141031,0.4852428571428571,0.513413002152756,40 to 44 years
5758,485,0.7415242857141031,0.4852428571428571,0.513413002152756,40 to 44 years
5759,2746,0.7415242857141031,0.4852428571428571,0.513413002152756,40 to 44 years
5760,1784,0.30089424839871315,0.4852428571428571,0.513413002152756,40 to 44 years
5761,7315,0.7415242857141031,0.4852428571428571,0.513413002152756,40 to 44 years
5762,3379,0.7415242857141031,0.4852428571428571,0.513413002152756,40 to 44 years
5763,7951,0.7415242857141031,0.4852428571428571,0.513413002152756,40 to 44 years
5764,4038,0.7415242857141031,0.4852428571428571,0.513413002152756,40 to 44 years
5765,8992,0.7415242857141031,0.4852428571428571,0.513413002152756,40 to 44 years
5766,2126,0.7415242857141031,0.4852428571428571,0.513413002152756,40 to 44 years
5767,6469,0.7415242857141031,0.4852428571428571,0.513413002152756,40 to 44 years
5768,4247,0.7415242857141031,0.4852428571428571,0.513413002152756,40 to 44 years
5769,6141,0.7415242857141031,0.4852428571428571,0.513413002152756,40 to 44 years
5770,9461,0.7415242857141031,0.4852428571428571,0.513413002152756,40 to 44 years
5771,5003,0.7415242857141031,0.4852428571428571,0.513413002152756,40 to 44 years
5772,2257,0.7415242857141031,0.4852428571428571,0.513413002152756,40 to 44 years
5773,1145,0.7415242857141031,0.4852428571428571,0.513413002152756,40 to 44 years
5774,1773,0.7415242857141031,0.4852428571428571,0.513413002152756,40 to 44 years
5775,9947,0.7415242857141031,0.4852428571428571,0.513413002152756,40 to 44 years
5776,5037,0.7415242857141031,0.4852428571428571,0.513413002152756,40 to 44 years
5777,9016,0.7415242857141031,0.4852428571428571,0.513413002152756,40 to 44 years
5778,8777,0.7415242857141031,0.4852428571428571,0.513413002152756,40 to 44 years
5779,5355,0.7415242857141031,0.4852428571428571,0.513413002152756,40 to 44 years
5780,9957,0.7415242857141031,0.4852428571428571,0.513413002152756,40 to 44 years
5781,3129,0.7415242857141031,0.4852428571428571,0.513413002152756,40 to 44 years
5782,1706,0.6101994730755074,0.4852428571428571,0.513413002152756,40 to 44 years
5783,8578,0.7415242857141031,0.4852428571428571,0.513413002152756,40 to 44 years
5784,1536,0.7415242857141031,0.4852428571428571,0.513413002152756,40 to 44 years
5785,4501,0.7415242857141031,0.4852428571428571,0.513413002152756,40 to 44 years
5786,5793,0.7415242857141031,0.4852428571428571,0.513413002152756,40 to 44 years
5787,3493,0.7415242857141031,0.4852428571428571,0.513413002152756,40 to 44 years
5788,6785,0.7415242857141031,0.4852428571428571,0.513413002152756,40 to 44 years
5789,5123,0.7415242857141031,0.4852428571428571,0.513413002152756,40 to 44 years
5790,8131,0.7415242857141031,0.4852428571428571,0.513413002152756,40 to 44 years
5791,1710,0.7415242857141031,0.4852428571428571,0.513413002152756,40 to 44 years
5792,3636,0.7415242857141031,0.4852428571428571,0.513413002152756,40 to 44 years
5793,1176,0.7415242857141031,0.4852428571428571,0.513413002152756,40 to 44 years
5794,5634,0.6523699622265043,0.4852428571428571,0.513413002152756,40 to 44 years
5795,3078,0.7415242857141031,0.4852428571428571,0.513413002152756,40 to 44 years
5796,7965,0.7415242857141031,0.4852428571428571,0.513413002152756,40 to 44 years
5797,7988,0.7415242857141031,0.4852428571428571,0.513413002152756,40 to 44 years
5798,978,0.7415242857141031,0.4852428571428571,0.513413002152756,40 to 44 years
5799,8119,0.7415242857141031,0.4852428571428571,0.513413002152756,40 to 44 years
5800,4302,0.7415242857141031,0.4852428571428571,0.513413002152756,40 to 44 years
5801,770,0.7415242857141031,0.4852428571428571,0.513413002152756,40 to 44 years
5802,4322,0.7415242857141031,0.4852428571428571,0.513413002152756,40 to 44 years
5803,4824,0.7415242857141031,0.4852428571428571,0.513413002152756,40 to 44 years
5804,8080,0.7415242857141031,0.4852428571428571,0.513413002152756,40 to 44 years
5805,3142,0.7415242857141031,0.4852428571428571,0.513413002152756,40 to 44 years
5806,5664,0.7415242857141031,0.4852428571428571,0.513413002152756,40 to 44 years
5807,4750,0.7415242857141031,0.4852428571428571,0.513413002152756,40 to 44 years
5808,9933,0.7415242857141031,0.4852428571428571,0.513413002152756,40 to 44 years
5809,3446,0.7415242857141031,0.4852428571428571,0.513413002152756,40 to 44 years
5810,1594,0.7415242857141031,0.4852428571428571,0.513413002152756,40 to 44 years
5811,1129,0.7415242857141031,0.4852428571428571,0.513413002152756,40 to 44 years
5812,3165,0.7415242857141031,0.4852428571428571,0.513413002152756,40 to 44 years
5813,1010,0.7415242857141031,0.4852428571428571,0.513413002152756,40 to 44 years
5814,3890,0.0,0.4852428571428571,0.513413002152756,40 to 44 years
5815,3310,0.7415242857141031,0.4852428571428571,0.513413002152756,40 to 44 years
5816,7811,0.7415242857141031,0.4852428571428571,0.513413002152756,40 to 44 years
5817,8850,0.7415242857141031,0.4852428571428571,0.513413002152756,40 to 44 years
5818,5183,0.7415242857141031,0.4852428571428571,0.513413002152756,40 to 44 years
5819,854,0.7415242857141031,0.4852428571428571,0.513413002152756,40 to 44 years
5820,1988,0.7415242857141031,0.4852428571428571,0.513413002152756,40 to 44 years
5821,9163,0.7415242857141031,0.4852428571428571,0.513413002152756,40 to 44 years
5822,4979,0.7415242857141031,0.4852428571428571,0.513413002152756,40 to 44 years
5823,7089,0.7415242857141031,0.4852428571428571,0.513413002152756,40 to 44 years
5824,2147,0.7415242857141031,0.4852428571428571,0.513413002152756,40 to 44 years
5825,1961,0.7415242857141031,0.4852428571428571,0.513413002152756,40 to 44 years
5826,8695,0.7415242857141031,0.4852428571428571,0.513413002152756,40 to 44 years
5827,7738,0.7415242857141031,0.4852428571428571,0.513413002152756,40 to 44 years
5828,1883,0.7415242857141031,0.4852428571428571,0.513413002152756,40 to 44 years
5829,9431,0.7415242857141031,0.4852428571428571,0.513413002152756,40 to 44 years
5830,704,0.7415242857141031,0.4852428571428571,0.513413002152756,40 to 44 years
5831,6788,0.7415242857141031,0.4852428571428571,0.513413002152756,40 to 44 years
5832,9462,0.7415242857141031,0.4852428571428571,0.513413002152756,40 to 44 years
5833,9842,0.7415242857141031,0.4852428571428571,0.513413002152756,40 to 44 years
5834,9576,0.7415242857141031,0.4852428571428571,0.513413002152756,40 to 44 years
5835,2541,0.41990244278369543,0.4852428571428571,0.513413002152756,40 to 44 years
5836,2319,0.7415242857141031,0.4852428571428571,0.513413002152756,40 to 44 years
5837,8442,0.7415242857141031,0.4852428571428571,0.513413002152756,40 to 44 years
5838,9970,0.7415242857141031,0.4852428571428571,0.513413002152756,40 to 44 years
5839,6052,0.7415242857141031,0.4852428571428571,0.513413002152756,40 to 44 years
5840,731,0.34250695539770776,0.4852428571428571,0.513413002152756,40 to 44 years
5841,1149,0.7415242857141031,0.4852428571428571,0.513413002152756,40 to 44 years
5842,850,0.7415242857141031,0.4852428571428571,0.513413002152756,40 to 44 years
5843,7931,0.7415242857141031,0.4852428571428571,0.513413002152756,40 to 44 years
5844,160,0.7415242857141031,0.4852428571428571,0.513413002152756,40 to 44 years
5845,1708,0.7415242857141031,0.4852428571428571,0.513413002152756,40 to 44 years
5846,6893,0.7415242857141031,0.4852428571428571,0.513413002152756,40 to 44 years
5847,8204,0.7415242857141031,0.4852428571428571,0.513413002152756,40 to 44 years
5848,6611,0.7415242857141031,0.4852428571428571,0.513413002152756,40 to 44 years
5849,0,0.7415242857141031,0.4852428571428571,0.513413002152756,40 to 44 years
5850,1764,0.7415242857141031,0.4852428571428571,0.513413002152756,40 to 44 years
5851,3778,0.7415242857141031,0.4852428571428571,0.513413002152756,40 to 44 years
5852,2179,0.7415242857141031,0.4852428571428571,0.513413002152756,40 to 44 years
5853,9948,0.7415242857141031,0.4852428571428571,0.513413002152756,40 to 44 years
5854,94,0.7415242857141031,0.4852428571428571,0.513413002152756,40 to 44 years
5855,9730,0.7415242857141031,0.4852428571428571,0.513413002152756,40 to 44 years
5856,2909,0.7415242857141031,0.4852428571428571,0.513413002152756,40 to 44 years
5857,4071,0.7415242857141031,0.4852428571428571,0.513413002152756,40 to 44 years
5858,540,0.7415242857141031,0.4852428571428571,0.513413002152756,40 to 44 years
5859,6786,0.7415242857141031,0.4852428571428571,0.513413002152756,40 to 44 years
5860,8118,0.7415242857141031,0.4852428571428571,0.513413002152756,40 to 44 years
5861,8537,0.7055589468327871,0.4852428571428571,0.513413002152756,40 to 44 years
5862,6544,0.7415242857141031,0.4852428571428571,0.513413002152756,40 to 44 years
5863,7121,0.7415242857141031,0.4852428571428571,0.513413002152756,40 to 44 years
5864,5476,0.7415242857141031,0.4852428571428571,0.513413002152756,40 to 44 years
5865,9650,0.7415242857141031,0.4852428571428571,0.513413002152756,40 to 44 years
5866,4693,0.7415242857141031,0.4852428571428571,0.513413002152756,40 to 44 years
5867,619,0.7415242857141031,0.4852428571428571,0.513413002152756,40 to 44 years
5868,8725,0.7415242857141031,0.4852428571428571,0.513413002152756,40 to 44 years
5869,8834,0.7415242857141031,0.4852428571428571,0.513413002152756,40 to 44 years
5870,5605,0.7415242857141031,0.4852428571428571,0.513413002152756,40 to 44 years
5871,572,0.7415242857141031,0.4852428571428571,0.513413002152756,40 to 44 years
5872,1634,0.7415242857141031,0.4852428571428571,0.513413002152756,40 to 44 years
5873,5826,0.7415242857141031,0.4852428571428571,0.513413002152756,40 to 44 years
5874,2869,0.21096900047604142,0.4852428571428571,0.513413002152756,40 to 44 years
5875,4403,0.7415242857141031,0.4852428571428571,0.513413002152756,40 to 44 years
5876,3897,0.2879198724297865,0.4852428571428571,0.513413002152756,40 to 44 years
5877,5854,0.7415242857141031,0.4852428571428571,0.513413002152756,40 to 44 years
5878,3113,0.38447393488678305,0.4852428571428571,0.513413002152756,40 to 44 years
5879,4537,0.7415242857141031,0.4852428571428571,0.513413002152756,40 to 44 years
5880,6623,0.7415242857141031,0.4852428571428571,0.513413002152756,40 to 44 years
5881,2119,0.7415242857141031,0.4852428571428571,0.513413002152756,40 to 44 years
5882,7701,0.7415242857141031,0.4852428571428571,0.513413002152756,40 to 44 years
5883,971,0.7415242857141031,0.4852428571428571,0.513413002152756,40 to 44 years
5884,6430,0.7415242857141031,0.4852428571428571,0.513413002152756,40 to 44 years
5885,9335,0.7415242857141031,0.4852428571428571,0.513413002152756,40 to 44 years
5886,8572,0.7415242857141031,0.4852428571428571,0.513413002152756,40 to 44 years
5887,6487,0.7415242857141031,0.4852428571428571,0.513413002152756,40 to 44 years
5888,146,0.7415242857141031,0.4852428571428571,0.513413002152756,40 to 44 years
5889,233,0.7415242857141031,0.4852428571428571,0.513413002152756,40 to 44 years
5890,7000,0.7415242857141031,0.4852428571428571,0.513413002152756,40 to 44 years
5891,7686,0.7415242857141031,0.4852428571428571,0.513413002152756,40 to 44 years
5892,7592,0.7415242857141031,0.4852428571428571,0.513413002152756,40 to 44 years
5893,5159,0.7415242857141031,0.4852428571428571,0.513413002152756,40 to 44 years
5894,1984,0.7415242857141031,0.4852428571428571,0.513413002152756,40 to 44 years
5895,2535,0.7415242857141031,0.4852428571428571,0.513413002152756,40 to 44 years
5896,7060,0.7415242857141031,0.4852428571428571,0.513413002152756,40 to 44 years
5897,3130,0.7415242857141031,0.4852428571428571,0.513413002152756,40 to 44 years
5898,4052,0.7415242857141031,0.4852428571428571,0.513413002152756,40 to 44 years
5899,9536,0.7415242857141031,0.4852428571428571,0.513413002152756,40 to 44 years
5900,3810,0.7415242857141031,0.4852428571428571,0.513413002152756,40 to 44 years
5901,1908,0.7415242857141031,0.4852428571428571,0.513413002152756,40 to 44 years
5902,8766,0.7415242857141031,0.4852428571428571,0.513413002152756,40 to 44 years
5903,2993,0.7415242857141031,0.4852428571428571,0.513413002152756,40 to 44 years
5904,553,0.7415242857141031,0.4852428571428571,0.513413002152756,40 to 44 years
5905,4205,0.7415242857141031,0.4852428571428571,0.513413002152756,40 to 44 years
5906,3103,0.7415242857141031,0.4852428571428571,0.513413002152756,40 to 44 years
5907,915,0.7415242857141031,0.4852428571428571,0.513413002152756,40 to 44 years
5908,3550,0.7415242857141031,0.4852428571428571,0.513413002152756,40 to 44 years
5909,8726,0.7415242857141031,0.4852428571428571,0.513413002152756,40 to 44 years
5910,1899,0.7415242857141031,0.4852428571428571,0.513413002152756,40 to 44 years
5911,1934,0.7415242857141031,0.4852428571428571,0.513413002152756,40 to 44 years
5912,4494,0.7415242857141031,0.4852428571428571,0.513413002152756,40 to 44 years
5913,7091,0.7415242857141031,0.4852428571428571,0.513413002152756,40 to 44 years
5914,2198,0.7415242857141031,0.4852428571428571,0.513413002152756,40 to 44 years
5915,4375,0.7415242857141031,0.4852428571428571,0.513413002152756,40 to 44 years
5916,7355,0.7415242857141031,0.4852428571428571,0.513413002152756,40 to 44 years
5917,4679,0.7415242857141031,0.4852428571428571,0.513413002152756,40 to 44 years
5918,3633,0.7415242857141031,0.4852428571428571,0.513413002152756,40 to 44 years
5919,9037,0.7415242857141031,0.4852428571428571,0.513413002152756,40 to 44 years
5920,176,0.7415242857141031,0.4852428571428571,0.513413002152756,40 to 44 years
5921,5948,0.7415242857141031,0.4852428571428571,0.513413002152756,40 to 44 years
5922,9562,0.7415242857141031,0.4852428571428571,0.513413002152756,40 to 44 years
5923,5493,0.7415242857141031,0.4852428571428571,0.513413002152756,40 to 44 years
5924,4183,0.7415242857141031,0.4852428571428571,0.513413002152756,40 to 44 years
5925,9432,0.7415242857141031,0.4852428571428571,0.513413002152756,40 to 44 years
5926,5317,0.7415242857141031,0.4852428571428571,0.513413002152756,40 to 44 years
5927,9560,0.7415242857141031,0.4852428571428571,0.513413002152756,40 to 44 years
5928,5376,0.7415242857141031,0.4852428571428571,0.513413002152756,40 to 44 years
5929,4794,0.7415242857141031,0.4852428571428571,0.513413002152756,40 to 44 years
5930,2381,0.7415242857141031,0.4852428571428571,0.513413002152756,40 to 44 years
5931,7101,0.7415242857141031,0.4852428571428571,0.513413002152756,40 to 44 years
5932,3330,0.7415242857141031,0.4852428571428571,0.513413002152756,40 to 44 years
5933,5113,0.6124345944995301,0.4852428571428571,0.513413002152756,40 to 44 years
5934,6997,0.7415242857141031,0.4852428571428571,0.513413002152756,40 to 44 years
5935,1083,0.7415242857141031,0.4852428571428571,0.513413002152756,40 to 44 years
5936,3995,0.7415242857141031,0.4852428571428571,0.513413002152756,40 to 44 years
5937,4502,0.7415242857141031,0.4852428571428571,0.513413002152756,40 to 44 years
5938,416,0.7415242857141031,0.4852428571428571,0.513413002152756,40 to 44 years
5939,7514,0.7415242857141031,0.4852428571428571,0.513413002152756,40 to 44 years
5940,8622,0.7415242857141031,0.4852428571428571,0.513413002152756,40 to 44 years
5941,8894,0.7415242857141031,0.4852428571428571,0.513413002152756,40 to 44 years
5942,7229,0.7415242857141031,0.4852428571428571,0.513413002152756,40 to 44 years
5943,8248,0.7415242857141031,0.4852428571428571,0.513413002152756,40 to 44 years
5944,8683,0.7415242857141031,0.4852428571428571,0.513413002152756,40 to 44 years
5945,4500,0.7415242857141031,0.4852428571428571,0.513413002152756,40 to 44 years
5946,637,0.7415242857141031,0.4852428571428571,0.513413002152756,40 to 44 years
5947,5972,0.7415242857141031,0.4852428571428571,0.513413002152756,40 to 44 years
5948,2500,0.7415242857141031,0.4852428571428571,0.513413002152756,40 to 44 years
5949,6524,0.7415242857141031,0.4852428571428571,0.513413002152756,40 to 44 years
5950,2753,0.7415242857141031,0.4852428571428571,0.513413002152756,40 to 44 years
5951,7926,0.7415242857141031,0.4852428571428571,0.513413002152756,40 to 44 years
5952,9545,0.7415242857141031,0.4852428571428571,0.513413002152756,40 to 44 years
5953,2679,0.7415242857141031,0.4852428571428571,0.513413002152756,40 to 44 years
5954,8931,0.7415242857141031,0.4852428571428571,0.513413002152756,40 to 44 years
5955,847,0.7415242857141031,0.4852428571428571,0.513413002152756,40 to 44 years
5956,7072,0.7415242857141031,0.4852428571428571,0.513413002152756,40 to 44 years
5957,9834,0.7415242857141031,0.4852428571428571,0.513413002152756,40 to 44 years
5958,6486,0.7415242857141031,0.4852428571428571,0.513413002152756,40 to 44 years
5959,3171,0.7415242857141031,0.4852428571428571,0.513413002152756,40 to 44 years
5960,2805,0.7415242857141031,0.4852428571428571,0.513413002152756,40 to 44 years
5961,7333,0.7415242857141031,0.4852428571428571,0.513413002152756,40 to 44 years
5962,2207,0.7415242857141031,0.4852428571428571,0.513413002152756,40 to 44 years
5963,4861,0.7415242857141031,0.4852428571428571,0.513413002152756,40 to 44 years
5964,8620,0.7415242857141031,0.4852428571428571,0.513413002152756,40 to 44 years
5965,1306,0.7415242857141031,0.4852428571428571,0.513413002152756,40 to 44 years
5966,3050,0.7415242857141031,0.4852428571428571,0.513413002152756,40 to 44 years
5967,1898,0.7415242857141031,0.4852428571428571,0.513413002152756,40 to 44 years
5968,163,0.7415242857141031,0.4852428571428571,0.513413002152756,40 to 44 years
5969,9780,0.7415242857141031,0.4852428571428571,0.513413002152756,40 to 44 years
5970,2143,0.7415242857141031,0.4852428571428571,0.513413002152756,40 to 44 years
5971,5282,0.7415242857141031,0.4852428571428571,0.513413002152756,40 to 44 years
5972,6120,0.7415242857141031,0.4852428571428571,0.513413002152756,40 to 44 years
5973,9041,0.7415242857141031,0.4852428571428571,0.513413002152756,40 to 44 years
5974,548,0.7415242857141031,0.4852428571428571,0.513413002152756,40 to 44 years
5975,2509,0.7415242857141031,0.4852428571428571,0.513413002152756,40 to 44 years
5976,7255,0.7415242857141031,0.4852428571428571,0.513413002152756,40 to 44 years
5977,1314,0.7415242857141031,0.4852428571428571,0.513413002152756,40 to 44 years
5978,2939,0.7415242857141031,0.4852428571428571,0.513413002152756,40 to 44 years
5979,6321,0.7415242857141031,0.4852428571428571,0.513413002152756,40 to 44 years
5980,7632,0.7415242857141031,0.4852428571428571,0.513413002152756,40 to 44 years
5981,8618,0.7415242857141031,0.4852428571428571,0.513413002152756,40 to 44 years
5982,7306,0.7415242857141031,0.4852428571428571,0.513413002152756,40 to 44 years
5983,3105,0.7415242857141031,0.4852428571428571,0.513413002152756,40 to 44 years
5984,1930,0.7415242857141031,0.4852428571428571,0.513413002152756,40 to 44 years
5985,8013,0.7415242857141031,0.4852428571428571,0.513413002152756,40 to 44 years
5986,3318,0.7415242857141031,0.4852428571428571,0.513413002152756,40 to 44 years
5987,6304,0.7415242857141031,0.4852428571428571,0.513413002152756,40 to 44 years
5988,4620,0.7415242857141031,0.4852428571428571,0.513413002152756,40 to 44 years
5989,6507,0.7415242857141031,0.4852428571428571,0.513413002152756,40 to 44 years
5990,8089,0.7415242857141031,0.4852428571428571,0.513413002152756,40 to 44 years
5991,5271,0.38459865427586665,0.4852428571428571,0.513413002152756,40 to 44 years
5992,6650,0.7415242857141031,0.4852428571428571,0.513413002152756,40 to 44 years
5993,7319,0.7415242857141031,0.4852428571428571,0.513413002152756,40 to 44 years
5994,6437,0.7415242857141031,0.4852428571428571,0.513413002152756,40 to 44 years
5995,9306,0.7415242857141031,0.4852428571428571,0.513413002152756,40 to 44 years
5996,2168,0.7415242857141031,0.4852428571428571,0.513413002152756,40 to 44 years
5997,2896,0.7415242857141031,0.4852428571428571,0.513413002152756,40 to 44 years
5998,6720,0.7415242857141031,0.4852428571428571,0.513413002152756,40 to 44 years
5999,5141,0.7415242857141031,0.4852428571428571,0.513413002152756,40 to 44 years
6000,6176,0.7415242857141031,0.4852428571428571,0.513413002152756,40 to 44 years
6001,1693,0.3790847291535654,0.4852428571428571,0.513413002152756,40 to 44 years
6002,3577,0.7415242857141031,0.4852428571428571,0.513413002152756,40 to 44 years
6003,9413,0.7415242857141031,0.4852428571428571,0.513413002152756,40 to 44 years
6004,9809,0.7415242857141031,0.4852428571428571,0.513413002152756,40 to 44 years
6005,8447,0.7415242857141031,0.4852428571428571,0.513413002152756,40 to 44 years
6006,5503,0.7415242857141031,0.4852428571428571,0.513413002152756,40 to 44 years
6007,7606,0.1957902443339523,0.4852428571428571,0.513413002152756,40 to 44 years
6008,9965,0.7415242857141031,0.4852428571428571,0.513413002152756,40 to 44 years
6009,9060,0.7415242857141031,0.4852428571428571,0.513413002152756,40 to 44 years
6010,351,0.7415242857141031,0.4852428571428571,0.513413002152756,40 to 44 years
6011,994,0.7415242857141031,0.4852428571428571,0.513413002152756,40 to 44 years
6012,4506,0.7415242857141031,0.4852428571428571,0.513413002152756,40 to 44 years
6013,5567,0.7415242857141031,0.4852428571428571,0.513413002152756,40 to 44 years
6014,9863,0.7415242857141031,0.4852428571428571,0.513413002152756,40 to 44 years
6015,5044,0.7415242857141031,0.4852428571428571,0.513413002152756,40 to 44 years
6016,7125,0.7415242857141031,0.4852428571428571,0.513413002152756,40 to 44 years
6017,5488,0.7415242857141031,0.4852428571428571,0.513413002152756,40 to 44 years
6018,3074,0.7415242857141031,0.4852428571428571,0.513413002152756,40 to 44 years
6019,2676,0.7415242857141031,0.4852428571428571,0.513413002152756,40 to 44 years
6020,6489,0.7415242857141031,0.4852428571428571,0.513413002152756,40 to 44 years
6021,4267,0.7415242857141031,0.4852428571428571,0.513413002152756,40 to 44 years
6022,1855,0.7415242857141031,0.4852428571428571,0.513413002152756,40 to 44 years
6023,558,0.7415242857141031,0.4852428571428571,0.513413002152756,40 to 44 years
6024,58,0.0,0.4852428571428571,0.513413002152756,40 to 44 years
6025,830,0.7415242857141031,0.4852428571428571,0.513413002152756,40 to 44 years
6026,1035,0.7415242857141031,0.4852428571428571,0.513413002152756,40 to 44 years
6027,2937,0.7415242857141031,0.4852428571428571,0.513413002152756,40 to 44 years
6028,5273,0.7415242857141031,0.4852428571428571,0.513413002152756,40 to 44 years
6029,2406,0.7415242857141031,0.4852428571428571,0.513413002152756,40 to 44 years
6030,9078,0.7415242857141031,0.4852428571428571,0.513413002152756,40 to 44 years
6031,5879,0.7415242857141031,0.4852428571428571,0.513413002152756,40 to 44 years
6032,9293,0.7415242857141031,0.4852428571428571,0.513413002152756,40 to 44 years
6033,6563,0.7415242857141031,0.4852428571428571,0.513413002152756,40 to 44 years
6034,5279,0.7415242857141031,0.4852428571428571,0.513413002152756,40 to 44 years
6035,7325,0.7415242857141031,0.4852428571428571,0.513413002152756,40 to 44 years
6036,7244,0.7415242857141031,0.4852428571428571,0.513413002152756,40 to 44 years
6037,6766,0.7415242857141031,0.4852428571428571,0.513413002152756,40 to 44 years
6038,6689,0.7415242857141031,0.4852428571428571,0.513413002152756,40 to 44 years
6039,415,0.7415242857141031,0.4852428571428571,0.513413002152756,40 to 44 years
6040,9897,0.7415242857141031,0.4852428571428571,0.513413002152756,40 to 44 years
6041,6970,0.7415242857141031,0.4852428571428571,0.513413002152756,40 to 44 years
6042,5791,0.7415242857141031,0.4852428571428571,0.513413002152756,40 to 44 years
6043,8570,0.2454596249733226,0.4852428571428571,0.513413002152756,40 to 44 years
6044,2989,0.7415242857141031,0.4852428571428571,0.513413002152756,40 to 44 years
6045,5382,0.7415242857141031,0.4852428571428571,0.513413002152756,40 to 44 years
6046,5938,0.7415242857141031,0.4852428571428571,0.513413002152756,40 to 44 years
6047,599,0.7415242857141031,0.4852428571428571,0.513413002152756,40 to 44 years
6048,7774,0.7185242857076439,0.4852428571428571,0.513413002152756,45 to 49 years
6049,69,0.7185242857076439,0.4852428571428571,0.513413002152756,45 to 49 years
6050,5553,0.7185242857076439,0.4852428571428571,0.513413002152756,45 to 49 years
6051,7386,0.31928596433024964,0.4852428571428571,0.513413002152756,45 to 49 years
6052,6843,0.7185242857076439,0.4852428571428571,0.513413002152756,45 to 49 years
6053,6072,0.7185242857076439,0.4852428571428571,0.513413002152756,45 to 49 years
6054,3233,0.35416080507962266,0.4852428571428571,0.513413002152756,45 to 49 years
6055,632,0.7185242857076439,0.4852428571428571,0.513413002152756,45 to 49 years
6056,7109,0.37929009401914904,0.4852428571428571,0.513413002152756,45 to 49 years
6057,3782,0.7185242857076439,0.4852428571428571,0.513413002152756,45 to 49 years
6058,4858,0.7185242857076439,0.4852428571428571,0.513413002152756,45 to 49 years
6059,1411,0.2753023607718641,0.4852428571428571,0.513413002152756,45 to 49 years
6060,7581,0.7185242857076439,0.4852428571428571,0.513413002152756,45 to 49 years
6061,4157,0.576320380714532,0.4852428571428571,0.513413002152756,45 to 49 years
6062,373,0.7185242857076439,0.4852428571428571,0.513413002152756,45 to 49 years
6063,2141,0.7185242857076439,0.4852428571428571,0.513413002152756,45 to 49 years
6064,4268,0.7185242857076439,0.4852428571428571,0.513413002152756,45 to 49 years
6065,324,0.7185242857076439,0.4852428571428571,0.513413002152756,45 to 49 years
6066,8161,0.7185242857076439,0.4852428571428571,0.513413002152756,45 to 49 years
6067,9146,0.7185242857076439,0.4852428571428571,0.513413002152756,45 to 49 years
6068,1973,0.7185242857076439,0.4852428571428571,0.513413002152756,45 to 49 years
6069,4114,0.7185242857076439,0.4852428571428571,0.513413002152756,45 to 49 years
6070,2146,0.7185242857076439,0.4852428571428571,0.513413002152756,45 to 49 years
6071,3520,0.7185242857076439,0.4852428571428571,0.513413002152756,45 to 49 years
6072,8920,0.7185242857076439,0.4852428571428571,0.513413002152756,45 to 49 years
6073,6510,0.7185242857076439,0.4852428571428571,0.513413002152756,45 to 49 years
6074,2216,0.7185242857076439,0.4852428571428571,0.513413002152756,45 to 49 years
6075,7689,0.7185242857076439,0.4852428571428571,0.513413002152756,45 to 49 years
6076,1222,0.7185242857076439,0.4852428571428571,0.513413002152756,45 to 49 years
6077,4011,0.7185242857076439,0.4852428571428571,0.513413002152756,45 to 49 years
6078,8364,0.7185242857076439,0.4852428571428571,0.513413002152756,45 to 49 years
6079,7592,0.7185242857076439,0.4852428571428571,0.513413002152756,45 to 49 years
6080,580,0.7185242857076439,0.4852428571428571,0.513413002152756,45 to 49 years
6081,710,0.7185242857076439,0.4852428571428571,0.513413002152756,45 to 49 years
6082,5677,0.7185242857076439,0.4852428571428571,0.513413002152756,45 to 49 years
6083,5493,0.7185242857076439,0.4852428571428571,0.513413002152756,45 to 49 years
6084,874,0.7185242857076439,0.4852428571428571,0.513413002152756,45 to 49 years
6085,6450,0.7185242857076439,0.4852428571428571,0.513413002152756,45 to 49 years
6086,1679,0.7185242857076439,0.4852428571428571,0.513413002152756,45 to 49 years
6087,9567,0.7185242857076439,0.4852428571428571,0.513413002152756,45 to 49 years
6088,8587,0.7185242857076439,0.4852428571428571,0.513413002152756,45 to 49 years
6089,858,0.7185242857076439,0.4852428571428571,0.513413002152756,45 to 49 years
6090,203,0.7185242857076439,0.4852428571428571,0.513413002152756,45 to 49 years
6091,7637,0.7185242857076439,0.4852428571428571,0.513413002152756,45 to 49 years
6092,7180,0.7185242857076439,0.4852428571428571,0.513413002152756,45 to 49 years
6093,1049,0.7185242857076439,0.4852428571428571,0.513413002152756,45 to 49 years
6094,5085,0.7185242857076439,0.4852428571428571,0.513413002152756,45 to 49 years
6095,1532,0.7185242857076439,0.4852428571428571,0.513413002152756,45 to 49 years
6096,3555,0.7185242857076439,0.4852428571428571,0.513413002152756,45 to 49 years
6097,7894,0.7185242857076439,0.4852428571428571,0.513413002152756,45 to 49 years
6098,9176,0.7185242857076439,0.4852428571428571,0.513413002152756,45 to 49 years
6099,5891,0.7185242857076439,0.4852428571428571,0.513413002152756,45 to 49 years
6100,6474,0.0,0.4852428571428571,0.513413002152756,45 to 49 years
6101,4857,0.7185242857076439,0.4852428571428571,0.513413002152756,45 to 49 years
6102,137,0.7185242857076439,0.4852428571428571,0.513413002152756,45 to 49 years
6103,8963,0.7185242857076439,0.4852428571428571,0.513413002152756,45 to 49 years
6104,891,0.7185242857076439,0.4852428571428571,0.513413002152756,45 to 49 years
6105,9679,0.7185242857076439,0.4852428571428571,0.513413002152756,45 to 49 years
6106,9320,0.7185242857076439,0.4852428571428571,0.513413002152756,45 to 49 years
6107,4760,0.391175285588822,0.4852428571428571,0.513413002152756,45 to 49 years
6108,442,0.7185242857076439,0.4852428571428571,0.513413002152756,45 to 49 years
6109,9854,0.7185242857076439,0.4852428571428571,0.513413002152756,45 to 49 years
6110,6892,0.7185242857076439,0.4852428571428571,0.513413002152756,45 to 49 years
6111,2811,0.7185242857076439,0.4852428571428571,0.513413002152756,45 to 49 years
6112,5558,0.7185242857076439,0.4852428571428571,0.513413002152756,45 to 49 years
6113,1237,0.7185242857076439,0.4852428571428571,0.513413002152756,45 to 49 years
6114,1452,0.7185242857076439,0.4852428571428571,0.513413002152756,45 to 49 years
6115,2090,0.7185242857076439,0.4852428571428571,0.513413002152756,45 to 49 years
6116,4167,0.7185242857076439,0.4852428571428571,0.513413002152756,45 to 49 years
6117,7286,0.7185242857076439,0.4852428571428571,0.513413002152756,45 to 49 years
6118,7526,0.7185242857076439,0.4852428571428571,0.513413002152756,45 to 49 years
6119,1903,0.7185242857076439,0.4852428571428571,0.513413002152756,45 to 49 years
6120,3231,0.7185242857076439,0.4852428571428571,0.513413002152756,45 to 49 years
6121,9662,0.7185242857076439,0.4852428571428571,0.513413002152756,45 to 49 years
6122,6597,0.7185242857076439,0.4852428571428571,0.513413002152756,45 to 49 years
6123,7171,0.7185242857076439,0.4852428571428571,0.513413002152756,45 to 49 years
6124,6374,0.7185242857076439,0.4852428571428571,0.513413002152756,45 to 49 years
6125,7697,0.7185242857076439,0.4852428571428571,0.513413002152756,45 to 49 years
6126,8601,0.7185242857076439,0.4852428571428571,0.513413002152756,45 to 49 years
6127,9135,0.7185242857076439,0.4852428571428571,0.513413002152756,45 to 49 years
6128,6008,0.41263449482750164,0.4852428571428571,0.513413002152756,45 to 49 years
6129,7780,0.7185242857076439,0.4852428571428571,0.513413002152756,45 to 49 years
6130,9096,0.7185242857076439,0.4852428571428571,0.513413002152756,45 to 49 years
6131,8846,0.7185242857076439,0.4852428571428571,0.513413002152756,45 to 49 years
6132,8488,0.7185242857076439,0.4852428571428571,0.513413002152756,45 to 49 years
6133,4153,0.7185242857076439,0.4852428571428571,0.513413002152756,45 to 49 years
6134,2745,0.7185242857076439,0.4852428571428571,0.513413002152756,45 to 49 years
6135,9140,0.38720865265156695,0.4852428571428571,0.513413002152756,45 to 49 years
6136,1023,0.7185242857076439,0.4852428571428571,0.513413002152756,45 to 49 years
6137,8656,0.7185242857076439,0.4852428571428571,0.513413002152756,45 to 49 years
6138,9918,0.7185242857076439,0.4852428571428571,0.513413002152756,45 to 49 years
6139,6596,0.7185242857076439,0.4852428571428571,0.513413002152756,45 to 49 years
6140,7916,0.7185242857076439,0.4852428571428571,0.513413002152756,45 to 49 years
6141,6933,0.7185242857076439,0.4852428571428571,0.513413002152756,45 to 49 years
6142,8580,0.7185242857076439,0.4852428571428571,0.513413002152756,45 to 49 years
6143,9401,0.7185242857076439,0.4852428571428571,0.513413002152756,45 to 49 years
6144,2771,0.7185242857076439,0.4852428571428571,0.513413002152756,45 to 49 years
6145,745,0.7185242857076439,0.4852428571428571,0.513413002152756,45 to 49 years
6146,9542,0.2841951412349453,0.4852428571428571,0.513413002152756,45 to 49 years
6147,4421,0.7185242857076439,0.4852428571428571,0.513413002152756,45 to 49 years
6148,1289,0.7185242857076439,0.4852428571428571,0.513413002152756,45 to 49 years
6149,7211,0.7185242857076439,0.4852428571428571,0.513413002152756,45 to 49 years
6150,2081,0.7185242857076439,0.4852428571428571,0.513413002152756,45 to 49 years
6151,7483,0.7185242857076439,0.4852428571428571,0.513413002152756,45 to 49 years
6152,9652,0.7185242857076439,0.4852428571428571,0.513413002152756,45 to 49 years
6153,525,0.7185242857076439,0.4852428571428571,0.513413002152756,45 to 49 years
6154,6940,0.7185242857076439,0.4852428571428571,0.513413002152756,45 to 49 years
6155,9989,0.7185242857076439,0.4852428571428571,0.513413002152756,45 to 49 years
6156,8010,0.0,0.4852428571428571,0.513413002152756,45 to 49 years
6157,7695,0.1498252689386336,0.4852428571428571,0.513413002152756,45 to 49 years
6158,8313,0.2907688794293254,0.4852428571428571,0.513413002152756,45 to 49 years
6159,1383,0.7185242857076439,0.4852428571428571,0.513413002152756,45 to 49 years
6160,6864,0.7185242857076439,0.4852428571428571,0.513413002152756,45 to 49 years
6161,1131,0.7185242857076439,0.4852428571428571,0.513413002152756,45 to 49 years
6162,8734,0.7185242857076439,0.4852428571428571,0.513413002152756,45 to 49 years
6163,2778,0.7185242857076439,0.4852428571428571,0.513413002152756,45 to 49 years
6164,642,0.7185242857076439,0.4852428571428571,0.513413002152756,45 to 49 years
6165,7522,0.7185242857076439,0.4852428571428571,0.513413002152756,45 to 49 years
6166,1009,0.7185242857076439,0.4852428571428571,0.513413002152756,45 to 49 years
6167,758,0.384781785668619,0.4852428571428571,0.513413002152756,45 to 49 years
6168,5516,0.7185242857076439,0.4852428571428571,0.513413002152756,45 to 49 years
6169,3459,0.7185242857076439,0.4852428571428571,0.513413002152756,45 to 49 years
6170,4626,0.7185242857076439,0.4852428571428571,0.513413002152756,45 to 49 years
6171,4812,0.09302867367864198,0.4852428571428571,0.513413002152756,45 to 49 years
6172,6553,0.7185242857076439,0.4852428571428571,0.513413002152756,45 to 49 years
6173,8987,0.7185242857076439,0.4852428571428571,0.513413002152756,45 to 49 years
6174,7718,0.7185242857076439,0.4852428571428571,0.513413002152756,45 to 49 years
6175,2470,0.7185242857076439,0.4852428571428571,0.513413002152756,45 to 49 years
6176,714,0.7185242857076439,0.4852428571428571,0.513413002152756,45 to 49 years
6177,230,0.33439529235046783,0.4852428571428571,0.513413002152756,45 to 49 years
6178,8561,0.7185242857076439,0.4852428571428571,0.513413002152756,45 to 49 years
6179,6981,0.7185242857076439,0.4852428571428571,0.513413002152756,45 to 49 years
6180,9774,0.7185242857076439,0.4852428571428571,0.513413002152756,45 to 49 years
6181,630,0.7185242857076439,0.4852428571428571,0.513413002152756,45 to 49 years
6182,9087,0.7185242857076439,0.4852428571428571,0.513413002152756,45 to 49 years
6183,764,0.7185242857076439,0.4852428571428571,0.513413002152756,45 to 49 years
6184,2238,0.7185242857076439,0.4852428571428571,0.513413002152756,45 to 49 years
6185,5910,0.7185242857076439,0.4852428571428571,0.513413002152756,45 to 49 years
6186,258,0.7185242857076439,0.4852428571428571,0.513413002152756,45 to 49 years
6187,979,0.7185242857076439,0.4852428571428571,0.513413002152756,45 to 49 years
6188,2507,0.7185242857076439,0.4852428571428571,0.513413002152756,45 to 49 years
6189,7073,0.7185242857076439,0.4852428571428571,0.513413002152756,45 to 49 years
6190,8475,0.7185242857076439,0.4852428571428571,0.513413002152756,45 to 49 years
6191,7798,0.7185242857076439,0.4852428571428571,0.513413002152756,45 to 49 years
6192,5675,0.7185242857076439,0.4852428571428571,0.513413002152756,45 to 49 years
6193,5536,0.7185242857076439,0.4852428571428571,0.513413002152756,45 to 49 years
6194,789,0.7185242857076439,0.4852428571428571,0.513413002152756,45 to 49 years
6195,3600,0.7185242857076439,0.4852428571428571,0.513413002152756,45 to 49 years
6196,6000,0.7185242857076439,0.4852428571428571,0.513413002152756,45 to 49 years
6197,1929,0.34376581413329027,0.4852428571428571,0.513413002152756,45 to 49 years
6198,295,0.7185242857076439,0.4852428571428571,0.513413002152756,45 to 49 years
6199,6496,0.34420461326632623,0.4852428571428571,0.513413002152756,45 to 49 years
6200,2689,0.7185242857076439,0.4852428571428571,0.513413002152756,45 to 49 years
6201,1795,0.7185242857076439,0.4852428571428571,0.513413002152756,45 to 49 years
6202,4988,0.7185242857076439,0.4852428571428571,0.513413002152756,45 to 49 years
6203,5258,0.7185242857076439,0.4852428571428571,0.513413002152756,45 to 49 years
6204,5405,0.7185242857076439,0.4852428571428571,0.513413002152756,45 to 49 years
6205,6289,0.7185242857076439,0.4852428571428571,0.513413002152756,45 to 49 years
6206,2568,0.7185242857076439,0.4852428571428571,0.513413002152756,45 to 49 years
6207,5096,0.7185242857076439,0.4852428571428571,0.513413002152756,45 to 49 years
6208,4652,0.7185242857076439,0.4852428571428571,0.513413002152756,45 to 49 years
6209,8598,0.7185242857076439,0.4852428571428571,0.513413002152756,45 to 49 years
6210,1183,0.7185242857076439,0.4852428571428571,0.513413002152756,45 to 49 years
6211,9892,0.7185242857076439,0.4852428571428571,0.513413002152756,45 to 49 years
6212,4225,0.7185242857076439,0.4852428571428571,0.513413002152756,45 to 49 years
6213,2491,0.7185242857076439,0.4852428571428571,0.513413002152756,45 to 49 years
6214,9619,0.7185242857076439,0.4852428571428571,0.513413002152756,45 to 49 years
6215,7546,0.7185242857076439,0.4852428571428571,0.513413002152756,45 to 49 years
6216,1196,0.7185242857076439,0.4852428571428571,0.513413002152756,45 to 49 years
6217,8695,0.7185242857076439,0.4852428571428571,0.513413002152756,45 to 49 years
6218,7352,0.7185242857076439,0.4852428571428571,0.513413002152756,45 to 49 years
6219,2893,0.7185242857076439,0.4852428571428571,0.513413002152756,45 to 49 years
6220,5661,0.7185242857076439,0.4852428571428571,0.513413002152756,45 to 49 years
6221,9709,0.7185242857076439,0.4852428571428571,0.513413002152756,45 to 49 years
6222,7345,0.7185242857076439,0.4852428571428571,0.513413002152756,45 to 49 years
6223,2446,0.7185242857076439,0.4852428571428571,0.513413002152756,45 to 49 years
6224,3193,0.7185242857076439,0.4852428571428571,0.513413002152756,45 to 49 years
6225,649,0.7185242857076439,0.4852428571428571,0.513413002152756,45 to 49 years
6226,6353,0.7185242857076439,0.4852428571428571,0.513413002152756,45 to 49 years
6227,4036,0.31704449408638496,0.4852428571428571,0.513413002152756,45 to 49 years
6228,4904,0.7185242857076439,0.4852428571428571,0.513413002152756,45 to 49 years
6229,2169,0.0,0.4852428571428571,0.513413002152756,45 to 49 years
6230,8483,0.7185242857076439,0.4852428571428571,0.513413002152756,45 to 49 years
6231,9233,0.7185242857076439,0.4852428571428571,0.513413002152756,45 to 49 years
6232,8234,0.7185242857076439,0.4852428571428571,0.513413002152756,45 to 49 years
6233,6142,0.7185242857076439,0.4852428571428571,0.513413002152756,45 to 49 years
6234,7113,0.7185242857076439,0.4852428571428571,0.513413002152756,45 to 49 years
6235,0,0.7185242857076439,0.4852428571428571,0.513413002152756,45 to 49 years
6236,6912,0.7185242857076439,0.4852428571428571,0.513413002152756,45 to 49 years
6237,262,0.7185242857076439,0.4852428571428571,0.513413002152756,45 to 49 years
6238,1341,0.7185242857076439,0.4852428571428571,0.513413002152756,45 to 49 years
6239,5242,0.7185242857076439,0.4852428571428571,0.513413002152756,45 to 49 years
6240,1437,0.7185242857076439,0.4852428571428571,0.513413002152756,45 to 49 years
6241,7628,0.7185242857076439,0.4852428571428571,0.513413002152756,45 to 49 years
6242,3851,0.7185242857076439,0.4852428571428571,0.513413002152756,45 to 49 years
6243,4855,0.7185242857076439,0.4852428571428571,0.513413002152756,45 to 49 years
6244,6953,0.7185242857076439,0.4852428571428571,0.513413002152756,45 to 49 years
6245,7266,0.7185242857076439,0.4852428571428571,0.513413002152756,45 to 49 years
6246,6822,0.7185242857076439,0.4852428571428571,0.513413002152756,45 to 49 years
6247,6772,0.7185242857076439,0.4852428571428571,0.513413002152756,45 to 49 years
6248,9464,0.7185242857076439,0.4852428571428571,0.513413002152756,45 to 49 years
6249,4819,0.7185242857076439,0.4852428571428571,0.513413002152756,45 to 49 years
6250,8698,0.7185242857076439,0.4852428571428571,0.513413002152756,45 to 49 years
6251,4994,0.7185242857076439,0.4852428571428571,0.513413002152756,45 to 49 years
6252,9850,0.7185242857076439,0.4852428571428571,0.513413002152756,45 to 49 years
6253,886,0.7185242857076439,0.4852428571428571,0.513413002152756,45 to 49 years
6254,3757,0.7185242857076439,0.4852428571428571,0.513413002152756,45 to 49 years
6255,3399,0.7185242857076439,0.4852428571428571,0.513413002152756,45 to 49 years
6256,771,0.7185242857076439,0.4852428571428571,0.513413002152756,45 to 49 years
6257,7941,0.7185242857076439,0.4852428571428571,0.513413002152756,45 to 49 years
6258,8416,0.7185242857076439,0.4852428571428571,0.513413002152756,45 to 49 years
6259,5831,0.3744707909228049,0.4852428571428571,0.513413002152756,45 to 49 years
6260,1472,0.7185242857076439,0.4852428571428571,0.513413002152756,45 to 49 years
6261,2678,0.7185242857076439,0.4852428571428571,0.513413002152756,45 to 49 years
6262,6564,0.7185242857076439,0.4852428571428571,0.513413002152756,45 to 49 years
6263,8175,0.7185242857076439,0.4852428571428571,0.513413002152756,45 to 49 years
6264,9784,0.7185242857076439,0.4852428571428571,0.513413002152756,45 to 49 years
6265,6948,0.7185242857076439,0.4852428571428571,0.513413002152756,45 to 49 years
6266,7821,0.7185242857076439,0.4852428571428571,0.513413002152756,45 to 49 years
6267,4816,0.7185242857076439,0.4852428571428571,0.513413002152756,45 to 49 years
6268,3963,0.7185242857076439,0.4852428571428571,0.513413002152756,45 to 49 years
6269,5637,0.7185242857076439,0.4852428571428571,0.513413002152756,45 to 49 years
6270,6691,0.7185242857076439,0.4852428571428571,0.513413002152756,45 to 49 years
6271,8015,0.7185242857076439,0.4852428571428571,0.513413002152756,45 to 49 years
6272,4936,0.7185242857076439,0.4852428571428571,0.513413002152756,45 to 49 years
6273,6623,0.4171301117465991,0.4852428571428571,0.513413002152756,45 to 49 years
6274,6551,0.7185242857076439,0.4852428571428571,0.513413002152756,45 to 49 years
6275,6279,0.7185242857076439,0.4852428571428571,0.513413002152756,45 to 49 years
6276,1556,0.7185242857076439,0.4852428571428571,0.513413002152756,45 to 49 years
6277,1806,0.7185242857076439,0.4852428571428571,0.513413002152756,45 to 49 years
6278,583,0.7185242857076439,0.4852428571428571,0.513413002152756,45 to 49 years
6279,2748,0.7185242857076439,0.4852428571428571,0.513413002152756,45 to 49 years
6280,477,0.7185242857076439,0.4852428571428571,0.513413002152756,45 to 49 years
6281,9604,0.7185242857076439,0.4852428571428571,0.513413002152756,45 to 49 years
6282,4137,0.7185242857076439,0.4852428571428571,0.513413002152756,45 to 49 years
6283,2138,0.7185242857076439,0.4852428571428571,0.513413002152756,45 to 49 years
6284,5854,0.7185242857076439,0.4852428571428571,0.513413002152756,45 to 49 years
6285,5422,0.7185242857076439,0.4852428571428571,0.513413002152756,45 to 49 years
6286,8725,0.7185242857076439,0.4852428571428571,0.513413002152756,45 to 49 years
6287,1428,0.7185242857076439,0.4852428571428571,0.513413002152756,45 to 49 years
6288,6917,0.7185242857076439,0.4852428571428571,0.513413002152756,45 to 49 years
6289,611,0.7185242857076439,0.4852428571428571,0.513413002152756,45 to 49 years
6290,5784,0.7185242857076439,0.4852428571428571,0.513413002152756,45 to 49 years
6291,3984,0.7185242857076439,0.4852428571428571,0.513413002152756,45 to 49 years
6292,5313,0.7185242857076439,0.4852428571428571,0.513413002152756,45 to 49 years
6293,8627,0.7185242857076439,0.4852428571428571,0.513413002152756,45 to 49 years
6294,1593,0.7185242857076439,0.4852428571428571,0.513413002152756,45 to 49 years
6295,136,0.7185242857076439,0.4852428571428571,0.513413002152756,45 to 49 years
6296,7838,0.7185242857076439,0.4852428571428571,0.513413002152756,45 to 49 years
6297,6410,0.180632860584684,0.4852428571428571,0.513413002152756,45 to 49 years
6298,5412,0.7185242857076439,0.4852428571428571,0.513413002152756,45 to 49 years
6299,3906,0.7185242857076439,0.4852428571428571,0.513413002152756,45 to 49 years
6300,5935,0.7185242857076439,0.4852428571428571,0.513413002152756,45 to 49 years
6301,5169,0.7185242857076439,0.4852428571428571,0.513413002152756,45 to 49 years
6302,7285,0.7185242857076439,0.4852428571428571,0.513413002152756,45 to 49 years
6303,1809,0.7185242857076439,0.4852428571428571,0.513413002152756,45 to 49 years
6304,2023,0.7185242857076439,0.4852428571428571,0.513413002152756,45 to 49 years
6305,2609,0.7185242857076439,0.4852428571428571,0.513413002152756,45 to 49 years
6306,7369,0.7185242857076439,0.4852428571428571,0.513413002152756,45 to 49 years
6307,4361,0.7185242857076439,0.4852428571428571,0.513413002152756,45 to 49 years
6308,8485,0.7185242857076439,0.4852428571428571,0.513413002152756,45 to 49 years
6309,7634,0.7185242857076439,0.4852428571428571,0.513413002152756,45 to 49 years
6310,6407,0.7185242857076439,0.4852428571428571,0.513413002152756,45 to 49 years
6311,1550,0.7185242857076439,0.4852428571428571,0.513413002152756,45 to 49 years
6312,6342,0.7185242857076439,0.4852428571428571,0.513413002152756,45 to 49 years
6313,4643,0.7185242857076439,0.4852428571428571,0.513413002152756,45 to 49 years
6314,2069,0.7185242857076439,0.4852428571428571,0.513413002152756,45 to 49 years
6315,4266,0.7185242857076439,0.4852428571428571,0.513413002152756,45 to 49 years
6316,4610,0.7185242857076439,0.4852428571428571,0.513413002152756,45 to 49 years
6317,7233,0.7185242857076439,0.4852428571428571,0.513413002152756,45 to 49 years
6318,9142,0.7185242857076439,0.4852428571428571,0.513413002152756,45 to 49 years
6319,8193,0.7185242857076439,0.4852428571428571,0.513413002152756,45 to 49 years
6320,3486,0.7185242857076439,0.4852428571428571,0.513413002152756,45 to 49 years
6321,7631,0.7185242857076439,0.4852428571428571,0.513413002152756,45 to 49 years
6322,1004,0.7185242857076439,0.4852428571428571,0.513413002152756,45 to 49 years
6323,3841,0.7185242857076439,0.4852428571428571,0.513413002152756,45 to 49 years
6324,8732,0.7185242857076439,0.4852428571428571,0.513413002152756,45 to 49 years
6325,2517,0.7185242857076439,0.4852428571428571,0.513413002152756,45 to 49 years
6326,784,0.7185242857076439,0.4852428571428571,0.513413002152756,45 to 49 years
6327,3307,0.7185242857076439,0.4852428571428571,0.513413002152756,45 to 49 years
6328,1436,0.7185242857076439,0.4852428571428571,0.513413002152756,45 to 49 years
6329,4712,0.7185242857076439,0.4852428571428571,0.513413002152756,45 to 49 years
6330,2995,0.7185242857076439,0.4852428571428571,0.513413002152756,45 to 49 years
6331,2754,0.7185242857076439,0.4852428571428571,0.513413002152756,45 to 49 years
6332,8626,0.7185242857076439,0.4852428571428571,0.513413002152756,45 to 49 years
6333,1354,0.7185242857076439,0.4852428571428571,0.513413002152756,45 to 49 years
6334,4100,0.7185242857076439,0.4852428571428571,0.513413002152756,45 to 49 years
6335,4259,0.7185242857076439,0.4852428571428571,0.513413002152756,45 to 49 years
6336,3863,0.7185242857076439,0.4852428571428571,0.513413002152756,45 to 49 years
6337,2856,0.7185242857076439,0.4852428571428571,0.513413002152756,45 to 49 years
6338,6046,0.7185242857076439,0.4852428571428571,0.513413002152756,45 to 49 years
6339,6660,0.7185242857076439,0.4852428571428571,0.513413002152756,45 to 49 years
6340,8466,0.7185242857076439,0.4852428571428571,0.513413002152756,45 to 49 years
6341,1976,0.7185242857076439,0.4852428571428571,0.513413002152756,45 to 49 years
6342,9323,0.7185242857076439,0.4852428571428571,0.513413002152756,45 to 49 years
6343,206,0.23251217915234942,0.4852428571428571,0.513413002152756,45 to 49 years
6344,6847,0.5258396920919501,0.4852428571428571,0.513413002152756,45 to 49 years
6345,1825,0.7185242857076439,0.4852428571428571,0.513413002152756,45 to 49 years
6346,7548,0.7185242857076439,0.4852428571428571,0.513413002152756,45 to 49 years
6347,7138,0.7185242857076439,0.4852428571428571,0.513413002152756,45 to 49 years
6348,953,0.7185242857076439,0.4852428571428571,0.513413002152756,45 to 49 years
6349,4262,0.1716433039502747,0.4852428571428571,0.513413002152756,45 to 49 years
6350,5070,0.7185242857076439,0.4852428571428571,0.513413002152756,45 to 49 years
6351,8885,0.7185242857076439,0.4852428571428571,0.513413002152756,45 to 49 years
6352,3774,0.7185242857076439,0.4852428571428571,0.513413002152756,45 to 49 years
6353,9119,0.7185242857076439,0.4852428571428571,0.513413002152756,45 to 49 years
6354,235,0.6459533692774088,0.4852428571428571,0.513413002152756,45 to 49 years
6355,5740,0.7185242857076439,0.4852428571428571,0.513413002152756,45 to 49 years
6356,7715,0.16287543858414477,0.4852428571428571,0.513413002152756,45 to 49 years
6357,9048,0.21198986239055428,0.4852428571428571,0.513413002152756,45 to 49 years
6358,1543,0.7185242857076439,0.4852428571428571,0.513413002152756,45 to 49 years
6359,7729,0.7185242857076439,0.4852428571428571,0.513413002152756,45 to 49 years
6360,4815,0.7185242857076439,0.4852428571428571,0.513413002152756,45 to 49 years
6361,7481,0.7185242857076439,0.4852428571428571,0.513413002152756,45 to 49 years
6362,5988,0.7185242857076439,0.4852428571428571,0.513413002152756,45 to 49 years
6363,9390,0.7185242857076439,0.4852428571428571,0.513413002152756,45 to 49 years
6364,4091,0.7185242857076439,0.4852428571428571,0.513413002152756,45 to 49 years
6365,2347,0.7185242857076439,0.4852428571428571,0.513413002152756,45 to 49 years
6366,4798,0.7185242857076439,0.4852428571428571,0.513413002152756,45 to 49 years
6367,8336,0.7185242857076439,0.4852428571428571,0.513413002152756,45 to 49 years
6368,3368,0.7185242857076439,0.4852428571428571,0.513413002152756,45 to 49 years
6369,4082,0.3874721650104798,0.4852428571428571,0.513413002152756,45 to 49 years
6370,6121,0.7185242857076439,0.4852428571428571,0.513413002152756,45 to 49 years
6371,7223,0.7185242857076439,0.4852428571428571,0.513413002152756,45 to 49 years
6372,4732,0.7185242857076439,0.4852428571428571,0.513413002152756,45 to 49 years
6373,5527,0.7185242857076439,0.4852428571428571,0.513413002152756,45 to 49 years
6374,292,0.7185242857076439,0.4852428571428571,0.513413002152756,45 to 49 years
6375,2946,0.7185242857076439,0.4852428571428571,0.513413002152756,45 to 49 years
6376,8746,0.7185242857076439,0.4852428571428571,0.513413002152756,45 to 49 years
6377,516,0.7185242857076439,0.4852428571428571,0.513413002152756,45 to 49 years
6378,867,0.7185242857076439,0.4852428571428571,0.513413002152756,45 to 49 years
6379,1684,0.7185242857076439,0.4852428571428571,0.513413002152756,45 to 49 years
6380,6980,0.7185242857076439,0.4852428571428571,0.513413002152756,45 to 49 years
6381,1414,0.7185242857076439,0.4852428571428571,0.513413002152756,45 to 49 years
6382,8450,0.7185242857076439,0.4852428571428571,0.513413002152756,45 to 49 years
6383,5507,0.7185242857076439,0.4852428571428571,0.513413002152756,45 to 49 years
6384,3620,0.7185242857076439,0.4852428571428571,0.513413002152756,45 to 49 years
6385,7549,0.4438602141815427,0.4852428571428571,0.513413002152756,45 to 49 years
6386,3051,0.6192384139182141,0.4852428571428571,0.513413002152756,45 to 49 years
6387,2621,0.7185242857076439,0.4852428571428571,0.513413002152756,45 to 49 years
6388,5284,0.7185242857076439,0.4852428571428571,0.513413002152756,45 to 49 years
6389,146,0.7185242857076439,0.4852428571428571,0.513413002152756,45 to 49 years
6390,2264,0.7185242857076439,0.4852428571428571,0.513413002152756,45 to 49 years
6391,9550,0.7185242857076439,0.4852428571428571,0.513413002152756,45 to 49 years
6392,3986,0.7185242857076439,0.4852428571428571,0.513413002152756,45 to 49 years
6393,8980,0.7185242857076439,0.4852428571428571,0.513413002152756,45 to 49 years
6394,1749,0.7185242857076439,0.4852428571428571,0.513413002152756,45 to 49 years
6395,406,0.7185242857076439,0.4852428571428571,0.513413002152756,45 to 49 years
6396,7333,0.7185242857076439,0.4852428571428571,0.513413002152756,45 to 49 years
6397,3730,0.7185242857076439,0.4852428571428571,0.513413002152756,45 to 49 years
6398,4882,0.7185242857076439,0.4852428571428571,0.513413002152756,45 to 49 years
6399,9478,0.7185242857076439,0.4852428571428571,0.513413002152756,45 to 49 years
6400,3492,0.7185242857076439,0.4852428571428571,0.513413002152756,45 to 49 years
6401,922,0.7185242857076439,0.4852428571428571,0.513413002152756,45 to 49 years
6402,3424,0.7185242857076439,0.4852428571428571,0.513413002152756,45 to 49 years
6403,8814,0.7185242857076439,0.4852428571428571,0.513413002152756,45 to 49 years
6404,9030,0.7185242857076439,0.4852428571428571,0.513413002152756,45 to 49 years
6405,9797,0.7185242857076439,0.4852428571428571,0.513413002152756,45 to 49 years
6406,6626,0.7185242857076439,0.4852428571428571,0.513413002152756,45 to 49 years
6407,5529,0.7185242857076439,0.4852428571428571,0.513413002152756,45 to 49 years
6408,589,0.7185242857076439,0.4852428571428571,0.513413002152756,45 to 49 years
6409,9161,0.7185242857076439,0.4852428571428571,0.513413002152756,45 to 49 years
6410,7315,0.7185242857076439,0.4852428571428571,0.513413002152756,45 to 49 years
6411,9979,0.7185242857076439,0.4852428571428571,0.513413002152756,45 to 49 years
6412,3879,0.7185242857076439,0.4852428571428571,0.513413002152756,45 to 49 years
6413,185,0.7185242857076439,0.4852428571428571,0.513413002152756,45 to 49 years
6414,9395,0.7185242857076439,0.4852428571428571,0.513413002152756,45 to 49 years
6415,6174,0.7185242857076439,0.4852428571428571,0.513413002152756,45 to 49 years
6416,5423,0.7185242857076439,0.4852428571428571,0.513413002152756,45 to 49 years
6417,7091,0.7185242857076439,0.4852428571428571,0.513413002152756,45 to 49 years
6418,6535,0.7185242857076439,0.4852428571428571,0.513413002152756,45 to 49 years
6419,881,0.49584192847804387,0.4852428571428571,0.513413002152756,45 to 49 years
6420,2108,0.7185242857076439,0.4852428571428571,0.513413002152756,45 to 49 years
6421,3866,0.7185242857076439,0.4852428571428571,0.513413002152756,45 to 49 years
6422,1087,0.7185242857076439,0.4852428571428571,0.513413002152756,45 to 49 years
6423,6610,0.7185242857076439,0.4852428571428571,0.513413002152756,45 to 49 years
6424,9328,0.7185242857076439,0.4852428571428571,0.513413002152756,45 to 49 years
6425,3998,0.7185242857076439,0.4852428571428571,0.513413002152756,45 to 49 years
6426,9719,0.7185242857076439,0.4852428571428571,0.513413002152756,45 to 49 years
6427,958,0.7185242857076439,0.4852428571428571,0.513413002152756,45 to 49 years
6428,6574,0.7185242857076439,0.4852428571428571,0.513413002152756,45 to 49 years
6429,3191,0.7185242857076439,0.4852428571428571,0.513413002152756,45 to 49 years
6430,6846,0.7185242857076439,0.4852428571428571,0.513413002152756,45 to 49 years
6431,6480,0.7185242857076439,0.4852428571428571,0.513413002152756,45 to 49 years
6432,7494,0.7185242857076439,0.4852428571428571,0.513413002152756,45 to 49 years
6433,6033,0.7185242857076439,0.4852428571428571,0.513413002152756,45 to 49 years
6434,747,0.7185242857076439,0.4852428571428571,0.513413002152756,45 to 49 years
6435,773,0.7185242857076439,0.4852428571428571,0.513413002152756,45 to 49 years
6436,675,0.7185242857076439,0.4852428571428571,0.513413002152756,45 to 49 years
6437,8405,0.7185242857076439,0.4852428571428571,0.513413002152756,45 to 49 years
6438,8962,0.7185242857076439,0.4852428571428571,0.513413002152756,45 to 49 years
6439,8754,0.7185242857076439,0.4852428571428571,0.513413002152756,45 to 49 years
6440,8775,0.7185242857076439,0.4852428571428571,0.513413002152756,45 to 49 years
6441,327,0.7185242857076439,0.4852428571428571,0.513413002152756,45 to 49 years
6442,841,0.7185242857076439,0.4852428571428571,0.513413002152756,45 to 49 years
6443,2431,0.7185242857076439,0.4852428571428571,0.513413002152756,45 to 49 years
6444,2502,0.7185242857076439,0.4852428571428571,0.513413002152756,45 to 49 years
6445,2872,0.7185242857076439,0.4852428571428571,0.513413002152756,45 to 49 years
6446,2582,0.7185242857076439,0.4852428571428571,0.513413002152756,45 to 49 years
6447,9348,0.7185242857076439,0.4852428571428571,0.513413002152756,45 to 49 years
6448,2156,0.7185242857076439,0.4852428571428571,0.513413002152756,45 to 49 years
6449,2648,0.7185242857076439,0.4852428571428571,0.513413002152756,45 to 49 years
6450,2636,0.7185242857076439,0.4852428571428571,0.513413002152756,45 to 49 years
6451,459,0.7185242857076439,0.4852428571428571,0.513413002152756,45 to 49 years
6452,7978,0.7185242857076439,0.4852428571428571,0.513413002152756,45 to 49 years
6453,2919,0.3963953284361787,0.4852428571428571,0.513413002152756,45 to 49 years
6454,7858,0.7185242857076439,0.4852428571428571,0.513413002152756,45 to 49 years
6455,8178,0.7185242857076439,0.4852428571428571,0.513413002152756,45 to 49 years
6456,6868,0.7185242857076439,0.4852428571428571,0.513413002152756,45 to 49 years
6457,56,0.7185242857076439,0.4852428571428571,0.513413002152756,45 to 49 years
6458,5690,0.7185242857076439,0.4852428571428571,0.513413002152756,45 to 49 years
6459,534,0.7185242857076439,0.4852428571428571,0.513413002152756,45 to 49 years
6460,6975,0.32933658070351796,0.4852428571428571,0.513413002152756,45 to 49 years
6461,1527,0.7185242857076439,0.4852428571428571,0.513413002152756,45 to 49 years
6462,5457,0.7185242857076439,0.4852428571428571,0.513413002152756,45 to 49 years
6463,4336,0.7185242857076439,0.4852428571428571,0.513413002152756,45 to 49 years
6464,1597,0.7185242857076439,0.4852428571428571,0.513413002152756,45 to 49 years
6465,5253,0.7185242857076439,0.4852428571428571,0.513413002152756,45 to 49 years
6466,2610,0.7185242857076439,0.4852428571428571,0.513413002152756,45 to 49 years
6467,2685,0.7185242857076439,0.4852428571428571,0.513413002152756,45 to 49 years
6468,4108,0.7185242857076439,0.4852428571428571,0.513413002152756,45 to 49 years
6469,1982,0.7185242857076439,0.4852428571428571,0.513413002152756,45 to 49 years
6470,6608,0.7185242857076439,0.4852428571428571,0.513413002152756,45 to 49 years
6471,3702,0.7185242857076439,0.4852428571428571,0.513413002152756,45 to 49 years
6472,8441,0.7185242857076439,0.4852428571428571,0.513413002152756,45 to 49 years
6473,3184,0.7185242857076439,0.4852428571428571,0.513413002152756,45 to 49 years
6474,1614,0.7185242857076439,0.4852428571428571,0.513413002152756,45 to 49 years
6475,9770,0.7185242857076439,0.4852428571428571,0.513413002152756,45 to 49 years
6476,7895,0.7185242857076439,0.4852428571428571,0.513413002152756,45 to 49 years
6477,7281,0.7185242857076439,0.4852428571428571,0.513413002152756,45 to 49 years
6478,3261,0.7185242857076439,0.4852428571428571,0.513413002152756,45 to 49 years
6479,4835,0.7185242857076439,0.4852428571428571,0.513413002152756,45 to 49 years
6480,5953,0.5525636432836661,0.4852428571428571,0.513413002152756,45 to 49 years
6481,1030,0.7185242857076439,0.4852428571428571,0.513413002152756,45 to 49 years
6482,1195,0.7185242857076439,0.4852428571428571,0.513413002152756,45 to 49 years
6483,79,0.7185242857076439,0.4852428571428571,0.513413002152756,45 to 49 years
6484,5323,0.7185242857076439,0.4852428571428571,0.513413002152756,45 to 49 years
6485,2902,0.7185242857076439,0.4852428571428571,0.513413002152756,45 to 49 years
6486,234,0.7185242857076439,0.4852428571428571,0.513413002152756,45 to 49 years
6487,4918,0.7185242857076439,0.4852428571428571,0.513413002152756,45 to 49 years
6488,3856,0.7185242857076439,0.4852428571428571,0.513413002152756,45 to 49 years
6489,9982,0.7185242857076439,0.4852428571428571,0.513413002152756,45 to 49 years
6490,3413,0.7185242857076439,0.4852428571428571,0.513413002152756,45 to 49 years
6491,3802,0.7185242857076439,0.4852428571428571,0.513413002152756,45 to 49 years
6492,6700,0.7185242857076439,0.4852428571428571,0.513413002152756,45 to 49 years
6493,3282,0.7185242857076439,0.4852428571428571,0.513413002152756,45 to 49 years
6494,1302,0.7185242857076439,0.4852428571428571,0.513413002152756,45 to 49 years
6495,9811,0.3119655030782116,0.4852428571428571,0.513413002152756,45 to 49 years
6496,9746,0.7185242857076439,0.4852428571428571,0.513413002152756,45 to 49 years
6497,1779,0.7185242857076439,0.4852428571428571,0.513413002152756,45 to 49 years
6498,3347,0.7185242857076439,0.4852428571428571,0.513413002152756,45 to 49 years
6499,8615,0.7185242857076439,0.4852428571428571,0.513413002152756,45 to 49 years
6500,3895,0.7185242857076439,0.4852428571428571,0.513413002152756,45 to 49 years
6501,7097,0.7185242857076439,0.4852428571428571,0.513413002152756,45 to 49 years
6502,959,0.7185242857076439,0.4852428571428571,0.513413002152756,45 to 49 years
6503,2869,0.18796900046958226,0.4852428571428571,0.513413002152756,45 to 49 years
6504,5105,0.7185242857076439,0.4852428571428571,0.513413002152756,45 to 49 years
6505,7011,0.7185242857076439,0.4852428571428571,0.513413002152756,45 to 49 years
6506,1632,0.7185242857076439,0.4852428571428571,0.513413002152756,45 to 49 years
6507,244,0.7185242857076439,0.4852428571428571,0.513413002152756,45 to 49 years
6508,7216,0.7185242857076439,0.4852428571428571,0.513413002152756,45 to 49 years
6509,8935,0.7185242857076439,0.4852428571428571,0.513413002152756,45 to 49 years
6510,1177,0.7185242857076439,0.4852428571428571,0.513413002152756,45 to 49 years
6511,4870,0.7185242857076439,0.4852428571428571,0.513413002152756,45 to 49 years
6512,1032,0.7185242857076439,0.4852428571428571,0.513413002152756,45 to 49 years
6513,3780,0.7185242857076439,0.4852428571428571,0.513413002152756,45 to 49 years
6514,3411,0.7185242857076439,0.4852428571428571,0.513413002152756,45 to 49 years
6515,7323,0.7185242857076439,0.4852428571428571,0.513413002152756,45 to 49 years
6516,1381,0.7185242857076439,0.4852428571428571,0.513413002152756,45 to 49 years
6517,7424,0.7185242857076439,0.4852428571428571,0.513413002152756,45 to 49 years
6518,5062,0.7185242857076439,0.4852428571428571,0.513413002152756,45 to 49 years
6519,4711,0.7185242857076439,0.4852428571428571,0.513413002152756,45 to 49 years
6520,348,0.7185242857076439,0.4852428571428571,0.513413002152756,45 to 49 years
6521,5158,0.7185242857076439,0.4852428571428571,0.513413002152756,45 to 49 years
6522,1220,0.7185242857076439,0.4852428571428571,0.513413002152756,45 to 49 years
6523,9702,0.7185242857076439,0.4852428571428571,0.513413002152756,45 to 49 years
6524,4174,0.7185242857076439,0.4852428571428571,0.513413002152756,45 to 49 years
6525,3407,0.7185242857076439,0.4852428571428571,0.513413002152756,45 to 49 years
6526,5939,0.35089954390187467,0.4852428571428571,0.513413002152756,45 to 49 years
6527,6296,0.7185242857076439,0.4852428571428571,0.513413002152756,45 to 49 years
6528,7007,0.7185242857076439,0.4852428571428571,0.513413002152756,45 to 49 years
6529,3931,0.7185242857076439,0.4852428571428571,0.513413002152756,45 to 49 years
6530,5338,0.7185242857076439,0.4852428571428571,0.513413002152756,45 to 49 years
6531,9301,0.7185242857076439,0.4852428571428571,0.513413002152756,45 to 49 years
6532,3422,0.7185242857076439,0.4852428571428571,0.513413002152756,45 to 49 years
6533,3094,0.7185242857076439,0.4852428571428571,0.513413002152756,45 to 49 years
6534,5089,0.7185242857076439,0.4852428571428571,0.513413002152756,45 to 49 years
6535,4707,0.7185242857076439,0.4852428571428571,0.513413002152756,45 to 49 years
6536,7824,0.7185242857076439,0.4852428571428571,0.513413002152756,45 to 49 years
6537,7375,0.7185242857076439,0.4852428571428571,0.513413002152756,45 to 49 years
6538,8526,0.7185242857076439,0.4852428571428571,0.513413002152756,45 to 49 years
6539,6412,0.7185242857076439,0.4852428571428571,0.513413002152756,45 to 49 years
6540,7514,0.7185242857076439,0.4852428571428571,0.513413002152756,45 to 49 years
6541,9529,0.7185242857076439,0.4852428571428571,0.513413002152756,45 to 49 years
6542,123,0.7185242857076439,0.4852428571428571,0.513413002152756,45 to 49 years
6543,4829,0.7185242857076439,0.4852428571428571,0.513413002152756,45 to 49 years
6544,625,0.7185242857076439,0.4852428571428571,0.513413002152756,45 to 49 years
6545,14,0.7185242857076439,0.4852428571428571,0.513413002152756,45 to 49 years
6546,2322,0.7185242857076439,0.4852428571428571,0.513413002152756,45 to 49 years
6547,513,0.7185242857076439,0.4852428571428571,0.513413002152756,45 to 49 years
6548,776,0.7185242857076439,0.4852428571428571,0.513413002152756,45 to 49 years
6549,4660,0.7185242857076439,0.4852428571428571,0.513413002152756,45 to 49 years
6550,5477,0.7185242857076439,0.4852428571428571,0.513413002152756,45 to 49 years
6551,1528,0.7185242857076439,0.4852428571428571,0.513413002152756,45 to 49 years
6552,3197,0.7185242857076439,0.4852428571428571,0.513413002152756,45 to 49 years
6553,6018,0.7185242857076439,0.4852428571428571,0.513413002152756,45 to 49 years
6554,7928,0.7185242857076439,0.4852428571428571,0.513413002152756,45 to 49 years
6555,5475,0.7185242857076439,0.4852428571428571,0.513413002152756,45 to 49 years
6556,8943,0.7185242857076439,0.4852428571428571,0.513413002152756,45 to 49 years
6557,8407,0.7185242857076439,0.4852428571428571,0.513413002152756,45 to 49 years
6558,2227,0.7185242857076439,0.4852428571428571,0.513413002152756,45 to 49 years
6559,1138,0.7185242857076439,0.4852428571428571,0.513413002152756,45 to 49 years
6560,2257,0.7185242857076439,0.4852428571428571,0.513413002152756,45 to 49 years
6561,5161,0.15096931094517846,0.4852428571428571,0.513413002152756,45 to 49 years
6562,2656,0.7185242857076439,0.4852428571428571,0.513413002152756,45 to 49 years
6563,9835,0.7185242857076439,0.4852428571428571,0.513413002152756,45 to 49 years
6564,3405,0.7185242857076439,0.4852428571428571,0.513413002152756,45 to 49 years
6565,2875,0.7185242857076439,0.4852428571428571,0.513413002152756,45 to 49 years
6566,2989,0.7185242857076439,0.4852428571428571,0.513413002152756,45 to 49 years
6567,2186,0.7185242857076439,0.4852428571428571,0.513413002152756,45 to 49 years
6568,4745,0.7185242857076439,0.4852428571428571,0.513413002152756,45 to 49 years
6569,9902,0.24496580561082465,0.4852428571428571,0.513413002152756,45 to 49 years
6570,3154,0.7185242857076439,0.4852428571428571,0.513413002152756,45 to 49 years
6571,2413,0.7185242857076439,0.4852428571428571,0.513413002152756,45 to 49 years
6572,9338,0.0,0.4852428571428571,0.513413002152756,45 to 49 years
6573,3252,0.7185242857076439,0.4852428571428571,0.513413002152756,45 to 49 years
6574,2092,0.7185242857076439,0.4852428571428571,0.513413002152756,45 to 49 years
6575,3396,0.7185242857076439,0.4852428571428571,0.513413002152756,45 to 49 years
6576,9586,0.7185242857076439,0.4852428571428571,0.513413002152756,45 to 49 years
6577,9605,0.9025242857142852,0.4852428571428571,0.513413002152756,5 to 9 years
6578,4679,0.9025242857142852,0.4852428571428571,0.513413002152756,5 to 9 years
6579,3891,0.9025242857142852,0.4852428571428571,0.513413002152756,5 to 9 years
6580,881,0.9025242857142852,0.4852428571428571,0.513413002152756,5 to 9 years
6581,4786,0.9025242857142852,0.4852428571428571,0.513413002152756,5 to 9 years
6582,7510,0.9025242857142852,0.4852428571428571,0.513413002152756,5 to 9 years
6583,8927,0.9025242857142852,0.4852428571428571,0.513413002152756,5 to 9 years
6584,2194,0.9025242857142852,0.4852428571428571,0.513413002152756,5 to 9 years
6585,1995,0.9025242857142852,0.4852428571428571,0.513413002152756,5 to 9 years
6586,2823,0.9025242857142852,0.4852428571428571,0.513413002152756,5 to 9 years
6587,3502,0.9025242857142852,0.4852428571428571,0.513413002152756,5 to 9 years
6588,2830,0.9025242857142852,0.4852428571428571,0.513413002152756,5 to 9 years
6589,5027,0.9025242857142852,0.4852428571428571,0.513413002152756,5 to 9 years
6590,9900,0.9025242857142852,0.4852428571428571,0.513413002152756,5 to 9 years
6591,6785,0.9025242857142852,0.4852428571428571,0.513413002152756,5 to 9 years
6592,6890,0.9025242857142852,0.4852428571428571,0.513413002152756,5 to 9 years
6593,9503,0.9025242857142852,0.4852428571428571,0.513413002152756,5 to 9 years
6594,667,0.9025242857142852,0.4852428571428571,0.513413002152756,5 to 9 years
6595,1943,0.9025242857142852,0.4852428571428571,0.513413002152756,5 to 9 years
6596,6943,0.9025242857142852,0.4852428571428571,0.513413002152756,5 to 9 years
6597,4732,0.9025242857142852,0.4852428571428571,0.513413002152756,5 to 9 years
6598,5129,0.9025242857142852,0.4852428571428571,0.513413002152756,5 to 9 years
6599,8112,0.9025242857142852,0.4852428571428571,0.513413002152756,5 to 9 years
6600,4262,0.9025242857142852,0.4852428571428571,0.513413002152756,5 to 9 years
6601,5735,0.9025242857142852,0.4852428571428571,0.513413002152756,5 to 9 years
6602,3584,0.9025242857142852,0.4852428571428571,0.513413002152756,5 to 9 years
6603,4375,0.9025242857142852,0.4852428571428571,0.513413002152756,5 to 9 years
6604,5141,0.9025242857142852,0.4852428571428571,0.513413002152756,5 to 9 years
6605,1490,0.9025242857142852,0.4852428571428571,0.513413002152756,5 to 9 years
6606,1380,0.9025242857142852,0.4852428571428571,0.513413002152756,5 to 9 years
6607,9910,0.9025242857142852,0.4852428571428571,0.513413002152756,5 to 9 years
6608,868,0.9025242857142852,0.4852428571428571,0.513413002152756,5 to 9 years
6609,7024,0.9025242857142852,0.4852428571428571,0.513413002152756,5 to 9 years
6610,4525,0.9025242857142852,0.4852428571428571,0.513413002152756,5 to 9 years
6611,973,0.9025242857142852,0.4852428571428571,0.513413002152756,5 to 9 years
6612,6521,0.9025242857142852,0.4852428571428571,0.513413002152756,5 to 9 years
6613,6614,0.9025242857142852,0.4852428571428571,0.513413002152756,5 to 9 years
6614,6847,0.9025242857142852,0.4852428571428571,0.513413002152756,5 to 9 years
6615,4486,0.9025242857142852,0.4852428571428571,0.513413002152756,5 to 9 years
6616,8729,0.9025242857142852,0.4852428571428571,0.513413002152756,5 to 9 years
6617,552,0.9025242857142852,0.4852428571428571,0.513413002152756,5 to 9 years
6618,380,0.9025242857142852,0.4852428571428571,0.513413002152756,5 to 9 years
6619,8359,0.9025242857142852,0.4852428571428571,0.513413002152756,5 to 9 years
6620,3520,0.9025242857142852,0.4852428571428571,0.513413002152756,5 to 9 years
6621,2845,0.9025242857142852,0.4852428571428571,0.513413002152756,5 to 9 years
6622,4074,0.9025242857142852,0.4852428571428571,0.513413002152756,5 to 9 years
6623,5301,0.9025242857142852,0.4852428571428571,0.513413002152756,5 to 9 years
6624,6409,0.9025242857142852,0.4852428571428571,0.513413002152756,5 to 9 years
6625,1100,0.9025242857142852,0.4852428571428571,0.513413002152756,5 to 9 years
6626,4990,0.9025242857142852,0.4852428571428571,0.513413002152756,5 to 9 years
6627,2215,0.9025242857142852,0.4852428571428571,0.513413002152756,5 to 9 years
6628,2426,0.9025242857142852,0.4852428571428571,0.513413002152756,5 to 9 years
6629,9647,0.9025242857142852,0.4852428571428571,0.513413002152756,5 to 9 years
6630,7454,0.9025242857142852,0.4852428571428571,0.513413002152756,5 to 9 years
6631,9602,0.9025242857142852,0.4852428571428571,0.513413002152756,5 to 9 years
6632,4958,0.9025242857142852,0.4852428571428571,0.513413002152756,5 to 9 years
6633,1824,0.9025242857142852,0.4852428571428571,0.513413002152756,5 to 9 years
6634,5675,0.9025242857142852,0.4852428571428571,0.513413002152756,5 to 9 years
6635,5840,0.9025242857142852,0.4852428571428571,0.513413002152756,5 to 9 years
6636,1356,0.9025242857142852,0.4852428571428571,0.513413002152756,5 to 9 years
6637,1513,0.9025242857142852,0.4852428571428571,0.513413002152756,5 to 9 years
6638,9653,0.9025242857142852,0.4852428571428571,0.513413002152756,5 to 9 years
6639,6960,0.9025242857142852,0.4852428571428571,0.513413002152756,5 to 9 years
6640,598,0.9025242857142852,0.4852428571428571,0.513413002152756,5 to 9 years
6641,2792,0.9025242857142852,0.4852428571428571,0.513413002152756,5 to 9 years
6642,8304,0.9025242857142852,0.4852428571428571,0.513413002152756,5 to 9 years
6643,6243,0.9025242857142852,0.4852428571428571,0.513413002152756,5 to 9 years
6644,3129,0.9025242857142852,0.4852428571428571,0.513413002152756,5 to 9 years
6645,2203,0.9025242857142852,0.4852428571428571,0.513413002152756,5 to 9 years
6646,7468,0.9025242857142852,0.4852428571428571,0.513413002152756,5 to 9 years
6647,6843,0.9025242857142852,0.4852428571428571,0.513413002152756,5 to 9 years
6648,6293,0.9025242857142852,0.4852428571428571,0.513413002152756,5 to 9 years
6649,414,0.9025242857142852,0.4852428571428571,0.513413002152756,5 to 9 years
6650,6541,0.9025242857142852,0.4852428571428571,0.513413002152756,5 to 9 years
6651,4271,0.9025242857142852,0.4852428571428571,0.513413002152756,5 to 9 years
6652,9727,0.9025242857142852,0.4852428571428571,0.513413002152756,5 to 9 years
6653,4350,0.9025242857142852,0.4852428571428571,0.513413002152756,5 to 9 years
6654,3237,0.9025242857142852,0.4852428571428571,0.513413002152756,5 to 9 years
6655,1938,0.9025242857142852,0.4852428571428571,0.513413002152756,5 to 9 years
6656,5097,0.9025242857142852,0.4852428571428571,0.513413002152756,5 to 9 years
6657,2037,0.9025242857142852,0.4852428571428571,0.513413002152756,5 to 9 years
6658,8897,0.9025242857142852,0.4852428571428571,0.513413002152756,5 to 9 years
6659,3602,0.9025242857142852,0.4852428571428571,0.513413002152756,5 to 9 years
6660,1269,0.9025242857142852,0.4852428571428571,0.513413002152756,5 to 9 years
6661,6390,0.9025242857142852,0.4852428571428571,0.513413002152756,5 to 9 years
6662,9817,0.9025242857142852,0.4852428571428571,0.513413002152756,5 to 9 years
6663,3749,0.9025242857142852,0.4852428571428571,0.513413002152756,5 to 9 years
6664,4470,0.9025242857142852,0.4852428571428571,0.513413002152756,5 to 9 years
6665,2814,0.9025242857142852,0.4852428571428571,0.513413002152756,5 to 9 years
6666,7113,0.9025242857142852,0.4852428571428571,0.513413002152756,5 to 9 years
6667,7646,0.9025242857142852,0.4852428571428571,0.513413002152756,5 to 9 years
6668,1747,0.9025242857142852,0.4852428571428571,0.513413002152756,5 to 9 years
6669,3024,0.9025242857142852,0.4852428571428571,0.513413002152756,5 to 9 years
6670,6344,0.9025242857142852,0.4852428571428571,0.513413002152756,5 to 9 years
6671,7644,0.9025242857142852,0.4852428571428571,0.513413002152756,5 to 9 years
6672,3457,0.9025242857142852,0.4852428571428571,0.513413002152756,5 to 9 years
6673,6214,0.9025242857142852,0.4852428571428571,0.513413002152756,5 to 9 years
6674,796,0.9025242857142852,0.4852428571428571,0.513413002152756,5 to 9 years
6675,7445,0.9025242857142852,0.4852428571428571,0.513413002152756,5 to 9 years
6676,1848,0.9025242857142852,0.4852428571428571,0.513413002152756,5 to 9 years
6677,280,0.9025242857142852,0.4852428571428571,0.513413002152756,5 to 9 years
6678,3248,0.9025242857142852,0.4852428571428571,0.513413002152756,5 to 9 years
6679,8350,0.9025242857142852,0.4852428571428571,0.513413002152756,5 to 9 years
6680,6596,0.9025242857142852,0.4852428571428571,0.513413002152756,5 to 9 years
6681,1626,0.9025242857142852,0.4852428571428571,0.513413002152756,5 to 9 years
6682,2617,0.9025242857142852,0.4852428571428571,0.513413002152756,5 to 9 years
6683,3652,0.9025242857142852,0.4852428571428571,0.513413002152756,5 to 9 years
6684,707,0.9025242857142852,0.4852428571428571,0.513413002152756,5 to 9 years
6685,7151,0.9025242857142852,0.4852428571428571,0.513413002152756,5 to 9 years
6686,5845,0.9025242857142852,0.4852428571428571,0.513413002152756,5 to 9 years
6687,9764,0.9025242857142852,0.4852428571428571,0.513413002152756,5 to 9 years
6688,190,0.9025242857142852,0.4852428571428571,0.513413002152756,5 to 9 years
6689,9274,0.9025242857142852,0.4852428571428571,0.513413002152756,5 to 9 years
6690,7533,0.9025242857142852,0.4852428571428571,0.513413002152756,5 to 9 years
6691,3071,0.9025242857142852,0.4852428571428571,0.513413002152756,5 to 9 years
6692,4561,0.9025242857142852,0.4852428571428571,0.513413002152756,5 to 9 years
6693,6450,0.9025242857142852,0.4852428571428571,0.513413002152756,5 to 9 years
6694,6578,0.9025242857142852,0.4852428571428571,0.513413002152756,5 to 9 years
6695,481,0.9025242857142852,0.4852428571428571,0.513413002152756,5 to 9 years
6696,5752,0.9025242857142852,0.4852428571428571,0.513413002152756,5 to 9 years
6697,3518,0.9025242857142852,0.4852428571428571,0.513413002152756,5 to 9 years
6698,6819,0.9025242857142852,0.4852428571428571,0.513413002152756,5 to 9 years
6699,5089,0.9025242857142852,0.4852428571428571,0.513413002152756,5 to 9 years
6700,8509,0.9025242857142852,0.4852428571428571,0.513413002152756,5 to 9 years
6701,5827,0.9025242857142852,0.4852428571428571,0.513413002152756,5 to 9 years
6702,2925,0.9025242857142852,0.4852428571428571,0.513413002152756,5 to 9 years
6703,6583,0.9025242857142852,0.4852428571428571,0.513413002152756,5 to 9 years
6704,4545,0.9025242857142852,0.4852428571428571,0.513413002152756,5 to 9 years
6705,463,0.9025242857142852,0.4852428571428571,0.513413002152756,5 to 9 years
6706,356,0.9025242857142852,0.4852428571428571,0.513413002152756,5 to 9 years
6707,7405,0.9025242857142852,0.4852428571428571,0.513413002152756,5 to 9 years
6708,5682,0.9025242857142852,0.4852428571428571,0.513413002152756,5 to 9 years
6709,7874,0.9025242857142852,0.4852428571428571,0.513413002152756,5 to 9 years
6710,2192,0.9025242857142852,0.4852428571428571,0.513413002152756,5 to 9 years
6711,2409,0.9025242857142852,0.4852428571428571,0.513413002152756,5 to 9 years
6712,3229,0.9025242857142852,0.4852428571428571,0.513413002152756,5 to 9 years
6713,2882,0.9025242857142852,0.4852428571428571,0.513413002152756,5 to 9 years
6714,2637,0.9025242857142852,0.4852428571428571,0.513413002152756,5 to 9 years
6715,9492,0.9025242857142852,0.4852428571428571,0.513413002152756,5 to 9 years
6716,9333,0.9025242857142852,0.4852428571428571,0.513413002152756,5 to 9 years
6717,497,0.9025242857142852,0.4852428571428571,0.513413002152756,5 to 9 years
6718,1855,0.9025242857142852,0.4852428571428571,0.513413002152756,5 to 9 years
6719,8213,0.9025242857142852,0.4852428571428571,0.513413002152756,5 to 9 years
6720,4497,0.9025242857142852,0.4852428571428571,0.513413002152756,5 to 9 years
6721,675,0.9025242857142852,0.4852428571428571,0.513413002152756,5 to 9 years
6722,3975,0.9025242857142852,0.4852428571428571,0.513413002152756,5 to 9 years
6723,3208,0.9025242857142852,0.4852428571428571,0.513413002152756,5 to 9 years
6724,709,0.9025242857142852,0.4852428571428571,0.513413002152756,5 to 9 years
6725,944,0.9025242857142852,0.4852428571428571,0.513413002152756,5 to 9 years
6726,8321,0.9025242857142852,0.4852428571428571,0.513413002152756,5 to 9 years
6727,1467,0.9025242857142852,0.4852428571428571,0.513413002152756,5 to 9 years
6728,9710,0.9025242857142852,0.4852428571428571,0.513413002152756,5 to 9 years
6729,1456,0.9025242857142852,0.4852428571428571,0.513413002152756,5 to 9 years
6730,1624,0.9025242857142852,0.4852428571428571,0.513413002152756,5 to 9 years
6731,1141,0.9025242857142852,0.4852428571428571,0.513413002152756,5 to 9 years
6732,5166,0.9025242857142852,0.4852428571428571,0.513413002152756,5 to 9 years
6733,8297,0.9025242857142852,0.4852428571428571,0.513413002152756,5 to 9 years
6734,9234,0.9025242857142852,0.4852428571428571,0.513413002152756,5 to 9 years
6735,1527,0.9025242857142852,0.4852428571428571,0.513413002152756,5 to 9 years
6736,6126,0.9025242857142852,0.4852428571428571,0.513413002152756,5 to 9 years
6737,6533,0.9025242857142852,0.4852428571428571,0.513413002152756,5 to 9 years
6738,177,0.9025242857142852,0.4852428571428571,0.513413002152756,5 to 9 years
6739,5359,0.9025242857142852,0.4852428571428571,0.513413002152756,5 to 9 years
6740,5518,0.9025242857142852,0.4852428571428571,0.513413002152756,5 to 9 years
6741,8644,0.9025242857142852,0.4852428571428571,0.513413002152756,5 to 9 years
6742,2999,0.9025242857142852,0.4852428571428571,0.513413002152756,5 to 9 years
6743,7334,0.9025242857142852,0.4852428571428571,0.513413002152756,5 to 9 years
6744,1169,0.9025242857142852,0.4852428571428571,0.513413002152756,5 to 9 years
6745,1089,0.589926581668888,0.4852428571428571,0.513413002152756,5 to 9 years
6746,9810,0.9025242857142852,0.4852428571428571,0.513413002152756,5 to 9 years
6747,5769,0.9025242857142852,0.4852428571428571,0.513413002152756,5 to 9 years
6748,3353,0.9025242857142852,0.4852428571428571,0.513413002152756,5 to 9 years
6749,1444,0.9025242857142852,0.4852428571428571,0.513413002152756,5 to 9 years
6750,9998,0.9025242857142852,0.4852428571428571,0.513413002152756,5 to 9 years
6751,8888,0.9025242857142852,0.4852428571428571,0.513413002152756,5 to 9 years
6752,5890,0.9025242857142852,0.4852428571428571,0.513413002152756,5 to 9 years
6753,3790,0.9025242857142852,0.4852428571428571,0.513413002152756,5 to 9 years
6754,7214,0.9025242857142852,0.4852428571428571,0.513413002152756,5 to 9 years
6755,3109,0.9025242857142852,0.4852428571428571,0.513413002152756,5 to 9 years
6756,4182,0.9025242857142852,0.4852428571428571,0.513413002152756,5 to 9 years
6757,1928,0.9025242857142852,0.4852428571428571,0.513413002152756,5 to 9 years
6758,22,0.9025242857142852,0.4852428571428571,0.513413002152756,5 to 9 years
6759,851,0.9025242857142852,0.4852428571428571,0.513413002152756,5 to 9 years
6760,2126,0.9025242857142852,0.4852428571428571,0.513413002152756,5 to 9 years
6761,5852,0.9025242857142852,0.4852428571428571,0.513413002152756,5 to 9 years
6762,769,0.9025242857142852,0.4852428571428571,0.513413002152756,5 to 9 years
6763,1411,0.9025242857142852,0.4852428571428571,0.513413002152756,5 to 9 years
6764,4668,0.9025242857142852,0.4852428571428571,0.513413002152756,5 to 9 years
6765,2482,0.9025242857142852,0.4852428571428571,0.513413002152756,5 to 9 years
6766,7372,0.9025242857142852,0.4852428571428571,0.513413002152756,5 to 9 years
6767,684,0.9025242857142852,0.4852428571428571,0.513413002152756,5 to 9 years
6768,5241,0.9025242857142852,0.4852428571428571,0.513413002152756,5 to 9 years
6769,9303,0.9025242857142852,0.4852428571428571,0.513413002152756,5 to 9 years
6770,6535,0.9025242857142852,0.4852428571428571,0.513413002152756,5 to 9 years
6771,7466,0.9025242857142852,0.4852428571428571,0.513413002152756,5 to 9 years
6772,5423,0.9025242857142852,0.4852428571428571,0.513413002152756,5 to 9 years
6773,2187,0.9025242857142852,0.4852428571428571,0.513413002152756,5 to 9 years
6774,932,0.9025242857142852,0.4852428571428571,0.513413002152756,5 to 9 years
6775,637,0.9025242857142852,0.4852428571428571,0.513413002152756,5 to 9 years
6776,5320,0.9025242857142852,0.4852428571428571,0.513413002152756,5 to 9 years
6777,7233,0.9025242857142852,0.4852428571428571,0.513413002152756,5 to 9 years
6778,8364,0.9025242857142852,0.4852428571428571,0.513413002152756,5 to 9 years
6779,6005,0.9025242857142852,0.4852428571428571,0.513413002152756,5 to 9 years
6780,7410,0.9025242857142852,0.4852428571428571,0.513413002152756,5 to 9 years
6781,259,0.9025242857142852,0.4852428571428571,0.513413002152756,5 to 9 years
6782,9400,0.9025242857142852,0.4852428571428571,0.513413002152756,5 to 9 years
6783,1834,0.9025242857142852,0.4852428571428571,0.513413002152756,5 to 9 years
6784,7665,0.9025242857142852,0.4852428571428571,0.513413002152756,5 to 9 years
6785,2470,0.9025242857142852,0.4852428571428571,0.513413002152756,5 to 9 years
6786,3823,0.9025242857142852,0.4852428571428571,0.513413002152756,5 to 9 years
6787,978,0.9025242857142852,0.4852428571428571,0.513413002152756,5 to 9 years
6788,488,0.9025242857142852,0.4852428571428571,0.513413002152756,5 to 9 years
6789,829,0.9025242857142852,0.4852428571428571,0.513413002152756,5 to 9 years
6790,3543,0.9025242857142852,0.4852428571428571,0.513413002152756,5 to 9 years
6791,9825,0.9025242857142852,0.4852428571428571,0.513413002152756,5 to 9 years
6792,7045,0.9025242857142852,0.4852428571428571,0.513413002152756,5 to 9 years
6793,3592,0.9025242857142852,0.4852428571428571,0.513413002152756,5 to 9 years
6794,1075,0.9025242857142852,0.4852428571428571,0.513413002152756,5 to 9 years
6795,7483,0.9025242857142852,0.4852428571428571,0.513413002152756,5 to 9 years
6796,8400,0.9025242857142852,0.4852428571428571,0.513413002152756,5 to 9 years
6797,7583,0.9025242857142852,0.4852428571428571,0.513413002152756,5 to 9 years
6798,7692,0.9025242857142852,0.4852428571428571,0.513413002152756,5 to 9 years
6799,1740,0.9025242857142852,0.4852428571428571,0.513413002152756,5 to 9 years
6800,3690,0.9025242857142852,0.4852428571428571,0.513413002152756,5 to 9 years
6801,2069,0.9025242857142852,0.4852428571428571,0.513413002152756,5 to 9 years
6802,6516,0.9025242857142852,0.4852428571428571,0.513413002152756,5 to 9 years
6803,3265,0.9025242857142852,0.4852428571428571,0.513413002152756,5 to 9 years
6804,7762,0.9025242857142852,0.4852428571428571,0.513413002152756,5 to 9 years
6805,8331,0.9025242857142852,0.4852428571428571,0.513413002152756,5 to 9 years
6806,662,0.9025242857142852,0.4852428571428571,0.513413002152756,5 to 9 years
6807,1205,0.9025242857142852,0.4852428571428571,0.513413002152756,5 to 9 years
6808,1801,0.9025242857142852,0.4852428571428571,0.513413002152756,5 to 9 years
6809,5347,0.9025242857142852,0.4852428571428571,0.513413002152756,5 to 9 years
6810,5179,0.9025242857142852,0.4852428571428571,0.513413002152756,5 to 9 years
6811,9560,0.9025242857142852,0.4852428571428571,0.513413002152756,5 to 9 years
6812,6835,0.9025242857142852,0.4852428571428571,0.513413002152756,5 to 9 years
6813,2308,0.9025242857142852,0.4852428571428571,0.513413002152756,5 to 9 years
6814,8541,0.9025242857142852,0.4852428571428571,0.513413002152756,5 to 9 years
6815,452,0.9025242857142852,0.4852428571428571,0.513413002152756,5 to 9 years
6816,5519,0.9025242857142852,0.4852428571428571,0.513413002152756,5 to 9 years
6817,815,0.9025242857142852,0.4852428571428571,0.513413002152756,5 to 9 years
6818,3550,0.9025242857142852,0.4852428571428571,0.513413002152756,5 to 9 years
6819,8446,0.9025242857142852,0.4852428571428571,0.513413002152756,5 to 9 years
6820,8043,0.9025242857142852,0.4852428571428571,0.513413002152756,5 to 9 years
6821,9446,0.9025242857142852,0.4852428571428571,0.513413002152756,5 to 9 years
6822,5577,0.0,0.4852428571428571,0.513413002152756,5 to 9 years
6823,2514,0.9025242857142852,0.4852428571428571,0.513413002152756,5 to 9 years
6824,3818,0.9025242857142852,0.4852428571428571,0.513413002152756,5 to 9 years
6825,2348,0.9025242857142852,0.4852428571428571,0.513413002152756,5 to 9 years
6826,4584,0.9025242857142852,0.4852428571428571,0.513413002152756,5 to 9 years
6827,6939,0.9025242857142852,0.4852428571428571,0.513413002152756,5 to 9 years
6828,8674,0.9025242857142852,0.4852428571428571,0.513413002152756,5 to 9 years
6829,255,0.9025242857142852,0.4852428571428571,0.513413002152756,5 to 9 years
6830,5215,0.9025242857142852,0.4852428571428571,0.513413002152756,5 to 9 years
6831,2615,0.9025242857142852,0.4852428571428571,0.513413002152756,5 to 9 years
6832,4634,0.9025242857142852,0.4852428571428571,0.513413002152756,5 to 9 years
6833,8084,0.9025242857142852,0.4852428571428571,0.513413002152756,5 to 9 years
6834,9981,0.9025242857142852,0.4852428571428571,0.513413002152756,5 to 9 years
6835,4174,0.9025242857142852,0.4852428571428571,0.513413002152756,5 to 9 years
6836,9272,0.9025242857142852,0.4852428571428571,0.513413002152756,5 to 9 years
6837,3564,0.9025242857142852,0.4852428571428571,0.513413002152756,5 to 9 years
6838,178,0.9025242857142852,0.4852428571428571,0.513413002152756,5 to 9 years
6839,464,0.9025242857142852,0.4852428571428571,0.513413002152756,5 to 9 years
6840,692,0.9025242857142852,0.4852428571428571,0.513413002152756,5 to 9 years
6841,994,0.9025242857142852,0.4852428571428571,0.513413002152756,5 to 9 years
6842,9945,0.9025242857142852,0.4852428571428571,0.513413002152756,5 to 9 years
6843,3716,0.9025242857142852,0.4852428571428571,0.513413002152756,5 to 9 years
6844,5957,0.9025242857142852,0.4852428571428571,0.513413002152756,5 to 9 years
6845,4232,0.9025242857142852,0.4852428571428571,0.513413002152756,5 to 9 years
6846,2524,0.9025242857142852,0.4852428571428571,0.513413002152756,5 to 9 years
6847,1838,0.9025242857142852,0.4852428571428571,0.513413002152756,5 to 9 years
6848,1889,0.9025242857142852,0.4852428571428571,0.513413002152756,5 to 9 years
6849,5184,0.9025242857142852,0.4852428571428571,0.513413002152756,5 to 9 years
6850,8403,0.9025242857142852,0.4852428571428571,0.513413002152756,5 to 9 years
6851,4736,0.9025242857142852,0.4852428571428571,0.513413002152756,5 to 9 years
6852,532,0.9025242857142852,0.4852428571428571,0.513413002152756,5 to 9 years
6853,7436,0.9025242857142852,0.4852428571428571,0.513413002152756,5 to 9 years
6854,8943,0.9025242857142852,0.4852428571428571,0.513413002152756,5 to 9 years
6855,2325,0.9025242857142852,0.4852428571428571,0.513413002152756,5 to 9 years
6856,9083,0.9025242857142852,0.4852428571428571,0.513413002152756,5 to 9 years
6857,3454,0.9025242857142852,0.4852428571428571,0.513413002152756,5 to 9 years
6858,756,0.9025242857142852,0.4852428571428571,0.513413002152756,5 to 9 years
6859,1512,0.9025242857142852,0.4852428571428571,0.513413002152756,5 to 9 years
6860,3267,0.9025242857142852,0.4852428571428571,0.513413002152756,5 to 9 years
6861,2927,0.9025242857142852,0.4852428571428571,0.513413002152756,5 to 9 years
6862,5677,0.9025242857142852,0.4852428571428571,0.513413002152756,5 to 9 years
6863,6750,0.9025242857142852,0.4852428571428571,0.513413002152756,5 to 9 years
6864,6944,0.9025242857142852,0.4852428571428571,0.513413002152756,5 to 9 years
6865,3022,0.9025242857142852,0.4852428571428571,0.513413002152756,5 to 9 years
6866,3187,0.9025242857142852,0.4852428571428571,0.513413002152756,5 to 9 years
6867,9097,0.9025242857142852,0.4852428571428571,0.513413002152756,5 to 9 years
6868,9846,0.9025242857142852,0.4852428571428571,0.513413002152756,5 to 9 years
6869,2805,0.9025242857142852,0.4852428571428571,0.513413002152756,5 to 9 years
6870,4748,0.9025242857142852,0.4852428571428571,0.513413002152756,5 to 9 years
6871,663,0.9025242857142852,0.4852428571428571,0.513413002152756,5 to 9 years
6872,180,0.9025242857142852,0.4852428571428571,0.513413002152756,5 to 9 years
6873,1065,0.9025242857142852,0.4852428571428571,0.513413002152756,5 to 9 years
6874,4317,0.9025242857142852,0.4852428571428571,0.513413002152756,5 to 9 years
6875,2764,0.9025242857142852,0.4852428571428571,0.513413002152756,5 to 9 years
6876,5541,0.9025242857142852,0.4852428571428571,0.513413002152756,5 to 9 years
6877,3239,0.9025242857142852,0.4852428571428571,0.513413002152756,5 to 9 years
6878,6217,0.9025242857142852,0.4852428571428571,0.513413002152756,5 to 9 years
6879,1736,0.9025242857142852,0.4852428571428571,0.513413002152756,5 to 9 years
6880,5594,0.9025242857142852,0.4852428571428571,0.513413002152756,5 to 9 years
6881,9508,0.9025242857142852,0.4852428571428571,0.513413002152756,5 to 9 years
6882,579,0.9025242857142852,0.4852428571428571,0.513413002152756,5 to 9 years
6883,3259,0.9025242857142852,0.4852428571428571,0.513413002152756,5 to 9 years
6884,1660,0.9025242857142852,0.4852428571428571,0.513413002152756,5 to 9 years
6885,9718,0.9025242857142852,0.4852428571428571,0.513413002152756,5 to 9 years
6886,8756,0.9025242857142852,0.4852428571428571,0.513413002152756,5 to 9 years
6887,3625,0.9025242857142852,0.4852428571428571,0.513413002152756,5 to 9 years
6888,1037,0.9025242857142852,0.4852428571428571,0.513413002152756,5 to 9 years
6889,8718,0.9025242857142852,0.4852428571428571,0.513413002152756,5 to 9 years
6890,5826,0.9025242857142852,0.4852428571428571,0.513413002152756,5 to 9 years
6891,24,0.9025242857142852,0.4852428571428571,0.513413002152756,5 to 9 years
6892,1376,0.9025242857142852,0.4852428571428571,0.513413002152756,5 to 9 years
6893,5431,0.9025242857142852,0.4852428571428571,0.513413002152756,5 to 9 years
6894,9980,0.9025242857142852,0.4852428571428571,0.513413002152756,5 to 9 years
6895,7386,0.9025242857142852,0.4852428571428571,0.513413002152756,5 to 9 years
6896,4358,0.9025242857142852,0.4852428571428571,0.513413002152756,5 to 9 years
6897,1573,0.9025242857142852,0.4852428571428571,0.513413002152756,5 to 9 years
6898,524,0.9025242857142852,0.4852428571428571,0.513413002152756,5 to 9 years
6899,3589,0.9025242857142852,0.4852428571428571,0.513413002152756,5 to 9 years
6900,5757,0.9025242857142852,0.4852428571428571,0.513413002152756,5 to 9 years
6901,5553,0.9025242857142852,0.4852428571428571,0.513413002152756,5 to 9 years
6902,4642,0.9025242857142852,0.4852428571428571,0.513413002152756,5 to 9 years
6903,977,0.9025242857142852,0.4852428571428571,0.513413002152756,5 to 9 years
6904,4574,0.9025242857142852,0.4852428571428571,0.513413002152756,5 to 9 years
6905,3021,0.9025242857142852,0.4852428571428571,0.513413002152756,5 to 9 years
6906,7411,0.9025242857142852,0.4852428571428571,0.513413002152756,5 to 9 years
6907,9531,0.9025242857142852,0.4852428571428571,0.513413002152756,5 to 9 years
6908,7903,0.9025242857142852,0.4852428571428571,0.513413002152756,5 to 9 years
6909,6911,0.9025242857142852,0.4852428571428571,0.513413002152756,5 to 9 years
6910,1983,0.9025242857142852,0.4852428571428571,0.513413002152756,5 to 9 years
6911,4938,0.9025242857142852,0.4852428571428571,0.513413002152756,5 to 9 years
6912,7159,0.9025242857142852,0.4852428571428571,0.513413002152756,5 to 9 years
6913,3319,0.9025242857142852,0.4852428571428571,0.513413002152756,5 to 9 years
6914,5116,0.9025242857142852,0.4852428571428571,0.513413002152756,5 to 9 years
6915,9748,0.9025242857142852,0.4852428571428571,0.513413002152756,5 to 9 years
6916,4165,0.9025242857142852,0.4852428571428571,0.513413002152756,5 to 9 years
6917,4682,0.9025242857142852,0.4852428571428571,0.513413002152756,5 to 9 years
6918,8413,0.9025242857142852,0.4852428571428571,0.513413002152756,5 to 9 years
6919,6157,0.9025242857142852,0.4852428571428571,0.513413002152756,5 to 9 years
6920,992,0.9025242857142852,0.4852428571428571,0.513413002152756,5 to 9 years
6921,7893,0.9025242857142852,0.4852428571428571,0.513413002152756,5 to 9 years
6922,8386,0.9025242857142852,0.4852428571428571,0.513413002152756,5 to 9 years
6923,254,0.9025242857142852,0.4852428571428571,0.513413002152756,5 to 9 years
6924,2471,0.9025242857142852,0.4852428571428571,0.513413002152756,5 to 9 years
6925,1963,0.9025242857142852,0.4852428571428571,0.513413002152756,5 to 9 years
6926,8765,0.9025242857142852,0.4852428571428571,0.513413002152756,5 to 9 years
6927,3697,0.9025242857142852,0.4852428571428571,0.513413002152756,5 to 9 years
6928,2407,0.9025242857142852,0.4852428571428571,0.513413002152756,5 to 9 years
6929,2272,0.9025242857142852,0.4852428571428571,0.513413002152756,5 to 9 years
6930,1892,0.9025242857142852,0.4852428571428571,0.513413002152756,5 to 9 years
6931,9426,0.9025242857142852,0.4852428571428571,0.513413002152756,5 to 9 years
6932,9775,0.9025242857142852,0.4852428571428571,0.513413002152756,5 to 9 years
6933,2499,0.9025242857142852,0.4852428571428571,0.513413002152756,5 to 9 years
6934,6818,0.9025242857142852,0.4852428571428571,0.513413002152756,5 to 9 years
6935,9676,0.9025242857142852,0.4852428571428571,0.513413002152756,5 to 9 years
6936,2416,0.9025242857142852,0.4852428571428571,0.513413002152756,5 to 9 years
6937,6147,0.9025242857142852,0.4852428571428571,0.513413002152756,5 to 9 years
6938,1077,0.9025242857142852,0.4852428571428571,0.513413002152756,5 to 9 years
6939,2029,0.9025242857142852,0.4852428571428571,0.513413002152756,5 to 9 years
6940,2258,0.9025242857142852,0.4852428571428571,0.513413002152756,5 to 9 years
6941,5961,0.9025242857142852,0.4852428571428571,0.513413002152756,5 to 9 years
6942,5108,0.9025242857142852,0.4852428571428571,0.513413002152756,5 to 9 years
6943,262,0.9025242857142852,0.4852428571428571,0.513413002152756,5 to 9 years
6944,4141,0.9025242857142852,0.4852428571428571,0.513413002152756,5 to 9 years
6945,3557,0.9025242857142852,0.4852428571428571,0.513413002152756,5 to 9 years
6946,7107,0.9025242857142852,0.4852428571428571,0.513413002152756,5 to 9 years
6947,5904,0.9025242857142852,0.4852428571428571,0.513413002152756,5 to 9 years
6948,5322,0.9025242857142852,0.4852428571428571,0.513413002152756,5 to 9 years
6949,8855,0.9025242857142852,0.4852428571428571,0.513413002152756,5 to 9 years
6950,8511,0.9025242857142852,0.4852428571428571,0.513413002152756,5 to 9 years
6951,8575,0.9025242857142852,0.4852428571428571,0.513413002152756,5 to 9 years
6952,1033,0.9025242857142852,0.4852428571428571,0.513413002152756,5 to 9 years
6953,8233,0.9025242857142852,0.4852428571428571,0.513413002152756,5 to 9 years
6954,335,0.9025242857142852,0.4852428571428571,0.513413002152756,5 to 9 years
6955,9460,0.9025242857142852,0.4852428571428571,0.513413002152756,5 to 9 years
6956,3211,0.9025242857142852,0.4852428571428571,0.513413002152756,5 to 9 years
6957,3258,0.9025242857142852,0.4852428571428571,0.513413002152756,5 to 9 years
6958,3179,0.9025242857142852,0.4852428571428571,0.513413002152756,5 to 9 years
6959,1123,0.9025242857142852,0.4852428571428571,0.513413002152756,5 to 9 years
6960,5399,0.9025242857142852,0.4852428571428571,0.513413002152756,5 to 9 years
6961,520,0.9025242857142852,0.4852428571428571,0.513413002152756,5 to 9 years
6962,232,0.9025242857142852,0.4852428571428571,0.513413002152756,5 to 9 years
6963,3134,0.9025242857142852,0.4852428571428571,0.513413002152756,5 to 9 years
6964,8593,0.9025242857142852,0.4852428571428571,0.513413002152756,5 to 9 years
6965,2879,0.9025242857142852,0.4852428571428571,0.513413002152756,5 to 9 years
6966,5152,0.9025242857142852,0.4852428571428571,0.513413002152756,5 to 9 years
6967,5448,0.9025242857142852,0.4852428571428571,0.513413002152756,5 to 9 years
6968,5563,0.9025242857142852,0.4852428571428571,0.513413002152756,5 to 9 years
6969,8612,0.9025242857142852,0.4852428571428571,0.513413002152756,5 to 9 years
6970,9579,0.9025242857142852,0.4852428571428571,0.513413002152756,5 to 9 years
6971,2903,0.9025242857142852,0.4852428571428571,0.513413002152756,5 to 9 years
6972,6010,0.9025242857142852,0.4852428571428571,0.513413002152756,5 to 9 years
6973,9715,0.9025242857142852,0.4852428571428571,0.513413002152756,5 to 9 years
6974,381,0.9025242857142852,0.4852428571428571,0.513413002152756,5 to 9 years
6975,6742,0.9025242857142852,0.4852428571428571,0.513413002152756,5 to 9 years
6976,7524,0.9025242857142852,0.4852428571428571,0.513413002152756,5 to 9 years
6977,7596,0.9025242857142852,0.4852428571428571,0.513413002152756,5 to 9 years
6978,9490,0.9025242857142852,0.4852428571428571,0.513413002152756,5 to 9 years
6979,4230,0.9025242857142852,0.4852428571428571,0.513413002152756,5 to 9 years
6980,7996,0.9025242857142852,0.4852428571428571,0.513413002152756,5 to 9 years
6981,1900,0.8160816742293175,0.4852428571428571,0.513413002152756,5 to 9 years
6982,3383,0.9025242857142852,0.4852428571428571,0.513413002152756,5 to 9 years
6983,4001,0.9025242857142852,0.4852428571428571,0.513413002152756,5 to 9 years
6984,1780,0.9025242857142852,0.4852428571428571,0.513413002152756,5 to 9 years
6985,6529,0.9025242857142852,0.4852428571428571,0.513413002152756,5 to 9 years
6986,4883,0.9025242857142852,0.4852428571428571,0.513413002152756,5 to 9 years
6987,4175,0.9025242857142852,0.4852428571428571,0.513413002152756,5 to 9 years
6988,1184,0.9025242857142852,0.4852428571428571,0.513413002152756,5 to 9 years
6989,1991,0.9025242857142852,0.4852428571428571,0.513413002152756,5 to 9 years
6990,7516,0.9025242857142852,0.4852428571428571,0.513413002152756,5 to 9 years
6991,4631,0.9025242857142852,0.4852428571428571,0.513413002152756,5 to 9 years
6992,550,0.9025242857142852,0.4852428571428571,0.513413002152756,5 to 9 years
6993,6318,0.9025242857142852,0.4852428571428571,0.513413002152756,5 to 9 years
6994,2377,0.9025242857142852,0.4852428571428571,0.513413002152756,5 to 9 years
6995,6277,0.9025242857142852,0.4852428571428571,0.513413002152756,5 to 9 years
6996,117,0.9025242857142852,0.4852428571428571,0.513413002152756,5 to 9 years
6997,6423,0.9025242857142852,0.4852428571428571,0.513413002152756,5 to 9 years
6998,2821,0.9025242857142852,0.4852428571428571,0.513413002152756,5 to 9 years
6999,7073,0.9025242857142852,0.4852428571428571,0.513413002152756,5 to 9 years
7000,1851,0.9025242857142852,0.4852428571428571,0.513413002152756,5 to 9 years
7001,2770,0.9025242857142852,0.4852428571428571,0.513413002152756,5 to 9 years
7002,1330,0.9025242857142852,0.4852428571428571,0.513413002152756,5 to 9 years
7003,2303,0.9025242857142852,0.4852428571428571,0.513413002152756,5 to 9 years
7004,6098,0.9025242857142852,0.4852428571428571,0.513413002152756,5 to 9 years
7005,9292,0.9025242857142852,0.4852428571428571,0.513413002152756,5 to 9 years
7006,4543,0.9025242857142852,0.4852428571428571,0.513413002152756,5 to 9 years
7007,2771,0.9025242857142852,0.4852428571428571,0.513413002152756,5 to 9 years
7008,6342,0.9025242857142852,0.4852428571428571,0.513413002152756,5 to 9 years
7009,5095,0.9025242857142852,0.4852428571428571,0.513413002152756,5 to 9 years
7010,8974,0.9025242857142852,0.4852428571428571,0.513413002152756,5 to 9 years
7011,9404,0.9025242857142852,0.4852428571428571,0.513413002152756,5 to 9 years
7012,9176,0.9025242857142852,0.4852428571428571,0.513413002152756,5 to 9 years
7013,1382,0.9025242857142852,0.4852428571428571,0.513413002152756,5 to 9 years
7014,950,0.9025242857142852,0.4852428571428571,0.513413002152756,5 to 9 years
7015,2403,0.9025242857142852,0.4852428571428571,0.513413002152756,5 to 9 years
7016,9675,0.9025242857142852,0.4852428571428571,0.513413002152756,5 to 9 years
7017,412,0.9025242857142852,0.4852428571428571,0.513413002152756,5 to 9 years
7018,7167,0.9025242857142852,0.4852428571428571,0.513413002152756,5 to 9 years
7019,92,0.9025242857142852,0.4852428571428571,0.513413002152756,5 to 9 years
7020,6200,0.9025242857142852,0.4852428571428571,0.513413002152756,5 to 9 years
7021,1157,0.9025242857142852,0.4852428571428571,0.513413002152756,5 to 9 years
7022,6343,0.9025242857142852,0.4852428571428571,0.513413002152756,5 to 9 years
7023,9121,0.9025242857142852,0.4852428571428571,0.513413002152756,5 to 9 years
7024,1961,0.9025242857142852,0.4852428571428571,0.513413002152756,5 to 9 years
7025,1603,0.9025242857142852,0.4852428571428571,0.513413002152756,5 to 9 years
7026,4323,0.9025242857142852,0.4852428571428571,0.513413002152756,5 to 9 years
7027,3352,0.9025242857142852,0.4852428571428571,0.513413002152756,5 to 9 years
7028,7575,0.9025242857142852,0.4852428571428571,0.513413002152756,5 to 9 years
7029,8484,0.9025242857142852,0.4852428571428571,0.513413002152756,5 to 9 years
7030,474,0.9025242857142852,0.4852428571428571,0.513413002152756,5 to 9 years
7031,5369,0.9025242857142852,0.4852428571428571,0.513413002152756,5 to 9 years
7032,8425,0.9025242857142852,0.4852428571428571,0.513413002152756,5 to 9 years
7033,7870,0.9025242857142852,0.4852428571428571,0.513413002152756,5 to 9 years
7034,9031,0.6124034834748461,0.4852428571428571,0.513413002152756,5 to 9 years
7035,7858,0.9025242857142852,0.4852428571428571,0.513413002152756,5 to 9 years
7036,3567,0.9025242857142852,0.4852428571428571,0.513413002152756,5 to 9 years
7037,573,0.9025242857142852,0.4852428571428571,0.513413002152756,5 to 9 years
7038,6565,0.9025242857142852,0.4852428571428571,0.513413002152756,5 to 9 years
7039,4972,0.9025242857142852,0.4852428571428571,0.513413002152756,5 to 9 years
7040,4875,0.9025242857142852,0.4852428571428571,0.513413002152756,5 to 9 years
7041,6956,0.9025242857142852,0.4852428571428571,0.513413002152756,5 to 9 years
7042,2077,0.9025242857142852,0.4852428571428571,0.513413002152756,5 to 9 years
7043,8346,0.9025242857142852,0.4852428571428571,0.513413002152756,5 to 9 years
7044,3636,0.9025242857142852,0.4852428571428571,0.513413002152756,5 to 9 years
7045,5074,0.9025242857142852,0.4852428571428571,0.513413002152756,5 to 9 years
7046,4790,0.9025242857142852,0.4852428571428571,0.513413002152756,5 to 9 years
7047,5985,0.9025242857142852,0.4852428571428571,0.513413002152756,5 to 9 years
7048,9742,0.9025242857142852,0.4852428571428571,0.513413002152756,5 to 9 years
7049,842,0.9025242857142852,0.4852428571428571,0.513413002152756,5 to 9 years
7050,7496,0.9025242857142852,0.4852428571428571,0.513413002152756,5 to 9 years
7051,125,0.9025242857142852,0.4852428571428571,0.513413002152756,5 to 9 years
7052,8004,0.9025242857142852,0.4852428571428571,0.513413002152756,5 to 9 years
7053,107,0.9025242857142852,0.4852428571428571,0.513413002152756,5 to 9 years
7054,1457,0.9025242857142852,0.4852428571428571,0.513413002152756,5 to 9 years
7055,4348,0.9025242857142852,0.4852428571428571,0.513413002152756,5 to 9 years
7056,3681,0.9025242857142852,0.4852428571428571,0.513413002152756,5 to 9 years
7057,8630,0.9025242857142852,0.4852428571428571,0.513413002152756,5 to 9 years
7058,203,0.9025242857142852,0.4852428571428571,0.513413002152756,5 to 9 years
7059,2167,0.9025242857142852,0.4852428571428571,0.513413002152756,5 to 9 years
7060,4684,0.9025242857142852,0.4852428571428571,0.513413002152756,5 to 9 years
7061,8453,0.9025242857142852,0.4852428571428571,0.513413002152756,5 to 9 years
7062,9973,0.9025242857142852,0.4852428571428571,0.513413002152756,5 to 9 years
7063,5065,0.9025242857142852,0.4852428571428571,0.513413002152756,5 to 9 years
7064,7462,0.9025242857142852,0.4852428571428571,0.513413002152756,5 to 9 years
7065,4060,0.9025242857142852,0.4852428571428571,0.513413002152756,5 to 9 years
7066,3701,0.9025242857142852,0.4852428571428571,0.513413002152756,5 to 9 years
7067,5738,0.9025242857142852,0.4852428571428571,0.513413002152756,5 to 9 years
7068,3360,0.9025242857142852,0.4852428571428571,0.513413002152756,5 to 9 years
7069,920,0.9025242857142852,0.4852428571428571,0.513413002152756,5 to 9 years
7070,7292,0.9025242857142852,0.4852428571428571,0.513413002152756,5 to 9 years
7071,546,0.9025242857142852,0.4852428571428571,0.513413002152756,5 to 9 years
7072,8128,0.9025242857142852,0.4852428571428571,0.513413002152756,5 to 9 years
7073,6142,0.9025242857142852,0.4852428571428571,0.513413002152756,5 to 9 years
7074,20,0.9025242857142852,0.4852428571428571,0.513413002152756,5 to 9 years
7075,3255,0.9025242857142852,0.4852428571428571,0.513413002152756,5 to 9 years
7076,2643,0.9025242857142852,0.4852428571428571,0.513413002152756,5 to 9 years
7077,6935,0.9025242857142852,0.4852428571428571,0.513413002152756,5 to 9 years
7078,115,0.9025242857142852,0.4852428571428571,0.513413002152756,5 to 9 years
7079,8859,0.9025242857142852,0.4852428571428571,0.513413002152756,5 to 9 years
7080,1970,0.9025242857142852,0.4852428571428571,0.513413002152756,5 to 9 years
7081,1744,0.9025242857142852,0.4852428571428571,0.513413002152756,5 to 9 years
7082,5703,0.9025242857142852,0.4852428571428571,0.513413002152756,5 to 9 years
7083,6054,0.9025242857142852,0.4852428571428571,0.513413002152756,5 to 9 years
7084,3410,0.9025242857142852,0.4852428571428571,0.513413002152756,5 to 9 years
7085,7126,0.9025242857142852,0.4852428571428571,0.513413002152756,5 to 9 years
7086,4688,0.9025242857142852,0.4852428571428571,0.513413002152756,5 to 9 years
7087,7841,0.9025242857142852,0.4852428571428571,0.513413002152756,5 to 9 years
7088,6493,0.9025242857142852,0.4852428571428571,0.513413002152756,5 to 9 years
7089,7796,0.9025242857142852,0.4852428571428571,0.513413002152756,5 to 9 years
7090,8784,0.9025242857142852,0.4852428571428571,0.513413002152756,5 to 9 years
7091,6999,0.9025242857142852,0.4852428571428571,0.513413002152756,5 to 9 years
7092,9271,0.9025242857142852,0.4852428571428571,0.513413002152756,5 to 9 years
7093,8908,0.9025242857142852,0.4852428571428571,0.513413002152756,5 to 9 years
7094,2066,0.9025242857142852,0.4852428571428571,0.513413002152756,5 to 9 years
7095,4343,0.9025242857142852,0.4852428571428571,0.513413002152756,5 to 9 years
7096,8598,0.9025242857142852,0.4852428571428571,0.513413002152756,5 to 9 years
7097,7026,0.9025242857142852,0.4852428571428571,0.513413002152756,5 to 9 years
7098,8657,0.9025242857142852,0.4852428571428571,0.513413002152756,5 to 9 years
7099,37,0.9025242857142852,0.4852428571428571,0.513413002152756,5 to 9 years
7100,7703,0.9025242857142852,0.4852428571428571,0.513413002152756,5 to 9 years
7101,6528,0.9025242857142852,0.4852428571428571,0.513413002152756,5 to 9 years
7102,4737,0.9025242857142852,0.4852428571428571,0.513413002152756,5 to 9 years
7103,9500,0.9025242857142852,0.4852428571428571,0.513413002152756,5 to 9 years
7104,1978,0.9025242857142852,0.4852428571428571,0.513413002152756,5 to 9 years
7105,1096,0.9025242857142852,0.4852428571428571,0.513413002152756,5 to 9 years
7106,9590,0.9025242857142852,0.4852428571428571,0.513413002152756,5 to 9 years
7107,1445,0.9025242857142852,0.4852428571428571,0.513413002152756,5 to 9 years
7108,858,0.9025242857142852,0.4852428571428571,0.513413002152756,5 to 9 years
7109,5648,0.9025242857142852,0.4852428571428571,0.513413002152756,5 to 9 years
7110,1094,0.9025242857142852,0.4852428571428571,0.513413002152756,5 to 9 years
7111,2438,0.9025242857142852,0.4852428571428571,0.513413002152756,5 to 9 years
7112,2267,0.9025242857142852,0.4852428571428571,0.513413002152756,5 to 9 years
7113,6762,0.9025242857142852,0.4852428571428571,0.513413002152756,5 to 9 years
7114,8985,0.9025242857142852,0.4852428571428571,0.513413002152756,5 to 9 years
7115,6478,0.9025242857142852,0.4852428571428571,0.513413002152756,5 to 9 years
7116,8173,0.9025242857142852,0.4852428571428571,0.513413002152756,5 to 9 years
7117,8290,0.9025242857142852,0.4852428571428571,0.513413002152756,5 to 9 years
7118,4889,0.9025242857142852,0.4852428571428571,0.513413002152756,5 to 9 years
7119,4239,0.9025242857142852,0.4852428571428571,0.513413002152756,5 to 9 years
7120,6057,0.9025242857142852,0.4852428571428571,0.513413002152756,5 to 9 years
7121,8728,0.9025242857142852,0.4852428571428571,0.513413002152756,5 to 9 years
7122,9636,0.9025242857142852,0.4852428571428571,0.513413002152756,5 to 9 years
7123,4492,0.9025242857142852,0.4852428571428571,0.513413002152756,5 to 9 years
7124,5587,0.9025242857142852,0.4852428571428571,0.513413002152756,5 to 9 years
7125,287,0.9025242857142852,0.4852428571428571,0.513413002152756,5 to 9 years
7126,3072,0.9025242857142852,0.4852428571428571,0.513413002152756,5 to 9 years
7127,8275,0.9025242857142852,0.4852428571428571,0.513413002152756,5 to 9 years
7128,6879,0.9025242857142852,0.4852428571428571,0.513413002152756,5 to 9 years
7129,1586,0.9025242857142852,0.4852428571428571,0.513413002152756,5 to 9 years
7130,6769,0.9025242857142852,0.4852428571428571,0.513413002152756,5 to 9 years
7131,801,0.9025242857142852,0.4852428571428571,0.513413002152756,5 to 9 years
7132,7912,0.9025242857142852,0.4852428571428571,0.513413002152756,5 to 9 years
7133,9194,0.9025242857142852,0.4852428571428571,0.513413002152756,5 to 9 years
7134,5001,0.9025242857142852,0.4852428571428571,0.513413002152756,5 to 9 years
7135,8398,0.9025242857142852,0.4852428571428571,0.513413002152756,5 to 9 years
7136,7222,0.9025242857142852,0.4852428571428571,0.513413002152756,5 to 9 years
7137,1493,0.9025242857142852,0.4852428571428571,0.513413002152756,5 to 9 years
7138,2564,0.9025242857142852,0.4852428571428571,0.513413002152756,5 to 9 years
7139,5551,0.9025242857142852,0.4852428571428571,0.513413002152756,5 to 9 years
7140,63,0.9025242857142852,0.4852428571428571,0.513413002152756,5 to 9 years
7141,5478,0.9025242857142852,0.4852428571428571,0.513413002152756,5 to 9 years
7142,7400,0.9025242857142852,0.4852428571428571,0.513413002152756,5 to 9 years
7143,896,0.9025242857142852,0.4852428571428571,0.513413002152756,5 to 9 years
7144,2209,0.9025242857142852,0.4852428571428571,0.513413002152756,5 to 9 years
7145,8847,0.9025242857142852,0.4852428571428571,0.513413002152756,5 to 9 years
7146,1946,0.9025242857142852,0.4852428571428571,0.513413002152756,5 to 9 years
7147,1565,0.9025242857142852,0.4852428571428571,0.513413002152756,5 to 9 years
7148,1272,0.9025242857142852,0.4852428571428571,0.513413002152756,5 to 9 years
7149,324,0.9025242857142852,0.4852428571428571,0.513413002152756,5 to 9 years
7150,3782,0.9025242857142852,0.4852428571428571,0.513413002152756,5 to 9 years
7151,872,0.9025242857142852,0.4852428571428571,0.513413002152756,5 to 9 years
7152,4101,0.9025242857142852,0.4852428571428571,0.513413002152756,5 to 9 years
7153,6606,0.9025242857142852,0.4852428571428571,0.513413002152756,5 to 9 years
7154,9554,0.9025242857142852,0.4852428571428571,0.513413002152756,5 to 9 years
7155,3361,0.9025242857142852,0.4852428571428571,0.513413002152756,5 to 9 years
7156,3747,0.9025242857142852,0.4852428571428571,0.513413002152756,5 to 9 years
7157,6594,0.9025242857142852,0.4852428571428571,0.513413002152756,5 to 9 years
7158,3427,0.9025242857142852,0.4852428571428571,0.513413002152756,5 to 9 years
7159,2603,0.9025242857142852,0.4852428571428571,0.513413002152756,5 to 9 years
7160,9993,0.9025242857142852,0.4852428571428571,0.513413002152756,5 to 9 years
7161,6263,0.9025242857142852,0.4852428571428571,0.513413002152756,5 to 9 years
7162,1837,0.9025242857142852,0.4852428571428571,0.513413002152756,5 to 9 years
7163,4370,0.9025242857142852,0.4852428571428571,0.513413002152756,5 to 9 years
7164,2309,0.9025242857142852,0.4852428571428571,0.513413002152756,5 to 9 years
7165,8286,0.9025242857142852,0.4852428571428571,0.513413002152756,5 to 9 years
7166,9903,0.9025242857142852,0.4852428571428571,0.513413002152756,5 to 9 years
7167,448,0.9025242857142852,0.4852428571428571,0.513413002152756,5 to 9 years
7168,98,0.9025242857142852,0.4852428571428571,0.513413002152756,5 to 9 years
7169,9243,0.9025242857142852,0.4852428571428571,0.513413002152756,5 to 9 years
7170,4073,0.9025242857142852,0.4852428571428571,0.513413002152756,5 to 9 years
7171,1713,0.9025242857142852,0.4852428571428571,0.513413002152756,5 to 9 years
7172,293,0.9025242857142852,0.4852428571428571,0.513413002152756,5 to 9 years
7173,8559,0.9025242857142852,0.4852428571428571,0.513413002152756,5 to 9 years
7174,8193,0.9025242857142852,0.4852428571428571,0.513413002152756,5 to 9 years
7175,5613,0.9025242857142852,0.4852428571428571,0.513413002152756,5 to 9 years
7176,3448,0.9025242857142852,0.4852428571428571,0.513413002152756,5 to 9 years
7177,1664,0.9025242857142852,0.4852428571428571,0.513413002152756,5 to 9 years
7178,2399,0.9025242857142852,0.4852428571428571,0.513413002152756,5 to 9 years
7179,6388,0.9025242857142852,0.4852428571428571,0.513413002152756,5 to 9 years
7180,7605,0.9025242857142852,0.4852428571428571,0.513413002152756,5 to 9 years
7181,7418,0.9025242857142852,0.4852428571428571,0.513413002152756,5 to 9 years
7182,9977,0.9025242857142852,0.4852428571428571,0.513413002152756,5 to 9 years
7183,2183,0.9025242857142852,0.4852428571428571,0.513413002152756,5 to 9 years
7184,1850,0.9025242857142852,0.4852428571428571,0.513413002152756,5 to 9 years
7185,3188,0.9025242857142852,0.4852428571428571,0.513413002152756,5 to 9 years
7186,7074,0.9025242857142852,0.4852428571428571,0.513413002152756,5 to 9 years
7187,8470,0.9025242857142852,0.4852428571428571,0.513413002152756,5 to 9 years
7188,9899,0.9025242857142852,0.4852428571428571,0.513413002152756,5 to 9 years
7189,6586,0.9025242857142852,0.4852428571428571,0.513413002152756,5 to 9 years
7190,1521,0.9025242857142852,0.4852428571428571,0.513413002152756,5 to 9 years
7191,4700,0.9025242857142852,0.4852428571428571,0.513413002152756,5 to 9 years
7192,4713,0.9025242857142852,0.4852428571428571,0.513413002152756,5 to 9 years
7193,346,0.9025242857142852,0.4852428571428571,0.513413002152756,5 to 9 years
7194,9568,0.9025242857142852,0.4852428571428571,0.513413002152756,5 to 9 years
7195,1580,0.9025242857142852,0.4852428571428571,0.513413002152756,5 to 9 years
7196,857,0.9025242857142852,0.4852428571428571,0.513413002152756,5 to 9 years
7197,2346,0.9025242857142852,0.4852428571428571,0.513413002152756,5 to 9 years
7198,1222,0.9025242857142852,0.4852428571428571,0.513413002152756,5 to 9 years
7199,1391,0.9025242857142852,0.4852428571428571,0.513413002152756,5 to 9 years
7200,9441,0.9025242857142852,0.4852428571428571,0.513413002152756,5 to 9 years
7201,6888,0.9025242857142852,0.4852428571428571,0.513413002152756,5 to 9 years
7202,5995,0.9025242857142852,0.4852428571428571,0.513413002152756,5 to 9 years
7203,8309,0.9025242857142852,0.4852428571428571,0.513413002152756,5 to 9 years
7204,4721,0.9025242857142852,0.4852428571428571,0.513413002152756,5 to 9 years
7205,8291,0.9025242857142852,0.4852428571428571,0.513413002152756,5 to 9 years
7206,9005,0.9025242857142852,0.4852428571428571,0.513413002152756,5 to 9 years
7207,4169,0.9025242857142852,0.4852428571428571,0.513413002152756,5 to 9 years
7208,3538,0.9025242857142852,0.4852428571428571,0.513413002152756,5 to 9 years
7209,4659,0.9025242857142852,0.4852428571428571,0.513413002152756,5 to 9 years
7210,5306,0.9025242857142852,0.4852428571428571,0.513413002152756,5 to 9 years
7211,8923,0.9025242857142852,0.4852428571428571,0.513413002152756,5 to 9 years
7212,5728,0.9025242857142852,0.4852428571428571,0.513413002152756,5 to 9 years
7213,6616,0.9025242857142852,0.4852428571428571,0.513413002152756,5 to 9 years
7214,3114,0.9025242857142852,0.4852428571428571,0.513413002152756,5 to 9 years
7215,5942,0.9025242857142852,0.4852428571428571,0.513413002152756,5 to 9 years
7216,7084,0.9025242857142852,0.4852428571428571,0.513413002152756,5 to 9 years
7217,9407,0.9025242857142852,0.4852428571428571,0.513413002152756,5 to 9 years
7218,7252,0.9025242857142852,0.4852428571428571,0.513413002152756,5 to 9 years
7219,9749,0.9025242857142852,0.4852428571428571,0.513413002152756,5 to 9 years
7220,6193,0.9025242857142852,0.4852428571428571,0.513413002152756,5 to 9 years
7221,9405,0.9025242857142852,0.4852428571428571,0.513413002152756,5 to 9 years
7222,390,0.9025242857142852,0.4852428571428571,0.513413002152756,5 to 9 years
7223,1173,0.9025242857142852,0.4852428571428571,0.513413002152756,5 to 9 years
7224,2133,0.9025242857142852,0.4852428571428571,0.513413002152756,5 to 9 years
7225,3799,0.9025242857142852,0.4852428571428571,0.513413002152756,5 to 9 years
7226,6023,0.9025242857142852,0.4852428571428571,0.513413002152756,5 to 9 years
7227,6014,0.9025242857142852,0.4852428571428571,0.513413002152756,5 to 9 years
7228,5045,0.9025242857142852,0.4852428571428571,0.513413002152756,5 to 9 years
7229,3063,0.9025242857142852,0.4852428571428571,0.513413002152756,5 to 9 years
7230,6016,0.9025242857142852,0.4852428571428571,0.513413002152756,5 to 9 years
7231,4242,0.9025242857142852,0.4852428571428571,0.513413002152756,5 to 9 years
7232,5794,0.9025242857142852,0.4852428571428571,0.513413002152756,5 to 9 years
7233,1057,0.9025242857142852,0.4852428571428571,0.513413002152756,5 to 9 years
7234,5411,0.9025242857142852,0.4852428571428571,0.513413002152756,5 to 9 years
7235,7718,0.9025242857142852,0.4852428571428571,0.513413002152756,5 to 9 years
7236,7307,0.9025242857142852,0.4852428571428571,0.513413002152756,5 to 9 years
7237,202,0.9025242857142852,0.4852428571428571,0.513413002152756,5 to 9 years
7238,9854,0.9025242857142852,0.4852428571428571,0.513413002152756,5 to 9 years
7239,5986,0.9025242857142852,0.4852428571428571,0.513413002152756,5 to 9 years
7240,9552,0.9025242857142852,0.4852428571428571,0.513413002152756,5 to 9 years
7241,4800,0.9025242857142852,0.4852428571428571,0.513413002152756,5 to 9 years
7242,4357,0.9025242857142852,0.4852428571428571,0.513413002152756,5 to 9 years
7243,8254,0.9025242857142852,0.4852428571428571,0.513413002152756,5 to 9 years
7244,3977,0.9025242857142852,0.4852428571428571,0.513413002152756,5 to 9 years
7245,5590,0.9025242857142852,0.4852428571428571,0.513413002152756,5 to 9 years
7246,4256,0.9025242857142852,0.4852428571428571,0.513413002152756,5 to 9 years
7247,8881,0.9025242857142852,0.4852428571428571,0.513413002152756,5 to 9 years
7248,2244,0.9025242857142852,0.4852428571428571,0.513413002152756,5 to 9 years
7249,2323,0.9025242857142852,0.4852428571428571,0.513413002152756,5 to 9 years
7250,2086,0.9025242857142852,0.4852428571428571,0.513413002152756,5 to 9 years
7251,2704,0.9025242857142852,0.4852428571428571,0.513413002152756,5 to 9 years
7252,7320,0.9025242857142852,0.4852428571428571,0.513413002152756,5 to 9 years
7253,9094,0.9025242857142852,0.4852428571428571,0.513413002152756,5 to 9 years
7254,4676,0.9025242857142852,0.4852428571428571,0.513413002152756,5 to 9 years
7255,4762,0.9025242857142852,0.4852428571428571,0.513413002152756,5 to 9 years
7256,1749,0.9025242857142852,0.4852428571428571,0.513413002152756,5 to 9 years
7257,4755,0.9025242857142852,0.4852428571428571,0.513413002152756,5 to 9 years
7258,1587,0.9025242857142852,0.4852428571428571,0.513413002152756,5 to 9 years
7259,8083,0.9025242857142852,0.4852428571428571,0.513413002152756,5 to 9 years
7260,2751,0.9025242857142852,0.4852428571428571,0.513413002152756,5 to 9 years
7261,7584,0.9025242857142852,0.4852428571428571,0.513413002152756,5 to 9 years
7262,2729,0.9025242857142852,0.4852428571428571,0.513413002152756,5 to 9 years
7263,6802,0.9025242857142852,0.4852428571428571,0.513413002152756,5 to 9 years
7264,5082,0.9025242857142852,0.4852428571428571,0.513413002152756,5 to 9 years
7265,5349,0.9025242857142852,0.4852428571428571,0.513413002152756,5 to 9 years
7266,3764,0.9025242857142852,0.4852428571428571,0.513413002152756,5 to 9 years
7267,1877,0.9025242857142852,0.4852428571428571,0.513413002152756,5 to 9 years
7268,8250,0.9025242857142852,0.4852428571428571,0.513413002152756,5 to 9 years
7269,782,0.9025242857142852,0.4852428571428571,0.513413002152756,5 to 9 years
7270,2866,0.9025242857142852,0.4852428571428571,0.513413002152756,5 to 9 years
7271,1799,0.9025242857142852,0.4852428571428571,0.513413002152756,5 to 9 years
7272,196,0.9025242857142852,0.4852428571428571,0.513413002152756,5 to 9 years
7273,7679,0.9025242857142852,0.4852428571428571,0.513413002152756,5 to 9 years
7274,1647,0.9025242857142852,0.4852428571428571,0.513413002152756,5 to 9 years
7275,8352,0.9025242857142852,0.4852428571428571,0.513413002152756,5 to 9 years
7276,3385,0.9025242857142852,0.4852428571428571,0.513413002152756,5 to 9 years
7277,4635,0.9025242857142852,0.4852428571428571,0.513413002152756,5 to 9 years
7278,2638,0.9025242857142852,0.4852428571428571,0.513413002152756,5 to 9 years
7279,2826,0.9025242857142852,0.4852428571428571,0.513413002152756,5 to 9 years
7280,3479,0.9025242857142852,0.4852428571428571,0.513413002152756,5 to 9 years
7281,9059,0.9025242857142852,0.4852428571428571,0.513413002152756,5 to 9 years
7282,9255,0.3887189381308271,0.4852428571428571,0.513413002152756,5 to 9 years
7283,7117,0.9025242857142852,0.4852428571428571,0.513413002152756,5 to 9 years
7284,5531,0.9025242857142852,0.4852428571428571,0.513413002152756,5 to 9 years
7285,899,0.9025242857142852,0.4852428571428571,0.513413002152756,5 to 9 years
7286,6715,0.9025242857142852,0.4852428571428571,0.513413002152756,5 to 9 years
7287,2211,0.9025242857142852,0.4852428571428571,0.513413002152756,5 to 9 years
7288,7745,0.9025242857142852,0.4852428571428571,0.513413002152756,5 to 9 years
7289,5400,0.9025242857142852,0.4852428571428571,0.513413002152756,5 to 9 years
7290,5554,0.9025242857142852,0.4852428571428571,0.513413002152756,5 to 9 years
7291,193,0.9025242857142852,0.4852428571428571,0.513413002152756,5 to 9 years
7292,9908,0.9025242857142852,0.4852428571428571,0.513413002152756,5 to 9 years
7293,2522,0.9025242857142852,0.4852428571428571,0.513413002152756,5 to 9 years
7294,6542,0.9025242857142852,0.4852428571428571,0.513413002152756,5 to 9 years
7295,3031,0.9025242857142852,0.4852428571428571,0.513413002152756,5 to 9 years
7296,5041,0.9025242857142852,0.4852428571428571,0.513413002152756,5 to 9 years
7297,8303,0.9025242857142852,0.4852428571428571,0.513413002152756,5 to 9 years
7298,1459,0.9025242857142852,0.4852428571428571,0.513413002152756,5 to 9 years
7299,8226,0.9025242857142852,0.4852428571428571,0.513413002152756,5 to 9 years
7300,3771,0.9025242857142852,0.4852428571428571,0.513413002152756,5 to 9 years
7301,589,0.9025242857142852,0.4852428571428571,0.513413002152756,5 to 9 years
7302,3151,0.5351652713854463,0.4852428571428571,0.513413002152756,5 to 9 years
7303,563,0.9025242857142852,0.4852428571428571,0.513413002152756,5 to 9 years
7304,699,0.9025242857142852,0.4852428571428571,0.513413002152756,5 to 9 years
7305,4134,0.9025242857142852,0.4852428571428571,0.513413002152756,5 to 9 years
7306,391,0.9025242857142852,0.4852428571428571,0.513413002152756,5 to 9 years
7307,2113,0.9025242857142852,0.4852428571428571,0.513413002152756,5 to 9 years
7308,7607,0.9025242857142852,0.4852428571428571,0.513413002152756,5 to 9 years
7309,9713,0.9025242857142852,0.4852428571428571,0.513413002152756,5 to 9 years
7310,1622,0.9025242857142852,0.4852428571428571,0.513413002152756,5 to 9 years
7311,367,0.9025242857142852,0.4852428571428571,0.513413002152756,5 to 9 years
7312,890,0.9025242857142852,0.4852428571428571,0.513413002152756,5 to 9 years
7313,5647,0.9025242857142852,0.4852428571428571,0.513413002152756,5 to 9 years
7314,2122,0.9025242857142852,0.4852428571428571,0.513413002152756,5 to 9 years
7315,4626,0.9025242857142852,0.4852428571428571,0.513413002152756,5 to 9 years
7316,7247,0.9025242857142852,0.4852428571428571,0.513413002152756,5 to 9 years
7317,9574,0.9025242857142852,0.4852428571428571,0.513413002152756,5 to 9 years
7318,1448,0.9025242857142852,0.4852428571428571,0.513413002152756,5 to 9 years
7319,7631,0.9025242857142852,0.4852428571428571,0.513413002152756,5 to 9 years
7320,1302,0.9025242857142852,0.4852428571428571,0.513413002152756,5 to 9 years
7321,8794,0.9025242857142852,0.4852428571428571,0.513413002152756,5 to 9 years
7322,7859,0.9025242857142852,0.4852428571428571,0.513413002152756,5 to 9 years
7323,8798,0.9025242857142852,0.4852428571428571,0.513413002152756,5 to 9 years
7324,6884,0.9025242857142852,0.4852428571428571,0.513413002152756,5 to 9 years
7325,791,0.9025242857142852,0.4852428571428571,0.513413002152756,5 to 9 years
7326,331,0.9025242857142852,0.4852428571428571,0.513413002152756,5 to 9 years
7327,1615,0.9025242857142852,0.4852428571428571,0.513413002152756,5 to 9 years
7328,5433,0.9025242857142852,0.4852428571428571,0.513413002152756,5 to 9 years
7329,5438,0.9025242857142852,0.4852428571428571,0.513413002152756,5 to 9 years
7330,134,0.9025242857142852,0.4852428571428571,0.513413002152756,5 to 9 years
7331,3213,0.9025242857142852,0.4852428571428571,0.513413002152756,5 to 9 years
7332,7766,0.9025242857142852,0.4852428571428571,0.513413002152756,5 to 9 years
7333,5781,0.9025242857142852,0.4852428571428571,0.513413002152756,5 to 9 years
7334,3057,0.9025242857142852,0.4852428571428571,0.513413002152756,5 to 9 years
7335,4490,0.9025242857142852,0.4852428571428571,0.513413002152756,5 to 9 years
7336,387,0.9025242857142852,0.4852428571428571,0.513413002152756,5 to 9 years
7337,5316,0.9025242857142852,0.4852428571428571,0.513413002152756,5 to 9 years
7338,9273,0.9025242857142852,0.4852428571428571,0.513413002152756,5 to 9 years
7339,5841,0.9025242857142852,0.4852428571428571,0.513413002152756,5 to 9 years
7340,5264,0.9025242857142852,0.4852428571428571,0.513413002152756,5 to 9 years
7341,8348,0.9025242857142852,0.4852428571428571,0.513413002152756,5 to 9 years
7342,1029,0.9025242857142852,0.4852428571428571,0.513413002152756,5 to 9 years
7343,6589,0.9025242857142852,0.4852428571428571,0.513413002152756,5 to 9 years
7344,5162,0.9025242857142852,0.4852428571428571,0.513413002152756,5 to 9 years
7345,9384,0.9025242857142852,0.4852428571428571,0.513413002152756,5 to 9 years
7346,6780,0.9025242857142852,0.4852428571428571,0.513413002152756,5 to 9 years
7347,1190,0.9025242857142852,0.4852428571428571,0.513413002152756,5 to 9 years
7348,3484,0.9025242857142852,0.4852428571428571,0.513413002152756,5 to 9 years
7349,7275,0.9025242857142852,0.4852428571428571,0.513413002152756,5 to 9 years
7350,8122,0.0,0.4852428571428571,0.513413002152756,5 to 9 years
7351,3568,0.9025242857142852,0.4852428571428571,0.513413002152756,5 to 9 years
7352,9140,0.9025242857142852,0.4852428571428571,0.513413002152756,5 to 9 years
7353,6173,0.9025242857142852,0.4852428571428571,0.513413002152756,5 to 9 years
7354,8308,0.9025242857142852,0.4852428571428571,0.513413002152756,5 to 9 years
7355,2929,0.9025242857142852,0.4852428571428571,0.513413002152756,5 to 9 years
7356,3688,0.9025242857142852,0.4852428571428571,0.513413002152756,5 to 9 years
7357,3178,0.9025242857142852,0.4852428571428571,0.513413002152756,5 to 9 years
7358,7199,0.9025242857142852,0.4852428571428571,0.513413002152756,5 to 9 years
7359,8735,0.3583063010142857,0.4852428571428571,0.513413002152756,5 to 9 years
7360,7266,0.9025242857142852,0.4852428571428571,0.513413002152756,5 to 9 years
7361,250,0.9025242857142852,0.4852428571428571,0.513413002152756,5 to 9 years
7362,5750,0.9025242857142852,0.4852428571428571,0.513413002152756,5 to 9 years
7363,2367,0.9025242857142852,0.4852428571428571,0.513413002152756,5 to 9 years
7364,1311,0.9025242857142852,0.4852428571428571,0.513413002152756,5 to 9 years
7365,2091,0.9025242857142852,0.4852428571428571,0.513413002152756,5 to 9 years
7366,7799,0.9025242857142852,0.4852428571428571,0.513413002152756,5 to 9 years
7367,373,0.9025242857142852,0.4852428571428571,0.513413002152756,5 to 9 years
7368,1266,0.9025242857142852,0.4852428571428571,0.513413002152756,5 to 9 years
7369,5384,0.9025242857142852,0.4852428571428571,0.513413002152756,5 to 9 years
7370,7180,0.9025242857142852,0.4852428571428571,0.513413002152756,5 to 9 years
7371,9625,0.9025242857142852,0.4852428571428571,0.513413002152756,5 to 9 years
7372,964,0.9025242857142852,0.4852428571428571,0.513413002152756,5 to 9 years
7373,8527,0.9025242857142852,0.4852428571428571,0.513413002152756,5 to 9 years
7374,5883,0.9025242857142852,0.4852428571428571,0.513413002152756,5 to 9 years
7375,4244,0.9025242857142852,0.4852428571428571,0.513413002152756,5 to 9 years
7376,3578,0.9025242857142852,0.4852428571428571,0.513413002152756,5 to 9 years
7377,3438,0.9025242857142852,0.4852428571428571,0.513413002152756,5 to 9 years
7378,7970,0.9025242857142852,0.4852428571428571,0.513413002152756,5 to 9 years
7379,3306,0.9025242857142852,0.4852428571428571,0.513413002152756,5 to 9 years
7380,3789,0.9025242857142852,0.4852428571428571,0.513413002152756,5 to 9 years
7381,9911,0.9025242857142852,0.4852428571428571,0.513413002152756,5 to 9 years
7382,6588,0.9025242857142852,0.4852428571428571,0.513413002152756,5 to 9 years
7383,7276,0.9025242857142852,0.4852428571428571,0.513413002152756,5 to 9 years
7384,6814,0.9025242857142852,0.4852428571428571,0.513413002152756,5 to 9 years
7385,9447,0.9025242857142852,0.4852428571428571,0.513413002152756,5 to 9 years
7386,9621,0.9025242857142852,0.4852428571428571,0.513413002152756,5 to 9 years
7387,4722,0.9025242857142852,0.4852428571428571,0.513413002152756,5 to 9 years
7388,8462,0.9025242857142852,0.4852428571428571,0.513413002152756,5 to 9 years
7389,7384,0.9025242857142852,0.4852428571428571,0.513413002152756,5 to 9 years
7390,9567,0.9025242857142852,0.4852428571428571,0.513413002152756,5 to 9 years
7391,8845,0.9025242857142852,0.4852428571428571,0.513413002152756,5 to 9 years
7392,54,0.9025242857142852,0.4852428571428571,0.513413002152756,5 to 9 years
7393,5786,0.9025242857142852,0.4852428571428571,0.513413002152756,5 to 9 years
7394,9606,0.9025242857142852,0.4852428571428571,0.513413002152756,5 to 9 years
7395,7604,0.9025242857142852,0.4852428571428571,0.513413002152756,5 to 9 years
7396,1013,0.9025242857142852,0.4852428571428571,0.513413002152756,5 to 9 years
7397,2801,0.9025242857142852,0.4852428571428571,0.513413002152756,5 to 9 years
7398,6399,0.9025242857142852,0.4852428571428571,0.513413002152756,5 to 9 years
7399,8165,0.9025242857142852,0.4852428571428571,0.513413002152756,5 to 9 years
7400,9736,0.9025242857142852,0.4852428571428571,0.513413002152756,5 to 9 years
7401,288,0.9025242857142852,0.4852428571428571,0.513413002152756,5 to 9 years
7402,9414,0.9025242857142852,0.4852428571428571,0.513413002152756,5 to 9 years
7403,9158,0.0,0.4852428571428571,0.513413002152756,5 to 9 years
7404,9688,0.9025242857142852,0.4852428571428571,0.513413002152756,5 to 9 years
7405,2488,0.9025242857142852,0.4852428571428571,0.513413002152756,5 to 9 years
7406,1066,0.9025242857142852,0.4852428571428571,0.513413002152756,5 to 9 years
7407,2054,0.9025242857142852,0.4852428571428571,0.513413002152756,5 to 9 years
7408,2686,0.9025242857142852,0.4852428571428571,0.513413002152756,5 to 9 years
7409,325,0.9025242857142852,0.4852428571428571,0.513413002152756,5 to 9 years
7410,1962,0.9025242857142852,0.4852428571428571,0.513413002152756,5 to 9 years
7411,7093,0.9025242857142852,0.4852428571428571,0.513413002152756,5 to 9 years
7412,6492,0.9025242857142852,0.4852428571428571,0.513413002152756,5 to 9 years
7413,7536,0.9025242857142852,0.4852428571428571,0.513413002152756,5 to 9 years
7414,1461,0.9025242857142852,0.4852428571428571,0.513413002152756,5 to 9 years
7415,6269,0.9025242857142852,0.4852428571428571,0.513413002152756,5 to 9 years
7416,7344,0.9025242857142852,0.4852428571428571,0.513413002152756,5 to 9 years
7417,3356,0.9025242857142852,0.4852428571428571,0.513413002152756,5 to 9 years
7418,1950,0.9025242857142852,0.4852428571428571,0.513413002152756,5 to 9 years
7419,6432,0.9025242857142852,0.4852428571428571,0.513413002152756,5 to 9 years
7420,6970,0.9025242857142852,0.4852428571428571,0.513413002152756,5 to 9 years
7421,542,0.9025242857142852,0.4852428571428571,0.513413002152756,5 to 9 years
7422,7649,0.9025242857142852,0.4852428571428571,0.513413002152756,5 to 9 years
7423,1511,0.9025242857142852,0.4852428571428571,0.513413002152756,5 to 9 years
7424,1522,0.9025242857142852,0.4852428571428571,0.513413002152756,5 to 9 years
7425,9421,0.9025242857142852,0.4852428571428571,0.513413002152756,5 to 9 years
7426,9513,0.9025242857142852,0.4852428571428571,0.513413002152756,5 to 9 years
7427,7481,0.9025242857142852,0.4852428571428571,0.513413002152756,5 to 9 years
7428,4867,0.9025242857142852,0.4852428571428571,0.513413002152756,5 to 9 years
7429,7478,0.9025242857142852,0.4852428571428571,0.513413002152756,5 to 9 years
7430,3724,0.9025242857142852,0.4852428571428571,0.513413002152756,5 to 9 years
7431,3326,0.9025242857142852,0.4852428571428571,0.513413002152756,5 to 9 years
7432,9875,0.9025242857142852,0.4852428571428571,0.513413002152756,5 to 9 years
7433,2794,0.9025242857142852,0.4852428571428571,0.513413002152756,5 to 9 years
7434,5072,0.9025242857142852,0.4852428571428571,0.513413002152756,5 to 9 years
7435,9760,0.9025242857142852,0.4852428571428571,0.513413002152756,5 to 9 years
7436,5601,0.9025242857142852,0.4852428571428571,0.513413002152756,5 to 9 years
7437,2497,0.9025242857142852,0.4852428571428571,0.513413002152756,5 to 9 years
7438,5283,0.9025242857142852,0.4852428571428571,0.513413002152756,5 to 9 years
7439,6929,0.9025242857142852,0.4852428571428571,0.513413002152756,5 to 9 years
7440,7025,0.9025242857142852,0.4852428571428571,0.513413002152756,5 to 9 years
7441,7520,0.9025242857142852,0.4852428571428571,0.513413002152756,5 to 9 years
7442,2978,0.9025242857142852,0.4852428571428571,0.513413002152756,5 to 9 years
7443,5602,0.9025242857142852,0.4852428571428571,0.513413002152756,5 to 9 years
7444,9865,0.9025242857142852,0.4852428571428571,0.513413002152756,5 to 9 years
7445,5357,0.9025242857142852,0.4852428571428571,0.513413002152756,5 to 9 years
7446,3010,0.9025242857142852,0.4852428571428571,0.513413002152756,5 to 9 years
7447,2065,0.9025242857142852,0.4852428571428571,0.513413002152756,5 to 9 years
7448,3737,0.9025242857142852,0.4852428571428571,0.513413002152756,5 to 9 years
7449,779,0.9025242857142852,0.4852428571428571,0.513413002152756,5 to 9 years
7450,9695,0.9025242857142852,0.4852428571428571,0.513413002152756,5 to 9 years
7451,3821,0.9025242857142852,0.4852428571428571,0.513413002152756,5 to 9 years
7452,5480,0.9025242857142852,0.4852428571428571,0.513413002152756,5 to 9 years
7453,2582,0.9025242857142852,0.4852428571428571,0.513413002152756,5 to 9 years
7454,6355,0.9025242857142852,0.4852428571428571,0.513413002152756,5 to 9 years
7455,477,0.9025242857142852,0.4852428571428571,0.513413002152756,5 to 9 years
7456,1071,0.9025242857142852,0.4852428571428571,0.513413002152756,5 to 9 years
7457,9143,0.9025242857142852,0.4852428571428571,0.513413002152756,5 to 9 years
7458,9046,0.9025242857142852,0.4852428571428571,0.513413002152756,5 to 9 years
7459,7696,0.9025242857142852,0.4852428571428571,0.513413002152756,5 to 9 years
7460,716,0.9025242857142852,0.4852428571428571,0.513413002152756,5 to 9 years
7461,8785,0.9025242857142852,0.4852428571428571,0.513413002152756,5 to 9 years
7462,1858,0.9025242857142852,0.4852428571428571,0.513413002152756,5 to 9 years
7463,7219,0.9025242857142852,0.4852428571428571,0.513413002152756,5 to 9 years
7464,4158,0.9025242857142852,0.4852428571428571,0.513413002152756,5 to 9 years
7465,5340,0.9025242857142852,0.4852428571428571,0.513413002152756,5 to 9 years
7466,2381,0.9025242857142852,0.4852428571428571,0.513413002152756,5 to 9 years
7467,4879,0.9025242857142852,0.4852428571428571,0.513413002152756,5 to 9 years
7468,5263,0.9025242857142852,0.4852428571428571,0.513413002152756,5 to 9 years
7469,4407,0.9025242857142852,0.4852428571428571,0.513413002152756,5 to 9 years
7470,3027,0.9025242857142852,0.4852428571428571,0.513413002152756,5 to 9 years
7471,5135,0.9025242857142852,0.4852428571428571,0.513413002152756,5 to 9 years
7472,6498,0.9025242857142852,0.4852428571428571,0.513413002152756,5 to 9 years
7473,8497,0.9025242857142852,0.4852428571428571,0.513413002152756,5 to 9 years
7474,8980,0.9025242857142852,0.4852428571428571,0.513413002152756,5 to 9 years
7475,386,0.9025242857142852,0.4852428571428571,0.513413002152756,5 to 9 years
7476,7315,0.9025242857142852,0.4852428571428571,0.513413002152756,5 to 9 years
7477,1052,0.9025242857142852,0.4852428571428571,0.513413002152756,5 to 9 years
7478,4757,0.9025242857142852,0.4852428571428571,0.513413002152756,5 to 9 years
7479,3482,0.9025242857142852,0.4852428571428571,0.513413002152756,5 to 9 years
7480,4263,0.9025242857142852,0.4852428571428571,0.513413002152756,5 to 9 years
7481,7790,0.9025242857142852,0.4852428571428571,0.513413002152756,5 to 9 years
7482,3997,0.9025242857142852,0.4852428571428571,0.513413002152756,5 to 9 years
7483,3597,0.9025242857142852,0.4852428571428571,0.513413002152756,5 to 9 years
7484,9792,0.9025242857142852,0.4852428571428571,0.513413002152756,5 to 9 years
7485,751,0.9025242857142852,0.4852428571428571,0.513413002152756,5 to 9 years
7486,8865,0.9025242857142852,0.4852428571428571,0.513413002152756,5 to 9 years
7487,8034,0.9025242857142852,0.4852428571428571,0.513413002152756,5 to 9 years
7488,9573,0.9025242857142852,0.4852428571428571,0.513413002152756,5 to 9 years
7489,8396,0.9025242857142852,0.4852428571428571,0.513413002152756,5 to 9 years
7490,1971,0.9025242857142852,0.4852428571428571,0.513413002152756,5 to 9 years
7491,8243,0.9025242857142852,0.4852428571428571,0.513413002152756,5 to 9 years
7492,5143,0.9025242857142852,0.4852428571428571,0.513413002152756,5 to 9 years
7493,7566,0.9025242857142852,0.4852428571428571,0.513413002152756,5 to 9 years
7494,5764,0.9025242857142852,0.4852428571428571,0.513413002152756,5 to 9 years
7495,3892,0.9025242857142852,0.4852428571428571,0.513413002152756,5 to 9 years
7496,1774,0.9025242857142852,0.4852428571428571,0.513413002152756,5 to 9 years
7497,1798,0.9025242857142852,0.4852428571428571,0.513413002152756,5 to 9 years
7498,4160,0.9025242857142852,0.4852428571428571,0.513413002152756,5 to 9 years
7499,9694,0.9025242857142852,0.4852428571428571,0.513413002152756,5 to 9 years
7500,9216,0.9025242857142852,0.4852428571428571,0.513413002152756,5 to 9 years
7501,9416,0.9025242857142852,0.4852428571428571,0.513413002152756,5 to 9 years
7502,8536,0.9025242857142852,0.4852428571428571,0.513413002152756,5 to 9 years
7503,4753,0.9025242857142852,0.4852428571428571,0.513413002152756,5 to 9 years
7504,2283,0.9025242857142852,0.4852428571428571,0.513413002152756,5 to 9 years
7505,9481,0.9025242857142852,0.4852428571428571,0.513413002152756,5 to 9 years
7506,5998,0.9025242857142852,0.4852428571428571,0.513413002152756,5 to 9 years
7507,1582,0.9025242857142852,0.4852428571428571,0.513413002152756,5 to 9 years
7508,6633,0.9025242857142852,0.4852428571428571,0.513413002152756,5 to 9 years
7509,3369,0.9025242857142852,0.4852428571428571,0.513413002152756,5 to 9 years
7510,4709,0.9025242857142852,0.4852428571428571,0.513413002152756,5 to 9 years
7511,643,0.9025242857142852,0.4852428571428571,0.513413002152756,5 to 9 years
7512,6660,0.9025242857142852,0.4852428571428571,0.513413002152756,5 to 9 years
7513,29,0.9025242857142852,0.4852428571428571,0.513413002152756,5 to 9 years
7514,4764,0.9025242857142852,0.4852428571428571,0.513413002152756,5 to 9 years
7515,7094,0.9025242857142852,0.4852428571428571,0.513413002152756,5 to 9 years
7516,8178,0.9025242857142852,0.4852428571428571,0.513413002152756,5 to 9 years
7517,79,0.9025242857142852,0.4852428571428571,0.513413002152756,5 to 9 years
7518,9399,0.9025242857142852,0.4852428571428571,0.513413002152756,5 to 9 years
7519,8392,0.9025242857142852,0.4852428571428571,0.513413002152756,5 to 9 years
7520,1118,0.9025242857142852,0.4852428571428571,0.513413002152756,5 to 9 years
7521,1377,0.9025242857142852,0.4852428571428571,0.513413002152756,5 to 9 years
7522,5899,0.9025242857142852,0.4852428571428571,0.513413002152756,5 to 9 years
7523,2394,0.9025242857142852,0.4852428571428571,0.513413002152756,5 to 9 years
7524,7886,0.9025242857142852,0.4852428571428571,0.513413002152756,5 to 9 years
7525,575,0.9025242857142852,0.4852428571428571,0.513413002152756,5 to 9 years
7526,760,0.9025242857142852,0.4852428571428571,0.513413002152756,5 to 9 years
7527,1913,0.9025242857142852,0.4852428571428571,0.513413002152756,5 to 9 years
7528,8905,0.9025242857142852,0.4852428571428571,0.513413002152756,5 to 9 years
7529,6689,0.9025242857142852,0.4852428571428571,0.513413002152756,5 to 9 years
7530,2248,0.6955242855526175,0.4852428571428571,0.513413002152756,50 to 54 years
7531,9926,0.6955242855526175,0.4852428571428571,0.513413002152756,50 to 54 years
7532,3223,0.6955242855526175,0.4852428571428571,0.513413002152756,50 to 54 years
7533,3162,0.6955242855526175,0.4852428571428571,0.513413002152756,50 to 54 years
7534,1749,0.3525728413116457,0.4852428571428571,0.513413002152756,50 to 54 years
7535,2940,0.18490304095658286,0.4852428571428571,0.513413002152756,50 to 54 years
7536,6887,0.6955242855526175,0.4852428571428571,0.513413002152756,50 to 54 years
7537,5176,0.6955242855526175,0.4852428571428571,0.513413002152756,50 to 54 years
7538,8550,0.6955242855526175,0.4852428571428571,0.513413002152756,50 to 54 years
7539,5860,0.6955242855526175,0.4852428571428571,0.513413002152756,50 to 54 years
7540,5402,0.2760105130218748,0.4852428571428571,0.513413002152756,50 to 54 years
7541,8350,0.6955242855526175,0.4852428571428571,0.513413002152756,50 to 54 years
7542,7207,0.5758426770360782,0.4852428571428571,0.513413002152756,50 to 54 years
7543,1507,0.6955242855526175,0.4852428571428571,0.513413002152756,50 to 54 years
7544,6855,0.6955242855526175,0.4852428571428571,0.513413002152756,50 to 54 years
7545,3670,0.6955242855526175,0.4852428571428571,0.513413002152756,50 to 54 years
7546,6903,0.6955242855526175,0.4852428571428571,0.513413002152756,50 to 54 years
7547,3746,0.6955242855526175,0.4852428571428571,0.513413002152756,50 to 54 years
7548,3209,0.6955242855526175,0.4852428571428571,0.513413002152756,50 to 54 years
7549,4460,0.6955242855526175,0.4852428571428571,0.513413002152756,50 to 54 years
7550,1400,0.6955242855526175,0.4852428571428571,0.513413002152756,50 to 54 years
7551,8857,0.6955242855526175,0.4852428571428571,0.513413002152756,50 to 54 years
7552,2173,0.0,0.4852428571428571,0.513413002152756,50 to 54 years
7553,5755,0.6955242855526175,0.4852428571428571,0.513413002152756,50 to 54 years
7554,2986,0.6955242855526175,0.4852428571428571,0.513413002152756,50 to 54 years
7555,8292,0.6955242855526175,0.4852428571428571,0.513413002152756,50 to 54 years
7556,722,0.6955242855526175,0.4852428571428571,0.513413002152756,50 to 54 years
7557,7432,0.6955242855526175,0.4852428571428571,0.513413002152756,50 to 54 years
7558,4053,0.6955242855526175,0.4852428571428571,0.513413002152756,50 to 54 years
7559,2653,0.6955242855526175,0.4852428571428571,0.513413002152756,50 to 54 years
7560,1100,0.26862830873476745,0.4852428571428571,0.513413002152756,50 to 54 years
7561,6601,0.6955242855526175,0.4852428571428571,0.513413002152756,50 to 54 years
7562,6957,0.6955242855526175,0.4852428571428571,0.513413002152756,50 to 54 years
7563,3990,0.6955242855526175,0.4852428571428571,0.513413002152756,50 to 54 years
7564,2427,0.6955242855526175,0.4852428571428571,0.513413002152756,50 to 54 years
7565,9228,0.6955242855526175,0.4852428571428571,0.513413002152756,50 to 54 years
7566,9668,0.6955242855526175,0.4852428571428571,0.513413002152756,50 to 54 years
7567,5951,0.6955242855526175,0.4852428571428571,0.513413002152756,50 to 54 years
7568,3971,0.22479516954438486,0.4852428571428571,0.513413002152756,50 to 54 years
7569,2587,0.4614699493562817,0.4852428571428571,0.513413002152756,50 to 54 years
7570,8729,0.6955242855526175,0.4852428571428571,0.513413002152756,50 to 54 years
7571,8807,0.6955242855526175,0.4852428571428571,0.513413002152756,50 to 54 years
7572,5162,0.3622668419975895,0.4852428571428571,0.513413002152756,50 to 54 years
7573,3024,0.6955242855526175,0.4852428571428571,0.513413002152756,50 to 54 years
7574,2226,0.199273894620446,0.4852428571428571,0.513413002152756,50 to 54 years
7575,466,0.6955242855526175,0.4852428571428571,0.513413002152756,50 to 54 years
7576,4074,0.6955242855526175,0.4852428571428571,0.513413002152756,50 to 54 years
7577,5496,0.6955242855526175,0.4852428571428571,0.513413002152756,50 to 54 years
7578,3068,0.6955242855526175,0.4852428571428571,0.513413002152756,50 to 54 years
7579,4321,0.6955242855526175,0.4852428571428571,0.513413002152756,50 to 54 years
7580,5337,0.12759675038463922,0.4852428571428571,0.513413002152756,50 to 54 years
7581,5118,0.6955242855526175,0.4852428571428571,0.513413002152756,50 to 54 years
7582,5487,0.6955242855526175,0.4852428571428571,0.513413002152756,50 to 54 years
7583,85,0.6955242855526175,0.4852428571428571,0.513413002152756,50 to 54 years
7584,4897,0.6955242855526175,0.4852428571428571,0.513413002152756,50 to 54 years
7585,919,0.6955242855526175,0.4852428571428571,0.513413002152756,50 to 54 years
7586,8063,-0.08074531569064876,0.4852428571428571,0.513413002152756,50 to 54 years
7587,5439,0.6955242855526175,0.4852428571428571,0.513413002152756,50 to 54 years
7588,2083,0.6955242855526175,0.4852428571428571,0.513413002152756,50 to 54 years
7589,5773,0.22219919020601073,0.4852428571428571,0.513413002152756,50 to 54 years
7590,5473,0.6955242855526175,0.4852428571428571,0.513413002152756,50 to 54 years
7591,4542,0.6955242855526175,0.4852428571428571,0.513413002152756,50 to 54 years
7592,926,0.6955242855526175,0.4852428571428571,0.513413002152756,50 to 54 years
7593,2146,0.6955242855526175,0.4852428571428571,0.513413002152756,50 to 54 years
7594,8775,0.6955242855526175,0.4852428571428571,0.513413002152756,50 to 54 years
7595,3390,0.6955242855526175,0.4852428571428571,0.513413002152756,50 to 54 years
7596,1922,0.6955242855526175,0.4852428571428571,0.513413002152756,50 to 54 years
7597,2647,0.6955242855526175,0.4852428571428571,0.513413002152756,50 to 54 years
7598,2851,0.6955242855526175,0.4852428571428571,0.513413002152756,50 to 54 years
7599,9508,0.6955242855526175,0.4852428571428571,0.513413002152756,50 to 54 years
7600,6111,0.6955242855526175,0.4852428571428571,0.513413002152756,50 to 54 years
7601,6593,0.6955242855526175,0.4852428571428571,0.513413002152756,50 to 54 years
7602,1452,0.6955242855526175,0.4852428571428571,0.513413002152756,50 to 54 years
7603,5594,0.6955242855526175,0.4852428571428571,0.513413002152756,50 to 54 years
7604,2763,0.6955242855526175,0.4852428571428571,0.513413002152756,50 to 54 years
7605,1079,0.2545658049533561,0.4852428571428571,0.513413002152756,50 to 54 years
7606,4695,0.6955242855526175,0.4852428571428571,0.513413002152756,50 to 54 years
7607,1317,0.6955242855526175,0.4852428571428571,0.513413002152756,50 to 54 years
7608,9675,0.6955242855526175,0.4852428571428571,0.513413002152756,50 to 54 years
7609,8269,0.6955242855526175,0.4852428571428571,0.513413002152756,50 to 54 years
7610,5897,0.6955242855526175,0.4852428571428571,0.513413002152756,50 to 54 years
7611,5623,0.6955242855526175,0.4852428571428571,0.513413002152756,50 to 54 years
7612,8648,0.6955242855526175,0.4852428571428571,0.513413002152756,50 to 54 years
7613,6110,0.6955242855526175,0.4852428571428571,0.513413002152756,50 to 54 years
7614,6762,0.6955242855526175,0.4852428571428571,0.513413002152756,50 to 54 years
7615,7115,0.6955242855526175,0.4852428571428571,0.513413002152756,50 to 54 years
7616,8026,0.6955242855526175,0.4852428571428571,0.513413002152756,50 to 54 years
7617,8982,0.6955242855526175,0.4852428571428571,0.513413002152756,50 to 54 years
7618,7009,0.26074194320436583,0.4852428571428571,0.513413002152756,50 to 54 years
7619,3735,0.6955242855526175,0.4852428571428571,0.513413002152756,50 to 54 years
7620,3108,0.6955242855526175,0.4852428571428571,0.513413002152756,50 to 54 years
7621,1909,0.6955242855526175,0.4852428571428571,0.513413002152756,50 to 54 years
7622,6125,0.6955242855526175,0.4852428571428571,0.513413002152756,50 to 54 years
7623,2760,0.6955242855526175,0.4852428571428571,0.513413002152756,50 to 54 years
7624,8355,0.6955242855526175,0.4852428571428571,0.513413002152756,50 to 54 years
7625,3059,0.6955242855526175,0.4852428571428571,0.513413002152756,50 to 54 years
7626,7804,0.6955242855526175,0.4852428571428571,0.513413002152756,50 to 54 years
7627,40,0.6955242855526175,0.4852428571428571,0.513413002152756,50 to 54 years
7628,6041,0.6955242855526175,0.4852428571428571,0.513413002152756,50 to 54 years
7629,9490,0.2581106078223552,0.4852428571428571,0.513413002152756,50 to 54 years
7630,7277,0.6955242855526175,0.4852428571428571,0.513413002152756,50 to 54 years
7631,2417,0.6955242855526175,0.4852428571428571,0.513413002152756,50 to 54 years
7632,1427,0.10151805282532712,0.4852428571428571,0.513413002152756,50 to 54 years
7633,5014,0.6955242855526175,0.4852428571428571,0.513413002152756,50 to 54 years
7634,1931,0.6955242855526175,0.4852428571428571,0.513413002152756,50 to 54 years
7635,4287,0.6955242855526175,0.4852428571428571,0.513413002152756,50 to 54 years
7636,4089,0.6955242855526175,0.4852428571428571,0.513413002152756,50 to 54 years
7637,9790,0.6955242855526175,0.4852428571428571,0.513413002152756,50 to 54 years
7638,9060,0.6955242855526175,0.4852428571428571,0.513413002152756,50 to 54 years
7639,7252,0.07699172086660616,0.4852428571428571,0.513413002152756,50 to 54 years
7640,9961,0.6955242855526175,0.4852428571428571,0.513413002152756,50 to 54 years
7641,4412,0.6955242855526175,0.4852428571428571,0.513413002152756,50 to 54 years
7642,1768,0.6955242855526175,0.4852428571428571,0.513413002152756,50 to 54 years
7643,2216,0.6955242855526175,0.4852428571428571,0.513413002152756,50 to 54 years
7644,6007,0.6955242855526175,0.4852428571428571,0.513413002152756,50 to 54 years
7645,4258,0.6955242855526175,0.4852428571428571,0.513413002152756,50 to 54 years
7646,5953,0.5295636431286397,0.4852428571428571,0.513413002152756,50 to 54 years
7647,3461,0.6955242855526175,0.4852428571428571,0.513413002152756,50 to 54 years
7648,1481,0.6955242855526175,0.4852428571428571,0.513413002152756,50 to 54 years
7649,3976,0.6955242855526175,0.4852428571428571,0.513413002152756,50 to 54 years
7650,5138,0.6955242855526175,0.4852428571428571,0.513413002152756,50 to 54 years
7651,5025,0.6955242855526175,0.4852428571428571,0.513413002152756,50 to 54 years
7652,1115,0.6955242855526175,0.4852428571428571,0.513413002152756,50 to 54 years
7653,7287,0.6955242855526175,0.4852428571428571,0.513413002152756,50 to 54 years
7654,6321,0.6955242855526175,0.4852428571428571,0.513413002152756,50 to 54 years
7655,6530,0.6955242855526175,0.4852428571428571,0.513413002152756,50 to 54 years
7656,6220,0.6955242855526175,0.4852428571428571,0.513413002152756,50 to 54 years
7657,395,0.6955242855526175,0.4852428571428571,0.513413002152756,50 to 54 years
7658,1538,0.6955242855526175,0.4852428571428571,0.513413002152756,50 to 54 years
7659,5758,0.6955242855526175,0.4852428571428571,0.513413002152756,50 to 54 years
7660,376,0.6955242855526175,0.4852428571428571,0.513413002152756,50 to 54 years
7661,6457,0.35179982507847585,0.4852428571428571,0.513413002152756,50 to 54 years
7662,2289,0.1962693534298738,0.4852428571428571,0.513413002152756,50 to 54 years
7663,4509,0.6955242855526175,0.4852428571428571,0.513413002152756,50 to 54 years
7664,7194,0.6955242855526175,0.4852428571428571,0.513413002152756,50 to 54 years
7665,3767,0.6955242855526175,0.4852428571428571,0.513413002152756,50 to 54 years
7666,6825,0.6955242855526175,0.4852428571428571,0.513413002152756,50 to 54 years
7667,6790,0.6955242855526175,0.4852428571428571,0.513413002152756,50 to 54 years
7668,6838,0.6955242855526175,0.4852428571428571,0.513413002152756,50 to 54 years
7669,3030,0.47941054689354057,0.4852428571428571,0.513413002152756,50 to 54 years
7670,1783,0.6955242855526175,0.4852428571428571,0.513413002152756,50 to 54 years
7671,9380,0.6955242855526175,0.4852428571428571,0.513413002152756,50 to 54 years
7672,3888,0.43701967905053574,0.4852428571428571,0.513413002152756,50 to 54 years
7673,6776,0.6955242855526175,0.4852428571428571,0.513413002152756,50 to 54 years
7674,6693,0.6955242855526175,0.4852428571428571,0.513413002152756,50 to 54 years
7675,2084,0.6955242855526175,0.4852428571428571,0.513413002152756,50 to 54 years
7676,5368,0.6955242855526175,0.4852428571428571,0.513413002152756,50 to 54 years
7677,5949,0.6955242855526175,0.4852428571428571,0.513413002152756,50 to 54 years
7678,5175,0.6955242855526175,0.4852428571428571,0.513413002152756,50 to 54 years
7679,4798,0.14246429777665964,0.4852428571428571,0.513413002152756,50 to 54 years
7680,8706,0.6955242855526175,0.4852428571428571,0.513413002152756,50 to 54 years
7681,7151,0.6955242855526175,0.4852428571428571,0.513413002152756,50 to 54 years
7682,3697,0.6955242855526175,0.4852428571428571,0.513413002152756,50 to 54 years
7683,7717,0.6955242855526175,0.4852428571428571,0.513413002152756,50 to 54 years
7684,1526,0.6955242855526175,0.4852428571428571,0.513413002152756,50 to 54 years
7685,3894,0.6955242855526175,0.4852428571428571,0.513413002152756,50 to 54 years
7686,6635,0.6955242855526175,0.4852428571428571,0.513413002152756,50 to 54 years
7687,6444,0.6955242855526175,0.4852428571428571,0.513413002152756,50 to 54 years
7688,3079,0.6955242855526175,0.4852428571428571,0.513413002152756,50 to 54 years
7689,7060,0.29150541570366023,0.4852428571428571,0.513413002152756,50 to 54 years
7690,159,0.6955242855526175,0.4852428571428571,0.513413002152756,50 to 54 years
7691,7195,0.6955242855526175,0.4852428571428571,0.513413002152756,50 to 54 years
7692,6459,0.6955242855526175,0.4852428571428571,0.513413002152756,50 to 54 years
7693,7330,0.6955242855526175,0.4852428571428571,0.513413002152756,50 to 54 years
7694,7729,0.6955242855526175,0.4852428571428571,0.513413002152756,50 to 54 years
7695,8682,0.6955242855526175,0.4852428571428571,0.513413002152756,50 to 54 years
7696,1716,0.6955242855526175,0.4852428571428571,0.513413002152756,50 to 54 years
7697,7748,0.6955242855526175,0.4852428571428571,0.513413002152756,50 to 54 years
7698,8116,0.6955242855526175,0.4852428571428571,0.513413002152756,50 to 54 years
7699,4964,0.6955242855526175,0.4852428571428571,0.513413002152756,50 to 54 years
7700,2796,0.6955242855526175,0.4852428571428571,0.513413002152756,50 to 54 years
7701,3045,0.6955242855526175,0.4852428571428571,0.513413002152756,50 to 54 years
7702,4133,0.6955242855526175,0.4852428571428571,0.513413002152756,50 to 54 years
7703,8895,0.27041384972023635,0.4852428571428571,0.513413002152756,50 to 54 years
7704,630,0.6955242855526175,0.4852428571428571,0.513413002152756,50 to 54 years
7705,2522,0.6955242855526175,0.4852428571428571,0.513413002152756,50 to 54 years
7706,4802,0.40398124359684584,0.4852428571428571,0.513413002152756,50 to 54 years
7707,851,0.6955242855526175,0.4852428571428571,0.513413002152756,50 to 54 years
7708,8641,0.6955242855526175,0.4852428571428571,0.513413002152756,50 to 54 years
7709,1772,0.6955242855526175,0.4852428571428571,0.513413002152756,50 to 54 years
7710,6178,0.6955242855526175,0.4852428571428571,0.513413002152756,50 to 54 years
7711,227,0.6955242855526175,0.4852428571428571,0.513413002152756,50 to 54 years
7712,3897,0.24191987226830103,0.4852428571428571,0.513413002152756,50 to 54 years
7713,2335,0.6955242855526175,0.4852428571428571,0.513413002152756,50 to 54 years
7714,9597,0.6955242855526175,0.4852428571428571,0.513413002152756,50 to 54 years
7715,8193,0.6955242855526175,0.4852428571428571,0.513413002152756,50 to 54 years
7716,2003,0.6955242855526175,0.4852428571428571,0.513413002152756,50 to 54 years
7717,5737,0.6955242855526175,0.4852428571428571,0.513413002152756,50 to 54 years
7718,9745,0.6955242855526175,0.4852428571428571,0.513413002152756,50 to 54 years
7719,6137,0.6955242855526175,0.4852428571428571,0.513413002152756,50 to 54 years
7720,7759,0.28307722494285903,0.4852428571428571,0.513413002152756,50 to 54 years
7721,236,0.6955242855526175,0.4852428571428571,0.513413002152756,50 to 54 years
7722,1802,0.0,0.4852428571428571,0.513413002152756,50 to 54 years
7723,7272,0.6955242855526175,0.4852428571428571,0.513413002152756,50 to 54 years
7724,5959,0.6955242855526175,0.4852428571428571,0.513413002152756,50 to 54 years
7725,1119,0.6955242855526175,0.4852428571428571,0.513413002152756,50 to 54 years
7726,9176,0.6955242855526175,0.4852428571428571,0.513413002152756,50 to 54 years
7727,1260,0.6955242855526175,0.4852428571428571,0.513413002152756,50 to 54 years
7728,4747,0.26587743594258745,0.4852428571428571,0.513413002152756,50 to 54 years
7729,2090,0.6955242855526175,0.4852428571428571,0.513413002152756,50 to 54 years
7730,3925,0.6955242855526175,0.4852428571428571,0.513413002152756,50 to 54 years
7731,8806,0.6955242855526175,0.4852428571428571,0.513413002152756,50 to 54 years
7732,1298,0.6955242855526175,0.4852428571428571,0.513413002152756,50 to 54 years
7733,2024,0.6955242855526175,0.4852428571428571,0.513413002152756,50 to 54 years
7734,4649,0.6955242855526175,0.4852428571428571,0.513413002152756,50 to 54 years
7735,7725,0.14371814782260747,0.4852428571428571,0.513413002152756,50 to 54 years
7736,8410,0.36929312077310134,0.4852428571428571,0.513413002152756,50 to 54 years
7737,2074,-0.001546628844903252,0.4852428571428571,0.513413002152756,50 to 54 years
7738,2192,0.6955242855526175,0.4852428571428571,0.513413002152756,50 to 54 years
7739,2869,0.16496900031455589,0.4852428571428571,0.513413002152756,50 to 54 years
7740,8858,0.6955242855526175,0.4852428571428571,0.513413002152756,50 to 54 years
7741,6858,0.6955242855526175,0.4852428571428571,0.513413002152756,50 to 54 years
7742,3631,0.6955242855526175,0.4852428571428571,0.513413002152756,50 to 54 years
7743,7586,0.6955242855526175,0.4852428571428571,0.513413002152756,50 to 54 years
7744,5922,0.6955242855526175,0.4852428571428571,0.513413002152756,50 to 54 years
7745,7336,0.6955242855526175,0.4852428571428571,0.513413002152756,50 to 54 years
7746,1631,0.6955242855526175,0.4852428571428571,0.513413002152756,50 to 54 years
7747,5770,0.6955242855526175,0.4852428571428571,0.513413002152756,50 to 54 years
7748,3298,0.6955242855526175,0.4852428571428571,0.513413002152756,50 to 54 years
7749,9784,0.6955242855526175,0.4852428571428571,0.513413002152756,50 to 54 years
7750,788,0.6955242855526175,0.4852428571428571,0.513413002152756,50 to 54 years
7751,6653,0.6955242855526175,0.4852428571428571,0.513413002152756,50 to 54 years
7752,3761,0.4615334019909336,0.4852428571428571,0.513413002152756,50 to 54 years
7753,8397,0.6955242855526175,0.4852428571428571,0.513413002152756,50 to 54 years
7754,1543,0.6955242855526175,0.4852428571428571,0.513413002152756,50 to 54 years
7755,1058,0.6955242855526175,0.4852428571428571,0.513413002152756,50 to 54 years
7756,3671,0.6955242855526175,0.4852428571428571,0.513413002152756,50 to 54 years
7757,7019,0.6955242855526175,0.4852428571428571,0.513413002152756,50 to 54 years
7758,535,0.6955242855526175,0.4852428571428571,0.513413002152756,50 to 54 years
7759,2446,0.6955242855526175,0.4852428571428571,0.513413002152756,50 to 54 years
7760,7043,0.6955242855526175,0.4852428571428571,0.513413002152756,50 to 54 years
7761,9577,0.6955242855526175,0.4852428571428571,0.513413002152756,50 to 54 years
7762,384,0.6955242855526175,0.4852428571428571,0.513413002152756,50 to 54 years
7763,6582,0.6955242855526175,0.4852428571428571,0.513413002152756,50 to 54 years
7764,2604,0.6955242855526175,0.4852428571428571,0.513413002152756,50 to 54 years
7765,4875,0.6955242855526175,0.4852428571428571,0.513413002152756,50 to 54 years
7766,2727,0.6955242855526175,0.4852428571428571,0.513413002152756,50 to 54 years
7767,1856,0.6955242855526175,0.4852428571428571,0.513413002152756,50 to 54 years
7768,8066,0.6955242855526175,0.4852428571428571,0.513413002152756,50 to 54 years
7769,2408,0.6955242855526175,0.4852428571428571,0.513413002152756,50 to 54 years
7770,902,0.6955242855526175,0.4852428571428571,0.513413002152756,50 to 54 years
7771,7811,0.6955242855526175,0.4852428571428571,0.513413002152756,50 to 54 years
7772,2871,0.6955242855526175,0.4852428571428571,0.513413002152756,50 to 54 years
7773,3878,0.6955242855526175,0.4852428571428571,0.513413002152756,50 to 54 years
7774,9443,0.6955242855526175,0.4852428571428571,0.513413002152756,50 to 54 years
7775,184,0.6955242855526175,0.4852428571428571,0.513413002152756,50 to 54 years
7776,4261,0.6955242855526175,0.4852428571428571,0.513413002152756,50 to 54 years
7777,8989,0.6955242855526175,0.4852428571428571,0.513413002152756,50 to 54 years
7778,3269,0.6955242855526175,0.4852428571428571,0.513413002152756,50 to 54 years
7779,3057,0.6955242855526175,0.4852428571428571,0.513413002152756,50 to 54 years
7780,9296,0.6955242855526175,0.4852428571428571,0.513413002152756,50 to 54 years
7781,765,0.6955242855526175,0.4852428571428571,0.513413002152756,50 to 54 years
7782,8501,0.6955242855526175,0.4852428571428571,0.513413002152756,50 to 54 years
7783,1011,0.6955242855526175,0.4852428571428571,0.513413002152756,50 to 54 years
7784,8938,0.6955242855526175,0.4852428571428571,0.513413002152756,50 to 54 years
7785,3194,0.6955242855526175,0.4852428571428571,0.513413002152756,50 to 54 years
7786,8888,0.6955242855526175,0.4852428571428571,0.513413002152756,50 to 54 years
7787,5582,0.6955242855526175,0.4852428571428571,0.513413002152756,50 to 54 years
7788,1066,0.6955242855526175,0.4852428571428571,0.513413002152756,50 to 54 years
7789,8209,0.6955242855526175,0.4852428571428571,0.513413002152756,50 to 54 years
7790,6341,0.6955242855526175,0.4852428571428571,0.513413002152756,50 to 54 years
7791,7875,0.6955242855526175,0.4852428571428571,0.513413002152756,50 to 54 years
7792,2566,0.6955242855526175,0.4852428571428571,0.513413002152756,50 to 54 years
7793,2022,0.6955242855526175,0.4852428571428571,0.513413002152756,50 to 54 years
7794,4164,0.6955242855526175,0.4852428571428571,0.513413002152756,50 to 54 years
7795,2033,0.6955242855526175,0.4852428571428571,0.513413002152756,50 to 54 years
7796,4449,0.6955242855526175,0.4852428571428571,0.513413002152756,50 to 54 years
7797,9318,0.6955242855526175,0.4852428571428571,0.513413002152756,50 to 54 years
7798,4374,0.6955242855526175,0.4852428571428571,0.513413002152756,50 to 54 years
7799,9581,0.6955242855526175,0.4852428571428571,0.513413002152756,50 to 54 years
7800,2523,0.6955242855526175,0.4852428571428571,0.513413002152756,50 to 54 years
7801,9263,0.6955242855526175,0.4852428571428571,0.513413002152756,50 to 54 years
7802,7769,0.6955242855526175,0.4852428571428571,0.513413002152756,50 to 54 years
7803,2691,0.6955242855526175,0.4852428571428571,0.513413002152756,50 to 54 years
7804,795,0.6955242855526175,0.4852428571428571,0.513413002152756,50 to 54 years
7805,3820,0.6955242855526175,0.4852428571428571,0.513413002152756,50 to 54 years
7806,5684,0.6955242855526175,0.4852428571428571,0.513413002152756,50 to 54 years
7807,3281,0.6955242855526175,0.4852428571428571,0.513413002152756,50 to 54 years
7808,198,0.6955242855526175,0.4852428571428571,0.513413002152756,50 to 54 years
7809,650,0.6955242855526175,0.4852428571428571,0.513413002152756,50 to 54 years
7810,7072,0.6955242855526175,0.4852428571428571,0.513413002152756,50 to 54 years
7811,2927,0.6955242855526175,0.4852428571428571,0.513413002152756,50 to 54 years
7812,1572,0.6955242855526175,0.4852428571428571,0.513413002152756,50 to 54 years
7813,1739,0.6955242855526175,0.4852428571428571,0.513413002152756,50 to 54 years
7814,1289,0.6955242855526175,0.4852428571428571,0.513413002152756,50 to 54 years
7815,5635,0.2209186685331149,0.4852428571428571,0.513413002152756,50 to 54 years
7816,5383,0.6955242855526175,0.4852428571428571,0.513413002152756,50 to 54 years
7817,4301,0.6955242855526175,0.4852428571428571,0.513413002152756,50 to 54 years
7818,8157,0.6955242855526175,0.4852428571428571,0.513413002152756,50 to 54 years
7819,1544,0.2199258889026425,0.4852428571428571,0.513413002152756,50 to 54 years
7820,388,0.6955242855526175,0.4852428571428571,0.513413002152756,50 to 54 years
7821,911,0.6955242855526175,0.4852428571428571,0.513413002152756,50 to 54 years
7822,3757,0.6955242855526175,0.4852428571428571,0.513413002152756,50 to 54 years
7823,5462,0.6955242855526175,0.4852428571428571,0.513413002152756,50 to 54 years
7824,5894,0.6955242855526175,0.4852428571428571,0.513413002152756,50 to 54 years
7825,126,0.6955242855526175,0.4852428571428571,0.513413002152756,50 to 54 years
7826,2193,0.6955242855526175,0.4852428571428571,0.513413002152756,50 to 54 years
7827,6384,0.6955242855526175,0.4852428571428571,0.513413002152756,50 to 54 years
7828,5528,0.6955242855526175,0.4852428571428571,0.513413002152756,50 to 54 years
7829,5143,0.6955242855526175,0.4852428571428571,0.513413002152756,50 to 54 years
7830,5391,0.6955242855526175,0.4852428571428571,0.513413002152756,50 to 54 years
7831,6781,0.6955242855526175,0.4852428571428571,0.513413002152756,50 to 54 years
7832,6431,0.6955242855526175,0.4852428571428571,0.513413002152756,50 to 54 years
7833,4670,0.6955242855526175,0.4852428571428571,0.513413002152756,50 to 54 years
7834,2317,0.6955242855526175,0.4852428571428571,0.513413002152756,50 to 54 years
7835,7677,0.0,0.4852428571428571,0.513413002152756,50 to 54 years
7836,9773,0.6955242855526175,0.4852428571428571,0.513413002152756,50 to 54 years
7837,9632,0.6955242855526175,0.4852428571428571,0.513413002152756,50 to 54 years
7838,1177,0.6955242855526175,0.4852428571428571,0.513413002152756,50 to 54 years
7839,935,0.6955242855526175,0.4852428571428571,0.513413002152756,50 to 54 years
7840,7358,0.6955242855526175,0.4852428571428571,0.513413002152756,50 to 54 years
7841,9353,0.6955242855526175,0.4852428571428571,0.513413002152756,50 to 54 years
7842,2258,0.6955242855526175,0.4852428571428571,0.513413002152756,50 to 54 years
7843,9560,0.6955242855526175,0.4852428571428571,0.513413002152756,50 to 54 years
7844,5030,0.6955242855526175,0.4852428571428571,0.513413002152756,50 to 54 years
7845,9838,0.6955242855526175,0.4852428571428571,0.513413002152756,50 to 54 years
7846,1131,0.6955242855526175,0.4852428571428571,0.513413002152756,50 to 54 years
7847,6426,0.4672971345496602,0.4852428571428571,0.513413002152756,50 to 54 years
7848,3248,0.6955242855526175,0.4852428571428571,0.513413002152756,50 to 54 years
7849,1185,0.6955242855526175,0.4852428571428571,0.513413002152756,50 to 54 years
7850,9637,0.6955242855526175,0.4852428571428571,0.513413002152756,50 to 54 years
7851,2359,0.6955242855526175,0.4852428571428571,0.513413002152756,50 to 54 years
7852,2671,0.6955242855526175,0.4852428571428571,0.513413002152756,50 to 54 years
7853,7613,0.6955242855526175,0.4852428571428571,0.513413002152756,50 to 54 years
7854,1319,0.6955242855526175,0.4852428571428571,0.513413002152756,50 to 54 years
7855,7688,0.6955242855526175,0.4852428571428571,0.513413002152756,50 to 54 years
7856,3017,0.6955242855526175,0.4852428571428571,0.513413002152756,50 to 54 years
7857,5516,0.6955242855526175,0.4852428571428571,0.513413002152756,50 to 54 years
7858,8642,0.6955242855526175,0.4852428571428571,0.513413002152756,50 to 54 years
7859,48,0.6955242855526175,0.4852428571428571,0.513413002152756,50 to 54 years
7860,7080,0.6955242855526175,0.4852428571428571,0.513413002152756,50 to 54 years
7861,2302,0.6955242855526175,0.4852428571428571,0.513413002152756,50 to 54 years
7862,436,0.6955242855526175,0.4852428571428571,0.513413002152756,50 to 54 years
7863,3480,0.6955242855526175,0.4852428571428571,0.513413002152756,50 to 54 years
7864,1813,0.6955242855526175,0.4852428571428571,0.513413002152756,50 to 54 years
7865,3491,0.2979059483717055,0.4852428571428571,0.513413002152756,50 to 54 years
7866,4382,0.6955242855526175,0.4852428571428571,0.513413002152756,50 to 54 years
7867,9635,0.6955242855526175,0.4852428571428571,0.513413002152756,50 to 54 years
7868,1311,0.6955242855526175,0.4852428571428571,0.513413002152756,50 to 54 years
7869,9138,0.22053979057018455,0.4852428571428571,0.513413002152756,50 to 54 years
7870,5295,0.5522523866595395,0.4852428571428571,0.513413002152756,50 to 54 years
7871,2811,0.6955242855526175,0.4852428571428571,0.513413002152756,50 to 54 years
7872,6633,0.6955242855526175,0.4852428571428571,0.513413002152756,50 to 54 years
7873,6941,0.6955242855526175,0.4852428571428571,0.513413002152756,50 to 54 years
7874,790,0.6955242855526175,0.4852428571428571,0.513413002152756,50 to 54 years
7875,8272,0.3463017729043386,0.4852428571428571,0.513413002152756,50 to 54 years
7876,8814,0.6955242855526175,0.4852428571428571,0.513413002152756,50 to 54 years
7877,903,0.6955242855526175,0.4852428571428571,0.513413002152756,50 to 54 years
7878,7105,0.6955242855526175,0.4852428571428571,0.513413002152756,50 to 54 years
7879,4563,0.6955242855526175,0.4852428571428571,0.513413002152756,50 to 54 years
7880,8859,0.6955242855526175,0.4852428571428571,0.513413002152756,50 to 54 years
7881,4478,0.6955242855526175,0.4852428571428571,0.513413002152756,50 to 54 years
7882,3566,0.6955242855526175,0.4852428571428571,0.513413002152756,50 to 54 years
7883,9746,0.6955242855526175,0.4852428571428571,0.513413002152756,50 to 54 years
7884,113,0.6955242855526175,0.4852428571428571,0.513413002152756,50 to 54 years
7885,6172,0.15914763935539147,0.4852428571428571,0.513413002152756,50 to 54 years
7886,4149,0.6955242855526175,0.4852428571428571,0.513413002152756,50 to 54 years
7887,7022,0.6955242855526175,0.4852428571428571,0.513413002152756,50 to 54 years
7888,4841,0.6955242855526175,0.4852428571428571,0.513413002152756,50 to 54 years
7889,2680,0.6955242855526175,0.4852428571428571,0.513413002152756,50 to 54 years
7890,3105,0.6955242855526175,0.4852428571428571,0.513413002152756,50 to 54 years
7891,5667,0.6955242855526175,0.4852428571428571,0.513413002152756,50 to 54 years
7892,3557,0.6955242855526175,0.4852428571428571,0.513413002152756,50 to 54 years
7893,2189,0.23806091581536146,0.4852428571428571,0.513413002152756,50 to 54 years
7894,3995,0.6955242855526175,0.4852428571428571,0.513413002152756,50 to 54 years
7895,7931,0.6955242855526175,0.4852428571428571,0.513413002152756,50 to 54 years
7896,7179,0.6955242855526175,0.4852428571428571,0.513413002152756,50 to 54 years
7897,7963,0.6955242855526175,0.4852428571428571,0.513413002152756,50 to 54 years
7898,3379,0.6955242855526175,0.4852428571428571,0.513413002152756,50 to 54 years
7899,7554,0.6955242855526175,0.4852428571428571,0.513413002152756,50 to 54 years
7900,4475,0.6955242855526175,0.4852428571428571,0.513413002152756,50 to 54 years
7901,4835,0.6955242855526175,0.4852428571428571,0.513413002152756,50 to 54 years
7902,5373,0.6955242855526175,0.4852428571428571,0.513413002152756,50 to 54 years
7903,399,0.0,0.4852428571428571,0.513413002152756,50 to 54 years
7904,6254,0.6955242855526175,0.4852428571428571,0.513413002152756,50 to 54 years
7905,1915,0.6955242855526175,0.4852428571428571,0.513413002152756,50 to 54 years
7906,8799,0.6955242855526175,0.4852428571428571,0.513413002152756,50 to 54 years
7907,4082,0.3644721648554535,0.4852428571428571,0.513413002152756,50 to 54 years
7908,1827,0.6955242855526175,0.4852428571428571,0.513413002152756,50 to 54 years
7909,1249,0.6955242855526175,0.4852428571428571,0.513413002152756,50 to 54 years
7910,1313,0.6955242855526175,0.4852428571428571,0.513413002152756,50 to 54 years
7911,5034,0.6955242855526175,0.4852428571428571,0.513413002152756,50 to 54 years
7912,53,0.6955242855526175,0.4852428571428571,0.513413002152756,50 to 54 years
7913,5766,0.6955242855526175,0.4852428571428571,0.513413002152756,50 to 54 years
7914,6933,0.6955242855526175,0.4852428571428571,0.513413002152756,50 to 54 years
7915,9863,0.6955242855526175,0.4852428571428571,0.513413002152756,50 to 54 years
7916,8466,0.6955242855526175,0.4852428571428571,0.513413002152756,50 to 54 years
7917,4679,0.6955242855526175,0.4852428571428571,0.513413002152756,50 to 54 years
7918,6543,0.6955242855526175,0.4852428571428571,0.513413002152756,50 to 54 years
7919,7540,0.6955242855526175,0.4852428571428571,0.513413002152756,50 to 54 years
7920,537,0.6955242855526175,0.4852428571428571,0.513413002152756,50 to 54 years
7921,6849,0.6955242855526175,0.4852428571428571,0.513413002152756,50 to 54 years
7922,9050,0.6955242855526175,0.4852428571428571,0.513413002152756,50 to 54 years
7923,3362,0.6955242855526175,0.4852428571428571,0.513413002152756,50 to 54 years
7924,162,0.6955242855526175,0.4852428571428571,0.513413002152756,50 to 54 years
7925,9288,0.2115651116946706,0.4852428571428571,0.513413002152756,50 to 54 years
7926,5158,0.6955242855526175,0.4852428571428571,0.513413002152756,50 to 54 years
7927,5490,0.3334454077632292,0.4852428571428571,0.513413002152756,50 to 54 years
7928,4795,0.6955242855526175,0.4852428571428571,0.513413002152756,50 to 54 years
7929,1704,0.6955242855526175,0.4852428571428571,0.513413002152756,50 to 54 years
7930,6232,0.6955242855526175,0.4852428571428571,0.513413002152756,50 to 54 years
7931,3506,0.6955242855526175,0.4852428571428571,0.513413002152756,50 to 54 years
7932,6970,0.6955242855526175,0.4852428571428571,0.513413002152756,50 to 54 years
7933,689,0.6955242855526175,0.4852428571428571,0.513413002152756,50 to 54 years
7934,3487,0.6955242855526175,0.4852428571428571,0.513413002152756,50 to 54 years
7935,3415,0.6955242855526175,0.4852428571428571,0.513413002152756,50 to 54 years
7936,3547,0.6955242855526175,0.4852428571428571,0.513413002152756,50 to 54 years
7937,1732,0.6955242855526175,0.4852428571428571,0.513413002152756,50 to 54 years
7938,5567,0.6955242855526175,0.4852428571428571,0.513413002152756,50 to 54 years
7939,6727,0.6955242855526175,0.4852428571428571,0.513413002152756,50 to 54 years
7940,4208,0.6955242855526175,0.4852428571428571,0.513413002152756,50 to 54 years
7941,1623,0.6955242855526175,0.4852428571428571,0.513413002152756,50 to 54 years
7942,4272,0.6955242855526175,0.4852428571428571,0.513413002152756,50 to 54 years
7943,8065,0.6955242855526175,0.4852428571428571,0.513413002152756,50 to 54 years
7944,9376,0.6955242855526175,0.4852428571428571,0.513413002152756,50 to 54 years
7945,4376,0.6955242855526175,0.4852428571428571,0.513413002152756,50 to 54 years
7946,1474,0.6955242855526175,0.4852428571428571,0.513413002152756,50 to 54 years
7947,5789,0.6955242855526175,0.4852428571428571,0.513413002152756,50 to 54 years
7948,3756,0.6955242855526175,0.4852428571428571,0.513413002152756,50 to 54 years
7949,8653,0.6955242855526175,0.4852428571428571,0.513413002152756,50 to 54 years
7950,602,0.6955242855526175,0.4852428571428571,0.513413002152756,50 to 54 years
7951,8987,0.6955242855526175,0.4852428571428571,0.513413002152756,50 to 54 years
7952,7695,0.1268252687836072,0.4852428571428571,0.513413002152756,50 to 54 years
7953,6620,0.6955242855526175,0.4852428571428571,0.513413002152756,50 to 54 years
7954,8668,0.6955242855526175,0.4852428571428571,0.513413002152756,50 to 54 years
7955,2047,0.6955242855526175,0.4852428571428571,0.513413002152756,50 to 54 years
7956,9694,0.6955242855526175,0.4852428571428571,0.513413002152756,50 to 54 years
7957,3345,0.6955242855526175,0.4852428571428571,0.513413002152756,50 to 54 years
7958,1299,0.6955242855526175,0.4852428571428571,0.513413002152756,50 to 54 years
7959,3286,0.6955242855526175,0.4852428571428571,0.513413002152756,50 to 54 years
7960,2644,0.6955242855526175,0.4852428571428571,0.513413002152756,50 to 54 years
7961,5351,0.6955242855526175,0.4852428571428571,0.513413002152756,50 to 54 years
7962,874,0.6955242855526175,0.4852428571428571,0.513413002152756,50 to 54 years
7963,4669,0.6955242855526175,0.4852428571428571,0.513413002152756,50 to 54 years
7964,7904,0.6955242855526175,0.4852428571428571,0.513413002152756,50 to 54 years
7965,9523,0.6955242855526175,0.4852428571428571,0.513413002152756,50 to 54 years
7966,6628,0.6955242855526175,0.4852428571428571,0.513413002152756,50 to 54 years
7967,1120,0.6955242855526175,0.4852428571428571,0.513413002152756,50 to 54 years
7968,9585,0.6955242855526175,0.4852428571428571,0.513413002152756,50 to 54 years
7969,9817,0.6955242855526175,0.4852428571428571,0.513413002152756,50 to 54 years
7970,6039,0.6955242855526175,0.4852428571428571,0.513413002152756,50 to 54 years
7971,238,0.6955242855526175,0.4852428571428571,0.513413002152756,50 to 54 years
7972,4443,0.6955242855526175,0.4852428571428571,0.513413002152756,50 to 54 years
7973,2116,0.6955242855526175,0.4852428571428571,0.513413002152756,50 to 54 years
7974,1875,0.6955242855526175,0.4852428571428571,0.513413002152756,50 to 54 years
7975,2284,0.520455881479922,0.4852428571428571,0.513413002152756,50 to 54 years
7976,4953,0.6955242855526175,0.4852428571428571,0.513413002152756,50 to 54 years
7977,5266,0.0,0.4852428571428571,0.513413002152756,50 to 54 years
7978,2669,0.6955242855526175,0.4852428571428571,0.513413002152756,50 to 54 years
7979,1029,0.6955242855526175,0.4852428571428571,0.513413002152756,50 to 54 years
7980,8746,0.6955242855526175,0.4852428571428571,0.513413002152756,50 to 54 years
7981,8484,0.6955242855526175,0.4852428571428571,0.513413002152756,50 to 54 years
7982,5482,0.0,0.4852428571428571,0.513413002152756,50 to 54 years
7983,3904,0.6955242855526175,0.4852428571428571,0.513413002152756,50 to 54 years
7984,5645,0.6955242855526175,0.4852428571428571,0.513413002152756,50 to 54 years
7985,6342,0.6955242855526175,0.4852428571428571,0.513413002152756,50 to 54 years
7986,158,0.6955242855526175,0.4852428571428571,0.513413002152756,50 to 54 years
7987,5772,0.6955242855526175,0.4852428571428571,0.513413002152756,50 to 54 years
7988,2936,0.6955242855526175,0.4852428571428571,0.513413002152756,50 to 54 years
7989,4639,0.6955242855526175,0.4852428571428571,0.513413002152756,50 to 54 years
7990,7890,0.6955242855526175,0.4852428571428571,0.513413002152756,50 to 54 years
7991,6380,0.6955242855526175,0.4852428571428571,0.513413002152756,50 to 54 years
7992,2159,0.6955242855526175,0.4852428571428571,0.513413002152756,50 to 54 years
7993,2757,0.6955242855526175,0.4852428571428571,0.513413002152756,50 to 54 years
7994,2632,0.6955242855526175,0.4852428571428571,0.513413002152756,50 to 54 years
7995,9042,0.6955242855526175,0.4852428571428571,0.513413002152756,50 to 54 years
7996,4860,0.6955242855526175,0.4852428571428571,0.513413002152756,50 to 54 years
7997,8052,0.6955242855526175,0.4852428571428571,0.513413002152756,50 to 54 years
7998,660,0.3158711886124762,0.4852428571428571,0.513413002152756,50 to 54 years
7999,8006,0.26101695536616165,0.4852428571428571,0.513413002152756,50 to 54 years
8000,2108,0.6955242855526175,0.4852428571428571,0.513413002152756,50 to 54 years
8001,7263,0.6955242855526175,0.4852428571428571,0.513413002152756,50 to 54 years
8002,2748,0.6955242855526175,0.4852428571428571,0.513413002152756,50 to 54 years
8003,5261,0.6955242855526175,0.4852428571428571,0.513413002152756,50 to 54 years
8004,4876,0.31016782076495625,0.4852428571428571,0.513413002152756,50 to 54 years
8005,7347,0.6955242855526175,0.4852428571428571,0.513413002152756,50 to 54 years
8006,8717,0.3908899838628396,0.4852428571428571,0.513413002152756,50 to 54 years
8007,1984,0.6955242855526175,0.4852428571428571,0.513413002152756,50 to 54 years
8008,5316,0.37065262146538835,0.4852428571428571,0.513413002152756,50 to 54 years
8009,6392,0.6955242855526175,0.4852428571428571,0.513413002152756,50 to 54 years
8010,8827,0.6955242855526175,0.4852428571428571,0.513413002152756,50 to 54 years
8011,1881,0.6955242855526175,0.4852428571428571,0.513413002152756,50 to 54 years
8012,6298,0.6955242855526175,0.4852428571428571,0.513413002152756,50 to 54 years
8013,1908,0.6955242855526175,0.4852428571428571,0.513413002152756,50 to 54 years
8014,2501,0.29957155883803616,0.4852428571428571,0.513413002152756,50 to 54 years
8015,1096,0.6955242855526175,0.4852428571428571,0.513413002152756,50 to 54 years
8016,2242,0.6955242855526175,0.4852428571428571,0.513413002152756,50 to 54 years
8017,8533,0.6955242855526175,0.4852428571428571,0.513413002152756,50 to 54 years
8018,8674,0.16145302249554414,0.4852428571428571,0.513413002152756,50 to 54 years
8019,3734,0.6955242855526175,0.4852428571428571,0.513413002152756,50 to 54 years
8020,1945,0.019152755405301723,0.4852428571428571,0.513413002152756,50 to 54 years
8021,4172,0.6725242829734105,0.4852428571428571,0.513413002152756,55 to 59 years
8022,7169,0.4300421809177027,0.4852428571428571,0.513413002152756,55 to 59 years
8023,2894,0.6725242829734105,0.4852428571428571,0.513413002152756,55 to 59 years
8024,8043,0.6725242829734105,0.4852428571428571,0.513413002152756,55 to 59 years
8025,6820,0.6725242829734105,0.4852428571428571,0.513413002152756,55 to 59 years
8026,7670,0.6725242829734105,0.4852428571428571,0.513413002152756,55 to 59 years
8027,2904,0.6725242829734105,0.4852428571428571,0.513413002152756,55 to 59 years
8028,2939,0.6725242829734105,0.4852428571428571,0.513413002152756,55 to 59 years
8029,2466,0.6725242829734105,0.4852428571428571,0.513413002152756,55 to 59 years
8030,1783,0.6725242829734105,0.4852428571428571,0.513413002152756,55 to 59 years
8031,7846,0.2812025869470489,0.4852428571428571,0.513413002152756,55 to 59 years
8032,1863,0.6725242829734105,0.4852428571428571,0.513413002152756,55 to 59 years
8033,417,0.6725242829734105,0.4852428571428571,0.513413002152756,55 to 59 years
8034,4752,0.6725242829734105,0.4852428571428571,0.513413002152756,55 to 59 years
8035,6116,0.6725242829734105,0.4852428571428571,0.513413002152756,55 to 59 years
8036,5689,0.6725242829734105,0.4852428571428571,0.513413002152756,55 to 59 years
8037,4671,0.6725242829734105,0.4852428571428571,0.513413002152756,55 to 59 years
8038,9210,0.6725242829734105,0.4852428571428571,0.513413002152756,55 to 59 years
8039,7072,0.6725242829734105,0.4852428571428571,0.513413002152756,55 to 59 years
8040,7291,0.6725242829734105,0.4852428571428571,0.513413002152756,55 to 59 years
8041,2107,0.6725242829734105,0.4852428571428571,0.513413002152756,55 to 59 years
8042,6221,0.6725242829734105,0.4852428571428571,0.513413002152756,55 to 59 years
8043,9927,0.6725242829734105,0.4852428571428571,0.513413002152756,55 to 59 years
8044,4307,0.6725242829734105,0.4852428571428571,0.513413002152756,55 to 59 years
8045,9203,-0.0016603575807604036,0.4852428571428571,0.513413002152756,55 to 59 years
8046,1,0.1816233416309112,0.4852428571428571,0.513413002152756,55 to 59 years
8047,2301,0.6725242829734105,0.4852428571428571,0.513413002152756,55 to 59 years
8048,6270,0.6725242829734105,0.4852428571428571,0.513413002152756,55 to 59 years
8049,1162,0.6725242829734105,0.4852428571428571,0.513413002152756,55 to 59 years
8050,3066,0.6725242829734105,0.4852428571428571,0.513413002152756,55 to 59 years
8051,3179,0.6725242829734105,0.4852428571428571,0.513413002152756,55 to 59 years
8052,3896,0.6725242829734105,0.4852428571428571,0.513413002152756,55 to 59 years
8053,9721,0.5509776497986204,0.4852428571428571,0.513413002152756,55 to 59 years
8054,4038,0.6725242829734105,0.4852428571428571,0.513413002152756,55 to 59 years
8055,8053,0.6725242829734105,0.4852428571428571,0.513413002152756,55 to 59 years
8056,9576,0.6725242829734105,0.4852428571428571,0.513413002152756,55 to 59 years
8057,655,0.6725242829734105,0.4852428571428571,0.513413002152756,55 to 59 years
8058,4963,0.6725242829734105,0.4852428571428571,0.513413002152756,55 to 59 years
8059,2019,0.6725242829734105,0.4852428571428571,0.513413002152756,55 to 59 years
8060,2409,0.6725242829734105,0.4852428571428571,0.513413002152756,55 to 59 years
8061,6915,0.6725242829734105,0.4852428571428571,0.513413002152756,55 to 59 years
8062,924,0.6725242829734105,0.4852428571428571,0.513413002152756,55 to 59 years
8063,8711,0.1930924121643383,0.4852428571428571,0.513413002152756,55 to 59 years
8064,2170,0.6725242829734105,0.4852428571428571,0.513413002152756,55 to 59 years
8065,7032,0.6725242829734105,0.4852428571428571,0.513413002152756,55 to 59 years
8066,7888,0.6725242829734105,0.4852428571428571,0.513413002152756,55 to 59 years
8067,6984,0.3656573972691274,0.4852428571428571,0.513413002152756,55 to 59 years
8068,4126,0.6725242829734105,0.4852428571428571,0.513413002152756,55 to 59 years
8069,5516,0.6725242829734105,0.4852428571428571,0.513413002152756,55 to 59 years
8070,3443,0.6725242829734105,0.4852428571428571,0.513413002152756,55 to 59 years
8071,2653,0.6725242829734105,0.4852428571428571,0.513413002152756,55 to 59 years
8072,987,0.6725242829734105,0.4852428571428571,0.513413002152756,55 to 59 years
8073,3231,0.6725242829734105,0.4852428571428571,0.513413002152756,55 to 59 years
8074,6927,0.6725242829734105,0.4852428571428571,0.513413002152756,55 to 59 years
8075,6610,0.6725242829734105,0.4852428571428571,0.513413002152756,55 to 59 years
8076,3426,0.2671307778601446,0.4852428571428571,0.513413002152756,55 to 59 years
8077,8707,0.6725242829734105,0.4852428571428571,0.513413002152756,55 to 59 years
8078,1371,0.6725242829734105,0.4852428571428571,0.513413002152756,55 to 59 years
8079,7346,0.6725242829734105,0.4852428571428571,0.513413002152756,55 to 59 years
8080,2372,0.6725242829734105,0.4852428571428571,0.513413002152756,55 to 59 years
8081,445,0.6725242829734105,0.4852428571428571,0.513413002152756,55 to 59 years
8082,4065,0.6725242829734105,0.4852428571428571,0.513413002152756,55 to 59 years
8083,4147,0.6725242829734105,0.4852428571428571,0.513413002152756,55 to 59 years
8084,1015,0.6725242829734105,0.4852428571428571,0.513413002152756,55 to 59 years
8085,237,0.13403947682873418,0.4852428571428571,0.513413002152756,55 to 59 years
8086,2153,0.6725242829734105,0.4852428571428571,0.513413002152756,55 to 59 years
8087,5133,0.0,0.4852428571428571,0.513413002152756,55 to 59 years
8088,7120,0.6725242829734105,0.4852428571428571,0.513413002152756,55 to 59 years
8089,918,0.29116112666623567,0.4852428571428571,0.513413002152756,55 to 59 years
8090,3689,0.3731753816665352,0.4852428571428571,0.513413002152756,55 to 59 years
8091,5164,0.6725242829734105,0.4852428571428571,0.513413002152756,55 to 59 years
8092,3236,0.6725242829734105,0.4852428571428571,0.513413002152756,55 to 59 years
8093,2359,0.6725242829734105,0.4852428571428571,0.513413002152756,55 to 59 years
8094,2911,0.6725242829734105,0.4852428571428571,0.513413002152756,55 to 59 years
8095,307,0.6725242829734105,0.4852428571428571,0.513413002152756,55 to 59 years
8096,4675,0.6725242829734105,0.4852428571428571,0.513413002152756,55 to 59 years
8097,8750,0.6725242829734105,0.4852428571428571,0.513413002152756,55 to 59 years
8098,4906,0.6725242829734105,0.4852428571428571,0.513413002152756,55 to 59 years
8099,8300,0.6725242829734105,0.4852428571428571,0.513413002152756,55 to 59 years
8100,2910,0.6725242829734105,0.4852428571428571,0.513413002152756,55 to 59 years
8101,5376,0.6725242829734105,0.4852428571428571,0.513413002152756,55 to 59 years
8102,4705,0.6725242829734105,0.4852428571428571,0.513413002152756,55 to 59 years
8103,9064,0.6725242829734105,0.4852428571428571,0.513413002152756,55 to 59 years
8104,218,0.36213494207906877,0.4852428571428571,0.513413002152756,55 to 59 years
8105,5018,0.6725242829734105,0.4852428571428571,0.513413002152756,55 to 59 years
8106,3669,0.6725242829734105,0.4852428571428571,0.513413002152756,55 to 59 years
8107,161,0.6725242829734105,0.4852428571428571,0.513413002152756,55 to 59 years
8108,3466,0.6725242829734105,0.4852428571428571,0.513413002152756,55 to 59 years
8109,9415,0.6725242829734105,0.4852428571428571,0.513413002152756,55 to 59 years
8110,4391,0.6725242829734105,0.4852428571428571,0.513413002152756,55 to 59 years
8111,1033,0.6725242829734105,0.4852428571428571,0.513413002152756,55 to 59 years
8112,9285,0.6725242829734105,0.4852428571428571,0.513413002152756,55 to 59 years
8113,7090,0.6725242829734105,0.4852428571428571,0.513413002152756,55 to 59 years
8114,2648,0.6725242829734105,0.4852428571428571,0.513413002152756,55 to 59 years
8115,4936,0.6725242829734105,0.4852428571428571,0.513413002152756,55 to 59 years
8116,4365,0.1200982020109967,0.4852428571428571,0.513413002152756,55 to 59 years
8117,6347,0.6725242829734105,0.4852428571428571,0.513413002152756,55 to 59 years
8118,6230,0.6725242829734105,0.4852428571428571,0.513413002152756,55 to 59 years
8119,9987,0.6725242829734105,0.4852428571428571,0.513413002152756,55 to 59 years
8120,1200,0.13374199937462936,0.4852428571428571,0.513413002152756,55 to 59 years
8121,3234,0.6725242829734105,0.4852428571428571,0.513413002152756,55 to 59 years
8122,3222,0.6725242829734105,0.4852428571428571,0.513413002152756,55 to 59 years
8123,4783,0.6725242829734105,0.4852428571428571,0.513413002152756,55 to 59 years
8124,1515,0.6725242829734105,0.4852428571428571,0.513413002152756,55 to 59 years
8125,3070,0.6725242829734105,0.4852428571428571,0.513413002152756,55 to 59 years
8126,8283,0.6725242829734105,0.4852428571428571,0.513413002152756,55 to 59 years
8127,1994,0.6725242829734105,0.4852428571428571,0.513413002152756,55 to 59 years
8128,5966,0.6725242829734105,0.4852428571428571,0.513413002152756,55 to 59 years
8129,4255,0.6725242829734105,0.4852428571428571,0.513413002152756,55 to 59 years
8130,2833,0.6725242829734105,0.4852428571428571,0.513413002152756,55 to 59 years
8131,9635,0.6725242829734105,0.4852428571428571,0.513413002152756,55 to 59 years
8132,9754,0.23251073466811717,0.4852428571428571,0.513413002152756,55 to 59 years
8133,8062,0.6725242829734105,0.4852428571428571,0.513413002152756,55 to 59 years
8134,7781,0.6725242829734105,0.4852428571428571,0.513413002152756,55 to 59 years
8135,4020,0.6725242829734105,0.4852428571428571,0.513413002152756,55 to 59 years
8136,4859,0.6725242829734105,0.4852428571428571,0.513413002152756,55 to 59 years
8137,9734,0.6725242829734105,0.4852428571428571,0.513413002152756,55 to 59 years
8138,3590,0.6725242829734105,0.4852428571428571,0.513413002152756,55 to 59 years
8139,4738,0.10177167509158407,0.4852428571428571,0.513413002152756,55 to 59 years
8140,8352,0.6725242829734105,0.4852428571428571,0.513413002152756,55 to 59 years
8141,1654,0.6725242829734105,0.4852428571428571,0.513413002152756,55 to 59 years
8142,6722,0.17731576011638822,0.4852428571428571,0.513413002152756,55 to 59 years
8143,186,0.6725242829734105,0.4852428571428571,0.513413002152756,55 to 59 years
8144,4433,0.6146827723984365,0.4852428571428571,0.513413002152756,55 to 59 years
8145,5450,0.6725242829734105,0.4852428571428571,0.513413002152756,55 to 59 years
8146,9462,0.6725242829734105,0.4852428571428571,0.513413002152756,55 to 59 years
8147,8194,0.5345029960016606,0.4852428571428571,0.513413002152756,55 to 59 years
8148,6362,0.6725242829734105,0.4852428571428571,0.513413002152756,55 to 59 years
8149,9664,0.6725242829734105,0.4852428571428571,0.513413002152756,55 to 59 years
8150,9785,0.29565368644708356,0.4852428571428571,0.513413002152756,55 to 59 years
8151,3732,0.3820829716838801,0.4852428571428571,0.513413002152756,55 to 59 years
8152,7334,0.6725242829734105,0.4852428571428571,0.513413002152756,55 to 59 years
8153,3862,0.6725242829734105,0.4852428571428571,0.513413002152756,55 to 59 years
8154,6334,0.017130264690029522,0.4852428571428571,0.513413002152756,55 to 59 years
8155,7027,0.6725242829734105,0.4852428571428571,0.513413002152756,55 to 59 years
8156,8759,0.6725242829734105,0.4852428571428571,0.513413002152756,55 to 59 years
8157,7177,0.16683295777763907,0.4852428571428571,0.513413002152756,55 to 59 years
8158,348,0.6725242829734105,0.4852428571428571,0.513413002152756,55 to 59 years
8159,7667,0.6725242829734105,0.4852428571428571,0.513413002152756,55 to 59 years
8160,2030,0.33538826712787273,0.4852428571428571,0.513413002152756,55 to 59 years
8161,2246,0.6725242829734105,0.4852428571428571,0.513413002152756,55 to 59 years
8162,3170,0.6725242829734105,0.4852428571428571,0.513413002152756,55 to 59 years
8163,8949,0.6725242829734105,0.4852428571428571,0.513413002152756,55 to 59 years
8164,3940,0.6725242829734105,0.4852428571428571,0.513413002152756,55 to 59 years
8165,6173,0.6725242829734105,0.4852428571428571,0.513413002152756,55 to 59 years
8166,871,0.6725242829734105,0.4852428571428571,0.513413002152756,55 to 59 years
8167,8264,0.6725242829734105,0.4852428571428571,0.513413002152756,55 to 59 years
8168,6706,-0.20997357258486363,0.4852428571428571,0.513413002152756,55 to 59 years
8169,3931,0.6725242829734105,0.4852428571428571,0.513413002152756,55 to 59 years
8170,2433,0.6725242829734105,0.4852428571428571,0.513413002152756,55 to 59 years
8171,9719,0.6725242829734105,0.4852428571428571,0.513413002152756,55 to 59 years
8172,4493,0.6725242829734105,0.4852428571428571,0.513413002152756,55 to 59 years
8173,6612,0.6725242829734105,0.4852428571428571,0.513413002152756,55 to 59 years
8174,9258,0.6725242829734105,0.4852428571428571,0.513413002152756,55 to 59 years
8175,9597,0.6725242829734105,0.4852428571428571,0.513413002152756,55 to 59 years
8176,2384,0.6725242829734105,0.4852428571428571,0.513413002152756,55 to 59 years
8177,9374,0.6725242829734105,0.4852428571428571,0.513413002152756,55 to 59 years
8178,9995,0.6725242829734105,0.4852428571428571,0.513413002152756,55 to 59 years
8179,7828,0.6725242829734105,0.4852428571428571,0.513413002152756,55 to 59 years
8180,258,0.6725242829734105,0.4852428571428571,0.513413002152756,55 to 59 years
8181,726,0.6725242829734105,0.4852428571428571,0.513413002152756,55 to 59 years
8182,422,0.6725242829734105,0.4852428571428571,0.513413002152756,55 to 59 years
8183,5540,0.6725242829734105,0.4852428571428571,0.513413002152756,55 to 59 years
8184,2982,0.6725242829734105,0.4852428571428571,0.513413002152756,55 to 59 years
8185,425,0.6725242829734105,0.4852428571428571,0.513413002152756,55 to 59 years
8186,296,0.6725242829734105,0.4852428571428571,0.513413002152756,55 to 59 years
8187,468,0.24007326289254727,0.4852428571428571,0.513413002152756,55 to 59 years
8188,7004,0.6725242829734105,0.4852428571428571,0.513413002152756,55 to 59 years
8189,4389,0.6725242829734105,0.4852428571428571,0.513413002152756,55 to 59 years
8190,8471,0.11931916904101984,0.4852428571428571,0.513413002152756,55 to 59 years
8191,2601,0.4712079003893451,0.4852428571428571,0.513413002152756,55 to 59 years
8192,102,0.6725242829734105,0.4852428571428571,0.513413002152756,55 to 59 years
8193,6105,0.20815793412444028,0.4852428571428571,0.513413002152756,55 to 59 years
8194,9351,-0.2008312885049344,0.4852428571428571,0.513413002152756,55 to 59 years
8195,3839,0.6725242829734105,0.4852428571428571,0.513413002152756,55 to 59 years
8196,4764,0.6725242829734105,0.4852428571428571,0.513413002152756,55 to 59 years
8197,6063,0.6725242829734105,0.4852428571428571,0.513413002152756,55 to 59 years
8198,8903,0.6725242829734105,0.4852428571428571,0.513413002152756,55 to 59 years
8199,2265,0.21332656083410567,0.4852428571428571,0.513413002152756,55 to 59 years
8200,5624,0.6725242829734105,0.4852428571428571,0.513413002152756,55 to 59 years
8201,7631,0.6725242829734105,0.4852428571428571,0.513413002152756,55 to 59 years
8202,9588,0.6725242829734105,0.4852428571428571,0.513413002152756,55 to 59 years
8203,8866,0.6725242829734105,0.4852428571428571,0.513413002152756,55 to 59 years
8204,5269,0.6725242829734105,0.4852428571428571,0.513413002152756,55 to 59 years
8205,9174,0.6725242829734105,0.4852428571428571,0.513413002152756,55 to 59 years
8206,5938,0.6725242829734105,0.4852428571428571,0.513413002152756,55 to 59 years
8207,9294,0.6725242829734105,0.4852428571428571,0.513413002152756,55 to 59 years
8208,4322,0.6725242829734105,0.4852428571428571,0.513413002152756,55 to 59 years
8209,7016,0.6725242829734105,0.4852428571428571,0.513413002152756,55 to 59 years
8210,8574,0.6725242829734105,0.4852428571428571,0.513413002152756,55 to 59 years
8211,2500,0.6725242829734105,0.4852428571428571,0.513413002152756,55 to 59 years
8212,8940,0.6725242829734105,0.4852428571428571,0.513413002152756,55 to 59 years
8213,5184,0.3833889863865467,0.4852428571428571,0.513413002152756,55 to 59 years
8214,8427,0.6725242829734105,0.4852428571428571,0.513413002152756,55 to 59 years
8215,2469,0.6725242829734105,0.4852428571428571,0.513413002152756,55 to 59 years
8216,1793,0.6725242829734105,0.4852428571428571,0.513413002152756,55 to 59 years
8217,1087,0.6725242829734105,0.4852428571428571,0.513413002152756,55 to 59 years
8218,4538,0.6725242829734105,0.4852428571428571,0.513413002152756,55 to 59 years
8219,9359,0.6725242829734105,0.4852428571428571,0.513413002152756,55 to 59 years
8220,5290,0.6725242829734105,0.4852428571428571,0.513413002152756,55 to 59 years
8221,1372,0.6725242829734105,0.4852428571428571,0.513413002152756,55 to 59 years
8222,4151,0.6725242829734105,0.4852428571428571,0.513413002152756,55 to 59 years
8223,1680,0.6725242829734105,0.4852428571428571,0.513413002152756,55 to 59 years
8224,6557,0.5189518022541896,0.4852428571428571,0.513413002152756,55 to 59 years
8225,3859,0.6725242829734105,0.4852428571428571,0.513413002152756,55 to 59 years
8226,5505,0.6725242829734105,0.4852428571428571,0.513413002152756,55 to 59 years
8227,4025,0.6725242829734105,0.4852428571428571,0.513413002152756,55 to 59 years
8228,9463,0.5018858323094054,0.4852428571428571,0.513413002152756,55 to 59 years
8229,5059,-0.18811623060346036,0.4852428571428571,0.513413002152756,55 to 59 years
8230,969,0.6725242829734105,0.4852428571428571,0.513413002152756,55 to 59 years
8231,5108,0.1795375672806238,0.4852428571428571,0.513413002152756,55 to 59 years
8232,8101,0.6725242829734105,0.4852428571428571,0.513413002152756,55 to 59 years
8233,1564,0.6725242829734105,0.4852428571428571,0.513413002152756,55 to 59 years
8234,7630,0.6725242829734105,0.4852428571428571,0.513413002152756,55 to 59 years
8235,3804,0.6725242829734105,0.4852428571428571,0.513413002152756,55 to 59 years
8236,7387,0.6725242829734105,0.4852428571428571,0.513413002152756,55 to 59 years
8237,1603,0.6725242829734105,0.4852428571428571,0.513413002152756,55 to 59 years
8238,5749,0.6725242829734105,0.4852428571428571,0.513413002152756,55 to 59 years
8239,6949,0.6725242829734105,0.4852428571428571,0.513413002152756,55 to 59 years
8240,542,0.6725242829734105,0.4852428571428571,0.513413002152756,55 to 59 years
8241,4979,0.5337142451510997,0.4852428571428571,0.513413002152756,55 to 59 years
8242,6011,0.6725242829734105,0.4852428571428571,0.513413002152756,55 to 59 years
8243,2371,0.6725242829734105,0.4852428571428571,0.513413002152756,55 to 59 years
8244,8634,0.3261547543050738,0.4852428571428571,0.513413002152756,55 to 59 years
8245,2555,0.6725242829734105,0.4852428571428571,0.513413002152756,55 to 59 years
8246,3011,0.6725242829734105,0.4852428571428571,0.513413002152756,55 to 59 years
8247,1381,0.6725242829734105,0.4852428571428571,0.513413002152756,55 to 59 years
8248,881,0.44984192574381066,0.4852428571428571,0.513413002152756,55 to 59 years
8249,886,0.6725242829734105,0.4852428571428571,0.513413002152756,55 to 59 years
8250,2720,0.6725242829734105,0.4852428571428571,0.513413002152756,55 to 59 years
8251,6297,0.6725242829734105,0.4852428571428571,0.513413002152756,55 to 59 years
8252,8647,0.6725242829734105,0.4852428571428571,0.513413002152756,55 to 59 years
8253,848,0.6725242829734105,0.4852428571428571,0.513413002152756,55 to 59 years
8254,3012,0.6725242829734105,0.4852428571428571,0.513413002152756,55 to 59 years
8255,4323,0.6725242829734105,0.4852428571428571,0.513413002152756,55 to 59 years
8256,9228,0.358962467379216,0.4852428571428571,0.513413002152756,55 to 59 years
8257,2454,0.15302794777767678,0.4852428571428571,0.513413002152756,55 to 59 years
8258,7196,0.6725242829734105,0.4852428571428571,0.513413002152756,55 to 59 years
8259,9858,0.6725242829734105,0.4852428571428571,0.513413002152756,55 to 59 years
8260,6663,0.6725242829734105,0.4852428571428571,0.513413002152756,55 to 59 years
8261,2078,0.6725242829734105,0.4852428571428571,0.513413002152756,55 to 59 years
8262,8306,0.6725242829734105,0.4852428571428571,0.513413002152756,55 to 59 years
8263,4923,0.6725242829734105,0.4852428571428571,0.513413002152756,55 to 59 years
8264,1240,0.6725242829734105,0.4852428571428571,0.513413002152756,55 to 59 years
8265,9620,0.6725242829734105,0.4852428571428571,0.513413002152756,55 to 59 years
8266,5258,0.6725242829734105,0.4852428571428571,0.513413002152756,55 to 59 years
8267,2120,0.6725242829734105,0.4852428571428571,0.513413002152756,55 to 59 years
8268,4793,0.6725242829734105,0.4852428571428571,0.513413002152756,55 to 59 years
8269,9981,0.26909870161730154,0.4852428571428571,0.513413002152756,55 to 59 years
8270,5887,0.6725242829734105,0.4852428571428571,0.513413002152756,55 to 59 years
8271,824,0.6725242829734105,0.4852428571428571,0.513413002152756,55 to 59 years
8272,6461,0.0,0.4852428571428571,0.513413002152756,55 to 59 years
8273,4436,0.6725242829734105,0.4852428571428571,0.513413002152756,55 to 59 years
8274,6827,0.6725242829734105,0.4852428571428571,0.513413002152756,55 to 59 years
8275,7599,0.6725242829734105,0.4852428571428571,0.513413002152756,55 to 59 years
8276,670,0.6725242829734105,0.4852428571428571,0.513413002152756,55 to 59 years
8277,6138,0.6725242829734105,0.4852428571428571,0.513413002152756,55 to 59 years
8278,9687,0.6725242829734105,0.4852428571428571,0.513413002152756,55 to 59 years
8279,2358,0.6725242829734105,0.4852428571428571,0.513413002152756,55 to 59 years
8280,4103,0.6725242829734105,0.4852428571428571,0.513413002152756,55 to 59 years
8281,1116,0.6725242829734105,0.4852428571428571,0.513413002152756,55 to 59 years
8282,4632,0.6725242829734105,0.4852428571428571,0.513413002152756,55 to 59 years
8283,9863,0.19422679133019494,0.4852428571428571,0.513413002152756,55 to 59 years
8284,713,0.6725242829734105,0.4852428571428571,0.513413002152756,55 to 59 years
8285,8650,0.6725242829734105,0.4852428571428571,0.513413002152756,55 to 59 years
8286,8547,0.6725242829734105,0.4852428571428571,0.513413002152756,55 to 59 years
8287,2003,0.6725242829734105,0.4852428571428571,0.513413002152756,55 to 59 years
8288,6910,0.6725242829734105,0.4852428571428571,0.513413002152756,55 to 59 years
8289,5356,0.6725242829734105,0.4852428571428571,0.513413002152756,55 to 59 years
8290,3126,0.6725242829734105,0.4852428571428571,0.513413002152756,55 to 59 years
8291,4695,0.6725242829734105,0.4852428571428571,0.513413002152756,55 to 59 years
8292,2744,0.6725242829734105,0.4852428571428571,0.513413002152756,55 to 59 years
8293,3428,0.10971400823146342,0.4852428571428571,0.513413002152756,55 to 59 years
8294,35,0.6725242829734105,0.4852428571428571,0.513413002152756,55 to 59 years
8295,2139,-0.12789595731294126,0.4852428571428571,0.513413002152756,55 to 59 years
8296,6763,0.6725242829734105,0.4852428571428571,0.513413002152756,55 to 59 years
8297,38,0.5967023878657908,0.4852428571428571,0.513413002152756,55 to 59 years
8298,4683,0.6725242829734105,0.4852428571428571,0.513413002152756,55 to 59 years
8299,4292,0.6725242829734105,0.4852428571428571,0.513413002152756,55 to 59 years
8300,2713,0.6725242829734105,0.4852428571428571,0.513413002152756,55 to 59 years
8301,7125,0.6725242829734105,0.4852428571428571,0.513413002152756,55 to 59 years
8302,5313,0.6725242829734105,0.4852428571428571,0.513413002152756,55 to 59 years
8303,5839,0.17806757087393654,0.4852428571428571,0.513413002152756,55 to 59 years
8304,9194,0.6725242829734105,0.4852428571428571,0.513413002152756,55 to 59 years
8305,7925,0.6725242829734105,0.4852428571428571,0.513413002152756,55 to 59 years
8306,1726,0.6725242829734105,0.4852428571428571,0.513413002152756,55 to 59 years
8307,3496,0.04460860270426516,0.4852428571428571,0.513413002152756,55 to 59 years
8308,4576,0.6725242829734105,0.4852428571428571,0.513413002152756,55 to 59 years
8309,5439,0.6725242829734105,0.4852428571428571,0.513413002152756,55 to 59 years
8310,9192,0.6725242829734105,0.4852428571428571,0.513413002152756,55 to 59 years
8311,6535,0.6725242829734105,0.4852428571428571,0.513413002152756,55 to 59 years
8312,2655,0.5281550912466675,0.4852428571428571,0.513413002152756,55 to 59 years
8313,1187,0.6725242829734105,0.4852428571428571,0.513413002152756,55 to 59 years
8314,9902,0.19896580287659132,0.4852428571428571,0.513413002152756,55 to 59 years
8315,4808,0.6725242829734105,0.4852428571428571,0.513413002152756,55 to 59 years
8316,7847,0.6725242829734105,0.4852428571428571,0.513413002152756,55 to 59 years
8317,8417,0.6725242829734105,0.4852428571428571,0.513413002152756,55 to 59 years
8318,5594,0.6725242829734105,0.4852428571428571,0.513413002152756,55 to 59 years
8319,6879,0.6725242829734105,0.4852428571428571,0.513413002152756,55 to 59 years
8320,828,0.5031773886254913,0.4852428571428571,0.513413002152756,55 to 59 years
8321,2509,0.6725242829734105,0.4852428571428571,0.513413002152756,55 to 59 years
8322,2928,0.6725242829734105,0.4852428571428571,0.513413002152756,55 to 59 years
8323,6133,0.6725242829734105,0.4852428571428571,0.513413002152756,55 to 59 years
8324,9007,0.6725242829734105,0.4852428571428571,0.513413002152756,55 to 59 years
8325,5781,0.6725242829734105,0.4852428571428571,0.513413002152756,55 to 59 years
8326,1899,0.6725242829734105,0.4852428571428571,0.513413002152756,55 to 59 years
8327,8083,0.34120473944847235,0.4852428571428571,0.513413002152756,55 to 59 years
8328,4087,0.06094302794698671,0.4852428571428571,0.513413002152756,55 to 59 years
8329,6372,0.6725242829734105,0.4852428571428571,0.513413002152756,55 to 59 years
8330,9344,0.6725242829734105,0.4852428571428571,0.513413002152756,55 to 59 years
8331,3938,0.6725242829734105,0.4852428571428571,0.513413002152756,55 to 59 years
8332,1024,0.6725242829734105,0.4852428571428571,0.513413002152756,55 to 59 years
8333,1799,0.4630355766763264,0.4852428571428571,0.513413002152756,55 to 59 years
8334,3412,0.6725242829734105,0.4852428571428571,0.513413002152756,55 to 59 years
8335,4238,0.6725242829734105,0.4852428571428571,0.513413002152756,55 to 59 years
8336,1419,0.4342242905848989,0.4852428571428571,0.513413002152756,55 to 59 years
8337,1794,0.6725242829734105,0.4852428571428571,0.513413002152756,55 to 59 years
8338,4361,0.6725242829734105,0.4852428571428571,0.513413002152756,55 to 59 years
8339,174,0.6725242829734105,0.4852428571428571,0.513413002152756,55 to 59 years
8340,2834,0.6725242829734105,0.4852428571428571,0.513413002152756,55 to 59 years
8341,8389,0.6725242829734105,0.4852428571428571,0.513413002152756,55 to 59 years
8342,3341,0.6725242829734105,0.4852428571428571,0.513413002152756,55 to 59 years
8343,2040,0.6725242829734105,0.4852428571428571,0.513413002152756,55 to 59 years
8344,5648,0.6725242829734105,0.4852428571428571,0.513413002152756,55 to 59 years
8345,9935,0.6725242829734105,0.4852428571428571,0.513413002152756,55 to 59 years
8346,4615,0.6725242829734105,0.4852428571428571,0.513413002152756,55 to 59 years
8347,4486,0.6725242829734105,0.4852428571428571,0.513413002152756,55 to 59 years
8348,7998,0.6725242829734105,0.4852428571428571,0.513413002152756,55 to 59 years
8349,4123,0.6725242829734105,0.4852428571428571,0.513413002152756,55 to 59 years
8350,4139,0.2944041812149207,0.4852428571428571,0.513413002152756,55 to 59 years
8351,7887,0.6725242829734105,0.4852428571428571,0.513413002152756,55 to 59 years
8352,4395,0.19460056866085468,0.4852428571428571,0.513413002152756,55 to 59 years
8353,52,0.6725242829734105,0.4852428571428571,0.513413002152756,55 to 59 years
8354,889,0.44773436613754264,0.4852428571428571,0.513413002152756,55 to 59 years
8355,9988,0.6725242829734105,0.4852428571428571,0.513413002152756,55 to 59 years
8356,202,0.6725242829734105,0.4852428571428571,0.513413002152756,55 to 59 years
8357,5252,0.6725242829734105,0.4852428571428571,0.513413002152756,55 to 59 years
8358,1417,0.6725242829734105,0.4852428571428571,0.513413002152756,55 to 59 years
8359,4766,0.6725242829734105,0.4852428571428571,0.513413002152756,55 to 59 years
8360,3719,0.6725242829734105,0.4852428571428571,0.513413002152756,55 to 59 years
8361,730,0.38247590766059586,0.4852428571428571,0.513413002152756,55 to 59 years
8362,2205,0.20489321763758603,0.4852428571428571,0.513413002152756,55 to 59 years
8363,6183,0.6725242829734105,0.4852428571428571,0.513413002152756,55 to 59 years
8364,4861,0.6725242829734105,0.4852428571428571,0.513413002152756,55 to 59 years
8365,3973,0.6725242829734105,0.4852428571428571,0.513413002152756,55 to 59 years
8366,9479,0.28470110522415615,0.4852428571428571,0.513413002152756,55 to 59 years
8367,2380,0.6725242829734105,0.4852428571428571,0.513413002152756,55 to 59 years
8368,8230,0.6725242829734105,0.4852428571428571,0.513413002152756,55 to 59 years
8369,8533,0.6725242829734105,0.4852428571428571,0.513413002152756,55 to 59 years
8370,7806,0.6725242829734105,0.4852428571428571,0.513413002152756,55 to 59 years
8371,9436,0.0713977012091342,0.4852428571428571,0.513413002152756,55 to 59 years
8372,5067,0.6725242829734105,0.4852428571428571,0.513413002152756,55 to 59 years
8373,4110,0.6725242829734105,0.4852428571428571,0.513413002152756,55 to 59 years
8374,8918,0.6725242829734105,0.4852428571428571,0.513413002152756,55 to 59 years
8375,6513,0.6725242829734105,0.4852428571428571,0.513413002152756,55 to 59 years
8376,5437,0.6725242829734105,0.4852428571428571,0.513413002152756,55 to 59 years
8377,9829,0.27381721214411764,0.4852428571428571,0.513413002152756,55 to 59 years
8378,8235,0.6725242829734105,0.4852428571428571,0.513413002152756,55 to 59 years
8379,9000,0.3197042437431922,0.4852428571428571,0.513413002152756,55 to 59 years
8380,3880,0.6725242829734105,0.4852428571428571,0.513413002152756,55 to 59 years
8381,6098,0.6725242829734105,0.4852428571428571,0.513413002152756,55 to 59 years
8382,7318,0.2650541851272637,0.4852428571428571,0.513413002152756,55 to 59 years
8383,6909,0.23494241485300954,0.4852428571428571,0.513413002152756,55 to 59 years
8384,3371,0.26614415565134913,0.4852428571428571,0.513413002152756,55 to 59 years
8385,645,0.6725242829734105,0.4852428571428571,0.513413002152756,55 to 59 years
8386,4446,0.15600245456286288,0.4852428571428571,0.513413002152756,55 to 59 years
8387,1258,0.6725242829734105,0.4852428571428571,0.513413002152756,55 to 59 years
8388,7780,0.6725242829734105,0.4852428571428571,0.513413002152756,55 to 59 years
8389,6730,0.6725242829734105,0.4852428571428571,0.513413002152756,55 to 59 years
8390,3659,0.5507501169646117,0.4852428571428571,0.513413002152756,55 to 59 years
8391,8741,0.3840437985757017,0.4852428571428571,0.513413002152756,55 to 59 years
8392,7473,0.12311547034189917,0.4852428571428571,0.513413002152756,55 to 59 years
8393,8495,0.6725242829734105,0.4852428571428571,0.513413002152756,55 to 59 years
8394,4176,0.6725242829734105,0.4852428571428571,0.513413002152756,55 to 59 years
8395,7536,0.0,0.4852428571428571,0.513413002152756,55 to 59 years
8396,6398,0.6725242829734105,0.4852428571428571,0.513413002152756,55 to 59 years
8397,288,0.6725242829734105,0.4852428571428571,0.513413002152756,55 to 59 years
8398,1409,0.6725242829734105,0.4852428571428571,0.513413002152756,55 to 59 years
8399,3005,0.6725242829734105,0.4852428571428571,0.513413002152756,55 to 59 years
8400,7752,0.6725242829734105,0.4852428571428571,0.513413002152756,55 to 59 years
8401,4882,0.6725242829734105,0.4852428571428571,0.513413002152756,55 to 59 years
8402,9528,0.6725242829734105,0.4852428571428571,0.513413002152756,55 to 59 years
8403,4353,0.6725242829734105,0.4852428571428571,0.513413002152756,55 to 59 years
8404,4067,0.2265390187165991,0.4852428571428571,0.513413002152756,55 to 59 years
8405,901,0.6725242829734105,0.4852428571428571,0.513413002152756,55 to 59 years
8406,5814,0.6725242829734105,0.4852428571428571,0.513413002152756,55 to 59 years
8407,8261,0.6725242829734105,0.4852428571428571,0.513413002152756,55 to 59 years
8408,8095,0.6725242829734105,0.4852428571428571,0.513413002152756,55 to 59 years
8409,5146,0.6725242829734105,0.4852428571428571,0.513413002152756,55 to 59 years
8410,9117,0.6725242829734105,0.4852428571428571,0.513413002152756,55 to 59 years
8411,8082,0.6725242829734105,0.4852428571428571,0.513413002152756,55 to 59 years
8412,6632,0.6725242829734105,0.4852428571428571,0.513413002152756,55 to 59 years
8413,1633,0.17116324623096213,0.4852428571428571,0.513413002152756,55 to 59 years
8414,7772,0.6725242829734105,0.4852428571428571,0.513413002152756,55 to 59 years
8415,8168,0.6725242829734105,0.4852428571428571,0.513413002152756,55 to 59 years
8416,8185,0.6725242829734105,0.4852428571428571,0.513413002152756,55 to 59 years
8417,9803,0.11188706920239776,0.4852428571428571,0.513413002152756,55 to 59 years
8418,2531,0.6725242829734105,0.4852428571428571,0.513413002152756,55 to 59 years
8419,6421,0.6725242829734105,0.4852428571428571,0.513413002152756,55 to 59 years
8420,1252,0.6725242829734105,0.4852428571428571,0.513413002152756,55 to 59 years
8421,7154,0.6725242829734105,0.4852428571428571,0.513413002152756,55 to 59 years
8422,2134,0.6725242829734105,0.4852428571428571,0.513413002152756,55 to 59 years
8423,2413,0.6725242829734105,0.4852428571428571,0.513413002152756,55 to 59 years
8424,3473,0.6725242829734105,0.4852428571428571,0.513413002152756,55 to 59 years
8425,3374,0.296049063254507,0.4852428571428571,0.513413002152756,55 to 59 years
8426,182,0.6725242829734105,0.4852428571428571,0.513413002152756,55 to 59 years
8427,3664,0.6725242829734105,0.4852428571428571,0.513413002152756,55 to 59 years
8428,7799,0.6725242829734105,0.4852428571428571,0.513413002152756,55 to 59 years
8429,5554,0.6725242829734105,0.4852428571428571,0.513413002152756,55 to 59 years
8430,794,0.6725242829734105,0.4852428571428571,0.513413002152756,55 to 59 years
8431,6863,0.5337842016935425,0.4852428571428571,0.513413002152756,55 to 59 years
8432,6163,0.6725242829734105,0.4852428571428571,0.513413002152756,55 to 59 years
8433,9348,0.6725242829734105,0.4852428571428571,0.513413002152756,55 to 59 years
8434,3581,0.6725242829734105,0.4852428571428571,0.513413002152756,55 to 59 years
8435,1653,0.6725242829734105,0.4852428571428571,0.513413002152756,55 to 59 years
8436,4589,0.6725242829734105,0.4852428571428571,0.513413002152756,55 to 59 years
8437,2369,0.6725242829734105,0.4852428571428571,0.513413002152756,55 to 59 years
8438,3855,0.6725242829734105,0.4852428571428571,0.513413002152756,55 to 59 years
8439,4989,0.6725242829734105,0.4852428571428571,0.513413002152756,55 to 59 years
8440,6780,0.20074748521051822,0.4852428571428571,0.513413002152756,55 to 59 years
8441,1993,0.6725242829734105,0.4852428571428571,0.513413002152756,55 to 59 years
8442,920,0.6725242829734105,0.4852428571428571,0.513413002152756,55 to 59 years
8443,2231,0.6725242829734105,0.4852428571428571,0.513413002152756,55 to 59 years
8444,1600,0.281604902887277,0.4852428571428571,0.513413002152756,55 to 59 years
8445,7756,0.6725242829734105,0.4852428571428571,0.513413002152756,55 to 59 years
8446,8346,0.6725242829734105,0.4852428571428571,0.513413002152756,55 to 59 years
8447,5866,0.6725242829734105,0.4852428571428571,0.513413002152756,55 to 59 years
8448,1666,0.6725242829734105,0.4852428571428571,0.513413002152756,55 to 59 years
8449,591,0.6725242829734105,0.4852428571428571,0.513413002152756,55 to 59 years
8450,7766,0.6725242829734105,0.4852428571428571,0.513413002152756,55 to 59 years
8451,8472,0.26764346553630775,0.4852428571428571,0.513413002152756,55 to 59 years
8452,438,0.6725242829734105,0.4852428571428571,0.513413002152756,55 to 59 years
8453,3822,0.6725242829734105,0.4852428571428571,0.513413002152756,55 to 59 years
8454,9347,0.6725242829734105,0.4852428571428571,0.513413002152756,55 to 59 years
8455,552,0.31032634449028756,0.4852428571428571,0.513413002152756,55 to 59 years
8456,3095,0.6725242829734105,0.4852428571428571,0.513413002152756,55 to 59 years
8457,3644,0.6725242829734105,0.4852428571428571,0.513413002152756,55 to 59 years
8458,9670,0.6725242829734105,0.4852428571428571,0.513413002152756,55 to 59 years
8459,184,0.6725242829734105,0.4852428571428571,0.513413002152756,55 to 59 years
8460,2759,0.6725242829734105,0.4852428571428571,0.513413002152756,55 to 59 years
8461,5415,0.6725242829734105,0.4852428571428571,0.513413002152756,55 to 59 years
8462,9022,0.19125128086699317,0.4852428571428571,0.513413002152756,55 to 59 years
8463,5813,0.6725242829734105,0.4852428571428571,0.513413002152756,55 to 59 years
8464,9958,0.149781121619576,0.4852428571428571,0.513413002152756,55 to 59 years
8465,7306,0.6725242829734105,0.4852428571428571,0.513413002152756,55 to 59 years
8466,4450,0.6725242829734105,0.4852428571428571,0.513413002152756,55 to 59 years
8467,9691,0.6725242829734105,0.4852428571428571,0.513413002152756,55 to 59 years
8468,5207,0.6725242829734105,0.4852428571428571,0.513413002152756,55 to 59 years
8469,470,0.6725242829734105,0.4852428571428571,0.513413002152756,55 to 59 years
8470,4026,0.6725242829734105,0.4852428571428571,0.513413002152756,55 to 59 years
8471,6662,0.6725242829734105,0.4852428571428571,0.513413002152756,55 to 59 years
8472,6175,0.6725242829734105,0.4852428571428571,0.513413002152756,55 to 59 years
8473,3135,0.6725242829734105,0.4852428571428571,0.513413002152756,55 to 59 years
8474,6669,0.2089495558340491,0.4852428571428571,0.513413002152756,55 to 59 years
8475,7991,0.6725242829734105,0.4852428571428571,0.513413002152756,55 to 59 years
8476,6444,0.6725242829734105,0.4852428571428571,0.513413002152756,55 to 59 years
8477,7106,0.2717792331556508,0.4852428571428571,0.513413002152756,60 to 64 years
8478,8430,0.6495242519515138,0.4852428571428571,0.513413002152756,60 to 64 years
8479,1005,0.6495242519515138,0.4852428571428571,0.513413002152756,60 to 64 years
8480,5558,0.6495242519515138,0.4852428571428571,0.513413002152756,60 to 64 years
8481,4282,0.33310905322808537,0.4852428571428571,0.513413002152756,60 to 64 years
8482,8021,0.6495242519515138,0.4852428571428571,0.513413002152756,60 to 64 years
8483,1342,0.24293330671485516,0.4852428571428571,0.513413002152756,60 to 64 years
8484,3843,0.6495242519515138,0.4852428571428571,0.513413002152756,60 to 64 years
8485,6601,0.15362149400390704,0.4852428571428571,0.513413002152756,60 to 64 years
8486,4310,0.6495242519515138,0.4852428571428571,0.513413002152756,60 to 64 years
8487,7970,0.6495242519515138,0.4852428571428571,0.513413002152756,60 to 64 years
8488,7580,0.6495242519515138,0.4852428571428571,0.513413002152756,60 to 64 years
8489,9055,0.6495242519515138,0.4852428571428571,0.513413002152756,60 to 64 years
8490,3350,0.6495242519515138,0.4852428571428571,0.513413002152756,60 to 64 years
8491,2019,0.6495242519515138,0.4852428571428571,0.513413002152756,60 to 64 years
8492,1238,0.6495242519515138,0.4852428571428571,0.513413002152756,60 to 64 years
8493,6289,0.2533559732599088,0.4852428571428571,0.513413002152756,60 to 64 years
8494,8743,0.6495242519515138,0.4852428571428571,0.513413002152756,60 to 64 years
8495,5546,0.6495242519515138,0.4852428571428571,0.513413002152756,60 to 64 years
8496,4393,0.4793463171551229,0.4852428571428571,0.513413002152756,60 to 64 years
8497,3043,0.6495242519515138,0.4852428571428571,0.513413002152756,60 to 64 years
8498,5627,0.09683829664430296,0.4852428571428571,0.513413002152756,60 to 64 years
8499,4104,0.6495242519515138,0.4852428571428571,0.513413002152756,60 to 64 years
8500,6675,-0.09468594991097391,0.4852428571428571,0.513413002152756,60 to 64 years
8501,9824,0.4311931706818559,0.4852428571428571,0.513413002152756,60 to 64 years
8502,714,0.27458997420843334,0.4852428571428571,0.513413002152756,60 to 64 years
8503,9373,0.6495242519515138,0.4852428571428571,0.513413002152756,60 to 64 years
8504,2457,0.6495242519515138,0.4852428571428571,0.513413002152756,60 to 64 years
8505,45,0.6495242519515138,0.4852428571428571,0.513413002152756,60 to 64 years
8506,365,0.6495242519515138,0.4852428571428571,0.513413002152756,60 to 64 years
8507,5769,0.6495242519515138,0.4852428571428571,0.513413002152756,60 to 64 years
8508,9383,0.6495242519515138,0.4852428571428571,0.513413002152756,60 to 64 years
8509,3703,0.6495242519515138,0.4852428571428571,0.513413002152756,60 to 64 years
8510,2629,0.6495242519515138,0.4852428571428571,0.513413002152756,60 to 64 years
8511,483,0.6495242519515138,0.4852428571428571,0.513413002152756,60 to 64 years
8512,9554,0.5676002090374287,0.4852428571428571,0.513413002152756,60 to 64 years
8513,245,0.6495242519515138,0.4852428571428571,0.513413002152756,60 to 64 years
8514,4298,0.09737961299467102,0.4852428571428571,0.513413002152756,60 to 64 years
8515,8757,0.6495242519515138,0.4852428571428571,0.513413002152756,60 to 64 years
8516,1448,0.6495242519515138,0.4852428571428571,0.513413002152756,60 to 64 years
8517,2672,0.6495242519515138,0.4852428571428571,0.513413002152756,60 to 64 years
8518,6073,0.6495242519515138,0.4852428571428571,0.513413002152756,60 to 64 years
8519,3060,0.6495242519515138,0.4852428571428571,0.513413002152756,60 to 64 years
8520,3184,0.6495242519515138,0.4852428571428571,0.513413002152756,60 to 64 years
8521,5722,0.6495242519515138,0.4852428571428571,0.513413002152756,60 to 64 years
8522,2625,0.6495242519515138,0.4852428571428571,0.513413002152756,60 to 64 years
8523,997,0.3069440509355488,0.4852428571428571,0.513413002152756,60 to 64 years
8524,8058,0.49369990232922056,0.4852428571428571,0.513413002152756,60 to 64 years
8525,4653,0.46755923762856305,0.4852428571428571,0.513413002152756,60 to 64 years
8526,9370,0.6495242519515138,0.4852428571428571,0.513413002152756,60 to 64 years
8527,4798,0.09646426417555609,0.4852428571428571,0.513413002152756,60 to 64 years
8528,637,0.13719127800430353,0.4852428571428571,0.513413002152756,60 to 64 years
8529,7127,0.2689278808648841,0.4852428571428571,0.513413002152756,60 to 64 years
8530,9059,0.6495242519515138,0.4852428571428571,0.513413002152756,60 to 64 years
8531,2488,0.6495242519515138,0.4852428571428571,0.513413002152756,60 to 64 years
8532,2869,0.11896896671345232,0.4852428571428571,0.513413002152756,60 to 64 years
8533,8055,0.6495242519515138,0.4852428571428571,0.513413002152756,60 to 64 years
8534,7304,0.6495242519515138,0.4852428571428571,0.513413002152756,60 to 64 years
8535,2296,0.42472115694593926,0.4852428571428571,0.513413002152756,60 to 64 years
8536,1572,0.6495242519515138,0.4852428571428571,0.513413002152756,60 to 64 years
8537,3013,0.6495242519515138,0.4852428571428571,0.513413002152756,60 to 64 years
8538,4117,0.6495242519515138,0.4852428571428571,0.513413002152756,60 to 64 years
8539,9196,0.6495242519515138,0.4852428571428571,0.513413002152756,60 to 64 years
8540,3207,0.6495242519515138,0.4852428571428571,0.513413002152756,60 to 64 years
8541,3686,0.4389309595899317,0.4852428571428571,0.513413002152756,60 to 64 years
8542,1267,0.6495242519515138,0.4852428571428571,0.513413002152756,60 to 64 years
8543,5657,0.3486203361661034,0.4852428571428571,0.513413002152756,60 to 64 years
8544,5222,0.10464129251047509,0.4852428571428571,0.513413002152756,60 to 64 years
8545,9558,0.6495242519515138,0.4852428571428571,0.513413002152756,60 to 64 years
8546,7883,0.6495242519515138,0.4852428571428571,0.513413002152756,60 to 64 years
8547,3357,0.6495242519515138,0.4852428571428571,0.513413002152756,60 to 64 years
8548,4416,0.6495242519515138,0.4852428571428571,0.513413002152756,60 to 64 years
8549,9086,0.6495242519515138,0.4852428571428571,0.513413002152756,60 to 64 years
8550,5912,0.36102665331728084,0.4852428571428571,0.513413002152756,60 to 64 years
8551,7259,0.6495242519515138,0.4852428571428571,0.513413002152756,60 to 64 years
8552,1907,0.6495242519515138,0.4852428571428571,0.513413002152756,60 to 64 years
8553,5673,0.6495242519515138,0.4852428571428571,0.513413002152756,60 to 64 years
8554,8759,0.6495242519515138,0.4852428571428571,0.513413002152756,60 to 64 years
8555,7073,0.6495242519515138,0.4852428571428571,0.513413002152756,60 to 64 years
8556,690,0.6495242519515138,0.4852428571428571,0.513413002152756,60 to 64 years
8557,579,0.6495242519515138,0.4852428571428571,0.513413002152756,60 to 64 years
8558,5476,0.6495242519515138,0.4852428571428571,0.513413002152756,60 to 64 years
8559,1562,0.6495242519515138,0.4852428571428571,0.513413002152756,60 to 64 years
8560,5926,0.6495242519515138,0.4852428571428571,0.513413002152756,60 to 64 years
8561,464,0.1018696696303354,0.4852428571428571,0.513413002152756,60 to 64 years
8562,4322,0.6495242519515138,0.4852428571428571,0.513413002152756,60 to 64 years
8563,7987,0.20951641931797074,0.4852428571428571,0.513413002152756,60 to 64 years
8564,1520,0.6495242519515138,0.4852428571428571,0.513413002152756,60 to 64 years
8565,74,0.14515796862164765,0.4852428571428571,0.513413002152756,60 to 64 years
8566,4544,0.6495242519515138,0.4852428571428571,0.513413002152756,60 to 64 years
8567,7953,0.6495242519515138,0.4852428571428571,0.513413002152756,60 to 64 years
8568,2212,0.6495242519515138,0.4852428571428571,0.513413002152756,60 to 64 years
8569,3954,0.6495242519515138,0.4852428571428571,0.513413002152756,60 to 64 years
8570,9801,0.6495242519515138,0.4852428571428571,0.513413002152756,60 to 64 years
8571,8749,0.6495242519515138,0.4852428571428571,0.513413002152756,60 to 64 years
8572,9294,0.6495242519515138,0.4852428571428571,0.513413002152756,60 to 64 years
8573,9169,0.6495242519515138,0.4852428571428571,0.513413002152756,60 to 64 years
8574,8428,0.31298957006887496,0.4852428571428571,0.513413002152756,60 to 64 years
8575,326,0.283425985964721,0.4852428571428571,0.513413002152756,60 to 64 years
8576,4676,0.6495242519515138,0.4852428571428571,0.513413002152756,60 to 64 years
8577,9421,0.6495242519515138,0.4852428571428571,0.513413002152756,60 to 64 years
8578,3442,0.6495242519515138,0.4852428571428571,0.513413002152756,60 to 64 years
8579,3062,0.6495242519515138,0.4852428571428571,0.513413002152756,60 to 64 years
8580,1010,0.35780961559414215,0.4852428571428571,0.513413002152756,60 to 64 years
8581,1666,0.6495242519515138,0.4852428571428571,0.513413002152756,60 to 64 years
8582,3955,0.11337600717663024,0.4852428571428571,0.513413002152756,60 to 64 years
8583,9320,0.6495242519515138,0.4852428571428571,0.513413002152756,60 to 64 years
8584,9127,0.6495242519515138,0.4852428571428571,0.513413002152756,60 to 64 years
8585,6494,0.19977141487475153,0.4852428571428571,0.513413002152756,60 to 64 years
8586,774,0.5785022597846632,0.4852428571428571,0.513413002152756,60 to 64 years
8587,3371,0.24314412462945253,0.4852428571428571,0.513413002152756,60 to 64 years
8588,2468,0.6495242519515138,0.4852428571428571,0.513413002152756,60 to 64 years
8589,4065,0.6495242519515138,0.4852428571428571,0.513413002152756,60 to 64 years
8590,2180,0.6495242519515138,0.4852428571428571,0.513413002152756,60 to 64 years
8591,9107,0.6495242519515138,0.4852428571428571,0.513413002152756,60 to 64 years
8592,9328,0.6495242519515138,0.4852428571428571,0.513413002152756,60 to 64 years
8593,1079,0.20856577135225254,0.4852428571428571,0.513413002152756,60 to 64 years
8594,9268,0.6495242519515138,0.4852428571428571,0.513413002152756,60 to 64 years
8595,5646,0.18192354670987412,0.4852428571428571,0.513413002152756,60 to 64 years
8596,8336,0.6495242519515138,0.4852428571428571,0.513413002152756,60 to 64 years
8597,8213,0.6495242519515138,0.4852428571428571,0.513413002152756,60 to 64 years
8598,6852,0.6495242519515138,0.4852428571428571,0.513413002152756,60 to 64 years
8599,8902,0.6495242519515138,0.4852428571428571,0.513413002152756,60 to 64 years
8600,2501,-0.2422009975946105,0.4852428571428571,0.513413002152756,60 to 64 years
8601,4252,0.6495242519515138,0.4852428571428571,0.513413002152756,60 to 64 years
8602,6346,0.6114335217992832,0.4852428571428571,0.513413002152756,60 to 64 years
8603,8634,0.30315472328317716,0.4852428571428571,0.513413002152756,60 to 64 years
8604,4553,0.2807131186656383,0.4852428571428571,0.513413002152756,60 to 64 years
8605,7031,0.6495242519515138,0.4852428571428571,0.513413002152756,60 to 64 years
8606,3382,0.5521488206811258,0.4852428571428571,0.513413002152756,60 to 64 years
8607,106,0.6495242519515138,0.4852428571428571,0.513413002152756,60 to 64 years
8608,6670,0.34403379182150323,0.4852428571428571,0.513413002152756,60 to 64 years
8609,8407,0.6495242519515138,0.4852428571428571,0.513413002152756,60 to 64 years
8610,2312,0.0,0.4852428571428571,0.513413002152756,60 to 64 years
8611,4497,0.172061228920949,0.4852428571428571,0.513413002152756,60 to 64 years
8612,7069,0.2017545019485623,0.4852428571428571,0.513413002152756,60 to 64 years
8613,7759,0.23707719134175556,0.4852428571428571,0.513413002152756,60 to 64 years
8614,1112,0.6495242519515138,0.4852428571428571,0.513413002152756,60 to 64 years
8615,9458,0.6495242519515138,0.4852428571428571,0.513413002152756,60 to 64 years
8616,8395,0.6495242519515138,0.4852428571428571,0.513413002152756,60 to 64 years
8617,4742,0.3375959732383007,0.4852428571428571,0.513413002152756,60 to 64 years
8618,8730,0.6495242519515138,0.4852428571428571,0.513413002152756,60 to 64 years
8619,2928,0.6495242519515138,0.4852428571428571,0.513413002152756,60 to 64 years
8620,1573,0.11947849973219936,0.4852428571428571,0.513413002152756,60 to 64 years
8621,6898,0.6125542386414047,0.4852428571428571,0.513413002152756,60 to 64 years
8622,814,0.6495242519515138,0.4852428571428571,0.513413002152756,60 to 64 years
8623,515,0.6495242519515138,0.4852428571428571,0.513413002152756,60 to 64 years
8624,5417,0.6495242519515138,0.4852428571428571,0.513413002152756,60 to 64 years
8625,6278,0.6495242519515138,0.4852428571428571,0.513413002152756,60 to 64 years
8626,5006,0.6495242519515138,0.4852428571428571,0.513413002152756,60 to 64 years
8627,504,0.6495242519515138,0.4852428571428571,0.513413002152756,60 to 64 years
8628,3860,0.6495242519515138,0.4852428571428571,0.513413002152756,60 to 64 years
8629,6300,0.6495242519515138,0.4852428571428571,0.513413002152756,60 to 64 years
8630,4371,0.6495242519515138,0.4852428571428571,0.513413002152756,60 to 64 years
8631,3300,0.6495242519515138,0.4852428571428571,0.513413002152756,60 to 64 years
8632,8885,0.6495242519515138,0.4852428571428571,0.513413002152756,60 to 64 years
8633,9305,0.6495242519515138,0.4852428571428571,0.513413002152756,60 to 64 years
8634,9659,0.2408722748721652,0.4852428571428571,0.513413002152756,60 to 64 years
8635,5674,0.14922618729294812,0.4852428571428571,0.513413002152756,60 to 64 years
8636,288,0.6495242519515138,0.4852428571428571,0.513413002152756,60 to 64 years
8637,3057,0.6495242519515138,0.4852428571428571,0.513413002152756,60 to 64 years
8638,8269,0.10760908042811512,0.4852428571428571,0.513413002152756,60 to 64 years
8639,3661,0.6495242519515138,0.4852428571428571,0.513413002152756,60 to 64 years
8640,8246,0.6495242519515138,0.4852428571428571,0.513413002152756,60 to 64 years
8641,6010,0.6495242519515138,0.4852428571428571,0.513413002152756,60 to 64 years
8642,5846,0.17613453613277702,0.4852428571428571,0.513413002152756,60 to 64 years
8643,6242,0.30546916198548363,0.4852428571428571,0.513413002152756,60 to 64 years
8644,2994,0.36377589262043447,0.4852428571428571,0.513413002152756,60 to 64 years
8645,4871,-0.02250154087954033,0.4852428571428571,0.513413002152756,60 to 64 years
8646,7291,0.6495242519515138,0.4852428571428571,0.513413002152756,60 to 64 years
8647,1914,0.6495242519515138,0.4852428571428571,0.513413002152756,60 to 64 years
8648,1399,0.6495242519515138,0.4852428571428571,0.513413002152756,60 to 64 years
8649,4737,0.6495242519515138,0.4852428571428571,0.513413002152756,60 to 64 years
8650,233,0.6495242519515138,0.4852428571428571,0.513413002152756,60 to 64 years
8651,4559,0.6495242519515138,0.4852428571428571,0.513413002152756,60 to 64 years
8652,659,-0.10326488756623733,0.4852428571428571,0.513413002152756,60 to 64 years
8653,8208,0.4000278884460461,0.4852428571428571,0.513413002152756,60 to 64 years
8654,7337,0.6495242519515138,0.4852428571428571,0.513413002152756,60 to 64 years
8655,6492,0.08761114736084741,0.4852428571428571,0.513413002152756,60 to 64 years
8656,5309,0.6495242519515138,0.4852428571428571,0.513413002152756,60 to 64 years
8657,5699,0.6495242519515138,0.4852428571428571,0.513413002152756,60 to 64 years
8658,5323,0.6495242519515138,0.4852428571428571,0.513413002152756,60 to 64 years
8659,3941,0.6495242519515138,0.4852428571428571,0.513413002152756,60 to 64 years
8660,8563,0.1309354020190863,0.4852428571428571,0.513413002152756,60 to 64 years
8661,3943,0.6495242519515138,0.4852428571428571,0.513413002152756,60 to 64 years
8662,902,0.17997205461137325,0.4852428571428571,0.513413002152756,60 to 64 years
8663,2183,0.6495242519515138,0.4852428571428571,0.513413002152756,60 to 64 years
8664,1511,0.6495242519515138,0.4852428571428571,0.513413002152756,60 to 64 years
8665,2823,0.6495242519515138,0.4852428571428571,0.513413002152756,60 to 64 years
8666,7356,0.6495242519515138,0.4852428571428571,0.513413002152756,60 to 64 years
8667,7253,0.6495242519515138,0.4852428571428571,0.513413002152756,60 to 64 years
8668,5464,0.6495242519515138,0.4852428571428571,0.513413002152756,60 to 64 years
8669,8517,0.02963664726598372,0.4852428571428571,0.513413002152756,60 to 64 years
8670,2738,0.6495242519515138,0.4852428571428571,0.513413002152756,60 to 64 years
8671,246,0.6495242519515138,0.4852428571428571,0.513413002152756,60 to 64 years
8672,4052,0.6495242519515138,0.4852428571428571,0.513413002152756,60 to 64 years
8673,2302,0.6495242519515138,0.4852428571428571,0.513413002152756,60 to 64 years
8674,9197,0.6495242519515138,0.4852428571428571,0.513413002152756,60 to 64 years
8675,8619,0.6495242519515138,0.4852428571428571,0.513413002152756,60 to 64 years
8676,6556,0.6495242519515138,0.4852428571428571,0.513413002152756,60 to 64 years
8677,2242,0.6495242519515138,0.4852428571428571,0.513413002152756,60 to 64 years
8678,2405,0.0,0.4852428571428571,0.513413002152756,60 to 64 years
8679,5520,0.6495242519515138,0.4852428571428571,0.513413002152756,60 to 64 years
8680,6223,0.6495242519515138,0.4852428571428571,0.513413002152756,60 to 64 years
8681,9609,0.6495242519515138,0.4852428571428571,0.513413002152756,60 to 64 years
8682,1120,0.6495242519515138,0.4852428571428571,0.513413002152756,60 to 64 years
8683,345,0.6495242519515138,0.4852428571428571,0.513413002152756,60 to 64 years
8684,7940,0.6495242519515138,0.4852428571428571,0.513413002152756,60 to 64 years
8685,9654,0.2335629141680096,0.4852428571428571,0.513413002152756,60 to 64 years
8686,1350,0.28262449037608794,0.4852428571428571,0.513413002152756,60 to 64 years
8687,2668,0.6495242519515138,0.4852428571428571,0.513413002152756,60 to 64 years
8688,9535,0.6495242519515138,0.4852428571428571,0.513413002152756,60 to 64 years
8689,1533,0.6495242519515138,0.4852428571428571,0.513413002152756,60 to 64 years
8690,4033,0.6495242519515138,0.4852428571428571,0.513413002152756,60 to 64 years
8691,7081,0.6495242519515138,0.4852428571428571,0.513413002152756,60 to 64 years
8692,8953,0.11349942961202597,0.4852428571428571,0.513413002152756,60 to 64 years
8693,8357,0.6495242519515138,0.4852428571428571,0.513413002152756,60 to 64 years
8694,1274,0.6495242519515138,0.4852428571428571,0.513413002152756,60 to 64 years
8695,2986,0.6495242519515138,0.4852428571428571,0.513413002152756,60 to 64 years
8696,7808,0.6495242519515138,0.4852428571428571,0.513413002152756,60 to 64 years
8697,1345,0.6495242519515138,0.4852428571428571,0.513413002152756,60 to 64 years
8698,4138,0.6495242519515138,0.4852428571428571,0.513413002152756,60 to 64 years
8699,5579,0.6495242519515138,0.4852428571428571,0.513413002152756,60 to 64 years
8700,1800,0.6495242519515138,0.4852428571428571,0.513413002152756,60 to 64 years
8701,5788,0.6495242519515138,0.4852428571428571,0.513413002152756,60 to 64 years
8702,1100,0.22262827513366393,0.4852428571428571,0.513413002152756,60 to 64 years
8703,4316,0.6495242519515138,0.4852428571428571,0.513413002152756,60 to 64 years
8704,857,0.08934036412308774,0.4852428571428571,0.513413002152756,60 to 64 years
8705,8212,0.6495242519515138,0.4852428571428571,0.513413002152756,60 to 64 years
8706,1021,0.6495242519515138,0.4852428571428571,0.513413002152756,60 to 64 years
8707,5074,0.11240913576350486,0.4852428571428571,0.513413002152756,60 to 64 years
8708,8596,0.20247810075191627,0.4852428571428571,0.513413002152756,60 to 64 years
8709,7098,0.6495242519515138,0.4852428571428571,0.513413002152756,60 to 64 years
8710,4047,0.23023722175925568,0.4852428571428571,0.513413002152756,60 to 64 years
8711,7927,0.2518081589611419,0.4852428571428571,0.513413002152756,60 to 64 years
8712,1619,0.6495242519515138,0.4852428571428571,0.513413002152756,60 to 64 years
8713,8306,0.6495242519515138,0.4852428571428571,0.513413002152756,60 to 64 years
8714,2075,0.22236036085142505,0.4852428571428571,0.513413002152756,60 to 64 years
8715,8240,0.6495242519515138,0.4852428571428571,0.513413002152756,60 to 64 years
8716,8701,-0.055827178321230686,0.4852428571428571,0.513413002152756,60 to 64 years
8717,2399,0.5707206513546919,0.4852428571428571,0.513413002152756,60 to 64 years
8718,1287,0.6495242519515138,0.4852428571428571,0.513413002152756,60 to 64 years
8719,40,0.6495242519515138,0.4852428571428571,0.513413002152756,60 to 64 years
8720,6385,0.6495242519515138,0.4852428571428571,0.513413002152756,60 to 64 years
8721,2351,0.6495242519515138,0.4852428571428571,0.513413002152756,60 to 64 years
8722,7955,0.31448274079144956,0.4852428571428571,0.513413002152756,60 to 64 years
8723,3683,0.6495242519515138,0.4852428571428571,0.513413002152756,60 to 64 years
8724,4455,0.6495242519515138,0.4852428571428571,0.513413002152756,60 to 64 years
8725,5753,0.6495242519515138,0.4852428571428571,0.513413002152756,60 to 64 years
8726,6720,0.6495242519515138,0.4852428571428571,0.513413002152756,60 to 64 years
8727,9099,0.6495242519515138,0.4852428571428571,0.513413002152756,60 to 64 years
8728,551,0.6495242519515138,0.4852428571428571,0.513413002152756,60 to 64 years
8729,1472,0.6495242519515138,0.4852428571428571,0.513413002152756,60 to 64 years
8730,5288,0.21990689642539304,0.4852428571428571,0.513413002152756,60 to 64 years
8731,6660,0.2551815547815287,0.4852428571428571,0.513413002152756,60 to 64 years
8732,8614,0.6495242519515138,0.4852428571428571,0.513413002152756,60 to 64 years
8733,6708,0.3947201742968143,0.4852428571428571,0.513413002152756,60 to 64 years
8734,5320,0.6495242519515138,0.4852428571428571,0.513413002152756,60 to 64 years
8735,9761,0.6495242519515138,0.4852428571428571,0.513413002152756,60 to 64 years
8736,1607,0.6495242519515138,0.4852428571428571,0.513413002152756,60 to 64 years
8737,2434,0.6495242519515138,0.4852428571428571,0.513413002152756,60 to 64 years
8738,6678,0.6495242519515138,0.4852428571428571,0.513413002152756,60 to 64 years
8739,9788,0.6495242519515138,0.4852428571428571,0.513413002152756,60 to 64 years
8740,6880,0.6495242519515138,0.4852428571428571,0.513413002152756,60 to 64 years
8741,7010,0.3273508359491199,0.4852428571428571,0.513413002152756,60 to 64 years
8742,6114,0.6495242519515138,0.4852428571428571,0.513413002152756,60 to 64 years
8743,1487,0.4081590173259863,0.4852428571428571,0.513413002152756,60 to 64 years
8744,5669,0.3136343691868824,0.4852428571428571,0.513413002152756,60 to 64 years
8745,6597,0.6495242519515138,0.4852428571428571,0.513413002152756,60 to 64 years
8746,3898,0.22909868010033133,0.4852428571428571,0.513413002152756,60 to 64 years
8747,9898,0.6495242519515138,0.4852428571428571,0.513413002152756,60 to 64 years
8748,1678,0.16817463035200295,0.4852428571428571,0.513413002152756,60 to 64 years
8749,5238,0.14360141697307827,0.4852428571428571,0.513413002152756,60 to 64 years
8750,5752,0.302151301228636,0.4852428571428571,0.513413002152756,60 to 64 years
8751,1618,0.6495242519515138,0.4852428571428571,0.513413002152756,60 to 64 years
8752,5582,0.29604893328832543,0.4852428571428571,0.513413002152756,60 to 64 years
8753,6043,0.6495242519515138,0.4852428571428571,0.513413002152756,60 to 64 years
8754,6364,0.6495242519515138,0.4852428571428571,0.513413002152756,60 to 64 years
8755,8822,0.6495242519515138,0.4852428571428571,0.513413002152756,60 to 64 years
8756,5111,0.16165875386656695,0.4852428571428571,0.513413002152756,60 to 64 years
8757,29,0.6495242519515138,0.4852428571428571,0.513413002152756,60 to 64 years
8758,4624,0.6495242519515138,0.4852428571428571,0.513413002152756,60 to 64 years
8759,7170,0.6495242519515138,0.4852428571428571,0.513413002152756,60 to 64 years
8760,4048,0.6495242519515138,0.4852428571428571,0.513413002152756,60 to 64 years
8761,7648,0.11989047991992823,0.4852428571428571,0.513413002152756,60 to 64 years
8762,2774,0.6495242519515138,0.4852428571428571,0.513413002152756,60 to 64 years
8763,7572,0.6495242519515138,0.4852428571428571,0.513413002152756,60 to 64 years
8764,5375,0.6495242519515138,0.4852428571428571,0.513413002152756,60 to 64 years
8765,8148,0.6495242519515138,0.4852428571428571,0.513413002152756,60 to 64 years
8766,5553,0.6495242519515138,0.4852428571428571,0.513413002152756,60 to 64 years
8767,1510,0.24531477989529346,0.4852428571428571,0.513413002152756,60 to 64 years
8768,1340,0.6495242519515138,0.4852428571428571,0.513413002152756,60 to 64 years
8769,5122,0.3031471094282687,0.4852428571428571,0.513413002152756,60 to 64 years
8770,1934,0.6495242519515138,0.4852428571428571,0.513413002152756,60 to 64 years
8771,8127,0.6495242519515138,0.4852428571428571,0.513413002152756,60 to 64 years
8772,9582,0.6495242519515138,0.4852428571428571,0.513413002152756,60 to 64 years
8773,6987,0.6495242519515138,0.4852428571428571,0.513413002152756,60 to 64 years
8774,8718,0.6495242519515138,0.4852428571428571,0.513413002152756,60 to 64 years
8775,984,0.20390444217211687,0.4852428571428571,0.513413002152756,60 to 64 years
8776,8845,0.6495242519515138,0.4852428571428571,0.513413002152756,60 to 64 years
8777,5555,0.5872032646118397,0.4852428571428571,0.513413002152756,60 to 64 years
8778,4602,0.6495242519515138,0.4852428571428571,0.513413002152756,60 to 64 years
8779,8633,0.6495242519515138,0.4852428571428571,0.513413002152756,60 to 64 years
8780,9039,0.6495242519515138,0.4852428571428571,0.513413002152756,60 to 64 years
8781,8940,0.6495242519515138,0.4852428571428571,0.513413002152756,60 to 64 years
8782,4590,0.5482980084644615,0.4852428571428571,0.513413002152756,60 to 64 years
8783,7921,0.6495242519515138,0.4852428571428571,0.513413002152756,60 to 64 years
8784,4294,0.6495242519515138,0.4852428571428571,0.513413002152756,60 to 64 years
8785,2266,0.6495242519515138,0.4852428571428571,0.513413002152756,60 to 64 years
8786,158,0.6495242519515138,0.4852428571428571,0.513413002152756,60 to 64 years
8787,5377,0.6495242519515138,0.4852428571428571,0.513413002152756,60 to 64 years
8788,8739,0.6495242519515138,0.4852428571428571,0.513413002152756,60 to 64 years
8789,4695,0.6495242519515138,0.4852428571428571,0.513413002152756,60 to 64 years
8790,607,0.6495242519515138,0.4852428571428571,0.513413002152756,60 to 64 years
8791,4086,0.04007002144983481,0.4852428571428571,0.513413002152756,60 to 64 years
8792,4387,0.6495242519515138,0.4852428571428571,0.513413002152756,60 to 64 years
8793,1108,0.6495242519515138,0.4852428571428571,0.513413002152756,60 to 64 years
8794,2283,0.29169546922932044,0.4852428571428571,0.513413002152756,60 to 64 years
8795,7366,0.6495242519515138,0.4852428571428571,0.513413002152756,60 to 64 years
8796,9150,0.6495242519515138,0.4852428571428571,0.513413002152756,60 to 64 years
8797,2328,0.21543674273499971,0.4852428571428571,0.513413002152756,60 to 64 years
8798,9762,0.6495242519515138,0.4852428571428571,0.513413002152756,60 to 64 years
8799,6561,0.6495242519515138,0.4852428571428571,0.513413002152756,60 to 64 years
8800,8774,0.6495242519515138,0.4852428571428571,0.513413002152756,60 to 64 years
8801,6495,0.6495242519515138,0.4852428571428571,0.513413002152756,60 to 64 years
8802,6141,0.22935663441310403,0.4852428571428571,0.513413002152756,60 to 64 years
8803,8700,0.6495242519515138,0.4852428571428571,0.513413002152756,60 to 64 years
8804,5680,0.6495242519515138,0.4852428571428571,0.513413002152756,60 to 64 years
8805,9081,0.3693108254260452,0.4852428571428571,0.513413002152756,60 to 64 years
8806,3532,0.5422278894281328,0.4852428571428571,0.513413002152756,60 to 64 years
8807,6640,0.6495242519515138,0.4852428571428571,0.513413002152756,60 to 64 years
8808,1994,0.6495242519515138,0.4852428571428571,0.513413002152756,60 to 64 years
8809,5789,0.6495242519515138,0.4852428571428571,0.513413002152756,60 to 64 years
8810,5373,0.6495242519515138,0.4852428571428571,0.513413002152756,60 to 64 years
8811,6919,0.22756290395612433,0.4852428571428571,0.513413002152756,60 to 64 years
8812,5018,0.6495242519515138,0.4852428571428571,0.513413002152756,60 to 64 years
8813,8033,0.6495242519515138,0.4852428571428571,0.513413002152756,60 to 64 years
8814,2743,0.6495242519515138,0.4852428571428571,0.513413002152756,60 to 64 years
8815,7961,0.6495242519515138,0.4852428571428571,0.513413002152756,60 to 64 years
8816,7440,0.6495242519515138,0.4852428571428571,0.513413002152756,60 to 64 years
8817,944,0.6495242519515138,0.4852428571428571,0.513413002152756,60 to 64 years
8818,609,0.6495242519515138,0.4852428571428571,0.513413002152756,60 to 64 years
8819,991,0.615801456962282,0.4852428571428571,0.513413002152756,60 to 64 years
8820,8965,0.6495242519515138,0.4852428571428571,0.513413002152756,60 to 64 years
8821,4452,0.6495242519515138,0.4852428571428571,0.513413002152756,60 to 64 years
8822,9510,0.320085635963047,0.4852428571428571,0.513413002152756,60 to 64 years
8823,3499,0.6495242519515138,0.4852428571428571,0.513413002152756,60 to 64 years
8824,2691,0.260319926804575,0.4852428571428571,0.513413002152756,60 to 64 years
8825,8811,0.6495242519515138,0.4852428571428571,0.513413002152756,60 to 64 years
8826,6270,0.6495242519515138,0.4852428571428571,0.513413002152756,60 to 64 years
8827,9677,0.6495242519515138,0.4852428571428571,0.513413002152756,60 to 64 years
8828,7539,0.6495242519515138,0.4852428571428571,0.513413002152756,60 to 64 years
8829,7784,0.6495242519515138,0.4852428571428571,0.513413002152756,60 to 64 years
8830,6810,0.6495242519515138,0.4852428571428571,0.513413002152756,60 to 64 years
8831,5968,0.4951848307526102,0.4852428571428571,0.513413002152756,60 to 64 years
8832,1651,-0.0010424545032860326,0.4852428571428571,0.513413002152756,60 to 64 years
8833,600,0.6495242519515138,0.4852428571428571,0.513413002152756,60 to 64 years
8834,7509,0.6495242519515138,0.4852428571428571,0.513413002152756,60 to 64 years
8835,3410,0.6495242519515138,0.4852428571428571,0.513413002152756,60 to 64 years
8836,3061,0.6495242519515138,0.4852428571428571,0.513413002152756,60 to 64 years
8837,7125,0.6495242519515138,0.4852428571428571,0.513413002152756,60 to 64 years
8838,7075,0.18084526341242949,0.4852428571428571,0.513413002152756,60 to 64 years
8839,4946,0.4013991147422903,0.4852428571428571,0.513413002152756,60 to 64 years
8840,5407,0.6495242519515138,0.4852428571428571,0.513413002152756,60 to 64 years
8841,65,0.28299519760526004,0.4852428571428571,0.513413002152756,60 to 64 years
8842,7294,0.6495242519515138,0.4852428571428571,0.513413002152756,60 to 64 years
8843,5446,0.6495242519515138,0.4852428571428571,0.513413002152756,60 to 64 years
8844,2820,0.38392647366851235,0.4852428571428571,0.513413002152756,60 to 64 years
8845,3430,0.6495242519515138,0.4852428571428571,0.513413002152756,60 to 64 years
8846,2500,0.6495242519515138,0.4852428571428571,0.513413002152756,60 to 64 years
8847,6539,0.6495242519515138,0.4852428571428571,0.513413002152756,60 to 64 years
8848,2233,0.11664334897460411,0.4852428571428571,0.513413002152756,60 to 64 years
8849,8305,0.6495242519515138,0.4852428571428571,0.513413002152756,60 to 64 years
8850,289,0.22745785985037428,0.4852428571428571,0.513413002152756,60 to 64 years
8851,7950,0.6495242519515138,0.4852428571428571,0.513413002152756,60 to 64 years
8852,6174,0.6495242519515138,0.4852428571428571,0.513413002152756,60 to 64 years
8853,4823,0.6495242519515138,0.4852428571428571,0.513413002152756,60 to 64 years
8854,893,0.6495242519515138,0.4852428571428571,0.513413002152756,60 to 64 years
8855,4239,0.3405109450520989,0.4852428571428571,0.513413002152756,60 to 64 years
8856,3645,0.6495242519515138,0.4852428571428571,0.513413002152756,60 to 64 years
8857,2620,0.05980969216131179,0.4852428571428571,0.513413002152756,60 to 64 years
8858,8225,0.6495242519515138,0.4852428571428571,0.513413002152756,60 to 64 years
8859,3626,-0.13698794984479618,0.4852428571428571,0.513413002152756,60 to 64 years
8860,5810,0.22588997072882824,0.4852428571428571,0.513413002152756,60 to 64 years
8861,9496,0.6495242519515138,0.4852428571428571,0.513413002152756,60 to 64 years
8862,1385,0.6495242519515138,0.4852428571428571,0.513413002152756,60 to 64 years
8863,2123,0.6495242519515138,0.4852428571428571,0.513413002152756,60 to 64 years
8864,3194,0.6495242519515138,0.4852428571428571,0.513413002152756,60 to 64 years
8865,5118,0.6495242519515138,0.4852428571428571,0.513413002152756,60 to 64 years
8866,8970,0.6495242519515138,0.4852428571428571,0.513413002152756,60 to 64 years
8867,1282,-0.15600971320311566,0.4852428571428571,0.513413002152756,60 to 64 years
8868,3428,0.0867139772095668,0.4852428571428571,0.513413002152756,60 to 64 years
8869,5966,0.6495242519515138,0.4852428571428571,0.513413002152756,60 to 64 years
8870,6237,0.6495242519515138,0.4852428571428571,0.513413002152756,60 to 64 years
8871,5665,0.19980467532926735,0.4852428571428571,0.513413002152756,60 to 64 years
8872,5724,0.1923663031711494,0.4852428571428571,0.513413002152756,60 to 64 years
8873,1993,0.6495242519515138,0.4852428571428571,0.513413002152756,60 to 64 years
8874,305,0.5102186664737315,0.4852428571428571,0.513413002152756,60 to 64 years
8875,3953,0.6495242519515138,0.4852428571428571,0.513413002152756,60 to 64 years
8876,8878,0.358262479781149,0.4852428571428571,0.513413002152756,60 to 64 years
8877,9413,-0.11972829500708021,0.4852428571428571,0.513413002152756,60 to 64 years
8878,2954,0.6495242519515138,0.4852428571428571,0.513413002152756,60 to 64 years
8879,1736,0.6495242519515138,0.4852428571428571,0.513413002152756,60 to 64 years
8880,6672,0.018044622173812818,0.4852428571428571,0.513413002152756,60 to 64 years
8881,3251,0.6495242519515138,0.4852428571428571,0.513413002152756,60 to 64 years
8882,9705,0.6495242519515138,0.4852428571428571,0.513413002152756,60 to 64 years
8883,8162,0.6495242519515138,0.4852428571428571,0.513413002152756,60 to 64 years
8884,8738,0.6495242519515138,0.4852428571428571,0.513413002152756,60 to 64 years
8885,9837,0.3284861202598775,0.4852428571428571,0.513413002152756,60 to 64 years
8886,5983,0.6495242519515138,0.4852428571428571,0.513413002152756,60 to 64 years
8887,6637,0.6495242519515138,0.4852428571428571,0.513413002152756,60 to 64 years
8888,5938,0.6495242519515138,0.4852428571428571,0.513413002152756,60 to 64 years
8889,7246,0.6495242519515138,0.4852428571428571,0.513413002152756,60 to 64 years
8890,831,0.6495242519515138,0.4852428571428571,0.513413002152756,60 to 64 years
8891,8862,0.6495242519515138,0.4852428571428571,0.513413002152756,60 to 64 years
8892,4433,0.5916827413765398,0.4852428571428571,0.513413002152756,60 to 64 years
8893,1937,0.3756141649320006,0.4852428571428571,0.513413002152756,60 to 64 years
8894,9027,0.0979695864592118,0.4852428571428571,0.513413002152756,60 to 64 years
8895,1976,0.6495242519515138,0.4852428571428571,0.513413002152756,60 to 64 years
8896,3123,0.6495242519515138,0.4852428571428571,0.513413002152756,60 to 64 years
8897,6897,-0.01490415479955521,0.4852428571428571,0.513413002152756,60 to 64 years
8898,7441,0.6495242519515138,0.4852428571428571,0.513413002152756,60 to 64 years
8899,4800,0.6495242519515138,0.4852428571428571,0.513413002152756,60 to 64 years
8900,1411,0.20630232701573417,0.4852428571428571,0.513413002152756,60 to 64 years
8901,1652,0.6265239719952393,0.4852428571428571,0.513413002152756,65 to 69 years
8902,7100,0.6265239719952393,0.4852428571428571,0.513413002152756,65 to 69 years
8903,6798,0.6265239719952393,0.4852428571428571,0.513413002152756,65 to 69 years
8904,3851,0.6265239719952393,0.4852428571428571,0.513413002152756,65 to 69 years
8905,8206,0.6265239719952393,0.4852428571428571,0.513413002152756,65 to 69 years
8906,2869,-0.17443324509846078,0.4852428571428571,0.513413002152756,65 to 69 years
8907,3342,0.6265239719952393,0.4852428571428571,0.513413002152756,65 to 69 years
8908,9544,-0.04328142764331331,0.4852428571428571,0.513413002152756,65 to 69 years
8909,3621,0.20091282943988856,0.4852428571428571,0.513413002152756,65 to 69 years
8910,5048,0.020390656138442424,0.4852428571428571,0.513413002152756,65 to 69 years
8911,4449,0.6265239719952393,0.4852428571428571,0.513413002152756,65 to 69 years
8912,6203,0.0738539233676829,0.4852428571428571,0.513413002152756,65 to 69 years
8913,9560,0.10082316521380977,0.4852428571428571,0.513413002152756,65 to 69 years
8914,6147,0.6265239719952393,0.4852428571428571,0.513413002152756,65 to 69 years
8915,5472,0.6265239719952393,0.4852428571428571,0.513413002152756,65 to 69 years
8916,7570,0.6265239719952393,0.4852428571428571,0.513413002152756,65 to 69 years
8917,2268,0.6265239719952393,0.4852428571428571,0.513413002152756,65 to 69 years
8918,3595,0.33227829313961754,0.4852428571428571,0.513413002152756,65 to 69 years
8919,8819,0.6265239719952393,0.4852428571428571,0.513413002152756,65 to 69 years
8920,4730,0.6265239719952393,0.4852428571428571,0.513413002152756,65 to 69 years
8921,1619,0.6265239719952393,0.4852428571428571,0.513413002152756,65 to 69 years
8922,8967,0.6265239719952393,0.4852428571428571,0.513413002152756,65 to 69 years
8923,1121,0.09431240521445168,0.4852428571428571,0.513413002152756,65 to 69 years
8924,742,0.6265239719952393,0.4852428571428571,0.513413002152756,65 to 69 years
8925,1441,0.6265239719952393,0.4852428571428571,0.513413002152756,65 to 69 years
8926,2523,0.24248010652774918,0.4852428571428571,0.513413002152756,65 to 69 years
8927,3026,0.4032419993862743,0.4852428571428571,0.513413002152756,65 to 69 years
8928,5702,-0.0016387714571407912,0.4852428571428571,0.513413002152756,65 to 69 years
8929,3886,-0.19054222323678377,0.4852428571428571,0.513413002152756,65 to 69 years
8930,4144,0.19323033427649394,0.4852428571428571,0.513413002152756,65 to 69 years
8931,624,0.6265239719952393,0.4852428571428571,0.513413002152756,65 to 69 years
8932,4539,0.6265239719952393,0.4852428571428571,0.513413002152756,65 to 69 years
8933,7359,0.6265239719952393,0.4852428571428571,0.513413002152756,65 to 69 years
8934,706,0.6265239719952393,0.4852428571428571,0.513413002152756,65 to 69 years
8935,9576,0.3611889820300755,0.4852428571428571,0.513413002152756,65 to 69 years
8936,5734,0.6265239719952393,0.4852428571428571,0.513413002152756,65 to 69 years
8937,4837,0.07497250699781169,0.4852428571428571,0.513413002152756,65 to 69 years
8938,5703,0.18116158007688726,0.4852428571428571,0.513413002152756,65 to 69 years
8939,6323,0.6265239719952393,0.4852428571428571,0.513413002152756,65 to 69 years
8940,8404,0.1517680160838317,0.4852428571428571,0.513413002152756,65 to 69 years
8941,8547,0.6265239719952393,0.4852428571428571,0.513413002152756,65 to 69 years
8942,9367,0.6265239719952393,0.4852428571428571,0.513413002152756,65 to 69 years
8943,1467,0.31573297754976426,0.4852428571428571,0.513413002152756,65 to 69 years
8944,782,0.6265239719952393,0.4852428571428571,0.513413002152756,65 to 69 years
8945,924,0.6265239719952393,0.4852428571428571,0.513413002152756,65 to 69 years
8946,4851,-0.18021895108997216,0.4852428571428571,0.513413002152756,65 to 69 years
8947,5051,0.13886813584074928,0.4852428571428571,0.513413002152756,65 to 69 years
8948,509,0.19976263064051056,0.4852428571428571,0.513413002152756,65 to 69 years
8949,5150,0.6265239719952393,0.4852428571428571,0.513413002152756,65 to 69 years
8950,5493,0.6265239719952393,0.4852428571428571,0.513413002152756,65 to 69 years
8951,852,0.6265239719952393,0.4852428571428571,0.513413002152756,65 to 69 years
8952,1879,0.6265239719952393,0.4852428571428571,0.513413002152756,65 to 69 years
8953,5735,0.6265239719952393,0.4852428571428571,0.513413002152756,65 to 69 years
8954,8052,0.6265239719952393,0.4852428571428571,0.513413002152756,65 to 69 years
8955,1322,0.3218618038853328,0.4852428571428571,0.513413002152756,65 to 69 years
8956,7953,0.6265239719952393,0.4852428571428571,0.513413002152756,65 to 69 years
8957,3401,0.6265239719952393,0.4852428571428571,0.513413002152756,65 to 69 years
8958,4160,0.528839124464768,0.4852428571428571,0.513413002152756,65 to 69 years
8959,65,0.25999491764898547,0.4852428571428571,0.513413002152756,65 to 69 years
8960,8720,0.6265239719952393,0.4852428571428571,0.513413002152756,65 to 69 years
8961,7417,0.06727995361151132,0.4852428571428571,0.513413002152756,65 to 69 years
8962,9521,0.33575473668996864,0.4852428571428571,0.513413002152756,65 to 69 years
8963,8568,-0.17374618106136855,0.4852428571428571,0.513413002152756,65 to 69 years
8964,3686,-0.1363108925053492,0.4852428571428571,0.513413002152756,65 to 69 years
8965,4150,0.6265239719952393,0.4852428571428571,0.513413002152756,65 to 69 years
8966,2770,0.3249525396370605,0.4852428571428571,0.513413002152756,65 to 69 years
8967,1731,0.49579647185937853,0.4852428571428571,0.513413002152756,65 to 69 years
8968,4865,0.6265239719952393,0.4852428571428571,0.513413002152756,65 to 69 years
8969,4821,0.6265239719952393,0.4852428571428571,0.513413002152756,65 to 69 years
8970,1565,0.6265239719952393,0.4852428571428571,0.513413002152756,65 to 69 years
8971,103,0.6265239719952393,0.4852428571428571,0.513413002152756,65 to 69 years
8972,6881,0.6265239719952393,0.4852428571428571,0.513413002152756,65 to 69 years
8973,5248,0.6265239719952393,0.4852428571428571,0.513413002152756,65 to 69 years
8974,9302,0.6265239719952393,0.4852428571428571,0.513413002152756,65 to 69 years
8975,5115,0.09061428728696387,0.4852428571428571,0.513413002152756,65 to 69 years
8976,621,-0.10874732885697125,0.4852428571428571,0.513413002152756,65 to 69 years
8977,5096,0.6265239719952393,0.4852428571428571,0.513413002152756,65 to 69 years
8978,3995,0.6265239719952393,0.4852428571428571,0.513413002152756,65 to 69 years
8979,1301,0.08199938433947364,0.4852428571428571,0.513413002152756,65 to 69 years
8980,743,0.0,0.4852428571428571,0.513413002152756,65 to 69 years
8981,6978,0.6265239719952393,0.4852428571428571,0.513413002152756,65 to 69 years
8982,9608,0.6265239719952393,0.4852428571428571,0.513413002152756,65 to 69 years
8983,5953,-0.0018667912212958805,0.4852428571428571,0.513413002152756,65 to 69 years
8984,7136,0.20730373038327599,0.4852428571428571,0.513413002152756,65 to 69 years
8985,459,-0.052414814571770156,0.4852428571428571,0.513413002152756,65 to 69 years
8986,6313,0.6265239719952393,0.4852428571428571,0.513413002152756,65 to 69 years
8987,8661,0.6265239719952393,0.4852428571428571,0.513413002152756,65 to 69 years
8988,543,0.25626575900788406,0.4852428571428571,0.513413002152756,65 to 69 years
8989,8144,0.6265239719952393,0.4852428571428571,0.513413002152756,65 to 69 years
8990,8733,0.3294765003993742,0.4852428571428571,0.513413002152756,65 to 69 years
8991,2261,0.12883382616050712,0.4852428571428571,0.513413002152756,65 to 69 years
8992,8329,0.12764488965795054,0.4852428571428571,0.513413002152756,65 to 69 years
8993,9566,0.6265239719952393,0.4852428571428571,0.513413002152756,65 to 69 years
8994,8364,0.6265239719952393,0.4852428571428571,0.513413002152756,65 to 69 years
8995,2017,0.6265239719952393,0.4852428571428571,0.513413002152756,65 to 69 years
8996,3708,0.0,0.4852428571428571,0.513413002152756,65 to 69 years
8997,1659,0.6265239719952393,0.4852428571428571,0.513413002152756,65 to 69 years
8998,4468,0.6265239719952393,0.4852428571428571,0.513413002152756,65 to 69 years
8999,2087,0.24151803651022916,0.4852428571428571,0.513413002152756,65 to 69 years
9000,7980,0.6265239719952393,0.4852428571428571,0.513413002152756,65 to 69 years
9001,4171,0.6265239719952393,0.4852428571428571,0.513413002152756,65 to 69 years
9002,695,0.10955203443473036,0.4852428571428571,0.513413002152756,65 to 69 years
9003,1548,0.07698159628591505,0.4852428571428571,0.513413002152756,65 to 69 years
9004,9827,0.6265239719952393,0.4852428571428571,0.513413002152756,65 to 69 years
9005,3665,0.6265239719952393,0.4852428571428571,0.513413002152756,65 to 69 years
9006,3047,-0.052029242886103964,0.4852428571428571,0.513413002152756,65 to 69 years
9007,1728,0.6265239719952393,0.4852428571428571,0.513413002152756,65 to 69 years
9008,220,0.6265239719952393,0.4852428571428571,0.513413002152756,65 to 69 years
9009,8609,-0.21214348669470173,0.4852428571428571,0.513413002152756,65 to 69 years
9010,3690,0.6265239719952393,0.4852428571428571,0.513413002152756,65 to 69 years
9011,6266,0.6265239719952393,0.4852428571428571,0.513413002152756,65 to 69 years
9012,8632,0.6265239719952393,0.4852428571428571,0.513413002152756,65 to 69 years
9013,4817,0.6265239719952393,0.4852428571428571,0.513413002152756,65 to 69 years
9014,4154,0.6265239719952393,0.4852428571428571,0.513413002152756,65 to 69 years
9015,2098,0.6265239719952393,0.4852428571428571,0.513413002152756,65 to 69 years
9016,2207,-0.09408133382414241,0.4852428571428571,0.513413002152756,65 to 69 years
9017,6552,0.5697298405767612,0.4852428571428571,0.513413002152756,65 to 69 years
9018,9008,0.1624480339953015,0.4852428571428571,0.513413002152756,65 to 69 years
9019,4528,0.6265239719952393,0.4852428571428571,0.513413002152756,65 to 69 years
9020,3101,0.09805195170864534,0.4852428571428571,0.513413002152756,65 to 69 years
9021,7623,0.1799880006797106,0.4852428571428571,0.513413002152756,65 to 69 years
9022,9510,0.29708535600677244,0.4852428571428571,0.513413002152756,65 to 69 years
9023,4628,0.013124622909299699,0.4852428571428571,0.513413002152756,65 to 69 years
9024,5886,0.007755229206819274,0.4852428571428571,0.513413002152756,65 to 69 years
9025,8477,0.6265239719952393,0.4852428571428571,0.513413002152756,65 to 69 years
9026,9607,0.6265239719952393,0.4852428571428571,0.513413002152756,65 to 69 years
9027,5386,0.2866065853062056,0.4852428571428571,0.513413002152756,65 to 69 years
9028,8638,0.18991967725780898,0.4852428571428571,0.513413002152756,65 to 69 years
9029,538,0.286908043657344,0.4852428571428571,0.513413002152756,65 to 69 years
9030,9100,0.6265239719952393,0.4852428571428571,0.513413002152756,65 to 69 years
9031,6467,0.6265239719952393,0.4852428571428571,0.513413002152756,65 to 69 years
9032,7379,0.6265239719952393,0.4852428571428571,0.513413002152756,65 to 69 years
9033,6595,0.6265239719952393,0.4852428571428571,0.513413002152756,65 to 69 years
9034,6204,0.6265239719952393,0.4852428571428571,0.513413002152756,65 to 69 years
9035,559,0.6265239719952393,0.4852428571428571,0.513413002152756,65 to 69 years
9036,4406,0.33475056143033827,0.4852428571428571,0.513413002152756,65 to 69 years
9037,6530,0.0598171613473282,0.4852428571428571,0.513413002152756,65 to 69 years
9038,5113,0.49743428078066626,0.4852428571428571,0.513413002152756,65 to 69 years
9039,4105,-0.12334375567522811,0.4852428571428571,0.513413002152756,65 to 69 years
9040,7597,0.6265239719952393,0.4852428571428571,0.513413002152756,65 to 69 years
9041,4681,0.6265239719952393,0.4852428571428571,0.513413002152756,65 to 69 years
9042,9052,0.6265239719952393,0.4852428571428571,0.513413002152756,65 to 69 years
9043,5381,0.6265239719952393,0.4852428571428571,0.513413002152756,65 to 69 years
9044,6081,0.6265239719952393,0.4852428571428571,0.513413002152756,65 to 69 years
9045,3933,0.32650603386620947,0.4852428571428571,0.513413002152756,65 to 69 years
9046,753,0.6265239719952393,0.4852428571428571,0.513413002152756,65 to 69 years
9047,6389,-0.20855576851861038,0.4852428571428571,0.513413002152756,65 to 69 years
9048,731,0.22750664167884427,0.4852428571428571,0.513413002152756,65 to 69 years
9049,5060,0.6265239719952393,0.4852428571428571,0.513413002152756,65 to 69 years
9050,6510,0.6265239719952393,0.4852428571428571,0.513413002152756,65 to 69 years
9051,9069,0.02514331947450482,0.4852428571428571,0.513413002152756,65 to 69 years
9052,6030,0.6265239719952393,0.4852428571428571,0.513413002152756,65 to 69 years
9053,6478,0.6265239719952393,0.4852428571428571,0.513413002152756,65 to 69 years
9054,4350,0.6265239719952393,0.4852428571428571,0.513413002152756,65 to 69 years
9055,5915,0.38091398908563434,0.4852428571428571,0.513413002152756,65 to 69 years
9056,5504,0.6265239719952393,0.4852428571428571,0.513413002152756,65 to 69 years
9057,8946,0.6265239719952393,0.4852428571428571,0.513413002152756,65 to 69 years
9058,9244,0.3192674902562457,0.4852428571428571,0.513413002152756,65 to 69 years
9059,5303,-0.1662729541736357,0.4852428571428571,0.513413002152756,65 to 69 years
9060,4775,0.3087089013579842,0.4852428571428571,0.513413002152756,65 to 69 years
9061,4522,0.6265239719952393,0.4852428571428571,0.513413002152756,65 to 69 years
9062,6821,0.5759204203429209,0.4852428571428571,0.513413002152756,65 to 69 years
9063,3197,0.6265239719952393,0.4852428571428571,0.513413002152756,65 to 69 years
9064,6922,0.26341997550178164,0.4852428571428571,0.513413002152756,65 to 69 years
9065,8249,0.6265239719952393,0.4852428571428571,0.513413002152756,65 to 69 years
9066,6440,0.6265239719952393,0.4852428571428571,0.513413002152756,65 to 69 years
9067,7636,0.6265239719952393,0.4852428571428571,0.513413002152756,65 to 69 years
9068,3250,0.6265239719952393,0.4852428571428571,0.513413002152756,65 to 69 years
9069,1549,0.6265239719952393,0.4852428571428571,0.513413002152756,65 to 69 years
9070,8876,0.17848854985286128,0.4852428571428571,0.513413002152756,65 to 69 years
9071,1593,0.2374516441443729,0.4852428571428571,0.513413002152756,65 to 69 years
9072,351,0.2518246134514356,0.4852428571428571,0.513413002152756,65 to 69 years
9073,4680,0.6265239719952393,0.4852428571428571,0.513413002152756,65 to 69 years
9074,8334,0.6265239719952393,0.4852428571428571,0.513413002152756,65 to 69 years
9075,7938,0.3265514013479055,0.4852428571428571,0.513413002152756,65 to 69 years
9076,9414,0.6265239719952393,0.4852428571428571,0.513413002152756,65 to 69 years
9077,7906,0.6265239719952393,0.4852428571428571,0.513413002152756,65 to 69 years
9078,6091,0.6265239719952393,0.4852428571428571,0.513413002152756,65 to 69 years
9079,2875,0.6265239719952393,0.4852428571428571,0.513413002152756,65 to 69 years
9080,2793,0.09118583144636144,0.4852428571428571,0.513413002152756,65 to 69 years
9081,1113,0.6265239719952393,0.4852428571428571,0.513413002152756,65 to 69 years
9082,2666,0.2996262867264497,0.4852428571428571,0.513413002152756,65 to 69 years
9083,5635,0.1519183549757368,0.4852428571428571,0.513413002152756,65 to 69 years
9084,2985,0.6265239719952393,0.4852428571428571,0.513413002152756,65 to 69 years
9085,2267,0.6265239719952393,0.4852428571428571,0.513413002152756,65 to 69 years
9086,4738,0.055771364113412936,0.4852428571428571,0.513413002152756,65 to 69 years
9087,2187,0.6265239719952393,0.4852428571428571,0.513413002152756,65 to 69 years
9088,4168,0.6265239719952393,0.4852428571428571,0.513413002152756,65 to 69 years
9089,6960,0.2137089857151668,0.4852428571428571,0.513413002152756,65 to 69 years
9090,6029,-0.19048507569808215,0.4852428571428571,0.513413002152756,65 to 69 years
9091,2706,0.6265239719952393,0.4852428571428571,0.513413002152756,65 to 69 years
9092,8548,0.6265239719952393,0.4852428571428571,0.513413002152756,65 to 69 years
9093,2503,0.36818655997830063,0.4852428571428571,0.513413002152756,65 to 69 years
9094,2931,0.3207854807170226,0.4852428571428571,0.513413002152756,65 to 69 years
9095,8292,0.6265239719952393,0.4852428571428571,0.513413002152756,65 to 69 years
9096,4199,-0.10712582789518643,0.4852428571428571,0.513413002152756,65 to 69 years
9097,7003,0.6265239719952393,0.4852428571428571,0.513413002152756,65 to 69 years
9098,9848,0.6265239719952393,0.4852428571428571,0.513413002152756,65 to 69 years
9099,7443,0.6265239719952393,0.4852428571428571,0.513413002152756,65 to 69 years
9100,9444,0.42408725010018783,0.4852428571428571,0.513413002152756,65 to 69 years
9101,1954,0.226248367041716,0.4852428571428571,0.513413002152756,65 to 69 years
9102,4383,0.13955072840894825,0.4852428571428571,0.513413002152756,65 to 69 years
9103,8170,0.6265239719952393,0.4852428571428571,0.513413002152756,65 to 69 years
9104,7538,0.6265239719952393,0.4852428571428571,0.513413002152756,65 to 69 years
9105,1238,0.13286400198769283,0.4852428571428571,0.513413002152756,65 to 69 years
9106,8600,-0.13130589014688807,0.4852428571428571,0.513413002152756,65 to 69 years
9107,4454,-0.2645118500706271,0.4852428571428571,0.513413002152756,65 to 69 years
9108,4416,0.6265239719952393,0.4852428571428571,0.513413002152756,65 to 69 years
9109,5693,0.6265239719952393,0.4852428571428571,0.513413002152756,65 to 69 years
9110,63,0.2581177878095001,0.4852428571428571,0.513413002152756,65 to 69 years
9111,3464,0.6265239719952393,0.4852428571428571,0.513413002152756,65 to 69 years
9112,5401,0.13381639817162652,0.4852428571428571,0.513413002152756,65 to 69 years
9113,7344,-0.09814627060522967,0.4852428571428571,0.513413002152756,65 to 69 years
9114,3186,0.6265239719952393,0.4852428571428571,0.513413002152756,65 to 69 years
9115,9580,0.6265239719952393,0.4852428571428571,0.513413002152756,65 to 69 years
9116,5982,0.6265239719952393,0.4852428571428571,0.513413002152756,65 to 69 years
9117,6746,0.30006994594058367,0.4852428571428571,0.513413002152756,65 to 69 years
9118,3772,0.6265239719952393,0.4852428571428571,0.513413002152756,65 to 69 years
9119,3480,0.42155060469905054,0.4852428571428571,0.513413002152756,65 to 69 years
9120,9372,0.6265239719952393,0.4852428571428571,0.513413002152756,65 to 69 years
9121,1760,0.28042855486659035,0.4852428571428571,0.513413002152756,65 to 69 years
9122,9862,0.1977575523380549,0.4852428571428571,0.513413002152756,65 to 69 years
9123,5733,-0.13882338374589023,0.4852428571428571,0.513413002152756,65 to 69 years
9124,6022,0.6265239719952393,0.4852428571428571,0.513413002152756,65 to 69 years
9125,1648,0.2365762016619706,0.4852428571428571,0.513413002152756,65 to 69 years
9126,8656,0.6265239719952393,0.4852428571428571,0.513413002152756,65 to 69 years
9127,4861,0.6265239719952393,0.4852428571428571,0.513413002152756,65 to 69 years
9128,5189,0.6265239719952393,0.4852428571428571,0.513413002152756,65 to 69 years
9129,952,0.0648559561173308,0.4852428571428571,0.513413002152756,65 to 69 years
9130,1393,0.6265239719952393,0.4852428571428571,0.513413002152756,65 to 69 years
9131,9273,0.6265239719952393,0.4852428571428571,0.513413002152756,65 to 69 years
9132,9358,0.6265239719952393,0.4852428571428571,0.513413002152756,65 to 69 years
9133,4079,0.6265239719952393,0.4852428571428571,0.513413002152756,65 to 69 years
9134,9310,0.6265239719952393,0.4852428571428571,0.513413002152756,65 to 69 years
9135,7840,0.6265239719952393,0.4852428571428571,0.513413002152756,65 to 69 years
9136,953,0.6265239719952393,0.4852428571428571,0.513413002152756,65 to 69 years
9137,8164,0.5017808529038249,0.4852428571428571,0.513413002152756,65 to 69 years
9138,1960,0.6265239719952393,0.4852428571428571,0.513413002152756,65 to 69 years
9139,4966,-0.0028704525170690897,0.4852428571428571,0.513413002152756,65 to 69 years
9140,7213,0.6265239719952393,0.4852428571428571,0.513413002152756,65 to 69 years
9141,4017,0.6265239719952393,0.4852428571428571,0.513413002152756,65 to 69 years
9142,2010,0.1085097554159474,0.4852428571428571,0.513413002152756,65 to 69 years
9143,3630,0.6265239719952393,0.4852428571428571,0.513413002152756,65 to 69 years
9144,6205,0.6265239719952393,0.4852428571428571,0.513413002152756,65 to 69 years
9145,1254,0.3038967805654525,0.4852428571428571,0.513413002152756,65 to 69 years
9146,9435,-0.3092756615882489,0.4852428571428571,0.513413002152756,65 to 69 years
9147,5098,0.13466783976779884,0.4852428571428571,0.513413002152756,65 to 69 years
9148,7243,0.3618030987068929,0.4852428571428571,0.513413002152756,65 to 69 years
9149,7471,0.02721477378956648,0.4852428571428571,0.513413002152756,65 to 69 years
9150,371,0.6265239719952393,0.4852428571428571,0.513413002152756,65 to 69 years
9151,2140,-0.003718087769808435,0.4852428571428571,0.513413002152756,65 to 69 years
9152,3571,0.47673767128255423,0.4852428571428571,0.513413002152756,65 to 69 years
9153,5352,-0.09100028891158557,0.4852428571428571,0.513413002152756,65 to 69 years
9154,6188,0.6265239719952393,0.4852428571428571,0.513413002152756,65 to 69 years
9155,5955,0.15642517240099849,0.4852428571428571,0.513413002152756,65 to 69 years
9156,4668,0.15611949667034042,0.4852428571428571,0.513413002152756,65 to 69 years
9157,9926,0.2095242566405782,0.4852428571428571,0.513413002152756,65 to 69 years
9158,3861,0.49263758394925705,0.4852428571428571,0.513413002152756,65 to 69 years
9159,8713,-0.24420869501351244,0.4852428571428571,0.513413002152756,65 to 69 years
9160,3385,0.14604408015757028,0.4852428571428571,0.513413002152756,65 to 69 years
9161,3312,0.6265239719952393,0.4852428571428571,0.513413002152756,65 to 69 years
9162,7381,0.6265239719952393,0.4852428571428571,0.513413002152756,65 to 69 years
9163,1493,0.3365561940222537,0.4852428571428571,0.513413002152756,65 to 69 years
9164,4624,0.6265239719952393,0.4852428571428571,0.513413002152756,65 to 69 years
9165,4833,0.6265239719952393,0.4852428571428571,0.513413002152756,65 to 69 years
9166,5602,0.06591560943100125,0.4852428571428571,0.513413002152756,65 to 69 years
9167,9950,0.22264819035856317,0.4852428571428571,0.513413002152756,65 to 69 years
9168,8091,0.06447889912561744,0.4852428571428571,0.513413002152756,65 to 69 years
9169,4306,0.6265239719952393,0.4852428571428571,0.513413002152756,65 to 69 years
9170,7887,0.6265239719952393,0.4852428571428571,0.513413002152756,65 to 69 years
9171,5088,-0.13724430722529746,0.4852428571428571,0.513413002152756,65 to 69 years
9172,3449,0.6265239719952393,0.4852428571428571,0.513413002152756,65 to 69 years
9173,395,0.6265239719952393,0.4852428571428571,0.513413002152756,65 to 69 years
9174,9047,0.07330079726744622,0.4852428571428571,0.513413002152756,65 to 69 years
9175,4226,0.27372526617535653,0.4852428571428571,0.513413002152756,65 to 69 years
9176,5989,0.6265239719952393,0.4852428571428571,0.513413002152756,65 to 69 years
9177,2223,0.08626221930219144,0.4852428571428571,0.513413002152756,65 to 69 years
9178,1839,0.6265239719952393,0.4852428571428571,0.513413002152756,65 to 69 years
9179,9751,0.27404556680712816,0.4852428571428571,0.513413002152756,65 to 69 years
9180,2949,0.6265239719952393,0.4852428571428571,0.513413002152756,65 to 69 years
9181,2809,0.08876142290803365,0.4852428571428571,0.513413002152756,65 to 69 years
9182,9089,0.6265239719952393,0.4852428571428571,0.513413002152756,65 to 69 years
9183,8241,0.2829358891856052,0.4852428571428571,0.513413002152756,65 to 69 years
9184,4415,0.6265239719952393,0.4852428571428571,0.513413002152756,65 to 69 years
9185,9344,0.6265239719952393,0.4852428571428571,0.513413002152756,65 to 69 years
9186,236,0.4932324224365456,0.4852428571428571,0.513413002152756,65 to 69 years
9187,3184,0.6265239719952393,0.4852428571428571,0.513413002152756,65 to 69 years
9188,3461,0.4869180671933843,0.4852428571428571,0.513413002152756,65 to 69 years
9189,1380,0.6265239719952393,0.4852428571428571,0.513413002152756,65 to 69 years
9190,1957,0.2761641753841083,0.4852428571428571,0.513413002152756,65 to 69 years
9191,1120,0.6265239719952393,0.4852428571428571,0.513413002152756,65 to 69 years
9192,2680,0.05860814481870788,0.4852428571428571,0.513413002152756,65 to 69 years
9193,9013,0.6265239719952393,0.4852428571428571,0.513413002152756,65 to 69 years
9194,9574,0.23473285388892537,0.4852428571428571,0.513413002152756,65 to 69 years
9195,1514,0.20910592068519254,0.4852428571428571,0.513413002152756,65 to 69 years
9196,3264,0.6265239719952393,0.4852428571428571,0.513413002152756,65 to 69 years
9197,4337,-0.09144780676323165,0.4852428571428571,0.513413002152756,65 to 69 years
9198,5278,0.3569532519863781,0.4852428571428571,0.513413002152756,65 to 69 years
9199,1175,0.6265239719952393,0.4852428571428571,0.513413002152756,65 to 69 years
9200,4348,0.13533456868295843,0.4852428571428571,0.513413002152756,65 to 69 years
9201,9066,0.6265239719952393,0.4852428571428571,0.513413002152756,65 to 69 years
9202,1737,0.6265239719952393,0.4852428571428571,0.513413002152756,65 to 69 years
9203,6506,0.16289417392028435,0.4852428571428571,0.513413002152756,65 to 69 years
9204,4237,0.07404739951301265,0.4852428571428571,0.513413002152756,65 to 69 years
9205,5807,0.6265239719952393,0.4852428571428571,0.513413002152756,65 to 69 years
9206,8690,0.6265239719952393,0.4852428571428571,0.513413002152756,65 to 69 years
9207,768,0.6265239719952393,0.4852428571428571,0.513413002152756,65 to 69 years
9208,5575,0.6265239719952393,0.4852428571428571,0.513413002152756,65 to 69 years
9209,1765,-0.20510669898826575,0.4852428571428571,0.513413002152756,65 to 69 years
9210,1094,0.6265239719952393,0.4852428571428571,0.513413002152756,65 to 69 years
9211,1742,0.6265239719952393,0.4852428571428571,0.513413002152756,65 to 69 years
9212,6830,-0.11998573860596656,0.4852428571428571,0.513413002152756,65 to 69 years
9213,386,0.6265239719952393,0.4852428571428571,0.513413002152756,65 to 69 years
9214,8930,0.2558664749319097,0.4852428571428571,0.513413002152756,65 to 69 years
9215,8921,0.6265239719952393,0.4852428571428571,0.513413002152756,65 to 69 years
9216,1551,0.6265239719952393,0.4852428571428571,0.513413002152756,65 to 69 years
9217,4524,0.6265239719952393,0.4852428571428571,0.513413002152756,65 to 69 years
9218,6952,0.08808401575387403,0.4852428571428571,0.513413002152756,65 to 69 years
9219,7719,0.08968586505112794,0.4852428571428571,0.513413002152756,65 to 69 years
9220,2867,0.29045027527912765,0.4852428571428571,0.513413002152756,65 to 69 years
9221,8500,0.19282237923741063,0.4852428571428571,0.513413002152756,65 to 69 years
9222,9164,-0.09290195678983662,0.4852428571428571,0.513413002152756,65 to 69 years
9223,4685,0.523183268131722,0.4852428571428571,0.513413002152756,65 to 69 years
9224,8784,0.13737316264644048,0.4852428571428571,0.513413002152756,65 to 69 years
9225,8075,0.16875949754615913,0.4852428571428571,0.513413002152756,65 to 69 years
9226,7949,0.6265239719952393,0.4852428571428571,0.513413002152756,65 to 69 years
9227,2369,0.6265239719952393,0.4852428571428571,0.513413002152756,65 to 69 years
9228,612,0.10379320984624218,0.4852428571428571,0.513413002152756,65 to 69 years
9229,757,0.13767584733073535,0.4852428571428571,0.513413002152756,65 to 69 years
9230,4439,0.6265239719952393,0.4852428571428571,0.513413002152756,65 to 69 years
9231,6546,0.6265239719952393,0.4852428571428571,0.513413002152756,65 to 69 years
9232,5028,0.6265239719952393,0.4852428571428571,0.513413002152756,65 to 69 years
9233,7772,0.6265239719952393,0.4852428571428571,0.513413002152756,65 to 69 years
9234,6036,0.030739729576999414,0.4852428571428571,0.513413002152756,65 to 69 years
9235,914,0.6265239719952393,0.4852428571428571,0.513413002152756,65 to 69 years
9236,1478,0.6265239719952393,0.4852428571428571,0.513413002152756,65 to 69 years
9237,9589,0.3113045417509583,0.4852428571428571,0.513413002152756,65 to 69 years
9238,9896,0.6265239719952393,0.4852428571428571,0.513413002152756,65 to 69 years
9239,1119,0.6265239719952393,0.4852428571428571,0.513413002152756,65 to 69 years
9240,1350,0.2596242104198134,0.4852428571428571,0.513413002152756,65 to 69 years
9241,3856,0.6265239719952393,0.4852428571428571,0.513413002152756,65 to 69 years
9242,3462,0.6265239719952393,0.4852428571428571,0.513413002152756,65 to 69 years
9243,2816,0.10838740464236274,0.4852428571428571,0.513413002152756,65 to 69 years
9244,5087,0.6265239719952393,0.4852428571428571,0.513413002152756,65 to 69 years
9245,639,0.09745636988663528,0.4852428571428571,0.513413002152756,65 to 69 years
9246,5486,0.6265239719952393,0.4852428571428571,0.513413002152756,65 to 69 years
9247,2691,0.23731964684830045,0.4852428571428571,0.513413002152756,65 to 69 years
9248,7070,0.4274053335498384,0.4852428571428571,0.513413002152756,65 to 69 years
9249,7143,0.6265239719952393,0.4852428571428571,0.513413002152756,65 to 69 years
9250,9151,0.6265239719952393,0.4852428571428571,0.513413002152756,65 to 69 years
9251,1770,0.333709671266721,0.4852428571428571,0.513413002152756,65 to 69 years
9252,519,0.3177400155167968,0.4852428571428571,0.513413002152756,65 to 69 years
9253,8083,0.29520442847030115,0.4852428571428571,0.513413002152756,65 to 69 years
9254,4921,0.13407792117622738,0.4852428571428571,0.513413002152756,65 to 69 years
9255,574,0.6265239719952393,0.4852428571428571,0.513413002152756,65 to 69 years
9256,9974,0.6265239719952393,0.4852428571428571,0.513413002152756,65 to 69 years
9257,6102,0.6265239719952393,0.4852428571428571,0.513413002152756,65 to 69 years
9258,1232,0.4827485276905021,0.4852428571428571,0.513413002152756,65 to 69 years
9259,8832,0.6265239719952393,0.4852428571428571,0.513413002152756,65 to 69 years
9260,8314,0.6265239719952393,0.4852428571428571,0.513413002152756,65 to 69 years
9261,2014,-0.06635572869887545,0.4852428571428571,0.513413002152756,65 to 69 years
9262,6949,0.07150892375670367,0.4852428571428571,0.513413002152756,65 to 69 years
9263,1898,0.6265239719952393,0.4852428571428571,0.513413002152756,65 to 69 years
9264,4478,0.6265239719952393,0.4852428571428571,0.513413002152756,65 to 69 years
9265,481,0.24811391235557748,0.4852428571428571,0.513413002152756,65 to 69 years
9266,6010,0.6265239719952393,0.4852428571428571,0.513413002152756,65 to 69 years
9267,305,0.4872183865174569,0.4852428571428571,0.513413002152756,65 to 69 years
9268,4525,0.6265239719952393,0.4852428571428571,0.513413002152756,65 to 69 years
9269,7758,0.6265239719952393,0.4852428571428571,0.513413002152756,65 to 69 years
9270,8196,0.6265239719952393,0.4852428571428571,0.513413002152756,65 to 69 years
9271,6070,0.25370655863842545,0.4852428571428571,0.513413002152756,65 to 69 years
9272,1579,-0.1857512385273912,0.4852428571428571,0.513413002152756,65 to 69 years
9273,1903,0.23298633385727577,0.4852428571428571,0.513413002152756,65 to 69 years
9274,892,0.15258153080831643,0.4852428571428571,0.513413002152756,65 to 69 years
9275,7398,0.6265239719952393,0.4852428571428571,0.513413002152756,65 to 69 years
9276,563,0.0936794837599747,0.4852428571428571,0.513413002152756,65 to 69 years
9277,8053,0.14993211794379546,0.4852428571428571,0.513413002152756,65 to 69 years
9278,5527,0.6265239719952393,0.4852428571428571,0.513413002152756,65 to 69 years
9279,1085,0.07777461131793173,0.4852428571428571,0.513413002152756,65 to 69 years
9280,4451,0.6265239719952393,0.4852428571428571,0.513413002152756,65 to 69 years
9281,1883,0.6265239719952393,0.4852428571428571,0.513413002152756,65 to 69 years
9282,8446,0.6265239719952393,0.4852428571428571,0.513413002152756,65 to 69 years
9283,8123,0.6265239719952393,0.4852428571428571,0.513413002152756,65 to 69 years
9284,7723,0.0,0.4852428571428571,0.513413002152756,65 to 69 years
9285,8986,0.6265239719952393,0.4852428571428571,0.513413002152756,65 to 69 years
9286,2278,0.6265239719952393,0.4852428571428571,0.513413002152756,65 to 69 years
9287,3858,0.6265239719952393,0.4852428571428571,0.513413002152756,65 to 69 years
9288,6229,0.6265239719952393,0.4852428571428571,0.513413002152756,65 to 69 years
9289,6833,0.6265239719952393,0.4852428571428571,0.513413002152756,65 to 69 years
9290,4714,0.6265239719952393,0.4852428571428571,0.513413002152756,65 to 69 years
9291,7317,0.6265239719952393,0.4852428571428571,0.513413002152756,65 to 69 years
9292,7941,-0.11891284225549324,0.4852428571428571,0.513413002152756,65 to 69 years
9293,6609,0.16054434874799522,0.4852428571428571,0.513413002152756,65 to 69 years
9294,3897,0.17291955871092293,0.4852428571428571,0.513413002152756,65 to 69 years
9295,7435,0.27204095263489586,0.4852428571428571,0.513413002152756,70 to 74 years
9296,7652,0.6035220129861433,0.4852428571428571,0.513413002152756,70 to 74 years
9297,2799,0.523268351580099,0.4852428571428571,0.513413002152756,70 to 74 years
9298,2638,0.6035220129861433,0.4852428571428571,0.513413002152756,70 to 74 years
9299,4168,0.6035220129861433,0.4852428571428571,0.513413002152756,70 to 74 years
9300,3793,0.2897805686784019,0.4852428571428571,0.513413002152756,70 to 74 years
9301,465,0.6035220129861433,0.4852428571428571,0.513413002152756,70 to 74 years
9302,749,0.2430487407278098,0.4852428571428571,0.513413002152756,70 to 74 years
9303,174,0.6035220129861433,0.4852428571428571,0.513413002152756,70 to 74 years
9304,7414,0.08630953011693147,0.4852428571428571,0.513413002152756,70 to 74 years
9305,4645,0.6035220129861433,0.4852428571428571,0.513413002152756,70 to 74 years
9306,5791,-0.12609915823810325,0.4852428571428571,0.513413002152756,70 to 74 years
9307,1995,0.6035220129861433,0.4852428571428571,0.513413002152756,70 to 74 years
9308,2028,0.41283079008119833,0.4852428571428571,0.513413002152756,70 to 74 years
9309,5572,-0.3266271960716997,0.4852428571428571,0.513413002152756,70 to 74 years
9310,6049,0.11445336879813647,0.4852428571428571,0.513413002152756,70 to 74 years
9311,8882,0.6035220129861433,0.4852428571428571,0.513413002152756,70 to 74 years
9312,5578,-0.06868291707181057,0.4852428571428571,0.513413002152756,70 to 74 years
9313,9362,0.6035220129861433,0.4852428571428571,0.513413002152756,70 to 74 years
9314,5827,0.6035220129861433,0.4852428571428571,0.513413002152756,70 to 74 years
9315,3367,0.6035220129861433,0.4852428571428571,0.513413002152756,70 to 74 years
9316,6593,-0.2549203817160444,0.4852428571428571,0.513413002152756,70 to 74 years
9317,9138,-0.1443516979009918,0.4852428571428571,0.513413002152756,70 to 74 years
9318,5517,0.09165195419313579,0.4852428571428571,0.513413002152756,70 to 74 years
9319,2698,0.6035220129861433,0.4852428571428571,0.513413002152756,70 to 74 years
9320,5583,0.23243721636260606,0.4852428571428571,0.513413002152756,70 to 74 years
9321,2841,0.6035220129861433,0.4852428571428571,0.513413002152756,70 to 74 years
9322,1537,0.6035220129861433,0.4852428571428571,0.513413002152756,70 to 74 years
9323,7680,0.2813457995323242,0.4852428571428571,0.513413002152756,70 to 74 years
9324,4034,-0.26475485998142073,0.4852428571428571,0.513413002152756,70 to 74 years
9325,9795,0.27481735758233605,0.4852428571428571,0.513413002152756,70 to 74 years
9326,7815,0.4142683002900207,0.4852428571428571,0.513413002152756,70 to 74 years
9327,9813,0.6035220129861433,0.4852428571428571,0.513413002152756,70 to 74 years
9328,3872,0.6035220129861433,0.4852428571428571,0.513413002152756,70 to 74 years
9329,8628,0.09527334645386135,0.4852428571428571,0.513413002152756,70 to 74 years
9330,3810,0.13964495218650794,0.4852428571428571,0.513413002152756,70 to 74 years
9331,537,0.18409316568593695,0.4852428571428571,0.513413002152756,70 to 74 years
9332,5467,0.6035220129861433,0.4852428571428571,0.513413002152756,70 to 74 years
9333,1812,0.4873889820690387,0.4852428571428571,0.513413002152756,70 to 74 years
9334,219,0.6035220129861433,0.4852428571428571,0.513413002152756,70 to 74 years
9335,2592,-0.2672477125245424,0.4852428571428571,0.513413002152756,70 to 74 years
9336,9580,0.6035220129861433,0.4852428571428571,0.513413002152756,70 to 74 years
9337,5949,0.6035220129861433,0.4852428571428571,0.513413002152756,70 to 74 years
9338,1023,0.2367774061777864,0.4852428571428571,0.513413002152756,70 to 74 years
9339,3871,-0.13456834867151982,0.4852428571428571,0.513413002152756,70 to 74 years
9340,8365,-0.10975943123747463,0.4852428571428571,0.513413002152756,70 to 74 years
9341,9587,-0.20863809344963624,0.4852428571428571,0.513413002152756,70 to 74 years
9342,6271,0.6035220129861433,0.4852428571428571,0.513413002152756,70 to 74 years
9343,347,0.6035220129861433,0.4852428571428571,0.513413002152756,70 to 74 years
9344,270,0.6035220129861433,0.4852428571428571,0.513413002152756,70 to 74 years
9345,438,0.6035220129861433,0.4852428571428571,0.513413002152756,70 to 74 years
9346,6733,0.6035220129861433,0.4852428571428571,0.513413002152756,70 to 74 years
9347,5815,0.12051535992457928,0.4852428571428571,0.513413002152756,70 to 74 years
9348,5432,0.11012953169278011,0.4852428571428571,0.513413002152756,70 to 74 years
9349,4338,0.6035220129861433,0.4852428571428571,0.513413002152756,70 to 74 years
9350,4426,0.6035220129861433,0.4852428571428571,0.513413002152756,70 to 74 years
9351,5352,-0.09100028891158557,0.4852428571428571,0.513413002152756,70 to 74 years
9352,9276,0.04056319901992917,0.4852428571428571,0.513413002152756,70 to 74 years
9353,9665,-0.16261718287981405,0.4852428571428571,0.513413002152756,70 to 74 years
9354,4132,0.6035220129861433,0.4852428571428571,0.513413002152756,70 to 74 years
9355,7272,0.6035220129861433,0.4852428571428571,0.513413002152756,70 to 74 years
9356,6866,0.1096813391153702,0.4852428571428571,0.513413002152756,70 to 74 years
9357,7412,0.6035220129861433,0.4852428571428571,0.513413002152756,70 to 74 years
9358,5995,0.6035220129861433,0.4852428571428571,0.513413002152756,70 to 74 years
9359,1387,0.555516485816931,0.4852428571428571,0.513413002152756,70 to 74 years
9360,7500,0.2787343067629586,0.4852428571428571,0.513413002152756,70 to 74 years
9361,5410,0.6035220129861433,0.4852428571428571,0.513413002152756,70 to 74 years
9362,5473,0.21735649615666516,0.4852428571428571,0.513413002152756,70 to 74 years
9363,2516,-0.12371717869674326,0.4852428571428571,0.513413002152756,70 to 74 years
9364,5628,-0.05410677154841627,0.4852428571428571,0.513413002152756,70 to 74 years
9365,8488,0.6035220129861433,0.4852428571428571,0.513413002152756,70 to 74 years
9366,6921,0.6035220129861433,0.4852428571428571,0.513413002152756,70 to 74 years
9367,5474,-0.11009992699821537,0.4852428571428571,0.513413002152756,70 to 74 years
9368,8625,0.4469252961186961,0.4852428571428571,0.513413002152756,70 to 74 years
9369,1627,0.6035220129861433,0.4852428571428571,0.513413002152756,70 to 74 years
9370,6168,-0.17492546752336804,0.4852428571428571,0.513413002152756,70 to 74 years
9371,9080,-0.21485705373664807,0.4852428571428571,0.513413002152756,70 to 74 years
9372,1078,0.0,0.4852428571428571,0.513413002152756,70 to 74 years
9373,850,0.6035220129861433,0.4852428571428571,0.513413002152756,70 to 74 years
9374,995,0.6035220129861433,0.4852428571428571,0.513413002152756,70 to 74 years
9375,396,0.6035220129861433,0.4852428571428571,0.513413002152756,70 to 74 years
9376,468,0.17107099290528,0.4852428571428571,0.513413002152756,70 to 74 years
9377,535,-0.13174727838414088,0.4852428571428571,0.513413002152756,70 to 74 years
9378,2046,0.6035220129861433,0.4852428571428571,0.513413002152756,70 to 74 years
9379,992,0.6035220129861433,0.4852428571428571,0.513413002152756,70 to 74 years
9380,2779,0.6035220129861433,0.4852428571428571,0.513413002152756,70 to 74 years
9381,8360,0.6035220129861433,0.4852428571428571,0.513413002152756,70 to 74 years
9382,4402,0.06691785105799228,0.4852428571428571,0.513413002152756,70 to 74 years
9383,739,0.25779343650814746,0.4852428571428571,0.513413002152756,70 to 74 years
9384,7198,0.6035220129861433,0.4852428571428571,0.513413002152756,70 to 74 years
9385,8881,-0.00030746814993499755,0.4852428571428571,0.513413002152756,70 to 74 years
9386,837,0.6035220129861433,0.4852428571428571,0.513413002152756,70 to 74 years
9387,5600,0.045840272769536415,0.4852428571428571,0.513413002152756,70 to 74 years
9388,8603,0.2995126131416184,0.4852428571428571,0.513413002152756,70 to 74 years
9389,4331,0.6035220129861433,0.4852428571428571,0.513413002152756,70 to 74 years
9390,2785,0.09201268417855919,0.4852428571428571,0.513413002152756,70 to 74 years
9391,8920,-0.07180518605384928,0.4852428571428571,0.513413002152756,70 to 74 years
9392,9885,0.6035220129861433,0.4852428571428571,0.513413002152756,70 to 74 years
9393,9732,0.4799284424215089,0.4852428571428571,0.513413002152756,70 to 74 years
9394,507,-0.29630397525374974,0.4852428571428571,0.513413002152756,70 to 74 years
9395,1446,0.6035220129861433,0.4852428571428571,0.513413002152756,70 to 74 years
9396,4344,0.6035220129861433,0.4852428571428571,0.513413002152756,70 to 74 years
9397,7424,0.2193196422243419,0.4852428571428571,0.513413002152756,70 to 74 years
9398,6489,0.1449715465349785,0.4852428571428571,0.513413002152756,70 to 74 years
9399,9952,0.6035220129861433,0.4852428571428571,0.513413002152756,70 to 74 years
9400,1474,0.6035220129861433,0.4852428571428571,0.513413002152756,70 to 74 years
9401,9724,0.6035220129861433,0.4852428571428571,0.513413002152756,70 to 74 years
9402,3021,0.6035220129861433,0.4852428571428571,0.513413002152756,70 to 74 years
9403,2608,-0.1488683063711785,0.4852428571428571,0.513413002152756,70 to 74 years
9404,4858,0.6035220129861433,0.4852428571428571,0.513413002152756,70 to 74 years
9405,8211,0.2705838330915978,0.4852428571428571,0.513413002152756,70 to 74 years
9406,333,0.6035220129861433,0.4852428571428571,0.513413002152756,70 to 74 years
9407,6913,-0.14664177480839724,0.4852428571428571,0.513413002152756,70 to 74 years
9408,7779,0.6035220129861433,0.4852428571428571,0.513413002152756,70 to 74 years
9409,4337,-0.09144780676323165,0.4852428571428571,0.513413002152756,70 to 74 years
9410,9341,-0.12614954537464715,0.4852428571428571,0.513413002152756,70 to 74 years
9411,4122,0.16160291196740986,0.4852428571428571,0.513413002152756,70 to 74 years
9412,8339,0.6035220129861433,0.4852428571428571,0.513413002152756,70 to 74 years
9413,1827,-0.14677257769691857,0.4852428571428571,0.513413002152756,70 to 74 years
9414,6195,0.18160296840865292,0.4852428571428571,0.513413002152756,70 to 74 years
9415,783,-0.14763083920286105,0.4852428571428571,0.513413002152756,70 to 74 years
9416,500,0.6035220129861433,0.4852428571428571,0.513413002152756,70 to 74 years
9417,5762,0.6035220129861433,0.4852428571428571,0.513413002152756,70 to 74 years
9418,9524,0.061016351297270593,0.4852428571428571,0.513413002152756,70 to 74 years
9419,3526,0.6035220129861433,0.4852428571428571,0.513413002152756,70 to 74 years
9420,860,-0.18274738874774407,0.4852428571428571,0.513413002152756,70 to 74 years
9421,809,-0.13804924960849096,0.4852428571428571,0.513413002152756,70 to 74 years
9422,3275,0.6035220129861433,0.4852428571428571,0.513413002152756,70 to 74 years
9423,6543,0.08972339945871549,0.4852428571428571,0.513413002152756,70 to 74 years
9424,5416,-0.24704405356000703,0.4852428571428571,0.513413002152756,70 to 74 years
9425,2696,0.15493813756379693,0.4852428571428571,0.513413002152756,70 to 74 years
9426,6154,0.6035220129861433,0.4852428571428571,0.513413002152756,70 to 74 years
9427,6614,-0.16297252932699408,0.4852428571428571,0.513413002152756,70 to 74 years
9428,8835,-0.13570925373401074,0.4852428571428571,0.513413002152756,70 to 74 years
9429,6450,0.6035220129861433,0.4852428571428571,0.513413002152756,70 to 74 years
9430,406,0.6035220129861433,0.4852428571428571,0.513413002152756,70 to 74 years
9431,590,0.06772188202828952,0.4852428571428571,0.513413002152756,70 to 74 years
9432,9759,0.6035220129861433,0.4852428571428571,0.513413002152756,70 to 74 years
9433,6806,0.08511065556394369,0.4852428571428571,0.513413002152756,70 to 74 years
9434,7451,-0.1617567530457013,0.4852428571428571,0.513413002152756,70 to 74 years
9435,7835,0.6035220129861433,0.4852428571428571,0.513413002152756,70 to 74 years
9436,9589,0.2883025827418622,0.4852428571428571,0.513413002152756,70 to 74 years
9437,2784,-0.10716855587168007,0.4852428571428571,0.513413002152756,70 to 74 years
9438,1004,0.6035220129861433,0.4852428571428571,0.513413002152756,70 to 74 years
9439,394,-0.09799907136359486,0.4852428571428571,0.513413002152756,70 to 74 years
9440,5511,0.6035220129861433,0.4852428571428571,0.513413002152756,70 to 74 years
9441,5024,0.6035220129861433,0.4852428571428571,0.513413002152756,70 to 74 years
9442,912,-0.06832625122487497,0.4852428571428571,0.513413002152756,70 to 74 years
9443,6576,0.6035220129861433,0.4852428571428571,0.513413002152756,70 to 74 years
9444,3894,0.6035220129861433,0.4852428571428571,0.513413002152756,70 to 74 years
9445,2769,0.6035220129861433,0.4852428571428571,0.513413002152756,70 to 74 years
9446,4736,-0.08581826754435078,0.4852428571428571,0.513413002152756,70 to 74 years
9447,8506,0.6035220129861433,0.4852428571428571,0.513413002152756,70 to 74 years
9448,2103,0.5027218628756093,0.4852428571428571,0.513413002152756,70 to 74 years
9449,2127,0.6035220129861433,0.4852428571428571,0.513413002152756,70 to 74 years
9450,1022,0.6035220129861433,0.4852428571428571,0.513413002152756,70 to 74 years
9451,1174,0.2694566012131745,0.4852428571428571,0.513413002152756,70 to 74 years
9452,4413,0.6035220129861433,0.4852428571428571,0.513413002152756,70 to 74 years
9453,8112,0.15509540141079958,0.4852428571428571,0.513413002152756,70 to 74 years
9454,8573,0.6035220129861433,0.4852428571428571,0.513413002152756,70 to 74 years
9455,6297,0.6035220129861433,0.4852428571428571,0.513413002152756,70 to 74 years
9456,71,-0.001745409908898884,0.4852428571428571,0.513413002152756,70 to 74 years
9457,913,0.099595209666661,0.4852428571428571,0.513413002152756,70 to 74 years
9458,6883,0.6035220129861433,0.4852428571428571,0.513413002152756,70 to 74 years
9459,9924,0.6035220129861433,0.4852428571428571,0.513413002152756,70 to 74 years
9460,6130,0.5119913562145186,0.4852428571428571,0.513413002152756,70 to 74 years
9461,7303,0.6035220129861433,0.4852428571428571,0.513413002152756,70 to 74 years
9462,1517,0.13911680515403324,0.4852428571428571,0.513413002152756,70 to 74 years
9463,2110,0.1600186709797823,0.4852428571428571,0.513413002152756,70 to 74 years
9464,5030,0.6035220129861433,0.4852428571428571,0.513413002152756,70 to 74 years
9465,7404,0.13620956325582884,0.4852428571428571,0.513413002152756,70 to 74 years
9466,8528,-0.10799272670951887,0.4852428571428571,0.513413002152756,70 to 74 years
9467,1541,0.22378309063238586,0.4852428571428571,0.513413002152756,70 to 74 years
9468,8849,0.6035220129861433,0.4852428571428571,0.513413002152756,70 to 74 years
9469,9528,0.044300245685921315,0.4852428571428571,0.513413002152756,70 to 74 years
9470,2361,0.21045685632178532,0.4852428571428571,0.513413002152756,70 to 74 years
9471,8372,0.6035220129861433,0.4852428571428571,0.513413002152756,70 to 74 years
9472,1330,0.18384802150167556,0.4852428571428571,0.513413002152756,70 to 74 years
9473,5999,0.6035220129861433,0.4852428571428571,0.513413002152756,70 to 74 years
9474,9420,0.6035220129861433,0.4852428571428571,0.513413002152756,70 to 74 years
9475,3840,-0.15293874728371132,0.4852428571428571,0.513413002152756,70 to 74 years
9476,2107,0.2698500933902322,0.4852428571428571,0.513413002152756,70 to 74 years
9477,1825,0.09895102947191256,0.4852428571428571,0.513413002152756,70 to 74 years
9478,1128,0.06793375411618216,0.4852428571428571,0.513413002152756,70 to 74 years
9479,1129,0.13306451160100405,0.4852428571428571,0.513413002152756,70 to 74 years
9480,3928,0.6035220129861433,0.4852428571428571,0.513413002152756,70 to 74 years
9481,8217,0.6035220129861433,0.4852428571428571,0.513413002152756,70 to 74 years
9482,2297,0.6035220129861433,0.4852428571428571,0.513413002152756,70 to 74 years
9483,2102,0.6035220129861433,0.4852428571428571,0.513413002152756,70 to 74 years
9484,2860,0.17954661372092043,0.4852428571428571,0.513413002152756,70 to 74 years
9485,7721,0.6035220129861433,0.4852428571428571,0.513413002152756,70 to 74 years
9486,657,0.16094123272466515,0.4852428571428571,0.513413002152756,70 to 74 years
9487,7328,0.6035220129861433,0.4852428571428571,0.513413002152756,70 to 74 years
9488,3804,0.6035220129861433,0.4852428571428571,0.513413002152756,70 to 74 years
9489,7848,0.1319973417062594,0.4852428571428571,0.513413002152756,70 to 74 years
9490,2115,0.6035220129861433,0.4852428571428571,0.513413002152756,70 to 74 years
9491,4757,-0.14582077821644676,0.4852428571428571,0.513413002152756,70 to 74 years
9492,2642,0.5528479510175537,0.4852428571428571,0.513413002152756,70 to 74 years
9493,2280,-0.08351726316164701,0.4852428571428571,0.513413002152756,70 to 74 years
9494,748,0.08623454515733636,0.4852428571428571,0.513413002152756,70 to 74 years
9495,2774,0.6035220129861433,0.4852428571428571,0.513413002152756,70 to 74 years
9496,3418,0.4036508646519483,0.4852428571428571,0.513413002152756,70 to 74 years
9497,3230,0.6035220129861433,0.4852428571428571,0.513413002152756,70 to 74 years
9498,4766,0.6035220129861433,0.4852428571428571,0.513413002152756,70 to 74 years
9499,8702,0.036595112454041866,0.4852428571428571,0.513413002152756,70 to 74 years
9500,4905,0.6035220129861433,0.4852428571428571,0.513413002152756,70 to 74 years
9501,3394,0.32515771673983895,0.4852428571428571,0.513413002152756,70 to 74 years
9502,4194,-0.004330592571813916,0.4852428571428571,0.513413002152756,70 to 74 years
9503,5594,0.1626458812273553,0.4852428571428571,0.513413002152756,70 to 74 years
9504,279,0.16202548236016381,0.4852428571428571,0.513413002152756,70 to 74 years
9505,3472,0.08846215676069918,0.4852428571428571,0.513413002152756,70 to 74 years
9506,8021,0.6035220129861433,0.4852428571428571,0.513413002152756,70 to 74 years
9507,4726,-0.001396644518337235,0.4852428571428571,0.513413002152756,70 to 74 years
9508,7389,0.3835111701255914,0.4852428571428571,0.513413002152756,70 to 74 years
9509,7949,0.25201553107787306,0.4852428571428571,0.513413002152756,70 to 74 years
9510,1977,0.6035220129861433,0.4852428571428571,0.513413002152756,70 to 74 years
9511,3607,0.6035220129861433,0.4852428571428571,0.513413002152756,70 to 74 years
9512,9231,-0.12817372482549466,0.4852428571428571,0.513413002152756,70 to 74 years
9513,1237,0.08197471797588725,0.4852428571428571,0.513413002152756,70 to 74 years
9514,459,-0.052414814571770156,0.4852428571428571,0.513413002152756,70 to 74 years
9515,7879,0.28098378450619,0.4852428571428571,0.513413002152756,70 to 74 years
9516,7980,0.6035220129861433,0.4852428571428571,0.513413002152756,70 to 74 years
9517,9376,0.6035220129861433,0.4852428571428571,0.513413002152756,70 to 74 years
9518,1766,0.16622202283891743,0.4852428571428571,0.513413002152756,70 to 74 years
9519,83,0.6035220129861433,0.4852428571428571,0.513413002152756,70 to 74 years
9520,7023,0.16883369716917576,0.4852428571428571,0.513413002152756,70 to 74 years
9521,9390,0.3545226369480996,0.4852428571428571,0.513413002152756,70 to 74 years
9522,8377,0.6035220129861433,0.4852428571428571,0.513413002152756,70 to 74 years
9523,4339,0.6035220129861433,0.4852428571428571,0.513413002152756,70 to 74 years
9524,4583,0.27282125497173276,0.4852428571428571,0.513413002152756,70 to 74 years
9525,1292,-0.15406918395142974,0.4852428571428571,0.513413002152756,70 to 74 years
9526,2976,0.6035220129861433,0.4852428571428571,0.513413002152756,70 to 74 years
9527,9132,-0.18284847571275661,0.4852428571428571,0.513413002152756,70 to 74 years
9528,3300,0.6035220129861433,0.4852428571428571,0.513413002152756,70 to 74 years
9529,5117,0.6035220129861433,0.4852428571428571,0.513413002152756,70 to 74 years
9530,6178,0.6035220129861433,0.4852428571428571,0.513413002152756,70 to 74 years
9531,7793,0.6035220129861433,0.4852428571428571,0.513413002152756,70 to 74 years
9532,4209,0.1996611989545122,0.4852428571428571,0.513413002152756,70 to 74 years
9533,804,0.12942682042174064,0.4852428571428571,0.513413002152756,70 to 74 years
9534,6230,-0.04563415001461644,0.4852428571428571,0.513413002152756,70 to 74 years
9535,7748,0.6035220129861433,0.4852428571428571,0.513413002152756,70 to 74 years
9536,8680,0.6035220129861433,0.4852428571428571,0.513413002152756,70 to 74 years
9537,890,0.0,0.4852428571428571,0.513413002152756,70 to 74 years
9538,9970,0.6035220129861433,0.4852428571428571,0.513413002152756,70 to 74 years
9539,894,0.6035220129861433,0.4852428571428571,0.513413002152756,70 to 74 years
9540,3273,-0.14641044420589577,0.4852428571428571,0.513413002152756,70 to 74 years
9541,1371,-0.16814186596298528,0.4852428571428571,0.513413002152756,70 to 74 years
9542,5965,0.6035220129861433,0.4852428571428571,0.513413002152756,70 to 74 years
9543,6656,0.6035220129861433,0.4852428571428571,0.513413002152756,70 to 74 years
9544,8959,0.6035220129861433,0.4852428571428571,0.513413002152756,70 to 74 years
9545,2291,0.18546725378438592,0.4852428571428571,0.513413002152756,70 to 74 years
9546,3730,0.6035220129861433,0.4852428571428571,0.513413002152756,70 to 74 years
9547,1824,-0.13844626516548714,0.4852428571428571,0.513413002152756,70 to 74 years
9548,8210,0.23777070936585767,0.4852428571428571,0.513413002152756,70 to 74 years
9549,1699,0.42906030399698153,0.4852428571428571,0.513413002152756,70 to 74 years
9550,6173,0.04755151555563925,0.4852428571428571,0.513413002152756,70 to 74 years
9551,5780,0.1523650476807788,0.4852428571428571,0.513413002152756,70 to 74 years
9552,5243,-0.004498828354518386,0.4852428571428571,0.513413002152756,70 to 74 years
9553,8194,0.46550072601439324,0.4852428571428571,0.513413002152756,70 to 74 years
9554,9012,-0.0023535042024563756,0.4852428571428571,0.513413002152756,70 to 74 years
9555,1784,0.16289197567075347,0.4852428571428571,0.513413002152756,70 to 74 years
9556,4630,-0.01332417690870493,0.4852428571428571,0.513413002152756,70 to 74 years
9557,4096,0.31264224320334166,0.4852428571428571,0.513413002152756,70 to 74 years
9558,3520,0.6035220129861433,0.4852428571428571,0.513413002152756,70 to 74 years
9559,5029,0.08880391520432633,0.4852428571428571,0.513413002152756,70 to 74 years
9560,3969,0.21345030725021513,0.4852428571428571,0.513413002152756,70 to 74 years
9561,246,0.11423484052682044,0.4852428571428571,0.513413002152756,70 to 74 years
9562,3402,0.22166605019942523,0.4852428571428571,0.513413002152756,70 to 74 years
9563,3911,-0.003717159725818893,0.4852428571428571,0.513413002152756,70 to 74 years
9564,202,0.6035220129861433,0.4852428571428571,0.513413002152756,70 to 74 years
9565,5656,0.05687401709326471,0.4852428571428571,0.513413002152756,70 to 74 years
9566,2575,0.6035220129861433,0.4852428571428571,0.513413002152756,70 to 74 years
9567,7275,0.34255263649376183,0.4852428571428571,0.513413002152756,70 to 74 years
9568,4063,-0.20219452571254456,0.4852428571428571,0.513413002152756,70 to 74 years
9569,3845,0.6035220129861433,0.4852428571428571,0.513413002152756,70 to 74 years
9570,9489,0.11830376326462565,0.4852428571428571,0.513413002152756,70 to 74 years
9571,3414,0.6035220129861433,0.4852428571428571,0.513413002152756,70 to 74 years
9572,512,0.6035220129861433,0.4852428571428571,0.513413002152756,70 to 74 years
9573,1795,0.03614114881825204,0.4852428571428571,0.513413002152756,70 to 74 years
9574,8094,0.6035220129861433,0.4852428571428571,0.513413002152756,70 to 74 years
9575,704,0.6035220129861433,0.4852428571428571,0.513413002152756,70 to 74 years
9576,8445,0.6035220129861433,0.4852428571428571,0.513413002152756,70 to 74 years
9577,5215,-0.0008313093498172842,0.4852428571428571,0.513413002152756,70 to 74 years
9578,6971,0.0,0.4852428571428571,0.513413002152756,70 to 74 years
9579,5682,-0.1317770614381206,0.4852428571428571,0.513413002152756,70 to 74 years
9580,8700,0.42384791247431575,0.4852428571428571,0.513413002152756,70 to 74 years
9581,3397,0.6035220129861433,0.4852428571428571,0.513413002152756,70 to 74 years
9582,4967,0.12049527007382214,0.4852428571428571,0.513413002152756,70 to 74 years
9583,7687,0.19704484590059762,0.4852428571428571,0.513413002152756,70 to 74 years
9584,9451,0.31556990004574026,0.4852428571428571,0.513413002152756,70 to 74 years
9585,9822,-0.14075847355392004,0.4852428571428571,0.513413002152756,70 to 74 years
9586,7727,0.01412314061020846,0.4852428571428571,0.513413002152756,70 to 74 years
9587,1649,0.6035220129861433,0.4852428571428571,0.513413002152756,70 to 74 years
9588,2326,0.6035220129861433,0.4852428571428571,0.513413002152756,70 to 74 years
9589,8040,0.6035220129861433,0.4852428571428571,0.513413002152756,70 to 74 years
9590,453,0.2658086728537368,0.4852428571428571,0.513413002152756,70 to 74 years
9591,4563,0.6035220129861433,0.4852428571428571,0.513413002152756,70 to 74 years
9592,3916,0.6035220129861433,0.4852428571428571,0.513413002152756,70 to 74 years
9593,4912,-0.2816264250242128,0.4852428571428571,0.513413002152756,70 to 74 years
9594,3014,0.15718047578230968,0.4852428571428571,0.513413002152756,70 to 74 years
9595,1144,-0.05960869605023951,0.4852428571428571,0.513413002152756,70 to 74 years
9596,7032,0.6035220129861433,0.4852428571428571,0.513413002152756,70 to 74 years
9597,6834,-0.09032099239305923,0.4852428571428571,0.513413002152756,70 to 74 years
9598,3923,0.30865064117609226,0.4852428571428571,0.513413002152756,70 to 74 years
9599,7028,0.6035220129861433,0.4852428571428571,0.513413002152756,70 to 74 years
9600,4291,0.02058521507815679,0.4852428571428571,0.513413002152756,70 to 74 years
9601,8756,0.6035220129861433,0.4852428571428571,0.513413002152756,70 to 74 years
9602,6652,0.048753382037660095,0.4852428571428571,0.513413002152756,70 to 74 years
9603,3633,0.12331435260729919,0.4852428571428571,0.513413002152756,70 to 74 years
9604,8498,-0.06449470736142111,0.4852428571428571,0.513413002152756,70 to 74 years
9605,2918,0.6035220129861433,0.4852428571428571,0.513413002152756,70 to 74 years
9606,8493,0.6035220129861433,0.4852428571428571,0.513413002152756,70 to 74 years
9607,5441,0.27585190199955156,0.4852428571428571,0.513413002152756,70 to 74 years
9608,724,-0.059322282900901406,0.4852428571428571,0.513413002152756,70 to 74 years
9609,3937,-0.07572920635324205,0.4852428571428571,0.513413002152756,70 to 74 years
9610,6295,0.2775555798214351,0.4852428571428571,0.513413002152756,70 to 74 years
9611,7485,0.6035220129861433,0.4852428571428571,0.513413002152756,70 to 74 years
9612,573,0.6035220129861433,0.4852428571428571,0.513413002152756,70 to 74 years
9613,2820,0.3379242347031417,0.4852428571428571,0.513413002152756,70 to 74 years
9614,3297,0.6035220129861433,0.4852428571428571,0.513413002152756,70 to 74 years
9615,1379,0.6035220129861433,0.4852428571428571,0.513413002152756,70 to 74 years
9616,9148,0.20031776443222946,0.4852428571428571,0.513413002152756,70 to 74 years
9617,1361,0.6035220129861433,0.4852428571428571,0.513413002152756,70 to 74 years
9618,6106,0.6035220129861433,0.4852428571428571,0.513413002152756,70 to 74 years
9619,8842,0.6035220129861433,0.4852428571428571,0.513413002152756,70 to 74 years
9620,6755,0.6035220129861433,0.4852428571428571,0.513413002152756,70 to 74 years
9621,2245,0.6035220129861433,0.4852428571428571,0.513413002152756,70 to 74 years
9622,6210,0.1734995209029949,0.4852428571428571,0.513413002152756,70 to 74 years
9623,8083,0.2722024694612051,0.4852428571428571,0.513413002152756,70 to 74 years
9624,8089,-0.10386518471563407,0.4852428571428571,0.513413002152756,70 to 74 years
9625,6456,0.6035220129861433,0.4852428571428571,0.513413002152756,70 to 74 years
9626,6522,0.15990146442265088,0.4852428571428571,0.513413002152756,70 to 74 years
9627,1305,0.6035220129861433,0.4852428571428571,0.513413002152756,70 to 74 years
9628,275,-0.09685444646926539,0.4852428571428571,0.513413002152756,70 to 74 years
9629,444,0.07302505225131137,0.4852428571428571,0.513413002152756,70 to 74 years
9630,6573,0.002601929061518361,0.4852428571428571,0.513413002152756,70 to 74 years
9631,5901,0.6035220129861433,0.4852428571428571,0.513413002152756,70 to 74 years
9632,2064,0.0,0.4852428571428571,0.513413002152756,70 to 74 years
9633,7499,0.0,0.4852428571428571,0.513413002152756,70 to 74 years
9634,1811,0.1864398076137699,0.4852428571428571,0.513413002152756,70 to 74 years
9635,4631,0.6035220129861433,0.4852428571428571,0.513413002152756,70 to 74 years
9636,4680,0.6035220129861433,0.4852428571428571,0.513413002152756,70 to 74 years
9637,9222,0.6035220129861433,0.4852428571428571,0.513413002152756,70 to 74 years
9638,9867,0.2546510114502646,0.4852428571428571,0.513413002152756,70 to 74 years
9639,3820,0.1192199641271428,0.4852428571428571,0.513413002152756,70 to 74 years
9640,1797,0.6035220129861433,0.4852428571428571,0.513413002152756,70 to 74 years
9641,2568,0.6035220129861433,0.4852428571428571,0.513413002152756,70 to 74 years
9642,5493,0.6035220129861433,0.4852428571428571,0.513413002152756,70 to 74 years
9643,8902,0.6035220129861433,0.4852428571428571,0.513413002152756,70 to 74 years
9644,9069,0.0021413604654087048,0.4852428571428571,0.513413002152756,70 to 74 years
9645,5688,0.21613405170889322,0.4852428571428571,0.513413002152756,70 to 74 years
9646,2828,0.07388353560256807,0.4852428571428571,0.513413002152756,70 to 74 years
9647,410,0.6035220129861433,0.4852428571428571,0.513413002152756,70 to 74 years
9648,7964,0.6035220129861433,0.4852428571428571,0.513413002152756,70 to 74 years
9649,9218,0.21882723283569985,0.4852428571428571,0.513413002152756,70 to 74 years
9650,9261,0.13135665822369708,0.4852428571428571,0.513413002152756,70 to 74 years
9651,6492,0.04160890839547677,0.4852428571428571,0.513413002152756,70 to 74 years
9652,636,0.15481177646776054,0.4852428571428571,0.513413002152756,70 to 74 years
9653,6191,0.6035220129861433,0.4852428571428571,0.513413002152756,70 to 74 years
9654,9727,-0.18906068233616766,0.4852428571428571,0.513413002152756,70 to 74 years
9655,9907,0.6035220129861433,0.4852428571428571,0.513413002152756,70 to 74 years
9656,7406,-0.1318064763355615,0.4852428571428571,0.513413002152756,70 to 74 years
9657,1654,0.1063391323693715,0.4852428571428571,0.513413002152756,70 to 74 years
9658,1220,0.6035220129861433,0.4852428571428571,0.513413002152756,70 to 74 years
9659,538,0.26390608464824794,0.4852428571428571,0.513413002152756,70 to 74 years
9660,9066,0.6035220129861433,0.4852428571428571,0.513413002152756,70 to 74 years
9661,8493,0.5805110693573765,0.4852428571428571,0.513413002152756,75 to 79 years
9662,9572,0.5805110693573765,0.4852428571428571,0.513413002152756,75 to 79 years
9663,7411,-0.09439186299019295,0.4852428571428571,0.513413002152756,75 to 79 years
9664,2766,0.5805110693573765,0.4852428571428571,0.513413002152756,75 to 79 years
9665,9808,-0.36254603263808227,0.4852428571428571,0.513413002152756,75 to 79 years
9666,7175,0.5805110693573765,0.4852428571428571,0.513413002152756,75 to 79 years
9667,6743,0.5805110693573765,0.4852428571428571,0.513413002152756,75 to 79 years
9668,2393,0.5805110693573765,0.4852428571428571,0.513413002152756,75 to 79 years
9669,2560,0.5805110693573765,0.4852428571428571,0.513413002152756,75 to 79 years
9670,2017,0.049615311980838114,0.4852428571428571,0.513413002152756,75 to 79 years
9671,4524,-0.2064952059216251,0.4852428571428571,0.513413002152756,75 to 79 years
9672,7948,0.0,0.4852428571428571,0.513413002152756,75 to 79 years
9673,2432,0.0585521286281475,0.4852428571428571,0.513413002152756,75 to 79 years
9674,2865,0.5805110693573765,0.4852428571428571,0.513413002152756,75 to 79 years
9675,938,0.1643836221718757,0.4852428571428571,0.513413002152756,75 to 79 years
9676,2111,-0.03585021726563037,0.4852428571428571,0.513413002152756,75 to 79 years
9677,99,-0.09039113360591959,0.4852428571428571,0.513413002152756,75 to 79 years
9678,4367,0.21091390175170455,0.4852428571428571,0.513413002152756,75 to 79 years
9679,7659,0.5805110693573765,0.4852428571428571,0.513413002152756,75 to 79 years
9680,7508,-0.11603996593519016,0.4852428571428571,0.513413002152756,75 to 79 years
9681,5346,-0.1662967200591493,0.4852428571428571,0.513413002152756,75 to 79 years
9682,6577,-0.2111860230387407,0.4852428571428571,0.513413002152756,75 to 79 years
9683,3657,0.5805110693573765,0.4852428571428571,0.513413002152756,75 to 79 years
9684,4506,-0.1042995961656188,0.4852428571428571,0.513413002152756,75 to 79 years
9685,5292,0.2848633258952787,0.4852428571428571,0.513413002152756,75 to 79 years
9686,2307,0.5805110693573765,0.4852428571428571,0.513413002152756,75 to 79 years
9687,5584,0.05410419216248186,0.4852428571428571,0.513413002152756,75 to 79 years
9688,7151,-0.18715120803187593,0.4852428571428571,0.513413002152756,75 to 79 years
9689,7709,0.5805110693573765,0.4852428571428571,0.513413002152756,75 to 79 years
9690,2714,0.3791023833631154,0.4852428571428571,0.513413002152756,75 to 79 years
9691,7237,-0.07754657346010378,0.4852428571428571,0.513413002152756,75 to 79 years
9692,992,0.5805110693573765,0.4852428571428571,0.513413002152756,75 to 79 years
9693,8843,0.05427134020158726,0.4852428571428571,0.513413002152756,75 to 79 years
9694,6325,0.17804158912046475,0.4852428571428571,0.513413002152756,75 to 79 years
9695,9050,0.2452301827404329,0.4852428571428571,0.513413002152756,75 to 79 years
9696,5182,0.3087223152725299,0.4852428571428571,0.513413002152756,75 to 79 years
9697,7570,0.5805110693573765,0.4852428571428571,0.513413002152756,75 to 79 years
9698,270,0.14577124031433736,0.4852428571428571,0.513413002152756,75 to 79 years
9699,1337,0.16562673889388257,0.4852428571428571,0.513413002152756,75 to 79 years
9700,6119,0.10719506650145551,0.4852428571428571,0.513413002152756,75 to 79 years
9701,4399,0.3575207033644657,0.4852428571428571,0.513413002152756,75 to 79 years
9702,9802,0.060758382715379394,0.4852428571428571,0.513413002152756,75 to 79 years
9703,6433,0.5805110693573765,0.4852428571428571,0.513413002152756,75 to 79 years
9704,9368,-0.09880472171032265,0.4852428571428571,0.513413002152756,75 to 79 years
9705,5175,0.02966066117346034,0.4852428571428571,0.513413002152756,75 to 79 years
9706,8434,0.18704298241701411,0.4852428571428571,0.513413002152756,75 to 79 years
9707,1105,0.5805110693573765,0.4852428571428571,0.513413002152756,75 to 79 years
9708,9294,0.5805110693573765,0.4852428571428571,0.513413002152756,75 to 79 years
9709,714,-0.31272354244099254,0.4852428571428571,0.513413002152756,75 to 79 years
9710,4692,-0.24575069862309104,0.4852428571428571,0.513413002152756,75 to 79 years
9711,5399,-0.10535551276309892,0.4852428571428571,0.513413002152756,75 to 79 years
9712,8761,-0.2320825545202086,0.4852428571428571,0.513413002152756,75 to 79 years
9713,710,0.042937891588829866,0.4852428571428571,0.513413002152756,75 to 79 years
9714,6917,0.5805110693573765,0.4852428571428571,0.513413002152756,75 to 79 years
9715,9535,0.5805110693573765,0.4852428571428571,0.513413002152756,75 to 79 years
9716,6838,0.5805110693573765,0.4852428571428571,0.513413002152756,75 to 79 years
9717,4461,0.4502222952515433,0.4852428571428571,0.513413002152756,75 to 79 years
9718,6950,0.5805110693573765,0.4852428571428571,0.513413002152756,75 to 79 years
9719,2593,-0.2781451366585195,0.4852428571428571,0.513413002152756,75 to 79 years
9720,4748,0.041959202385829016,0.4852428571428571,0.513413002152756,75 to 79 years
9721,8186,0.2751525540218357,0.4852428571428571,0.513413002152756,75 to 79 years
9722,8950,0.02168842017508579,0.4852428571428571,0.513413002152756,75 to 79 years
9723,6490,0.5014646089592808,0.4852428571428571,0.513413002152756,75 to 79 years
9724,47,0.5805110693573765,0.4852428571428571,0.513413002152756,75 to 79 years
9725,1479,0.12801011537097345,0.4852428571428571,0.513413002152756,75 to 79 years
9726,851,-0.17486788083141908,0.4852428571428571,0.513413002152756,75 to 79 years
9727,7853,0.09024008453894572,0.4852428571428571,0.513413002152756,75 to 79 years
9728,8609,-0.21214348669470173,0.4852428571428571,0.513413002152756,75 to 79 years
9729,5046,-0.20905675422566083,0.4852428571428571,0.513413002152756,75 to 79 years
9730,9498,-0.1944319615748231,0.4852428571428571,0.513413002152756,75 to 79 years
9731,9138,-0.1443516979009918,0.4852428571428571,0.513413002152756,75 to 79 years
9732,2880,0.5805110693573765,0.4852428571428571,0.513413002152756,75 to 79 years
9733,9929,0.24014833790023565,0.4852428571428571,0.513413002152756,75 to 79 years
9734,9162,-0.17441663372954358,0.4852428571428571,0.513413002152756,75 to 79 years
9735,4102,0.1992904836307785,0.4852428571428571,0.513413002152756,75 to 79 years
9736,9141,0.5805110693573765,0.4852428571428571,0.513413002152756,75 to 79 years
9737,5833,0.37513637443013076,0.4852428571428571,0.513413002152756,75 to 79 years
9738,4326,-0.12722636925498573,0.4852428571428571,0.513413002152756,75 to 79 years
9739,6931,0.5805110693573765,0.4852428571428571,0.513413002152756,75 to 79 years
9740,1993,0.3669422895097958,0.4852428571428571,0.513413002152756,75 to 79 years
9741,6830,-0.11998573860596656,0.4852428571428571,0.513413002152756,75 to 79 years
9742,5568,0.27332094601485746,0.4852428571428571,0.513413002152756,75 to 79 years
9743,9881,0.5805110693573765,0.4852428571428571,0.513413002152756,75 to 79 years
9744,2947,-0.3680629316411155,0.4852428571428571,0.513413002152756,75 to 79 years
9745,3544,-0.19721737585045634,0.4852428571428571,0.513413002152756,75 to 79 years
9746,8610,-0.21054017869460312,0.4852428571428571,0.513413002152756,75 to 79 years
9747,8036,0.5805110693573765,0.4852428571428571,0.513413002152756,75 to 79 years
9748,6409,0.5805110693573765,0.4852428571428571,0.513413002152756,75 to 79 years
9749,3902,-0.20946785368609086,0.4852428571428571,0.513413002152756,75 to 79 years
9750,2546,0.08582779316693279,0.4852428571428571,0.513413002152756,75 to 79 years
9751,4983,0.251904945727144,0.4852428571428571,0.513413002152756,75 to 79 years
9752,283,0.23420950784089095,0.4852428571428571,0.513413002152756,75 to 79 years
9753,3323,0.5805110693573765,0.4852428571428571,0.513413002152756,75 to 79 years
9754,8837,-0.2342183017996456,0.4852428571428571,0.513413002152756,75 to 79 years
9755,4603,0.5805110693573765,0.4852428571428571,0.513413002152756,75 to 79 years
9756,6025,0.5805110693573765,0.4852428571428571,0.513413002152756,75 to 79 years
9757,7180,0.23025213813591583,0.4852428571428571,0.513413002152756,75 to 79 years
9758,204,0.04234838520859555,0.4852428571428571,0.513413002152756,75 to 79 years
9759,9085,-0.003152749835637828,0.4852428571428571,0.513413002152756,75 to 79 years
9760,6076,0.5805110693573765,0.4852428571428571,0.513413002152756,75 to 79 years
9761,5904,-0.18660649937864524,0.4852428571428571,0.513413002152756,75 to 79 years
9762,5043,0.5805110693573765,0.4852428571428571,0.513413002152756,75 to 79 years
9763,2862,0.19668704907803086,0.4852428571428571,0.513413002152756,75 to 79 years
9764,3146,-0.34021988018187405,0.4852428571428571,0.513413002152756,75 to 79 years
9765,8577,-0.19110334836831866,0.4852428571428571,0.513413002152756,75 to 79 years
9766,8818,0.5805110693573765,0.4852428571428571,0.513413002152756,75 to 79 years
9767,3552,0.5805110693573765,0.4852428571428571,0.513413002152756,75 to 79 years
9768,9145,0.224784676293885,0.4852428571428571,0.513413002152756,75 to 79 years
9769,8753,-6.192063366622109e-05,0.4852428571428571,0.513413002152756,75 to 79 years
9770,3669,0.09949953310801,0.4852428571428571,0.513413002152756,75 to 79 years
9771,7137,0.5805110693573765,0.4852428571428571,0.513413002152756,75 to 79 years
9772,3115,0.05220641560085015,0.4852428571428571,0.513413002152756,75 to 79 years
9773,3014,0.13416953215354283,0.4852428571428571,0.513413002152756,75 to 79 years
9774,1901,0.5805110693573765,0.4852428571428571,0.513413002152756,75 to 79 years
9775,8685,-0.0032621455576585853,0.4852428571428571,0.513413002152756,75 to 79 years
9776,5602,-0.12386205196318327,0.4852428571428571,0.513413002152756,75 to 79 years
9777,9938,0.3350636185855378,0.4852428571428571,0.513413002152756,75 to 79 years
9778,264,-0.0709645307225567,0.4852428571428571,0.513413002152756,75 to 79 years
9779,5449,0.1784280676054662,0.4852428571428571,0.513413002152756,75 to 79 years
9780,1434,0.1801851506073791,0.4852428571428571,0.513413002152756,75 to 79 years
9781,212,0.1589251555756726,0.4852428571428571,0.513413002152756,75 to 79 years
9782,4468,0.0884322265722786,0.4852428571428571,0.513413002152756,75 to 79 years
9783,161,0.10123387620315068,0.4852428571428571,0.513413002152756,75 to 79 years
9784,7362,0.5805110693573765,0.4852428571428571,0.513413002152756,75 to 79 years
9785,3855,-0.26318091614848466,0.4852428571428571,0.513413002152756,75 to 79 years
9786,5991,0.1351607867814098,0.4852428571428571,0.513413002152756,75 to 79 years
9787,4240,0.5805110693573765,0.4852428571428571,0.513413002152756,75 to 79 years
9788,8063,-0.08074531569064876,0.4852428571428571,0.513413002152756,75 to 79 years
9789,9958,0.05776790800354188,0.4852428571428571,0.513413002152756,75 to 79 years
9790,417,0.5805110693573765,0.4852428571428571,0.513413002152756,75 to 79 years
9791,5755,-0.1783407390644268,0.4852428571428571,0.513413002152756,75 to 79 years
9792,4798,0.027451081581418603,0.4852428571428571,0.513413002152756,75 to 79 years
9793,8836,-0.20120859213508357,0.4852428571428571,0.513413002152756,75 to 79 years
9794,5597,0.5805110693573765,0.4852428571428571,0.513413002152756,75 to 79 years
9795,7632,0.10171914167595732,0.4852428571428571,0.513413002152756,75 to 79 years
9796,6418,-0.11528355267449016,0.4852428571428571,0.513413002152756,75 to 79 years
9797,4394,-0.04332065791270035,0.4852428571428571,0.513413002152756,75 to 79 years
9798,1239,0.4022946073762084,0.4852428571428571,0.513413002152756,75 to 79 years
9799,9422,-0.2349777150480524,0.4852428571428571,0.513413002152756,75 to 79 years
9800,8134,0.5805110693573765,0.4852428571428571,0.513413002152756,75 to 79 years
9801,8059,0.5805110693573765,0.4852428571428571,0.513413002152756,75 to 79 years
9802,9327,-0.22203928580796067,0.4852428571428571,0.513413002152756,75 to 79 years
9803,6420,0.2904565451042198,0.4852428571428571,0.513413002152756,75 to 79 years
9804,316,0.24425321482306322,0.4852428571428571,0.513413002152756,75 to 79 years
9805,5045,0.16411997817646146,0.4852428571428571,0.513413002152756,75 to 79 years
9806,325,0.20623209905313378,0.4852428571428571,0.513413002152756,75 to 79 years
9807,6143,0.1165920801347435,0.4852428571428571,0.513413002152756,75 to 79 years
9808,7039,0.24239823572879504,0.4852428571428571,0.513413002152756,75 to 79 years
9809,8364,0.5805110693573765,0.4852428571428571,0.513413002152756,75 to 79 years
9810,1150,-0.1588678222858493,0.4852428571428571,0.513413002152756,75 to 79 years
9811,2327,0.5805110693573765,0.4852428571428571,0.513413002152756,75 to 79 years
9812,9188,0.08093450831398162,0.4852428571428571,0.513413002152756,75 to 79 years
9813,7922,0.5805110693573765,0.4852428571428571,0.513413002152756,75 to 79 years
9814,4783,0.12508063345581427,0.4852428571428571,0.513413002152756,75 to 79 years
9815,3377,-0.077514431130211,0.4852428571428571,0.513413002152756,75 to 79 years
9816,1888,0.5805110693573765,0.4852428571428571,0.513413002152756,75 to 79 years
9817,2294,0.2205672172385405,0.4852428571428571,0.513413002152756,75 to 79 years
9818,4856,0.12607435269784573,0.4852428571428571,0.513413002152756,75 to 79 years
9819,8596,0.13346491815777878,0.4852428571428571,0.513413002152756,75 to 79 years
9820,10,-0.20566064319546642,0.4852428571428571,0.513413002152756,75 to 79 years
9821,5499,-0.16530230932215523,0.4852428571428571,0.513413002152756,75 to 79 years
9822,5668,0.5805110693573765,0.4852428571428571,0.513413002152756,75 to 79 years
9823,349,0.09266758535844807,0.4852428571428571,0.513413002152756,75 to 79 years
9824,7009,0.14572872700912476,0.4852428571428571,0.513413002152756,75 to 79 years
9825,209,-0.10457083443952296,0.4852428571428571,0.513413002152756,75 to 79 years
9826,6156,0.5258923006477875,0.4852428571428571,0.513413002152756,75 to 79 years
9827,2140,-0.003718087769808435,0.4852428571428571,0.513413002152756,75 to 79 years
9828,7008,-0.20083632770282528,0.4852428571428571,0.513413002152756,75 to 79 years
9829,8910,0.07922285114535853,0.4852428571428571,0.513413002152756,75 to 79 years
9830,5898,0.5805110693573765,0.4852428571428571,0.513413002152756,75 to 79 years
9831,987,0.38992508354434435,0.4852428571428571,0.513413002152756,75 to 79 years
9832,4054,0.5805110693573765,0.4852428571428571,0.513413002152756,75 to 79 years
9833,9483,0.5805110693573765,0.4852428571428571,0.513413002152756,75 to 79 years
9834,4981,0.031036487186253278,0.4852428571428571,0.513413002152756,75 to 79 years
9835,3450,0.5805110693573765,0.4852428571428571,0.513413002152756,75 to 79 years
9836,9908,0.2440124754015403,0.4852428571428571,0.513413002152756,75 to 79 years
9837,2250,0.1582124800306171,0.4852428571428571,0.513413002152756,75 to 79 years
9838,151,0.5805110693573765,0.4852428571428571,0.513413002152756,75 to 79 years
9839,855,-0.04356616798395279,0.4852428571428571,0.513413002152756,75 to 79 years
9840,4687,0.5805110693573765,0.4852428571428571,0.513413002152756,75 to 79 years
9841,9550,0.23276273891175175,0.4852428571428571,0.513413002152756,75 to 79 years
9842,9774,0.006224915703752578,0.4852428571428571,0.513413002152756,75 to 79 years
9843,3599,0.5805110693573765,0.4852428571428571,0.513413002152756,75 to 79 years
9844,6061,0.08865549013385224,0.4852428571428571,0.513413002152756,75 to 79 years
9845,6190,0.5805110693573765,0.4852428571428571,0.513413002152756,75 to 79 years
9846,2751,0.5805110693573765,0.4852428571428571,0.513413002152756,75 to 79 years
9847,970,0.5805110693573765,0.4852428571428571,0.513413002152756,75 to 79 years
9848,8416,-0.16472436122964956,0.4852428571428571,0.513413002152756,75 to 79 years
9849,4283,0.5805110693573765,0.4852428571428571,0.513413002152756,75 to 79 years
9850,7694,-0.18266880108224365,0.4852428571428571,0.513413002152756,75 to 79 years
9851,9021,-0.20006328574060706,0.4852428571428571,0.513413002152756,75 to 79 years
9852,1053,0.03684384201782769,0.4852428571428571,0.513413002152756,75 to 79 years
9853,6982,-0.14640975977682372,0.4852428571428571,0.513413002152756,75 to 79 years
9854,2081,0.24608175156735385,0.4852428571428571,0.513413002152756,75 to 79 years
9855,9401,0.10459961013790736,0.4852428571428571,0.513413002152756,75 to 79 years
9856,289,0.1584446772562368,0.4852428571428571,0.513413002152756,75 to 79 years
9857,4000,-0.2170655978058934,0.4852428571428571,0.513413002152756,75 to 79 years
9858,4513,0.4860215050926495,0.4852428571428571,0.513413002152756,75 to 79 years
9859,138,0.07459630557761039,0.4852428571428571,0.513413002152756,75 to 79 years
9860,9006,0.2748986883371154,0.4852428571428571,0.513413002152756,75 to 79 years
9861,5139,-0.05479774191327918,0.4852428571428571,0.513413002152756,75 to 79 years
9862,4195,-0.2095286956444801,0.4852428571428571,0.513413002152756,75 to 79 years
9863,5492,-0.03251410003618924,0.4852428571428571,0.513413002152756,75 to 79 years
9864,6840,0.5805110693573765,0.4852428571428571,0.513413002152756,75 to 79 years
9865,1114,0.5805110693573765,0.4852428571428571,0.513413002152756,75 to 79 years
9866,9935,0.5805110693573765,0.4852428571428571,0.513413002152756,75 to 79 years
9867,5356,0.5805110693573765,0.4852428571428571,0.513413002152756,75 to 79 years
9868,1168,-0.158382629436016,0.4852428571428571,0.513413002152756,75 to 79 years
9869,5816,-0.34102261351227997,0.4852428571428571,0.513413002152756,75 to 79 years
9870,3018,0.38500304458217605,0.4852428571428571,0.513413002152756,75 to 79 years
9871,9819,-0.2252612529614087,0.4852428571428571,0.513413002152756,75 to 79 years
9872,9676,-0.042768194274311236,0.4852428571428571,0.513413002152756,75 to 79 years
9873,6043,0.5805110693573765,0.4852428571428571,0.513413002152756,75 to 79 years
9874,2318,0.5805110693573765,0.4852428571428571,0.513413002152756,75 to 79 years
9875,5648,0.24311714406207136,0.4852428571428571,0.513413002152756,75 to 79 years
9876,3905,-0.1261077428576751,0.4852428571428571,0.513413002152756,75 to 79 years
9877,7003,0.5805110693573765,0.4852428571428571,0.513413002152756,75 to 79 years
9878,489,0.06560420662358434,0.4852428571428571,0.513413002152756,75 to 79 years
9879,2115,0.5805110693573765,0.4852428571428571,0.513413002152756,75 to 79 years
9880,4974,-0.25300989932289886,0.4852428571428571,0.513413002152756,75 to 79 years
9881,7046,0.5805110693573765,0.4852428571428571,0.513413002152756,75 to 79 years
9882,9886,0.5187067285563243,0.4852428571428571,0.513413002152756,75 to 79 years
9883,8158,0.00028150701604377857,0.4852428571428571,0.513413002152756,75 to 79 years
9884,6697,0.5805110693573765,0.4852428571428571,0.513413002152756,75 to 79 years
9885,1088,0.21620588659946038,0.4852428571428571,0.513413002152756,75 to 79 years
9886,6,-0.21452502219933162,0.4852428571428571,0.513413002152756,75 to 79 years
9887,4186,-0.23526589071648252,0.4852428571428571,0.513413002152756,75 to 79 years
9888,8143,0.026042128174918182,0.4852428571428571,0.513413002152756,75 to 79 years
9889,9666,0.2843772653475172,0.4852428571428571,0.513413002152756,75 to 79 years
9890,2739,-0.0035022160491670652,0.4852428571428571,0.513413002152756,75 to 79 years
9891,2179,0.0520714444129909,0.4852428571428571,0.513413002152756,75 to 79 years
9892,4958,-0.2482674954285046,0.4852428571428571,0.513413002152756,75 to 79 years
9893,8650,0.5805110693573765,0.4852428571428571,0.513413002152756,75 to 79 years
9894,1674,0.5805110693573765,0.4852428571428571,0.513413002152756,75 to 79 years
9895,3189,0.5805110693573765,0.4852428571428571,0.513413002152756,75 to 79 years
9896,297,0.5805110693573765,0.4852428571428571,0.513413002152756,75 to 79 years
9897,7503,0.17550935390804506,0.4852428571428571,0.513413002152756,75 to 79 years
9898,4122,0.138591968338643,0.4852428571428571,0.513413002152756,75 to 79 years
9899,4013,-0.23381707170138202,0.4852428571428571,0.513413002152756,75 to 79 years
9900,5784,-0.12062891620996803,0.4852428571428571,0.513413002152756,75 to 79 years
9901,5691,0.5805110693573765,0.4852428571428571,0.513413002152756,75 to 79 years
9902,7121,0.3957430506421604,0.4852428571428571,0.513413002152756,75 to 79 years
9903,8209,0.22121612166146043,0.4852428571428571,0.513413002152756,75 to 79 years
9904,721,-0.24492363944748302,0.4852428571428571,0.513413002152756,75 to 79 years
9905,3093,-0.033147601097927956,0.4852428571428571,0.513413002152756,75 to 79 years
9906,2015,0.026943308980752437,0.4852428571428571,0.513413002152756,75 to 79 years
9907,6523,-0.2048412775219173,0.4852428571428571,0.513413002152756,75 to 79 years
9908,6392,0.5805110693573765,0.4852428571428571,0.513413002152756,75 to 79 years
9909,9770,0.5020526763326845,0.4852428571428571,0.513413002152756,75 to 79 years
9910,3158,-0.15662248863744563,0.4852428571428571,0.513413002152756,75 to 79 years
9911,1927,-0.01521332389454818,0.4852428571428571,0.513413002152756,75 to 79 years
9912,9799,-0.16820333444732471,0.4852428571428571,0.513413002152756,75 to 79 years
9913,818,-0.0031702702847601315,0.4852428571428571,0.513413002152756,75 to 79 years
9914,5553,0.5013125469073897,0.4852428571428571,0.513413002152756,75 to 79 years
9915,5358,0.2259128724539412,0.4852428571428571,0.513413002152756,75 to 79 years
9916,6717,0.5805110693573765,0.4852428571428571,0.513413002152756,75 to 79 years
9917,6550,0.21955343440816172,0.4852428571428571,0.513413002152756,75 to 79 years
9918,1204,0.5805110693573765,0.4852428571428571,0.513413002152756,75 to 79 years
9919,3461,-0.09236843454790758,0.4852428571428571,0.513413002152756,75 to 79 years
9920,5557,0.37397157947013837,0.4852428571428571,0.513413002152756,75 to 79 years
9921,587,-0.30128822265408484,0.4852428571428571,0.513413002152756,75 to 79 years
9922,9508,0.5094485203168135,0.4852428571428571,0.513413002152756,75 to 79 years
9923,7275,0.319541692864995,0.4852428571428571,0.513413002152756,75 to 79 years
9924,9159,0.5805110693573765,0.4852428571428571,0.513413002152756,75 to 79 years
9925,2229,-0.29378795843887345,0.4852428571428571,0.513413002152756,75 to 79 years
9926,3436,0.016298818906722894,0.4852428571428571,0.513413002152756,75 to 79 years
9927,5587,-0.15079846286875442,0.4852428571428571,0.513413002152756,75 to 79 years
9928,6110,0.5805110693573765,0.4852428571428571,0.513413002152756,75 to 79 years
9929,1151,0.1798073576748867,0.4852428571428571,0.513413002152756,75 to 79 years
9930,877,0.21773430144872563,0.4852428571428571,0.513413002152756,75 to 79 years
9931,5076,0.5805110693573765,0.4852428571428571,0.513413002152756,75 to 79 years
9932,8485,0.5805110693573765,0.4852428571428571,0.513413002152756,75 to 79 years
9933,9643,0.13239385198177483,0.4852428571428571,0.513413002152756,75 to 79 years
9934,4699,0.16368113408970292,0.4852428571428571,0.513413002152756,75 to 79 years
9935,2188,0.17951342058424558,0.4852428571428571,0.513413002152756,75 to 79 years
9936,4844,0.5805110693573765,0.4852428571428571,0.513413002152756,75 to 79 years
9937,8446,0.5805110693573765,0.4852428571428571,0.513413002152756,75 to 79 years
9938,4599,-0.12366282755944387,0.4852428571428571,0.513413002152756,75 to 79 years
9939,1788,0.5805110693573765,0.4852428571428571,0.513413002152756,75 to 79 years
9940,2678,0.5805110693573765,0.4852428571428571,0.513413002152756,75 to 79 years
9941,6844,-0.20297206965037756,0.4852428571428571,0.513413002152756,75 to 79 years
9942,2421,0.5805110693573765,0.4852428571428571,0.513413002152756,75 to 79 years
9943,9963,0.24080852673096625,0.4852428571428571,0.513413002152756,75 to 79 years
9944,5391,0.5805110693573765,0.4852428571428571,0.513413002152756,75 to 79 years
9945,6949,0.025496021118840695,0.4852428571428571,0.513413002152756,75 to 79 years
9946,6947,-0.10604541622995818,0.4852428571428571,0.513413002152756,75 to 79 years
9947,9252,-0.29517904969815034,0.4852428571428571,0.513413002152756,75 to 79 years
9948,5116,0.016988527568938355,0.4852428571428571,0.513413002152756,75 to 79 years
9949,4646,0.5805110693573765,0.4852428571428571,0.513413002152756,75 to 79 years
9950,1799,-0.008071747620112526,0.4852428571428571,0.513413002152756,75 to 79 years
9951,2331,-0.333040507146038,0.4852428571428571,0.513413002152756,75 to 79 years
9952,5513,0.5805110693573765,0.4852428571428571,0.513413002152756,75 to 79 years
9953,4607,0.1107372277810355,0.4852428571428571,0.513413002152756,75 to 79 years
9954,4359,0.5805110693573765,0.4852428571428571,0.513413002152756,75 to 79 years
9955,2214,-0.20909183961690106,0.4852428571428571,0.513413002152756,75 to 79 years
9956,1895,-0.2623748274637669,0.4852428571428571,0.513413002152756,75 to 79 years
9957,9913,0.20109486739549493,0.4852428571428571,0.513413002152756,75 to 79 years
9958,1950,0.17894422349700218,0.4852428571428571,0.513413002152756,75 to 79 years
9959,2756,0.2560057504948661,0.4852428571428571,0.513413002152756,75 to 79 years
9960,9302,0.37371629360556385,0.4852428571428571,0.513413002152756,75 to 79 years
9961,6226,0.5805110693573765,0.4852428571428571,0.513413002152756,75 to 79 years
9962,1251,0.5805110693573765,0.4852428571428571,0.513413002152756,75 to 79 years
9963,6530,0.013804258709465219,0.4852428571428571,0.513413002152756,75 to 79 years
9964,5185,0.04302914810196,0.4852428571428571,0.513413002152756,75 to 79 years
9965,2452,-0.012717895041975229,0.4852428571428571,0.513413002152756,75 to 79 years
9966,1142,0.17654009155904526,0.4852428571428571,0.513413002152756,75 to 79 years
9967,998,0.5805110693573765,0.4852428571428571,0.513413002152756,75 to 79 years
9968,6796,0.05845763765994767,0.4852428571428571,0.513413002152756,75 to 79 years
9969,2066,0.5805110693573765,0.4852428571428571,0.513413002152756,75 to 79 years
9970,8949,-0.17458711141439465,0.4852428571428571,0.513413002152756,75 to 79 years
9971,1233,-0.09882915852972388,0.4852428571428571,0.513413002152756,75 to 79 years
9972,3422,0.5805110693573765,0.4852428571428571,0.513413002152756,75 to 79 years
9973,1776,0.07357022783888253,0.4852428571428571,0.513413002152756,75 to 79 years
9974,4302,-0.08530916452817651,0.4852428571428571,0.513413002152756,75 to 79 years
9975,8245,0.019515536151391396,0.4852428571428571,0.513413002152756,75 to 79 years
9976,9730,0.5805110693573765,0.4852428571428571,0.513413002152756,75 to 79 years
9977,3898,0.16008549750619383,0.4852428571428571,0.513413002152756,75 to 79 years
9978,8975,-0.16002655529519447,0.4852428571428571,0.513413002152756,75 to 79 years
9979,8356,0.5805110693573765,0.4852428571428571,0.513413002152756,75 to 79 years
9980,5592,0.5805110693573765,0.4852428571428571,0.513413002152756,75 to 79 years
9981,5688,-0.27747698755255246,0.4852428571428571,0.513413002152756,75 to 79 years
9982,5206,0.045240662713413156,0.4852428571428571,0.513413002152756,75 to 79 years
9983,3890,0.0,0.4852428571428571,0.513413002152756,75 to 79 years
9984,3921,-0.2727333666890226,0.4852428571428571,0.513413002152756,75 to 79 years
9985,1690,0.025359214475565883,0.4852428571428571,0.513413002152756,75 to 79 years
9986,4420,0.1067200917789596,0.4852428571428571,0.513413002152756,75 to 79 years
9987,74,0.07614478602751015,0.4852428571428571,0.513413002152756,75 to 79 years
9988,9741,0.5805110693573765,0.4852428571428571,0.513413002152756,75 to 79 years
9989,8706,0.0,0.4852428571428571,0.513413002152756,75 to 79 years
9990,5258,-0.17079646400264994,0.4852428571428571,0.513413002152756,75 to 79 years
9991,6167,0.0736410351513761,0.4852428571428571,0.513413002152756,75 to 79 years
9992,5901,0.5805110693573765,0.4852428571428571,0.513413002152756,75 to 79 years
9993,7491,0.16206774578324018,0.4852428571428571,0.513413002152756,75 to 79 years
9994,211,0.5805110693573765,0.4852428571428571,0.513413002152756,75 to 79 years
9995,3218,0.10819539850810066,0.4852428571428571,0.513413002152756,75 to 79 years
9996,2311,0.5805110693573765,0.4852428571428571,0.513413002152756,75 to 79 years
9997,5619,0.0,0.4852428571428571,0.513413002152756,75 to 79 years
9998,6390,0.2388481106296093,0.4852428571428571,0.513413002152756,75 to 79 years
9999,5013,0.16273103605654166,0.4852428571428571,0.513413002152756,75 to 79 years
10000,3820,0.09620902049837594,0.4852428571428571,0.513413002152756,75 to 79 years
