,id,health_score,circumstance_score,effort_score,time_bin
0,29428,0.9341428571428569,0.5714285714285714,0.8817963994496572,0 to 4 years
1,25770,0.9341428571428569,0.5714285714285714,0.7329658717857891,0 to 4 years
2,23827,0.9627142857142855,0.8571428571428571,0.5977359323630711,0 to 4 years
3,22527,0.9627142857142855,0.8571428571428571,0.527277900093042,0 to 4 years
4,22827,0.9055714285714284,0.2857142857142857,0.9488146820620127,0 to 4 years
5,23091,0.9198571428571426,0.42857142857142855,0.6723307464827373,0 to 4 years
6,24694,0.9341428571428569,0.5714285714285714,0.3705637764626408,0 to 4 years
7,27099,0.9055714285714284,0.2857142857142857,0.6177709983104329,0 to 4 years
8,29365,0.9198571428571426,0.42857142857142855,0.9116624969305344,0 to 4 years
9,20244,0.9484285714285712,0.7142857142857142,0.630030735614676,0 to 4 years
10,20670,0.891285714285714,0.14285714285714285,0.31107689890792817,0 to 4 years
11,21429,0.9627142857142855,0.8571428571428571,0.42636700424979673,0 to 4 years
12,20194,0.9055714285714284,0.2857142857142857,0.817919429808363,0 to 4 years
13,21360,0.9055714285714284,0.2857142857142857,0.13294682356928905,0 to 4 years
14,20351,0.9627142857142855,0.8571428571428571,0.3104669565732945,0 to 4 years
15,23176,0.9627142857142855,0.8571428571428571,0.21267554661122567,0 to 4 years
16,27930,0.891285714285714,0.14285714285714285,0.6992557744598766,0 to 4 years
17,27455,0.891285714285714,0.14285714285714285,0.9548478824511714,0 to 4 years
18,22412,0.9769999999999998,1.0,0.37348028345429296,0 to 4 years
19,21726,0.891285714285714,0.14285714285714285,0.5327077642355929,0 to 4 years
20,25315,0.9341428571428569,0.5714285714285714,0.7738555778735237,0 to 4 years
21,29756,0.9341428571428569,0.5714285714285714,0.31452290433580543,0 to 4 years
22,20791,0.891285714285714,0.14285714285714285,0.9543172582401627,0 to 4 years
23,23197,0.891285714285714,0.14285714285714285,0.6526138070859224,0 to 4 years
24,20781,0.9198571428571426,0.42857142857142855,0.37648322290387676,0 to 4 years
25,21506,0.891285714285714,0.14285714285714285,0.37619484881282167,0 to 4 years
26,26164,0.891285714285714,0.14285714285714285,0.5767116081955382,0 to 4 years
27,27970,0.9769999999999998,1.0,0.48876544155301727,0 to 4 years
28,20804,0.9769999999999998,1.0,0.4967675743617386,0 to 4 years
29,26713,0.9055714285714284,0.2857142857142857,0.33879024179625555,0 to 4 years
30,20056,0.891285714285714,0.14285714285714285,0.7119845143855859,0 to 4 years
31,22771,0.891285714285714,0.14285714285714285,0.2861399980526578,0 to 4 years
32,28888,0.891285714285714,0.14285714285714285,0.3610570151765028,0 to 4 years
33,24182,0.9627142857142855,0.8571428571428571,0.6310992766756215,0 to 4 years
34,29728,0.9341428571428569,0.5714285714285714,0.3478973410939866,0 to 4 years
35,25431,0.9627142857142855,0.8571428571428571,0.3512706201080335,0 to 4 years
36,22478,0.9341428571428569,0.5714285714285714,0.9963309814042813,0 to 4 years
37,22638,0.9055714285714284,0.2857142857142857,0.7398485602711162,0 to 4 years
38,25874,0.9055714285714284,0.2857142857142857,0.15401341235256188,0 to 4 years
39,21607,0.9198571428571426,0.42857142857142855,0.2862363382118089,0 to 4 years
40,20856,0.891285714285714,0.14285714285714285,0.814854759771412,0 to 4 years
41,23029,0.9198571428571426,0.42857142857142855,0.8726012887394358,0 to 4 years
42,26727,0.9627142857142855,0.8571428571428571,0.1817097432379874,0 to 4 years
43,27036,0.9198571428571426,0.42857142857142855,0.6996265307908137,0 to 4 years
44,27148,0.9055714285714284,0.2857142857142857,0.823273723086968,0 to 4 years
45,22332,0.9055714285714284,0.2857142857142857,0.2002055172209828,0 to 4 years
46,23848,0.9055714285714284,0.2857142857142857,0.8018391733959027,0 to 4 years
47,25382,0.9341428571428569,0.5714285714285714,0.5961274878365608,0 to 4 years
48,25919,0.9055714285714284,0.2857142857142857,0.670225710093974,0 to 4 years
49,23792,0.9769999999999998,1.0,0.6770590686614929,0 to 4 years
50,22728,0.9341428571428569,0.5714285714285714,0.09896097229410944,0 to 4 years
51,28068,0.9055714285714284,0.2857142857142857,0.6480755865978634,0 to 4 years
52,22312,0.9055714285714284,0.2857142857142857,0.8947240985986116,0 to 4 years
53,20114,0.9627142857142855,0.8571428571428571,0.5297690390595979,0 to 4 years
54,29013,0.9341428571428569,0.5714285714285714,0.35573312625944653,0 to 4 years
55,28432,0.9055714285714284,0.2857142857142857,0.01424554947629375,0 to 4 years
56,25000,0.9341428571428569,0.5714285714285714,0.6449774533443325,0 to 4 years
57,26695,0.9769999999999998,1.0,0.5280561744538117,0 to 4 years
58,27142,0.9055714285714284,0.2857142857142857,0.8061778201450152,0 to 4 years
59,28212,0.9198571428571426,0.42857142857142855,0.6892293127558923,0 to 4 years
60,25309,0.891285714285714,0.14285714285714285,0.035594334757072854,0 to 4 years
61,20210,0.9769999999999998,1.0,0.25511941268382093,0 to 4 years
62,29235,0.891285714285714,0.14285714285714285,0.5123707066363403,0 to 4 years
63,22531,0.891285714285714,0.14285714285714285,0.7165770724638896,0 to 4 years
64,23954,0.9627142857142855,0.8571428571428571,0.535361805136125,0 to 4 years
65,21499,0.891285714285714,0.14285714285714285,0.762872144191344,0 to 4 years
66,29859,0.9341428571428569,0.5714285714285714,0.05546566514557849,0 to 4 years
67,26177,0.9627142857142855,0.8571428571428571,0.3095848906099747,0 to 4 years
68,25954,0.891285714285714,0.14285714285714285,0.7309195387509454,0 to 4 years
69,24500,0.891285714285714,0.14285714285714285,0.48766246349444925,0 to 4 years
70,25306,0.9769999999999998,1.0,0.7968176827419902,0 to 4 years
71,25899,0.9055714285714284,0.2857142857142857,0.8145447098914465,0 to 4 years
72,27680,0.9055714285714284,0.2857142857142857,0.6355029197617088,0 to 4 years
73,23329,0.9198571428571426,0.42857142857142855,0.962373311465873,0 to 4 years
74,29596,0.891285714285714,0.14285714285714285,0.14311822837450783,0 to 4 years
75,27296,0.9055714285714284,0.2857142857142857,0.6118938037014625,0 to 4 years
76,26479,0.9055714285714284,0.2857142857142857,0.911798076414823,0 to 4 years
77,23317,0.9769999999999998,1.0,0.3361357053910267,0 to 4 years
78,23388,0.9341428571428569,0.5714285714285714,0.2746391652761005,0 to 4 years
79,26414,0.9341428571428569,0.5714285714285714,0.9577911320945683,0 to 4 years
80,23024,0.9055714285714284,0.2857142857142857,0.2016700164023173,0 to 4 years
81,23736,0.9627142857142855,0.8571428571428571,0.6380280318696752,0 to 4 years
82,20564,0.9341428571428569,0.5714285714285714,0.3705348413308008,0 to 4 years
83,28464,0.9055714285714284,0.2857142857142857,0.8960310106191116,0 to 4 years
84,28776,0.9341428571428569,0.5714285714285714,0.46652942474069037,0 to 4 years
85,27666,0.9341428571428569,0.5714285714285714,0.4102871517779007,0 to 4 years
86,28856,0.891285714285714,0.14285714285714285,0.3516958756876033,0 to 4 years
87,25636,0.9198571428571426,0.42857142857142855,0.06390808044781426,0 to 4 years
88,25094,0.9769999999999998,1.0,0.7858392768528363,0 to 4 years
89,27562,0.9627142857142855,0.8571428571428571,0.8826883819705612,0 to 4 years
90,29570,0.891285714285714,0.14285714285714285,0.4052135938551208,0 to 4 years
91,20928,0.9055714285714284,0.2857142857142857,0.5592278006645481,0 to 4 years
92,27419,0.9341428571428569,0.5714285714285714,0.6203193188618351,0 to 4 years
93,26046,0.9627142857142855,0.8571428571428571,0.31247133627909274,0 to 4 years
94,25144,0.9055714285714284,0.2857142857142857,0.09814763754320527,0 to 4 years
95,28545,0.9341428571428569,0.5714285714285714,0.8349079444816606,0 to 4 years
96,26516,0.9769999999999998,1.0,0.37889329819097833,0 to 4 years
97,28919,0.891285714285714,0.14285714285714285,0.6243348463518854,0 to 4 years
98,27992,0.9198571428571426,0.42857142857142855,0.9368269593629185,0 to 4 years
99,22043,0.9341428571428569,0.5714285714285714,0.7112171943120662,0 to 4 years
100,26702,0.9055714285714284,0.2857142857142857,0.47554881149817435,0 to 4 years
101,21426,0.9341428571428569,0.5714285714285714,0.6935782453108168,0 to 4 years
102,27664,0.9341428571428569,0.5714285714285714,0.06398798030869124,0 to 4 years
103,28655,0.9055714285714284,0.2857142857142857,0.49631426172417287,0 to 4 years
104,29968,0.891285714285714,0.14285714285714285,0.25999112174037486,0 to 4 years
105,26900,0.9198571428571426,0.42857142857142855,0.913525995795526,0 to 4 years
106,22781,0.9341428571428569,0.5714285714285714,0.7522723238662548,0 to 4 years
107,28810,0.9341428571428569,0.5714285714285714,0.1809159458769375,0 to 4 years
108,23057,0.9769999999999998,1.0,0.8829645421996437,0 to 4 years
109,27014,0.9055714285714284,0.2857142857142857,0.23556689394704372,0 to 4 years
110,25062,0.891285714285714,0.14285714285714285,0.8234333537372037,0 to 4 years
111,23370,0.9627142857142855,0.8571428571428571,0.2885025964734115,0 to 4 years
112,27772,0.9627142857142855,0.8571428571428571,0.6431004943935512,0 to 4 years
113,24167,0.9341428571428569,0.5714285714285714,0.14815750280278944,0 to 4 years
114,23625,0.9341428571428569,0.5714285714285714,0.5002383348310714,0 to 4 years
115,27759,0.9627142857142855,0.8571428571428571,0.41045575091492903,0 to 4 years
116,28240,0.9055714285714284,0.2857142857142857,0.7841470230730458,0 to 4 years
117,27884,0.9198571428571426,0.42857142857142855,0.7528163036112973,0 to 4 years
118,20651,0.891285714285714,0.14285714285714285,0.4428921818127899,0 to 4 years
119,29017,0.9198571428571426,0.42857142857142855,0.08943373329426557,0 to 4 years
120,28334,0.9055714285714284,0.2857142857142857,0.4419730184650384,0 to 4 years
121,22915,0.9341428571428569,0.5714285714285714,0.09247878555794797,0 to 4 years
122,26016,0.891285714285714,0.14285714285714285,0.45048796276204156,0 to 4 years
123,20933,0.9627142857142855,0.8571428571428571,0.7959007396966088,0 to 4 years
124,28570,0.891285714285714,0.14285714285714285,0.6501535807441206,0 to 4 years
125,22318,0.9055714285714284,0.2857142857142857,0.1736140642314018,0 to 4 years
126,21790,0.9769999999999998,1.0,0.6011189436268245,0 to 4 years
127,28284,0.9055714285714284,0.2857142857142857,0.8690425317177672,0 to 4 years
128,29911,0.9769999999999998,1.0,0.2507495824660857,0 to 4 years
129,29753,0.9341428571428569,0.5714285714285714,0.5045095575589643,0 to 4 years
130,27605,0.9055714285714284,0.2857142857142857,0.2868346405100396,0 to 4 years
131,22462,0.891285714285714,0.14285714285714285,0.07486595300689963,0 to 4 years
132,28065,0.9769999999999998,1.0,0.2241884143916007,0 to 4 years
133,25661,0.9341428571428569,0.5714285714285714,0.16099093282926052,0 to 4 years
134,21142,0.9055714285714284,0.2857142857142857,0.5560608977451713,0 to 4 years
135,27115,0.891285714285714,0.14285714285714285,0.28104665292423164,0 to 4 years
136,24922,0.9055714285714284,0.2857142857142857,0.7876213496129074,0 to 4 years
137,20228,0.9055714285714284,0.2857142857142857,0.6401982675841279,0 to 4 years
138,29965,0.9055714285714284,0.2857142857142857,0.9789543724830446,0 to 4 years
139,25412,0.9341428571428569,0.5714285714285714,0.633140452772355,0 to 4 years
140,28400,0.9484285714285712,0.7142857142857142,0.8917096311635682,0 to 4 years
141,24543,0.891285714285714,0.14285714285714285,0.4597529361823337,0 to 4 years
142,20472,0.891285714285714,0.14285714285714285,0.2933274975713763,0 to 4 years
143,22150,0.9627142857142855,0.8571428571428571,0.6293978562889212,0 to 4 years
144,20652,0.9627142857142855,0.8571428571428571,0.4088366564320034,0 to 4 years
145,26906,0.9055714285714284,0.2857142857142857,0.24626017715651283,0 to 4 years
146,20551,0.9055714285714284,0.2857142857142857,0.36591795146903094,0 to 4 years
147,20207,0.9341428571428569,0.5714285714285714,0.11868852230591725,0 to 4 years
148,27342,0.9055714285714284,0.2857142857142857,0.5202076690990046,0 to 4 years
149,24856,0.9198571428571426,0.42857142857142855,0.8563650174317359,0 to 4 years
150,22346,0.9055714285714284,0.2857142857142857,0.7395490143211333,0 to 4 years
151,22060,0.9055714285714284,0.2857142857142857,0.5884701560326739,0 to 4 years
152,24993,0.9769999999999998,1.0,0.7270836929204141,0 to 4 years
153,22556,0.9341428571428569,0.5714285714285714,0.721874309807035,0 to 4 years
154,27098,0.9055714285714284,0.2857142857142857,0.17050550560776628,0 to 4 years
155,22588,0.9627142857142855,0.8571428571428571,0.4478408688552441,0 to 4 years
156,29399,0.9627142857142855,0.8571428571428571,0.4748422909572946,0 to 4 years
157,21132,0.9055714285714284,0.2857142857142857,0.43222693336073287,0 to 4 years
158,29123,0.9055714285714284,0.2857142857142857,0.11867688749865885,0 to 4 years
159,24596,0.9055714285714284,0.2857142857142857,0.36936068551204015,0 to 4 years
160,28852,0.9627142857142855,0.8571428571428571,0.9449199393920564,0 to 4 years
161,27853,0.9627142857142855,0.8571428571428571,0.4632967862676583,0 to 4 years
162,24247,0.9627142857142855,0.8571428571428571,0.4315183737799405,0 to 4 years
163,28970,0.891285714285714,0.14285714285714285,0.20146693071706323,0 to 4 years
164,21788,0.891285714285714,0.14285714285714285,0.20753232399169713,0 to 4 years
165,20309,0.9484285714285712,0.7142857142857142,0.333179223036385,0 to 4 years
166,23456,0.9341428571428569,0.5714285714285714,0.6904061485427205,0 to 4 years
167,22194,0.9198571428571426,0.42857142857142855,0.3455280383740911,0 to 4 years
168,22273,0.9055714285714284,0.2857142857142857,0.04988832498005946,0 to 4 years
169,21733,0.891285714285714,0.14285714285714285,0.7448352206382798,0 to 4 years
170,25156,0.9055714285714284,0.2857142857142857,0.13910299821136218,0 to 4 years
171,23723,0.9341428571428569,0.5714285714285714,0.7605994342295936,0 to 4 years
172,24551,0.9198571428571426,0.42857142857142855,0.9028425554343171,0 to 4 years
173,20219,0.9055714285714284,0.2857142857142857,0.9424136722571164,0 to 4 years
174,24432,0.9769999999999998,1.0,0.3504206819527655,0 to 4 years
175,26696,0.891285714285714,0.14285714285714285,0.5107490129810668,0 to 4 years
176,24253,0.9627142857142855,0.8571428571428571,0.40028873352496797,0 to 4 years
177,27855,0.9341428571428569,0.5714285714285714,0.6266831083403452,0 to 4 years
178,22424,0.891285714285714,0.14285714285714285,0.6486894382691919,0 to 4 years
179,25168,0.9055714285714284,0.2857142857142857,0.318435038075141,0 to 4 years
180,21810,0.9055714285714284,0.2857142857142857,0.4909922432956823,0 to 4 years
181,25157,0.9055714285714284,0.2857142857142857,0.8866786287086934,0 to 4 years
182,20633,0.891285714285714,0.14285714285714285,0.15827811638689604,0 to 4 years
183,22202,0.9627142857142855,0.8571428571428571,0.16165589626314464,0 to 4 years
184,24093,0.891285714285714,0.14285714285714285,0.4657610920887353,0 to 4 years
185,28680,0.9055714285714284,0.2857142857142857,0.43149606211853336,0 to 4 years
186,20285,0.9341428571428569,0.5714285714285714,0.22692121760029083,0 to 4 years
187,28537,0.9055714285714284,0.2857142857142857,0.48878309051086827,0 to 4 years
188,29918,0.9627142857142855,0.8571428571428571,0.18107043018312108,0 to 4 years
189,24936,0.9055714285714284,0.2857142857142857,0.7167920205590779,0 to 4 years
190,21513,0.9627142857142855,0.8571428571428571,0.8425619155605344,0 to 4 years
191,20142,0.9769999999999998,1.0,0.40617849189802124,0 to 4 years
192,20232,0.9055714285714284,0.2857142857142857,0.2838979483653862,0 to 4 years
193,25619,0.9341428571428569,0.5714285714285714,0.4730986596735099,0 to 4 years
194,28946,0.9341428571428569,0.5714285714285714,0.13180372469347562,0 to 4 years
195,22441,0.9341428571428569,0.5714285714285714,0.9887701021553206,0 to 4 years
196,24016,0.9055714285714284,0.2857142857142857,0.3969385153477203,0 to 4 years
197,29970,0.891285714285714,0.14285714285714285,0.10042548447643557,0 to 4 years
198,29865,0.9341428571428569,0.5714285714285714,0.0263657400179087,0 to 4 years
199,26530,0.9627142857142855,0.8571428571428571,0.4765097222817381,0 to 4 years
200,28711,0.9198571428571426,0.42857142857142855,0.1691251562386868,0 to 4 years
201,22390,0.9627142857142855,0.8571428571428571,0.5166048313252126,0 to 4 years
202,24903,0.9198571428571426,0.42857142857142855,0.7029093628733206,0 to 4 years
203,26807,0.9055714285714284,0.2857142857142857,0.7922744763411103,0 to 4 years
204,29613,0.9055714285714284,0.2857142857142857,0.21074035026173427,0 to 4 years
205,24020,0.9341428571428569,0.5714285714285714,0.2702511341376574,0 to 4 years
206,26063,0.9627142857142855,0.8571428571428571,0.5118054364165804,0 to 4 years
207,20987,0.891285714285714,0.14285714285714285,0.9982672704571465,0 to 4 years
208,28528,0.9341428571428569,0.5714285714285714,0.664070505627016,0 to 4 years
209,23771,0.9198571428571426,0.42857142857142855,0.59735858077871,0 to 4 years
210,24875,0.9055714285714284,0.2857142857142857,0.75174710391038,0 to 4 years
211,28954,0.9484285714285712,0.7142857142857142,0.7087585126833338,0 to 4 years
212,26230,0.9341428571428569,0.5714285714285714,0.22491054486794643,0 to 4 years
213,23933,0.9627142857142855,0.8571428571428571,0.8493652298743326,0 to 4 years
214,26972,0.9055714285714284,0.2857142857142857,0.656409822184327,0 to 4 years
215,23646,0.9769999999999998,1.0,0.47404611878664776,0 to 4 years
216,25775,0.891285714285714,0.14285714285714285,0.6945945893744205,0 to 4 years
217,29906,0.9769999999999998,1.0,0.1805994300171384,0 to 4 years
218,25169,0.891285714285714,0.14285714285714285,0.06426741233735711,0 to 4 years
219,21830,0.9627142857142855,0.8571428571428571,0.9484598213683764,0 to 4 years
220,20842,0.9627142857142855,0.8571428571428571,0.24071631201600235,0 to 4 years
221,23343,0.9341428571428569,0.5714285714285714,0.22703451491530624,0 to 4 years
222,20872,0.9055714285714284,0.2857142857142857,0.9387500017074125,0 to 4 years
223,28460,0.9627142857142855,0.8571428571428571,0.8441455055700555,0 to 4 years
224,24599,0.9627142857142855,0.8571428571428571,0.5196855047150014,0 to 4 years
225,22205,0.891285714285714,0.14285714285714285,0.6946191691738988,0 to 4 years
226,21370,0.9055714285714284,0.2857142857142857,0.42978589247008026,0 to 4 years
227,20823,0.9055714285714284,0.2857142857142857,0.30064818459299203,0 to 4 years
228,28567,0.9769999999999998,1.0,0.8939136993756334,0 to 4 years
229,22277,0.9627142857142855,0.8571428571428571,0.18781108461916268,0 to 4 years
230,20268,0.9055714285714284,0.2857142857142857,0.30224122021677524,0 to 4 years
231,21406,0.9769999999999998,1.0,0.6885119940611498,0 to 4 years
232,22501,0.9055714285714284,0.2857142857142857,0.8262187832308032,0 to 4 years
233,25059,0.9055714285714284,0.2857142857142857,0.88226144245299,0 to 4 years
234,27289,0.9341428571428569,0.5714285714285714,0.5474043968372331,0 to 4 years
235,21077,0.9627142857142855,0.8571428571428571,0.194097263322211,0 to 4 years
236,29778,0.9341428571428569,0.5714285714285714,0.8143031660385056,0 to 4 years
237,26675,0.9055714285714284,0.2857142857142857,0.8091038757225375,0 to 4 years
238,24071,0.9627142857142855,0.8571428571428571,0.3753158354985554,0 to 4 years
239,21581,0.9341428571428569,0.5714285714285714,0.3278200144604551,0 to 4 years
240,20457,0.9055714285714284,0.2857142857142857,0.42929538101431775,0 to 4 years
241,20209,0.9341428571428569,0.5714285714285714,0.00522058652235069,0 to 4 years
242,24932,0.891285714285714,0.14285714285714285,0.29312234173820145,0 to 4 years
243,22537,0.9627142857142855,0.8571428571428571,0.7401892928186626,0 to 4 years
244,23132,0.9198571428571426,0.42857142857142855,0.8702585959399143,0 to 4 years
245,20816,0.9341428571428569,0.5714285714285714,0.8030910357895995,0 to 4 years
246,21186,0.891285714285714,0.14285714285714285,0.9334295539756887,0 to 4 years
247,23192,0.891285714285714,0.14285714285714285,0.7431362332995984,0 to 4 years
248,25629,0.891285714285714,0.14285714285714285,0.5285307640097909,0 to 4 years
249,21784,0.9341428571428569,0.5714285714285714,0.4189845452414983,0 to 4 years
250,20116,0.891285714285714,0.14285714285714285,0.4070086598071457,0 to 4 years
251,29438,0.9627142857142855,0.8571428571428571,0.5063739246267682,0 to 4 years
252,23041,0.9055714285714284,0.2857142857142857,0.17955929918277996,0 to 4 years
253,23728,0.9484285714285712,0.7142857142857142,0.4041879213437346,0 to 4 years
254,29411,0.9055714285714284,0.2857142857142857,0.10943568145772864,0 to 4 years
255,22320,0.9627142857142855,0.8571428571428571,0.9498456791359028,0 to 4 years
256,21206,0.9198571428571426,0.42857142857142855,0.3820723458763162,0 to 4 years
257,22400,0.891285714285714,0.14285714285714285,0.21915248002275622,0 to 4 years
258,21673,0.9341428571428569,0.5714285714285714,0.49953211724174723,0 to 4 years
259,22147,0.9341428571428569,0.5714285714285714,0.7686800364222139,0 to 4 years
260,24979,0.891285714285714,0.14285714285714285,0.6788960628791635,0 to 4 years
261,28406,0.9341428571428569,0.5714285714285714,0.8243263742098053,0 to 4 years
262,22609,0.9055714285714284,0.2857142857142857,0.5330054031169335,0 to 4 years
263,22069,0.9341428571428569,0.5714285714285714,0.22817989219350748,0 to 4 years
264,27414,0.9627142857142855,0.8571428571428571,0.22369410766616948,0 to 4 years
265,23373,0.891285714285714,0.14285714285714285,0.26562649506922204,0 to 4 years
266,24902,0.891285714285714,0.14285714285714285,0.8495275547705436,0 to 4 years
267,25485,0.9198571428571426,0.42857142857142855,0.48814442269694686,0 to 4 years
268,27709,0.9055714285714284,0.2857142857142857,0.33842186359267035,0 to 4 years
269,29692,0.9055714285714284,0.2857142857142857,0.2931417910196523,0 to 4 years
270,21436,0.9627142857142855,0.8571428571428571,0.48246669203017156,0 to 4 years
271,24006,0.9627142857142855,0.8571428571428571,0.4297644321716118,0 to 4 years
272,20075,0.9627142857142855,0.8571428571428571,0.49430750482352287,0 to 4 years
273,28503,0.9769999999999998,1.0,0.3580817803494452,0 to 4 years
274,20317,0.9055714285714284,0.2857142857142857,0.5319415219109038,0 to 4 years
275,23648,0.9627142857142855,0.8571428571428571,0.8715145002493367,0 to 4 years
276,26749,0.9627142857142855,0.8571428571428571,0.7701846314187605,0 to 4 years
277,21577,0.891285714285714,0.14285714285714285,0.4564300249867374,0 to 4 years
278,24815,0.891285714285714,0.14285714285714285,0.09143209547607495,0 to 4 years
279,20029,0.9341428571428569,0.5714285714285714,0.4307391698851254,0 to 4 years
280,26316,0.9341428571428569,0.5714285714285714,0.28729272507349757,0 to 4 years
281,20367,0.9484285714285712,0.7142857142857142,0.028820770741504798,0 to 4 years
282,22066,0.9627142857142855,0.8571428571428571,0.8495952469139697,0 to 4 years
283,22181,0.9198571428571426,0.42857142857142855,0.380735665366732,0 to 4 years
284,24473,0.9627142857142855,0.8571428571428571,0.9660473250837733,0 to 4 years
285,25256,0.9055714285714284,0.2857142857142857,0.2834319961872804,0 to 4 years
286,25110,0.9627142857142855,0.8571428571428571,0.5279327732493784,0 to 4 years
287,28335,0.9627142857142855,0.8571428571428571,0.6945292107348034,0 to 4 years
288,21290,0.891285714285714,0.14285714285714285,0.9503588229760919,0 to 4 years
289,28483,0.891285714285714,0.14285714285714285,0.26533527107244076,0 to 4 years
290,26911,0.9769999999999998,1.0,0.8202284618694207,0 to 4 years
291,25973,0.9198571428571426,0.42857142857142855,0.6334613483775745,0 to 4 years
292,23813,0.891285714285714,0.14285714285714285,0.6451210249393609,0 to 4 years
293,27620,0.891285714285714,0.14285714285714285,0.6956911944349302,0 to 4 years
294,23406,0.891285714285714,0.14285714285714285,0.636276546308515,0 to 4 years
295,21803,0.9627142857142855,0.8571428571428571,0.6990945682709842,0 to 4 years
296,21997,0.891285714285714,0.14285714285714285,0.49951031257845724,0 to 4 years
297,21414,0.891285714285714,0.14285714285714285,0.2834919985900418,0 to 4 years
298,20491,0.9055714285714284,0.2857142857142857,0.009273713521465332,0 to 4 years
299,27592,0.9341428571428569,0.5714285714285714,0.4238815162531959,0 to 4 years
300,27630,0.9055714285714284,0.2857142857142857,0.024044050731361843,0 to 4 years
301,23939,0.9341428571428569,0.5714285714285714,0.9391961444185613,0 to 4 years
302,27956,0.891285714285714,0.14285714285714285,0.08994443561069942,0 to 4 years
303,22349,0.9198571428571426,0.42857142857142855,0.22496722964598886,0 to 4 years
304,25779,0.9055714285714284,0.2857142857142857,0.20578224629718844,0 to 4 years
305,27446,0.891285714285714,0.14285714285714285,0.009346491847703753,0 to 4 years
306,29508,0.891285714285714,0.14285714285714285,0.8377597001429324,0 to 4 years
307,27106,0.9627142857142855,0.8571428571428571,0.02378949793717533,0 to 4 years
308,29373,0.9055714285714284,0.2857142857142857,0.49046497834375363,0 to 4 years
309,22068,0.9484285714285712,0.7142857142857142,0.6710519524479341,0 to 4 years
310,25262,0.9198571428571426,0.42857142857142855,0.5852031131551452,0 to 4 years
311,24816,0.891285714285714,0.14285714285714285,0.8947029363004636,0 to 4 years
312,28163,0.891285714285714,0.14285714285714285,0.8267332331614459,0 to 4 years
313,28401,0.9341428571428569,0.5714285714285714,0.0895881092036731,0 to 4 years
314,28007,0.9055714285714284,0.2857142857142857,0.048756242314864306,0 to 4 years
315,26188,0.9055714285714284,0.2857142857142857,0.9575826464595159,0 to 4 years
316,21913,0.9341428571428569,0.5714285714285714,0.10579895223700803,0 to 4 years
317,25125,0.891285714285714,0.14285714285714285,0.26234092663001596,0 to 4 years
318,26317,0.9627142857142855,0.8571428571428571,0.6976007608236701,0 to 4 years
319,25378,0.9198571428571426,0.42857142857142855,0.6162288720117535,0 to 4 years
320,23288,0.9769999999999998,1.0,0.018837776572665943,0 to 4 years
321,23143,0.9627142857142855,0.8571428571428571,0.16421202848313032,0 to 4 years
322,28438,0.9055714285714284,0.2857142857142857,0.39351002950956415,0 to 4 years
323,22894,0.9341428571428569,0.5714285714285714,0.7556840707190198,0 to 4 years
324,23124,0.891285714285714,0.14285714285714285,0.6566897969927308,0 to 4 years
325,22945,0.9055714285714284,0.2857142857142857,0.5345596403308642,0 to 4 years
326,24305,0.9055714285714284,0.2857142857142857,0.13396357245563856,0 to 4 years
327,26086,0.9055714285714284,0.2857142857142857,0.6014303329938581,0 to 4 years
328,22913,0.9341428571428569,0.5714285714285714,0.9381741574002709,0 to 4 years
329,26219,0.9769999999999998,1.0,0.6752143109526433,0 to 4 years
330,29888,0.9627142857142855,0.8571428571428571,0.8870426612209393,0 to 4 years
331,26135,0.9055714285714284,0.2857142857142857,0.24188769613892264,0 to 4 years
332,24418,0.891285714285714,0.14285714285714285,0.4296948333119728,0 to 4 years
333,25976,0.9341428571428569,0.5714285714285714,0.8330965813437998,0 to 4 years
334,24487,0.891285714285714,0.14285714285714285,0.12229689858472342,0 to 4 years
335,25862,0.891285714285714,0.14285714285714285,0.4216062064871107,0 to 4 years
336,20323,0.9627142857142855,0.8571428571428571,0.5845532338388261,0 to 4 years
337,28027,0.9341428571428569,0.5714285714285714,0.4975362721849902,0 to 4 years
338,27160,0.9198571428571426,0.42857142857142855,0.8697373339308434,0 to 4 years
339,28110,0.9627142857142855,0.8571428571428571,0.49076470480835876,0 to 4 years
340,28419,0.9769999999999998,1.0,0.13022009565581777,0 to 4 years
341,25814,0.9198571428571426,0.42857142857142855,0.7039865320897789,0 to 4 years
342,28381,0.891285714285714,0.14285714285714285,0.3916683044228469,0 to 4 years
343,21531,0.9198571428571426,0.42857142857142855,0.5308666236957453,0 to 4 years
344,23669,0.9769999999999998,1.0,0.6606004002697538,0 to 4 years
345,23994,0.9198571428571426,0.42857142857142855,0.9405071707753789,0 to 4 years
346,22665,0.9055714285714284,0.2857142857142857,0.7739468368880281,0 to 4 years
347,22331,0.9055714285714284,0.2857142857142857,0.23919032705288656,0 to 4 years
348,29104,0.9055714285714284,0.2857142857142857,0.5981287041030013,0 to 4 years
349,29019,0.9341428571428569,0.5714285714285714,0.7336080812194448,0 to 4 years
350,29259,0.9055714285714284,0.2857142857142857,0.8439807403210888,0 to 4 years
351,20470,0.891285714285714,0.14285714285714285,0.31376079135424695,0 to 4 years
352,21945,0.9055714285714284,0.2857142857142857,0.12349409225852387,0 to 4 years
353,23301,0.9341428571428569,0.5714285714285714,0.6789344974279283,0 to 4 years
354,23393,0.891285714285714,0.14285714285714285,0.15501431245868236,0 to 4 years
355,24652,0.9769999999999998,1.0,0.6691285715440671,0 to 4 years
356,21128,0.9198571428571426,0.42857142857142855,0.18718309232250835,0 to 4 years
357,27359,0.9055714285714284,0.2857142857142857,0.7948836452093884,0 to 4 years
358,29416,0.9769999999999998,1.0,0.6292625231057647,0 to 4 years
359,22701,0.9055714285714284,0.2857142857142857,0.22797914436270145,0 to 4 years
360,20621,0.9198571428571426,0.42857142857142855,0.2648696198550946,0 to 4 years
361,29952,0.9055714285714284,0.2857142857142857,0.45539357133476677,0 to 4 years
362,26038,0.9341428571428569,0.5714285714285714,0.433402829215474,0 to 4 years
363,29048,0.9055714285714284,0.2857142857142857,0.1347449851119883,0 to 4 years
364,22570,0.9198571428571426,0.42857142857142855,0.5395733211064143,0 to 4 years
365,24023,0.9198571428571426,0.42857142857142855,0.2082990022167231,0 to 4 years
366,26543,0.9055714285714284,0.2857142857142857,0.3395944446974791,0 to 4 years
367,25610,0.9341428571428569,0.5714285714285714,0.504519292406529,0 to 4 years
368,25414,0.9627142857142855,0.8571428571428571,0.5352757357733914,0 to 4 years
369,24886,0.9627142857142855,0.8571428571428571,0.8351235295391013,0 to 4 years
370,26576,0.9627142857142855,0.8571428571428571,0.04240309058866676,0 to 4 years
371,20517,0.9055714285714284,0.2857142857142857,0.13193500947154613,0 to 4 years
372,29338,0.9769999999999998,1.0,0.6757770559273183,0 to 4 years
373,26878,0.9627142857142855,0.8571428571428571,0.7145947903972563,0 to 4 years
374,25989,0.9198571428571426,0.42857142857142855,0.25548530475968195,0 to 4 years
375,27110,0.9769999999999998,1.0,0.375069084068417,0 to 4 years
376,22014,0.9627142857142855,0.8571428571428571,0.7040535687712332,0 to 4 years
377,21495,0.9055714285714284,0.2857142857142857,0.578652213551562,0 to 4 years
378,20832,0.9341428571428569,0.5714285714285714,0.7884180826010537,0 to 4 years
379,25148,0.9055714285714284,0.2857142857142857,0.7476502358873858,0 to 4 years
380,25491,0.9055714285714284,0.2857142857142857,0.3528040561672733,0 to 4 years
381,22283,0.9055714285714284,0.2857142857142857,0.6029528906062113,0 to 4 years
382,29811,0.9055714285714284,0.2857142857142857,0.5309232611747046,0 to 4 years
383,25253,0.9341428571428569,0.5714285714285714,0.4599951036417399,0 to 4 years
384,23917,0.9055714285714284,0.2857142857142857,0.6011971263762356,0 to 4 years
385,22985,0.9627142857142855,0.8571428571428571,0.32178817204875754,0 to 4 years
386,27565,0.9341428571428569,0.5714285714285714,0.1081936330252885,0 to 4 years
387,29207,0.9198571428571426,0.42857142857142855,0.24972825671378018,0 to 4 years
388,22519,0.891285714285714,0.14285714285714285,0.8210695350496788,0 to 4 years
389,26413,0.9627142857142855,0.8571428571428571,0.35483157659916387,0 to 4 years
390,24413,0.891285714285714,0.14285714285714285,0.8044395306726959,0 to 4 years
391,20361,0.9341428571428569,0.5714285714285714,0.8539335267794317,0 to 4 years
392,23213,0.9484285714285712,0.7142857142857142,0.694825807396811,0 to 4 years
393,23656,0.891285714285714,0.14285714285714285,0.5811088047597797,0 to 4 years
394,27803,0.9341428571428569,0.5714285714285714,0.15478041144923488,0 to 4 years
395,22664,0.9055714285714284,0.2857142857142857,0.27350818328421045,0 to 4 years
396,21800,0.9627142857142855,0.8571428571428571,0.6758768312679558,0 to 4 years
397,25044,0.9198571428571426,0.42857142857142855,0.7045273139713564,0 to 4 years
398,27959,0.9341428571428569,0.5714285714285714,0.7106047005217762,0 to 4 years
399,29073,0.9341428571428569,0.5714285714285714,0.7873034976306339,0 to 4 years
400,29085,0.9627142857142855,0.8571428571428571,0.36399075628261346,0 to 4 years
401,25789,0.9769999999999998,1.0,0.8877408149756021,0 to 4 years
402,29799,0.891285714285714,0.14285714285714285,0.7532254596401602,0 to 4 years
403,27199,0.9769999999999998,1.0,0.8794588456443291,0 to 4 years
404,24248,0.9341428571428569,0.5714285714285714,0.8602546393572782,0 to 4 years
405,21712,0.9484285714285712,0.7142857142857142,0.2818515745036335,0 to 4 years
406,26541,0.891285714285714,0.14285714285714285,0.16101352882605147,0 to 4 years
407,24324,0.9055714285714284,0.2857142857142857,0.1311271155480906,0 to 4 years
408,28543,0.9769999999999998,1.0,0.6314687222230304,0 to 4 years
409,24518,0.9198571428571426,0.42857142857142855,0.527920148347491,0 to 4 years
410,23436,0.891285714285714,0.14285714285714285,0.23884709744532567,0 to 4 years
411,21836,0.9055714285714284,0.2857142857142857,0.7750678232514749,0 to 4 years
412,25512,0.891285714285714,0.14285714285714285,0.5740960654058869,0 to 4 years
413,23558,0.9769999999999998,1.0,0.6886881569898837,0 to 4 years
414,27998,0.9484285714285712,0.7142857142857142,0.7914500692659315,0 to 4 years
415,28961,0.9341428571428569,0.5714285714285714,0.3832381779892461,0 to 4 years
416,20549,0.9341428571428569,0.5714285714285714,0.7479564158382036,0 to 4 years
417,20834,0.9627142857142855,0.8571428571428571,0.1001543130696948,0 to 4 years
418,24405,0.9198571428571426,0.42857142857142855,0.9951619028296192,0 to 4 years
419,27025,0.9198571428571426,0.42857142857142855,0.8313535656973409,0 to 4 years
420,27543,0.9055714285714284,0.2857142857142857,0.686863173119892,0 to 4 years
421,28296,0.9055714285714284,0.2857142857142857,0.7429475419750015,0 to 4 years
422,22225,0.9627142857142855,0.8571428571428571,0.70239398126246,0 to 4 years
423,24080,0.9055714285714284,0.2857142857142857,0.27235974465059476,0 to 4 years
424,27191,0.9055714285714284,0.2857142857142857,0.7927989768302165,0 to 4 years
425,22834,0.9055714285714284,0.2857142857142857,0.1823521535083556,0 to 4 years
426,29001,0.891285714285714,0.14285714285714285,0.33629604084031506,0 to 4 years
427,29035,0.9341428571428569,0.5714285714285714,0.7821946987144557,0 to 4 years
428,24581,0.9627142857142855,0.8571428571428571,0.6596557174473088,0 to 4 years
429,23248,0.891285714285714,0.14285714285714285,0.7060947276182257,0 to 4 years
430,26015,0.9055714285714284,0.2857142857142857,0.9121453997991492,0 to 4 years
431,23801,0.9055714285714284,0.2857142857142857,0.6097671699854793,0 to 4 years
432,20199,0.9198571428571426,0.42857142857142855,0.9279016887582971,0 to 4 years
433,24843,0.9198571428571426,0.42857142857142855,0.5431092617561102,0 to 4 years
434,26404,0.9341428571428569,0.5714285714285714,0.9688817223331827,0 to 4 years
435,28257,0.9484285714285712,0.7142857142857142,0.247524070120688,0 to 4 years
436,27623,0.9198571428571426,0.42857142857142855,0.27937650754953236,0 to 4 years
437,23101,0.9769999999999998,1.0,0.2488677510836137,0 to 4 years
438,29277,0.9484285714285712,0.7142857142857142,0.20977515788461182,0 to 4 years
439,23527,0.9055714285714284,0.2857142857142857,0.5724261468906706,0 to 4 years
440,20345,0.9198571428571426,0.42857142857142855,0.4927836581705208,0 to 4 years
441,28124,0.9055714285714284,0.2857142857142857,0.47516209638107854,0 to 4 years
442,27913,0.9055714285714284,0.2857142857142857,0.09351617279202262,0 to 4 years
443,26329,0.9341428571428569,0.5714285714285714,0.6343648118844364,0 to 4 years
444,25164,0.9055714285714284,0.2857142857142857,0.40716997171993996,0 to 4 years
445,23141,0.9055714285714284,0.2857142857142857,0.2513671035766679,0 to 4 years
446,20544,0.9055714285714284,0.2857142857142857,0.6793131498043518,0 to 4 years
447,20672,0.9198571428571426,0.42857142857142855,0.07313947588667108,0 to 4 years
448,24778,0.9627142857142855,0.8571428571428571,0.9808867484315039,0 to 4 years
449,23166,0.9198571428571426,0.42857142857142855,0.37925394688584446,0 to 4 years
450,24966,0.9627142857142855,0.8571428571428571,0.224700581640219,0 to 4 years
451,27882,0.9341428571428569,0.5714285714285714,0.2845999218970377,0 to 4 years
452,23967,0.9055714285714284,0.2857142857142857,0.07271582590102743,0 to 4 years
453,21435,0.9341428571428569,0.5714285714285714,0.9994894415300175,0 to 4 years
454,26371,0.9055714285714284,0.2857142857142857,0.7262660426149298,0 to 4 years
455,28264,0.9627142857142855,0.8571428571428571,0.7938201407442624,0 to 4 years
456,20110,0.9341428571428569,0.5714285714285714,0.3494933953310379,0 to 4 years
457,20009,0.9341428571428569,0.5714285714285714,0.3188553098381992,0 to 4 years
458,27841,0.9341428571428569,0.5714285714285714,0.13037647940376162,0 to 4 years
459,23102,0.9341428571428569,0.5714285714285714,0.6714269814239646,0 to 4 years
460,20421,0.9055714285714284,0.2857142857142857,0.49260906335731913,0 to 4 years
461,23947,0.9198571428571426,0.42857142857142855,0.22333669415559193,0 to 4 years
462,29139,0.9055714285714284,0.2857142857142857,0.26113855308403944,0 to 4 years
463,25039,0.9341428571428569,0.5714285714285714,0.45272406503557827,0 to 4 years
464,28814,0.9055714285714284,0.2857142857142857,0.7326131663214142,0 to 4 years
465,26233,0.9055714285714284,0.2857142857142857,0.6275224237158938,0 to 4 years
466,29839,0.9769999999999998,1.0,0.5673035452022189,0 to 4 years
467,23846,0.9341428571428569,0.5714285714285714,0.4172733679302163,0 to 4 years
468,23073,0.9627142857142855,0.8571428571428571,0.8802113485391626,0 to 4 years
469,24855,0.9341428571428569,0.5714285714285714,0.5586413639729645,0 to 4 years
470,25539,0.9055714285714284,0.2857142857142857,0.7142326745909418,0 to 4 years
471,23660,0.9769999999999998,1.0,0.5703556275541412,0 to 4 years
472,29792,0.9769999999999998,1.0,0.6285853638039528,0 to 4 years
473,29363,0.9055714285714284,0.2857142857142857,0.28663844851724996,0 to 4 years
474,23308,0.9341428571428569,0.5714285714285714,0.23110662795808679,0 to 4 years
475,29931,0.891285714285714,0.14285714285714285,0.6935152947836757,0 to 4 years
476,23191,0.9769999999999998,1.0,0.1146077915020065,0 to 4 years
477,21984,0.9341428571428569,0.5714285714285714,0.3977545557894953,0 to 4 years
478,23309,0.9769999999999998,1.0,0.17675485873159724,0 to 4 years
479,20382,0.9627142857142855,0.8571428571428571,0.35837729241185856,0 to 4 years
480,29271,0.9055714285714284,0.2857142857142857,0.15738017330191723,0 to 4 years
481,23622,0.9055714285714284,0.2857142857142857,0.45894500468336474,0 to 4 years
482,25544,0.9055714285714284,0.2857142857142857,0.4549109517565835,0 to 4 years
483,24102,0.891285714285714,0.14285714285714285,0.7775893357943625,0 to 4 years
484,21325,0.9055714285714284,0.2857142857142857,0.6507208212842202,0 to 4 years
485,29654,0.9055714285714284,0.2857142857142857,0.3136161380385725,0 to 4 years
486,26187,0.9341428571428569,0.5714285714285714,0.9621977948341258,0 to 4 years
487,22600,0.9769999999999998,1.0,0.5962466653717782,0 to 4 years
488,25650,0.9055714285714284,0.2857142857142857,0.6080236447964379,0 to 4 years
489,26909,0.916714285714285,0.8571428571428571,0.5511366043181923,10 to 14 years
490,27506,0.8881428571428565,0.5714285714285714,0.8860165436755751,10 to 14 years
491,26625,0.8452857142857135,0.14285714285714285,0.38426723337158697,10 to 14 years
492,22183,0.8881428571428565,0.5714285714285714,0.8629293995560636,10 to 14 years
493,29719,0.8738571428571421,0.42857142857142855,0.4661706172634801,10 to 14 years
494,23203,0.8452857142857135,0.14285714285714285,0.222354260823436,10 to 14 years
495,21137,0.916714285714285,0.8571428571428571,0.23634462519462074,10 to 14 years
496,24533,0.8595714285714279,0.2857142857142857,0.09110065275683404,10 to 14 years
497,26379,0.8738571428571421,0.42857142857142855,0.6062534996191888,10 to 14 years
498,21914,0.8881428571428565,0.5714285714285714,0.5873485560933761,10 to 14 years
499,29487,0.9024285714285707,0.7142857142857142,0.6948838523622703,10 to 14 years
500,20305,0.8595714285714279,0.2857142857142857,0.5063458983264254,10 to 14 years
501,28873,0.916714285714285,0.8571428571428571,0.6989079716371134,10 to 14 years
502,22502,0.8452857142857135,0.14285714285714285,0.5901928113802138,10 to 14 years
503,25311,0.916714285714285,0.8571428571428571,0.9629438213093899,10 to 14 years
504,21917,0.8881428571428565,0.5714285714285714,0.5293366136547792,10 to 14 years
505,23487,0.916714285714285,0.8571428571428571,0.04771782527015317,10 to 14 years
506,24785,0.8881428571428565,0.5714285714285714,0.15181570786797022,10 to 14 years
507,29814,0.8881428571428565,0.5714285714285714,0.06534236946791772,10 to 14 years
508,24757,0.9309999999999993,1.0,0.15356796515228138,10 to 14 years
509,20730,0.8595714285714279,0.2857142857142857,0.28941057089724115,10 to 14 years
510,22587,0.8452857142857135,0.14285714285714285,0.4557989708780778,10 to 14 years
511,24051,0.8452857142857135,0.14285714285714285,0.4034369789030027,10 to 14 years
512,27092,0.8881428571428565,0.5714285714285714,0.02105297268509776,10 to 14 years
513,21757,0.8595714285714279,0.2857142857142857,0.34114882765433896,10 to 14 years
514,27593,0.916714285714285,0.8571428571428571,0.42843218744171613,10 to 14 years
515,26056,0.8738571428571421,0.42857142857142855,0.39444105403653884,10 to 14 years
516,29884,0.8881428571428565,0.5714285714285714,0.26370655942967114,10 to 14 years
517,23555,0.8881428571428565,0.5714285714285714,0.7828071912014805,10 to 14 years
518,21822,0.8881428571428565,0.5714285714285714,0.18573896447641952,10 to 14 years
519,27983,0.916714285714285,0.8571428571428571,0.5099065418660966,10 to 14 years
520,29227,0.8881428571428565,0.5714285714285714,0.06703717863399888,10 to 14 years
521,22595,0.8595714285714279,0.2857142857142857,0.3247383311651243,10 to 14 years
522,25032,0.8452857142857135,0.14285714285714285,0.2575725172595955,10 to 14 years
523,21465,0.8881428571428565,0.5714285714285714,0.5882674068877225,10 to 14 years
524,23769,0.9309999999999993,1.0,0.6830152849706949,10 to 14 years
525,27647,0.8595714285714279,0.2857142857142857,0.6651400314891456,10 to 14 years
526,24534,0.916714285714285,0.8571428571428571,0.27007579733688525,10 to 14 years
527,29925,0.8452857142857135,0.14285714285714285,0.24016510418005083,10 to 14 years
528,20347,0.8452857142857135,0.14285714285714285,0.9292133617273346,10 to 14 years
529,29198,0.8738571428571421,0.42857142857142855,0.42387475792618134,10 to 14 years
530,25240,0.9309999999999993,1.0,0.4927376158800684,10 to 14 years
531,23541,0.8452857142857135,0.14285714285714285,0.3963384911193721,10 to 14 years
532,22395,0.8881428571428565,0.5714285714285714,0.4069320756833283,10 to 14 years
533,29514,0.8595714285714279,0.2857142857142857,0.14141358373786778,10 to 14 years
534,23432,0.8595714285714279,0.2857142857142857,0.09497934451107481,10 to 14 years
535,25896,0.8595714285714279,0.2857142857142857,0.2651283729712661,10 to 14 years
536,21726,0.8452857142857135,0.14285714285714285,0.5327077642355929,10 to 14 years
537,25752,0.8452857142857135,0.14285714285714285,0.8727843162166129,10 to 14 years
538,28934,0.8595714285714279,0.2857142857142857,0.9661242216800339,10 to 14 years
539,28021,0.916714285714285,0.8571428571428571,0.7157630079234283,10 to 14 years
540,28381,0.8452857142857135,0.14285714285714285,0.3916683044228469,10 to 14 years
541,24957,0.916714285714285,0.8571428571428571,0.13501618285100075,10 to 14 years
542,20875,0.8452857142857135,0.14285714285714285,0.5267255681312544,10 to 14 years
543,28912,0.8595714285714279,0.2857142857142857,0.16702184306537943,10 to 14 years
544,22090,0.9024285714285707,0.7142857142857142,0.9777890691783074,10 to 14 years
545,27987,0.8881428571428565,0.5714285714285714,0.30561969216209917,10 to 14 years
546,25037,0.8881428571428565,0.5714285714285714,0.42953126136468933,10 to 14 years
547,29741,0.9309999999999993,1.0,0.34918953524574226,10 to 14 years
548,20230,0.8595714285714279,0.2857142857142857,0.5846561574826026,10 to 14 years
549,20453,0.8738571428571421,0.42857142857142855,0.7019067517176836,10 to 14 years
550,25050,0.8595714285714279,0.2857142857142857,0.5807328630658098,10 to 14 years
551,20078,0.8881428571428565,0.5714285714285714,0.3323452792947638,10 to 14 years
552,28289,0.8738571428571421,0.42857142857142855,0.9105558520497522,10 to 14 years
553,22860,0.916714285714285,0.8571428571428571,0.8895243658099199,10 to 14 years
554,20310,0.916714285714285,0.8571428571428571,0.016614939665054895,10 to 14 years
555,24091,0.8452857142857135,0.14285714285714285,0.3570810425003835,10 to 14 years
556,23080,0.916714285714285,0.8571428571428571,0.4526842082454323,10 to 14 years
557,25733,0.8595714285714279,0.2857142857142857,0.5942762322409142,10 to 14 years
558,20488,0.8595714285714279,0.2857142857142857,0.7377778504460853,10 to 14 years
559,23180,0.916714285714285,0.8571428571428571,0.6990201612941902,10 to 14 years
560,29759,0.8881428571428565,0.5714285714285714,0.4308261012615776,10 to 14 years
561,28844,0.8595714285714279,0.2857142857142857,0.16873577146970475,10 to 14 years
562,29367,0.8595714285714279,0.2857142857142857,0.1984925753680546,10 to 14 years
563,22138,0.8881428571428565,0.5714285714285714,0.49876112908283904,10 to 14 years
564,20677,0.916714285714285,0.8571428571428571,0.7990122942120541,10 to 14 years
565,24347,0.8452857142857135,0.14285714285714285,0.842506471159529,10 to 14 years
566,27743,0.8738571428571421,0.42857142857142855,0.8389119284410786,10 to 14 years
567,20668,0.8738571428571421,0.42857142857142855,0.6656341944601757,10 to 14 years
568,20846,0.5165232419282173,0.42857142857142855,0.4946588249479899,10 to 14 years
569,22435,0.8452857142857135,0.14285714285714285,0.23248921949508994,10 to 14 years
570,23256,0.8881428571428565,0.5714285714285714,0.06714848913202176,10 to 14 years
571,27125,0.8595714285714279,0.2857142857142857,0.4115911156714002,10 to 14 years
572,21839,0.8738571428571421,0.42857142857142855,0.7822594668449732,10 to 14 years
573,27713,0.9309999999999993,1.0,0.5141056999538158,10 to 14 years
574,21669,0.916714285714285,0.8571428571428571,0.4035876910265056,10 to 14 years
575,28133,0.916714285714285,0.8571428571428571,0.5837953403329086,10 to 14 years
576,24948,0.8595714285714279,0.2857142857142857,0.19160181412852667,10 to 14 years
577,28804,0.916714285714285,0.8571428571428571,0.49867352067264964,10 to 14 years
578,29902,0.8738571428571421,0.42857142857142855,0.7053243373749836,10 to 14 years
579,23255,0.8595714285714279,0.2857142857142857,0.9015793078828938,10 to 14 years
580,21147,0.8595714285714279,0.2857142857142857,0.29288900550988733,10 to 14 years
581,29027,0.8595714285714279,0.2857142857142857,0.9008434827250461,10 to 14 years
582,21332,0.8452857142857135,0.14285714285714285,0.7658590033987225,10 to 14 years
583,26245,0.8738571428571421,0.42857142857142855,0.2522758972700838,10 to 14 years
584,26133,0.8452857142857135,0.14285714285714285,0.2415031731905916,10 to 14 years
585,26476,0.8452857142857135,0.14285714285714285,0.9806645196075459,10 to 14 years
586,29359,0.8595714285714279,0.2857142857142857,0.6767408143469832,10 to 14 years
587,22244,0.8881428571428565,0.5714285714285714,0.8095473982123003,10 to 14 years
588,20004,0.916714285714285,0.8571428571428571,0.27412447271680535,10 to 14 years
589,29239,0.8595714285714279,0.2857142857142857,0.8712751733553719,10 to 14 years
590,23028,0.8595714285714279,0.2857142857142857,0.693073777546413,10 to 14 years
591,26962,0.9309999999999993,1.0,0.8651204435982365,10 to 14 years
592,25691,0.916714285714285,0.8571428571428571,0.20844093558583432,10 to 14 years
593,28862,0.8595714285714279,0.2857142857142857,0.6142073227891197,10 to 14 years
594,29577,0.8881428571428565,0.5714285714285714,0.03843896760876164,10 to 14 years
595,27982,0.8452857142857135,0.14285714285714285,0.16138114674961263,10 to 14 years
596,24210,0.8595714285714279,0.2857142857142857,0.3590506091957192,10 to 14 years
597,28232,0.8595714285714279,0.2857142857142857,0.6390232113536831,10 to 14 years
598,29029,0.916714285714285,0.8571428571428571,0.4759601492780628,10 to 14 years
599,25832,0.8881428571428565,0.5714285714285714,0.022491240334840956,10 to 14 years
600,29184,0.8595714285714279,0.2857142857142857,0.8364696637683415,10 to 14 years
601,28497,0.8738571428571421,0.42857142857142855,0.5384697796555209,10 to 14 years
602,23788,0.8452857142857135,0.14285714285714285,0.6463668252729949,10 to 14 years
603,23134,0.8452857142857135,0.14285714285714285,0.04636357432305188,10 to 14 years
604,22008,0.8881428571428565,0.5714285714285714,0.13143594996647479,10 to 14 years
605,29946,0.916714285714285,0.8571428571428571,0.7048409431385757,10 to 14 years
606,25756,0.8452857142857135,0.14285714285714285,0.056449802241736624,10 to 14 years
607,20001,0.8452857142857135,0.14285714285714285,0.2472504739498631,10 to 14 years
608,27669,0.8881428571428565,0.5714285714285714,0.11510124639941444,10 to 14 years
609,20985,0.8595714285714279,0.2857142857142857,0.708303768292019,10 to 14 years
610,26550,0.8881428571428565,0.5714285714285714,0.5848817738284555,10 to 14 years
611,20413,0.8881428571428565,0.5714285714285714,0.6073107352108179,10 to 14 years
612,22767,0.8452857142857135,0.14285714285714285,0.2553058238663954,10 to 14 years
613,27725,0.8595714285714279,0.2857142857142857,0.8292861996697476,10 to 14 years
614,20225,0.916714285714285,0.8571428571428571,0.16776936549433696,10 to 14 years
615,24048,0.8595714285714279,0.2857142857142857,0.27168527964848077,10 to 14 years
616,25258,0.8452857142857135,0.14285714285714285,0.45565390248124726,10 to 14 years
617,24479,0.8595714285714279,0.2857142857142857,0.9012014353881712,10 to 14 years
618,25618,0.8452857142857135,0.14285714285714285,0.8192751435942863,10 to 14 years
619,24494,0.8881428571428565,0.5714285714285714,0.5313168478376066,10 to 14 years
620,27192,0.9024285714285707,0.7142857142857142,0.7952696918257781,10 to 14 years
621,28023,0.9024285714285707,0.7142857142857142,0.6836775493519297,10 to 14 years
622,26411,0.916714285714285,0.8571428571428571,0.47502230800991957,10 to 14 years
623,20894,0.8452857142857135,0.14285714285714285,0.8784267762387132,10 to 14 years
624,24457,0.8738571428571421,0.42857142857142855,0.3050545652222678,10 to 14 years
625,25273,0.8452857142857135,0.14285714285714285,0.1931179670417167,10 to 14 years
626,27850,0.8738571428571421,0.42857142857142855,0.635374630433115,10 to 14 years
627,29697,0.8881428571428565,0.5714285714285714,0.9742092469773438,10 to 14 years
628,24115,0.8738571428571421,0.42857142857142855,0.6375370309394333,10 to 14 years
629,23654,0.8595714285714279,0.2857142857142857,0.5736913061892265,10 to 14 years
630,29054,0.8452857142857135,0.14285714285714285,0.5467984532089151,10 to 14 years
631,25732,0.8595714285714279,0.2857142857142857,0.8883497771051573,10 to 14 years
632,21072,0.8595714285714279,0.2857142857142857,0.43885572811233975,10 to 14 years
633,29882,0.8595714285714279,0.2857142857142857,0.49730611636523936,10 to 14 years
634,29011,0.8452857142857135,0.14285714285714285,0.28967139707357015,10 to 14 years
635,26241,0.8738571428571421,0.42857142857142855,0.5532918722933979,10 to 14 years
636,23489,0.916714285714285,0.8571428571428571,0.10693579997489505,10 to 14 years
637,26417,0.8595714285714279,0.2857142857142857,0.9099331495737115,10 to 14 years
638,24652,0.9309999999999993,1.0,0.6691285715440671,10 to 14 years
639,27383,0.8595714285714279,0.2857142857142857,0.8968529605900406,10 to 14 years
640,25815,0.9309999999999993,1.0,0.708415372765524,10 to 14 years
641,26500,0.8595714285714279,0.2857142857142857,0.9918015752353194,10 to 14 years
642,29667,0.8595714285714279,0.2857142857142857,0.6408214387709152,10 to 14 years
643,26954,0.8595714285714279,0.2857142857142857,0.956773049530389,10 to 14 years
644,27822,0.9309999999999993,1.0,0.2882390648804487,10 to 14 years
645,26460,0.8452857142857135,0.14285714285714285,0.3130008548432652,10 to 14 years
646,20287,0.8595714285714279,0.2857142857142857,0.7096066986833143,10 to 14 years
647,27610,0.916714285714285,0.8571428571428571,0.7559281388424499,10 to 14 years
648,20537,0.8738571428571421,0.42857142857142855,0.09907723910671229,10 to 14 years
649,25495,0.8881428571428565,0.5714285714285714,0.2874438133728522,10 to 14 years
650,22776,0.9309999999999993,1.0,0.09496676993927766,10 to 14 years
651,26924,0.8595714285714279,0.2857142857142857,0.09646218201446233,10 to 14 years
652,25432,0.8738571428571421,0.42857142857142855,0.3094679094661734,10 to 14 years
653,21646,0.8595714285714279,0.2857142857142857,0.7483339988952433,10 to 14 years
654,25280,0.916714285714285,0.8571428571428571,0.7499484036464171,10 to 14 years
655,26388,0.8738571428571421,0.42857142857142855,0.8792749033100938,10 to 14 years
656,20073,0.8452857142857135,0.14285714285714285,0.7275145098171586,10 to 14 years
657,20986,0.8452857142857135,0.14285714285714285,0.9510630494789325,10 to 14 years
658,26406,0.8595714285714279,0.2857142857142857,0.8486562866622894,10 to 14 years
659,24174,0.8738571428571421,0.42857142857142855,0.13994386287048177,10 to 14 years
660,22577,0.8595714285714279,0.2857142857142857,0.22134535035371145,10 to 14 years
661,22003,0.8881428571428565,0.5714285714285714,0.6104354506301264,10 to 14 years
662,21094,0.9309999999999993,1.0,0.9499577076733853,10 to 14 years
663,26797,0.8881428571428565,0.5714285714285714,0.952488096031084,10 to 14 years
664,20964,0.8595714285714279,0.2857142857142857,0.8679518380975535,10 to 14 years
665,21346,0.8595714285714279,0.2857142857142857,0.06569577976044083,10 to 14 years
666,27889,0.9309999999999993,1.0,0.17670127349409387,10 to 14 years
667,23141,0.8595714285714279,0.2857142857142857,0.2513671035766679,10 to 14 years
668,24135,0.8595714285714279,0.2857142857142857,0.8862295871281638,10 to 14 years
669,25598,0.916714285714285,0.8571428571428571,0.4431659563784885,10 to 14 years
670,25835,0.8595714285714279,0.2857142857142857,0.9467184765728593,10 to 14 years
671,20735,0.916714285714285,0.8571428571428571,0.08868110735266826,10 to 14 years
672,25612,0.8595714285714279,0.2857142857142857,0.6987053108654538,10 to 14 years
673,23015,0.9309999999999993,1.0,0.577637641562499,10 to 14 years
674,22510,0.9309999999999993,1.0,0.1892180917005688,10 to 14 years
675,24043,0.8738571428571421,0.42857142857142855,0.33186590221814927,10 to 14 years
676,28890,0.9309999999999993,1.0,0.8881692247977597,10 to 14 years
677,27255,0.8881428571428565,0.5714285714285714,0.8066838042827549,10 to 14 years
678,24072,0.916714285714285,0.8571428571428571,0.29640124711940696,10 to 14 years
679,20683,0.8881428571428565,0.5714285714285714,0.7819374985263301,10 to 14 years
680,22927,0.8452857142857135,0.14285714285714285,0.14718606512065002,10 to 14 years
681,26400,0.916714285714285,0.8571428571428571,0.20840166920290149,10 to 14 years
682,24608,0.8452857142857135,0.14285714285714285,0.503502287264351,10 to 14 years
683,23665,0.8881428571428565,0.5714285714285714,0.37767744797505715,10 to 14 years
684,24337,0.9309999999999993,1.0,0.5907274289816016,10 to 14 years
685,20059,0.916714285714285,0.8571428571428571,0.9091702423098529,10 to 14 years
686,26205,0.9309999999999993,1.0,0.14498099598421238,10 to 14 years
687,24162,0.9309999999999993,1.0,0.9346570691854763,10 to 14 years
688,25413,0.8738571428571421,0.42857142857142855,0.6187460201133834,10 to 14 years
689,29942,0.8595714285714279,0.2857142857142857,0.36439433666077403,10 to 14 years
690,27858,0.8738571428571421,0.42857142857142855,0.6199847443109641,10 to 14 years
691,25860,0.8738571428571421,0.42857142857142855,0.30155088766978944,10 to 14 years
692,20397,0.8595714285714279,0.2857142857142857,0.879714018170686,10 to 14 years
693,26742,0.916714285714285,0.8571428571428571,0.5041890236152673,10 to 14 years
694,27965,0.8595714285714279,0.2857142857142857,0.4377478478541912,10 to 14 years
695,29663,0.8595714285714279,0.2857142857142857,0.2329538932807993,10 to 14 years
696,29642,0.9309999999999993,1.0,0.023178722910358163,10 to 14 years
697,27557,0.916714285714285,0.8571428571428571,0.0006917641695740606,10 to 14 years
698,24707,0.9309999999999993,1.0,0.4160006201153081,10 to 14 years
699,21590,0.8738571428571421,0.42857142857142855,0.9335270051701701,10 to 14 years
700,23511,0.9309999999999993,1.0,0.43160245265986297,10 to 14 years
701,26317,0.916714285714285,0.8571428571428571,0.6976007608236701,10 to 14 years
702,24943,0.8881428571428565,0.5714285714285714,0.986571277814262,10 to 14 years
703,28647,0.916714285714285,0.8571428571428571,0.4326446669999588,10 to 14 years
704,26903,0.8595714285714279,0.2857142857142857,0.4546201894695381,10 to 14 years
705,26772,0.8595714285714279,0.2857142857142857,0.23546277059648474,10 to 14 years
706,22446,0.8595714285714279,0.2857142857142857,0.9559919628413085,10 to 14 years
707,25969,0.8452857142857135,0.14285714285714285,0.8572423705320852,10 to 14 years
708,20303,0.8881428571428565,0.5714285714285714,0.46271450267356135,10 to 14 years
709,22352,0.8881428571428565,0.5714285714285714,0.48059034748701385,10 to 14 years
710,29966,0.8595714285714279,0.2857142857142857,0.4674703535337018,10 to 14 years
711,28442,0.8881428571428565,0.5714285714285714,0.5427880224242635,10 to 14 years
712,26240,0.9024285714285707,0.7142857142857142,0.190381278311896,10 to 14 years
713,21502,0.363240091592233,0.2857142857142857,0.05704051433087315,10 to 14 years
714,23947,0.8738571428571421,0.42857142857142855,0.22333669415559193,10 to 14 years
715,29949,0.8595714285714279,0.2857142857142857,0.4405578805956891,10 to 14 years
716,29336,0.8595714285714279,0.2857142857142857,0.5397684261518155,10 to 14 years
717,25094,0.9309999999999993,1.0,0.7858392768528363,10 to 14 years
718,26021,0.916714285714285,0.8571428571428571,0.6685715356295996,10 to 14 years
719,22914,0.8595714285714279,0.2857142857142857,0.4726224700937045,10 to 14 years
720,27574,0.916714285714285,0.8571428571428571,0.814298288695156,10 to 14 years
721,20391,0.8738571428571421,0.42857142857142855,0.8663440726638001,10 to 14 years
722,23403,0.8595714285714279,0.2857142857142857,0.002580645834470263,10 to 14 years
723,22534,0.8595714285714279,0.2857142857142857,0.667406357130929,10 to 14 years
724,25844,0.8881428571428565,0.5714285714285714,0.6524235489687469,10 to 14 years
725,28360,0.8452857142857135,0.14285714285714285,0.9339742303289624,10 to 14 years
726,20309,0.9024285714285707,0.7142857142857142,0.333179223036385,10 to 14 years
727,26354,0.8881428571428565,0.5714285714285714,0.09108820530183259,10 to 14 years
728,29669,0.8595714285714279,0.2857142857142857,0.79268851192076,10 to 14 years
729,23067,0.916714285714285,0.8571428571428571,0.5801203136268643,10 to 14 years
730,29799,0.8452857142857135,0.14285714285714285,0.7532254596401602,10 to 14 years
731,28495,0.8738571428571421,0.42857142857142855,0.16698775007528127,10 to 14 years
732,23741,0.916714285714285,0.8571428571428571,0.8028084126318935,10 to 14 years
733,28290,0.916714285714285,0.8571428571428571,0.18892695777350704,10 to 14 years
734,24204,0.8738571428571421,0.42857142857142855,0.2597091151978631,10 to 14 years
735,29790,0.8595714285714279,0.2857142857142857,0.32132321646003914,10 to 14 years
736,26666,0.8452857142857135,0.14285714285714285,0.8158674200214162,10 to 14 years
737,25782,0.9309999999999993,1.0,0.20807121805830237,10 to 14 years
738,25446,0.916714285714285,0.8571428571428571,0.08560113127540592,10 to 14 years
739,26475,0.8595714285714279,0.2857142857142857,0.6409853525246312,10 to 14 years
740,20494,0.8881428571428565,0.5714285714285714,0.9377035642409037,10 to 14 years
741,23394,0.8881428571428565,0.5714285714285714,0.13087874795639204,10 to 14 years
742,21295,0.8881428571428565,0.5714285714285714,0.588766818077862,10 to 14 years
743,21984,0.8881428571428565,0.5714285714285714,0.3977545557894953,10 to 14 years
744,24305,0.8595714285714279,0.2857142857142857,0.13396357245563856,10 to 14 years
745,25773,0.9309999999999993,1.0,0.7822718626045115,10 to 14 years
746,26392,0.8881428571428565,0.5714285714285714,0.2699068733603868,10 to 14 years
747,20569,0.8881428571428565,0.5714285714285714,0.4780075703757255,10 to 14 years
748,25652,0.916714285714285,0.8571428571428571,0.20275268974133476,10 to 14 years
749,24609,0.8595714285714279,0.2857142857142857,0.48141733757972244,10 to 14 years
750,23604,0.8881428571428565,0.5714285714285714,0.8899483104335957,10 to 14 years
751,27515,0.8452857142857135,0.14285714285714285,0.8242747442682778,10 to 14 years
752,22655,0.8738571428571421,0.42857142857142855,0.7394059124677104,10 to 14 years
753,25026,0.916714285714285,0.8571428571428571,0.00098203224659843,10 to 14 years
754,20444,0.8452857142857135,0.14285714285714285,0.8350890047794015,10 to 14 years
755,27158,0.916714285714285,0.8571428571428571,0.13798645896400513,10 to 14 years
756,25480,0.916714285714285,0.8571428571428571,0.2862674819202547,10 to 14 years
757,28617,0.8881428571428565,0.5714285714285714,0.7160309473246202,10 to 14 years
758,22908,0.9309999999999993,1.0,0.29669338141147544,10 to 14 years
759,26041,0.8595714285714279,0.2857142857142857,0.41910644878073344,10 to 14 years
760,27641,0.8452857142857135,0.14285714285714285,0.4507476457607392,10 to 14 years
761,27492,0.916714285714285,0.8571428571428571,0.8929496154217337,10 to 14 years
762,25485,0.8738571428571421,0.42857142857142855,0.48814442269694686,10 to 14 years
763,28233,0.8881428571428565,0.5714285714285714,0.8479011467647132,10 to 14 years
764,28236,0.916714285714285,0.8571428571428571,0.5465375646625267,10 to 14 years
765,23171,0.8595714285714279,0.2857142857142857,0.6116128710259066,10 to 14 years
766,24715,0.9024285714285707,0.7142857142857142,0.3602232887756617,10 to 14 years
767,22082,0.8452857142857135,0.14285714285714285,0.9802119372855899,10 to 14 years
768,29584,0.8881428571428565,0.5714285714285714,0.552938954554391,10 to 14 years
769,21579,0.8595714285714279,0.2857142857142857,0.5921066737288243,10 to 14 years
770,22406,0.916714285714285,0.8571428571428571,0.3074232919578945,10 to 14 years
771,27851,0.8452857142857135,0.14285714285714285,0.04799232976848855,10 to 14 years
772,27811,0.8595714285714279,0.2857142857142857,0.42671702952428003,10 to 14 years
773,22233,0.916714285714285,0.8571428571428571,0.4042131517571651,10 to 14 years
774,24095,0.8595714285714279,0.2857142857142857,0.7863831933124288,10 to 14 years
775,28288,0.8595714285714279,0.2857142857142857,0.5773831486495198,10 to 14 years
776,24606,0.8452857142857135,0.14285714285714285,0.5252602950772366,10 to 14 years
777,22454,0.916714285714285,0.8571428571428571,0.17585437449328867,10 to 14 years
778,20115,0.916714285714285,0.8571428571428571,0.11644231909300895,10 to 14 years
779,26765,0.916714285714285,0.8571428571428571,0.020535275432889355,10 to 14 years
780,23470,0.916714285714285,0.8571428571428571,0.8965622449615414,10 to 14 years
781,24553,0.9024285714285707,0.7142857142857142,0.7092680796236343,10 to 14 years
782,23345,0.8452857142857135,0.14285714285714285,0.35900448442930666,10 to 14 years
783,29730,0.8595714285714279,0.2857142857142857,0.8991465906389235,10 to 14 years
784,20917,0.8881428571428565,0.5714285714285714,0.5450458311526296,10 to 14 years
785,25180,0.916714285714285,0.8571428571428571,0.7376280219169068,10 to 14 years
786,22588,0.916714285714285,0.8571428571428571,0.4478408688552441,10 to 14 years
787,26178,0.8452857142857135,0.14285714285714285,0.6832370100612019,10 to 14 years
788,29095,0.8595714285714279,0.2857142857142857,0.9705988328380584,10 to 14 years
789,23038,0.8738571428571421,0.42857142857142855,0.2331272593387424,10 to 14 years
790,29500,0.8738571428571421,0.42857142857142855,0.4790615242622183,10 to 14 years
791,28621,0.8595714285714279,0.2857142857142857,0.45059098877203885,10 to 14 years
792,24169,0.9309999999999993,1.0,0.8719868438863936,10 to 14 years
793,29257,0.8738571428571421,0.42857142857142855,0.3949298344207274,10 to 14 years
794,29591,0.8452857142857135,0.14285714285714285,0.9502944153943511,10 to 14 years
795,24287,0.8452857142857135,0.14285714285714285,0.24204819814694428,10 to 14 years
796,28969,0.8595714285714279,0.2857142857142857,0.4546055932768667,10 to 14 years
797,28082,0.8595714285714279,0.2857142857142857,0.6620906439490948,10 to 14 years
798,22463,0.8452857142857135,0.14285714285714285,0.9299984634989606,10 to 14 years
799,27249,0.8452857142857135,0.14285714285714285,0.7411114283470404,10 to 14 years
800,21194,0.8595714285714279,0.2857142857142857,0.9562533633343301,10 to 14 years
801,20940,0.916714285714285,0.8571428571428571,0.44890033920521505,10 to 14 years
802,27338,0.8881428571428565,0.5714285714285714,0.6163499305378479,10 to 14 years
803,22404,0.8881428571428565,0.5714285714285714,0.322977632147125,10 to 14 years
804,26587,0.8452857142857135,0.14285714285714285,0.48752110557941564,10 to 14 years
805,23576,0.916714285714285,0.8571428571428571,0.38764696774280316,10 to 14 years
806,25749,0.8452857142857135,0.14285714285714285,0.3049163701841574,10 to 14 years
807,24171,0.8595714285714279,0.2857142857142857,0.18190632217387137,10 to 14 years
808,25054,0.916714285714285,0.8571428571428571,0.7019500688055748,10 to 14 years
809,27637,0.9309999999999993,1.0,0.44247295850360385,10 to 14 years
810,24167,0.8881428571428565,0.5714285714285714,0.14815750280278944,10 to 14 years
811,26935,0.8595714285714279,0.2857142857142857,0.8860647108658591,10 to 14 years
812,20262,0.8738571428571421,0.42857142857142855,0.7097602583432461,10 to 14 years
813,29304,0.8452857142857135,0.14285714285714285,0.13303204533687774,10 to 14 years
814,27314,0.8452857142857135,0.14285714285714285,0.2609896865298782,10 to 14 years
815,20171,0.8738571428571421,0.42857142857142855,0.7198605653794055,10 to 14 years
816,20138,0.8881428571428565,0.5714285714285714,0.6084702416092699,10 to 14 years
817,28384,0.8452857142857135,0.14285714285714285,0.16076074479683183,10 to 14 years
818,28084,0.9309999999999993,1.0,0.4568379881173781,10 to 14 years
819,23009,0.8738571428571421,0.42857142857142855,0.6779024138515968,10 to 14 years
820,28847,0.8881428571428565,0.5714285714285714,0.7668165346310603,10 to 14 years
821,26131,0.8881428571428565,0.5714285714285714,0.60224612338549,10 to 14 years
822,26928,0.9309999999999993,1.0,0.7381617852736242,10 to 14 years
823,26682,0.8881428571428565,0.5714285714285714,0.6748341005153426,10 to 14 years
824,27510,0.8595714285714279,0.2857142857142857,0.19059346700391605,10 to 14 years
825,20921,0.8595714285714279,0.2857142857142857,0.43097023045996247,10 to 14 years
826,20513,0.916714285714285,0.8571428571428571,0.646323745764208,10 to 14 years
827,20423,0.8452857142857135,0.14285714285714285,0.7277866332017715,10 to 14 years
828,27796,0.8595714285714279,0.2857142857142857,0.7426171757519472,10 to 14 years
829,28595,0.8881428571428565,0.5714285714285714,0.23891355166520006,10 to 14 years
830,27031,0.8881428571428565,0.5714285714285714,0.6848931549979014,10 to 14 years
831,24697,0.36782231695719836,0.14285714285714285,0.5567201894841828,10 to 14 years
832,26454,0.9309999999999993,1.0,0.24481728127709468,10 to 14 years
833,28752,0.9309999999999993,1.0,0.6508469061199097,10 to 14 years
834,27594,0.8595714285714279,0.2857142857142857,0.5362993007871426,10 to 14 years
835,21767,0.8452857142857135,0.14285714285714285,0.7884047950680731,10 to 14 years
836,27581,0.916714285714285,0.8571428571428571,0.6876241095099501,10 to 14 years
837,24000,0.8738571428571421,0.42857142857142855,0.9824802508473875,10 to 14 years
838,25549,0.8881428571428565,0.5714285714285714,0.35798425573518156,10 to 14 years
839,21310,0.8595714285714279,0.2857142857142857,0.6232463604112086,10 to 14 years
840,27440,0.8452857142857135,0.14285714285714285,0.7973391495561452,10 to 14 years
841,27227,0.8595714285714279,0.2857142857142857,0.40154467335675703,10 to 14 years
842,25742,0.8881428571428565,0.5714285714285714,0.7758466038068129,10 to 14 years
843,26276,0.916714285714285,0.8571428571428571,0.6992201027369681,10 to 14 years
844,26718,0.8881428571428565,0.5714285714285714,0.9511434748066907,10 to 14 years
845,24332,0.8881428571428565,0.5714285714285714,0.8432639721211581,10 to 14 years
846,25158,0.916714285714285,0.8571428571428571,0.7628848421401048,10 to 14 years
847,23051,0.9309999999999993,1.0,0.8622812650294263,10 to 14 years
848,21591,0.8738571428571421,0.42857142857142855,0.6909145267367752,10 to 14 years
849,24505,0.8452857142857135,0.14285714285714285,0.2950378177353823,10 to 14 years
850,24974,0.8738571428571421,0.42857142857142855,0.5394391643642824,10 to 14 years
851,27166,0.9309999999999993,1.0,0.6281031249966627,10 to 14 years
852,26749,0.916714285714285,0.8571428571428571,0.7701846314187605,10 to 14 years
853,23795,0.8738571428571421,0.42857142857142855,0.3487040449265992,10 to 14 years
854,24343,0.8452857142857135,0.14285714285714285,0.8025418482250772,10 to 14 years
855,26677,0.8738571428571421,0.42857142857142855,0.12140633942786738,10 to 14 years
856,20576,0.8595714285714279,0.2857142857142857,0.23767020370959974,10 to 14 years
857,27865,0.8595714285714279,0.2857142857142857,0.17171765213402312,10 to 14 years
858,26020,0.8595714285714279,0.2857142857142857,0.8806924214082256,10 to 14 years
859,22844,0.8595714285714279,0.2857142857142857,0.2683588460304276,10 to 14 years
860,27651,0.8595714285714279,0.2857142857142857,0.616111149517982,10 to 14 years
861,22849,0.9309999999999993,1.0,0.3780204317865949,10 to 14 years
862,21548,0.8738571428571421,0.42857142857142855,0.519432691578674,10 to 14 years
863,22506,0.08804611052769568,0.14285714285714285,0.3484247171539789,10 to 14 years
864,21556,0.8595714285714279,0.2857142857142857,0.974326614759727,10 to 14 years
865,29245,0.8452857142857135,0.14285714285714285,0.5360979377501028,10 to 14 years
866,26494,0.8452857142857135,0.14285714285714285,0.3683114078591468,10 to 14 years
867,29221,0.8595714285714279,0.2857142857142857,0.7069973342842637,10 to 14 years
868,29529,0.916714285714285,0.8571428571428571,0.30516998325347433,10 to 14 years
869,23462,0.9309999999999993,1.0,0.6743966272393647,10 to 14 years
870,25716,0.8881428571428565,0.5714285714285714,0.741148566129582,10 to 14 years
871,21210,0.8881428571428565,0.5714285714285714,0.4479991027724312,10 to 14 years
872,26514,0.8595714285714279,0.2857142857142857,0.2688553633979732,10 to 14 years
873,22432,0.8595714285714279,0.2857142857142857,0.3778524038674243,10 to 14 years
874,22501,0.8595714285714279,0.2857142857142857,0.8262187832308032,10 to 14 years
875,21680,0.4483013024243328,0.2857142857142857,0.21679280144172558,10 to 14 years
876,23684,0.8881428571428565,0.5714285714285714,0.8049141665246917,10 to 14 years
877,29261,0.8452857142857135,0.14285714285714285,0.8866196894038876,10 to 14 years
878,26649,0.8595714285714279,0.2857142857142857,0.5447501592020318,10 to 14 years
879,20726,0.916714285714285,0.8571428571428571,0.4823276764269935,10 to 14 years
880,23351,0.8452857142857135,0.14285714285714285,0.11194040097382357,10 to 14 years
881,22729,0.8452857142857135,0.14285714285714285,0.9175740267297234,10 to 14 years
882,20196,0.8881428571428565,0.5714285714285714,0.07922130833741897,10 to 14 years
883,29879,0.8595714285714279,0.2857142857142857,0.282966467779012,10 to 14 years
884,27584,0.916714285714285,0.8571428571428571,0.4827256956230645,10 to 14 years
885,22648,0.916714285714285,0.8571428571428571,0.25221729460926195,10 to 14 years
886,21354,0.8452857142857135,0.14285714285714285,0.7921612431608885,10 to 14 years
887,26072,0.8595714285714279,0.2857142857142857,0.8916946334880355,10 to 14 years
888,22958,0.9024285714285707,0.7142857142857142,0.11509197454820458,10 to 14 years
889,29727,0.8452857142857135,0.14285714285714285,0.04102446138991844,10 to 14 years
890,21749,0.916714285714285,0.8571428571428571,0.6090476825679568,10 to 14 years
891,26524,0.8881428571428565,0.5714285714285714,0.4676930998421973,10 to 14 years
892,27344,0.8452857142857135,0.14285714285714285,0.3266424532615664,10 to 14 years
893,25052,0.8452857142857135,0.14285714285714285,0.25025089140896,10 to 14 years
894,27505,0.8595714285714279,0.2857142857142857,0.7267644640697638,10 to 14 years
895,27259,0.8595714285714279,0.2857142857142857,0.953919858205425,10 to 14 years
896,29415,0.916714285714285,0.8571428571428571,0.9617617581807549,10 to 14 years
897,20687,0.916714285714285,0.8571428571428571,0.9212150206591652,10 to 14 years
898,22026,0.8595714285714279,0.2857142857142857,0.12395574688813404,10 to 14 years
899,22007,0.9309999999999993,1.0,0.49157464603333334,10 to 14 years
900,29373,0.8595714285714279,0.2857142857142857,0.49046497834375363,10 to 14 years
901,29935,0.443227151556416,0.14285714285714285,0.11643375046309767,10 to 14 years
902,23366,0.916714285714285,0.8571428571428571,0.9631425378677354,10 to 14 years
903,26484,0.9024285714285707,0.7142857142857142,0.3276348221778229,10 to 14 years
904,28019,0.8595714285714279,0.2857142857142857,0.6471627146133527,10 to 14 years
905,28072,0.916714285714285,0.8571428571428571,0.6776750193186885,10 to 14 years
906,25274,0.9309999999999993,1.0,0.8411294518633987,10 to 14 years
907,25935,0.8595714285714279,0.2857142857142857,0.5339861833530848,10 to 14 years
908,25831,0.9309999999999993,1.0,0.6336894369176432,10 to 14 years
909,29216,0.8881428571428565,0.5714285714285714,0.51732280869813,10 to 14 years
910,24718,0.8595714285714279,0.2857142857142857,0.5286144361836388,10 to 14 years
911,24926,0.8595714285714279,0.2857142857142857,0.8789300638696628,10 to 14 years
912,24201,0.8452857142857135,0.14285714285714285,0.2214165550390822,10 to 14 years
913,25239,0.8881428571428565,0.5714285714285714,0.9374050249225849,10 to 14 years
914,27391,0.8595714285714279,0.2857142857142857,0.8211284245350066,10 to 14 years
915,25098,0.8881428571428565,0.5714285714285714,0.16622925305208397,10 to 14 years
916,26202,0.8595714285714279,0.2857142857142857,0.8646358131887248,10 to 14 years
917,25725,0.8881428571428565,0.5714285714285714,0.4601607317242215,10 to 14 years
918,25271,0.8881428571428565,0.5714285714285714,0.11495301578881362,10 to 14 years
919,25821,0.8738571428571421,0.42857142857142855,0.22052732116360513,10 to 14 years
920,22913,0.8881428571428565,0.5714285714285714,0.9381741574002709,10 to 14 years
921,25039,0.8881428571428565,0.5714285714285714,0.45272406503557827,10 to 14 years
922,20764,0.8595714285714279,0.2857142857142857,0.5383303247030327,10 to 14 years
923,28707,0.8881428571428565,0.5714285714285714,0.02573102492837387,10 to 14 years
924,27140,0.8595714285714279,0.2857142857142857,0.7654326074330221,10 to 14 years
925,22924,0.9309999999999993,1.0,0.8273318735278576,10 to 14 years
926,29851,0.8595714285714279,0.2857142857142857,0.7952067340337929,10 to 14 years
927,21932,0.8881428571428565,0.5714285714285714,0.4978021966491203,10 to 14 years
928,24224,0.916714285714285,0.8571428571428571,0.2944300534952763,10 to 14 years
929,23960,0.8881428571428565,0.5714285714285714,0.47622926670934257,10 to 14 years
930,23091,0.8738571428571421,0.42857142857142855,0.6723307464827373,10 to 14 years
931,27478,0.8881428571428565,0.5714285714285714,0.27946046093653715,10 to 14 years
932,22663,0.8452857142857135,0.14285714285714285,0.5786549291363018,10 to 14 years
933,20526,0.8595714285714279,0.2857142857142857,0.8853444213776109,10 to 14 years
934,24145,0.9309999999999993,1.0,0.3623789503587888,10 to 14 years
935,25696,0.916714285714285,0.8571428571428571,0.3782370265229469,10 to 14 years
936,22694,0.8738571428571421,0.42857142857142855,0.721018233333647,10 to 14 years
937,25459,0.5291624928707169,0.2857142857142857,0.3693699038844014,10 to 14 years
938,29159,0.916714285714285,0.8571428571428571,0.8790333178274925,10 to 14 years
939,25671,0.8881428571428565,0.5714285714285714,0.2705311401385693,10 to 14 years
940,28255,0.8738571428571421,0.42857142857142855,0.4504115914993687,10 to 14 years
941,26889,0.8595714285714279,0.2857142857142857,0.47702818190435736,10 to 14 years
942,22807,0.8452857142857135,0.14285714285714285,0.9291083048084808,10 to 14 years
943,29058,0.8595714285714279,0.2857142857142857,0.5578972354212921,10 to 14 years
944,25143,0.8595714285714279,0.2857142857142857,0.1333655543767353,10 to 14 years
945,23110,0.8452857142857135,0.14285714285714285,0.8009646529635885,10 to 14 years
946,23029,0.8738571428571421,0.42857142857142855,0.8726012887394358,10 to 14 years
947,24865,0.9024285714285707,0.7142857142857142,0.6373514221561067,10 to 14 years
948,28398,0.8881428571428565,0.5714285714285714,0.7372783709877687,10 to 14 years
949,22155,0.8881428571428565,0.5714285714285714,0.8773358821248083,10 to 14 years
950,29037,0.8881428571428565,0.5714285714285714,0.7730148824270829,10 to 14 years
951,23599,0.8595714285714279,0.2857142857142857,0.5479027516017273,10 to 14 years
952,28604,0.8881428571428565,0.5714285714285714,0.8735901785002357,10 to 14 years
953,26467,0.8452857142857135,0.14285714285714285,0.38458446459334306,10 to 14 years
954,28483,0.8452857142857135,0.14285714285714285,0.26533527107244076,10 to 14 years
955,27348,0.8738571428571421,0.42857142857142855,0.5025322573399109,10 to 14 years
956,23687,0.9309999999999993,1.0,0.5659524359578337,10 to 14 years
957,29275,0.8595714285714279,0.2857142857142857,0.9081873368145912,10 to 14 years
958,28447,0.8595714285714279,0.2857142857142857,0.20382383698417528,10 to 14 years
959,25365,0.916714285714285,0.8571428571428571,0.6432463305927496,10 to 14 years
960,27098,0.8595714285714279,0.2857142857142857,0.17050550560776628,10 to 14 years
961,21969,0.8595714285714279,0.2857142857142857,0.6270590578573328,10 to 14 years
962,26393,0.8452857142857135,0.14285714285714285,0.6814747379566617,10 to 14 years
963,24946,0.9024285714285707,0.7142857142857142,0.7239701161632128,10 to 14 years
964,29392,0.8595714285714279,0.2857142857142857,0.2845167484422025,10 to 14 years
965,22698,0.8595714285714279,0.2857142857142857,0.5759522078808788,10 to 14 years
966,25023,0.8595714285714279,0.2857142857142857,0.21567543521633947,10 to 14 years
967,22335,0.8738571428571421,0.42857142857142855,0.8904867505444554,10 to 14 years
968,29782,0.916714285714285,0.8571428571428571,0.6111736128388352,10 to 14 years
969,23125,0.8595714285714279,0.2857142857142857,0.38639035089278556,10 to 14 years
970,24076,0.8595714285714279,0.2857142857142857,0.9888689134108125,10 to 14 years
971,21333,0.9309999999999993,1.0,0.9832520379828087,10 to 14 years
972,24339,0.916714285714285,0.8571428571428571,0.6978283170692572,10 to 14 years
973,24861,0.8452857142857135,0.14285714285714285,0.2444825820194777,10 to 14 years
974,24580,0.8738571428571421,0.42857142857142855,0.39698065384908043,10 to 14 years
975,23239,0.9024285714285707,0.7142857142857142,0.2696207525768642,10 to 14 years
976,26814,0.9309999999999993,1.0,0.7473515859913682,10 to 14 years
977,23101,0.9309999999999993,1.0,0.2488677510836137,10 to 14 years
978,28761,0.916714285714285,0.8571428571428571,0.7987772929148511,10 to 14 years
979,21198,0.8881428571428565,0.5714285714285714,0.01976558315542265,10 to 14 years
980,23302,0.8595714285714279,0.2857142857142857,0.5438777904430074,10 to 14 years
981,26097,0.8595714285714279,0.2857142857142857,0.8080093679287046,10 to 14 years
982,26548,0.916714285714285,0.8571428571428571,0.7715837425472019,10 to 14 years
983,26693,0.8452857142857135,0.14285714285714285,0.08077016056927339,10 to 14 years
984,25719,0.9309999999999993,1.0,0.34257438458066813,10 to 14 years
985,25359,0.8595714285714279,0.2857142857142857,0.27324212020014726,10 to 14 years
986,22708,0.8595714285714279,0.2857142857142857,0.4770082682278088,10 to 14 years
987,23918,0.8881428571428565,0.5714285714285714,0.8022887317641527,10 to 14 years
988,22436,0.8452857142857135,0.14285714285714285,0.9477989953589607,10 to 14 years
989,24635,0.8881428571428565,0.5714285714285714,0.31942657016873816,10 to 14 years
990,26996,0.8595714285714279,0.2857142857142857,0.18483577166621268,10 to 14 years
991,22146,0.8595714285714279,0.2857142857142857,0.8285443417063243,10 to 14 years
992,28631,0.8881428571428565,0.5714285714285714,0.8574356939170336,10 to 14 years
993,25683,0.8738571428571421,0.42857142857142855,0.5403965436393663,10 to 14 years
994,20024,0.8595714285714279,0.2857142857142857,0.7906463200895504,10 to 14 years
995,22356,0.8595714285714279,0.2857142857142857,0.39148305111581916,10 to 14 years
996,23663,0.8452857142857135,0.14285714285714285,0.34213740287569916,10 to 14 years
997,20794,0.8738571428571421,0.42857142857142855,0.8497760032313122,10 to 14 years
998,28026,0.8595714285714279,0.2857142857142857,0.4181768689216147,10 to 14 years
999,24941,0.8881428571428565,0.5714285714285714,0.41825680169266166,10 to 14 years
1000,28845,0.916714285714285,0.8571428571428571,0.7536015073973086,10 to 14 years
1001,23343,0.8881428571428565,0.5714285714285714,0.22703451491530624,10 to 14 years
1002,24083,0.916714285714285,0.8571428571428571,0.40421531114452225,10 to 14 years
1003,26299,0.8881428571428565,0.5714285714285714,0.24761744241834516,10 to 14 years
1004,24541,0.8881428571428565,0.5714285714285714,0.5710859866512017,10 to 14 years
1005,21038,0.8595714285714279,0.2857142857142857,0.6605061943786048,10 to 14 years
1006,20609,0.8595714285714279,0.2857142857142857,0.6836786639683947,10 to 14 years
1007,25118,0.8595714285714279,0.2857142857142857,0.7121301265976342,10 to 14 years
1008,26314,0.8595714285714279,0.2857142857142857,0.5652269948881806,10 to 14 years
1009,28547,0.8595714285714279,0.2857142857142857,0.1079704676030544,10 to 14 years
1010,23197,0.8452857142857135,0.14285714285714285,0.6526138070859224,10 to 14 years
1011,25816,0.8595714285714279,0.2857142857142857,0.8475606006993298,10 to 14 years
1012,21418,0.916714285714285,0.8571428571428571,0.17579609689390036,10 to 14 years
1013,28224,0.8881428571428565,0.5714285714285714,0.9668774260314605,10 to 14 years
1014,28130,0.8452857142857135,0.14285714285714285,0.5969405147256611,10 to 14 years
1015,26275,0.8881428571428565,0.5714285714285714,0.6387033174894716,10 to 14 years
1016,22129,0.8738571428571421,0.42857142857142855,0.4318430437981535,10 to 14 years
1017,22425,0.8738571428571421,0.42857142857142855,0.4984050758096274,10 to 14 years
1018,25557,0.8881428571428565,0.5714285714285714,0.8959726424346606,10 to 14 years
1019,22097,0.8595714285714279,0.2857142857142857,0.17387173804397,10 to 14 years
1020,26225,0.8452857142857135,0.14285714285714285,0.6772182214910072,10 to 14 years
1021,27035,0.8595714285714279,0.2857142857142857,0.7322733275994311,10 to 14 years
1022,26099,0.8595714285714279,0.2857142857142857,0.7496271168475032,10 to 14 years
1023,27921,0.8595714285714279,0.2857142857142857,0.6247238587039855,10 to 14 years
1024,23398,0.8881428571428565,0.5714285714285714,0.02091316037002766,10 to 14 years
1025,28924,0.8452857142857135,0.14285714285714285,0.1298806317998113,10 to 14 years
1026,29383,0.8881428571428565,0.5714285714285714,0.6015379790997868,10 to 14 years
1027,22808,0.8738571428571421,0.42857142857142855,0.5465406271843691,10 to 14 years
1028,24315,0.9309999999999993,1.0,0.7008957413414227,10 to 14 years
1029,23340,0.916714285714285,0.8571428571428571,0.9553008424438968,10 to 14 years
1030,28960,0.8452857142857135,0.14285714285714285,0.964288837912304,10 to 14 years
1031,27729,0.8452857142857135,0.14285714285714285,0.24581837275418278,10 to 14 years
1032,21480,0.8881428571428565,0.5714285714285714,0.3252485648243439,10 to 14 years
1033,26692,0.8738571428571421,0.42857142857142855,0.8752120924615471,10 to 14 years
1034,22970,0.8595714285714279,0.2857142857142857,0.9219000279302546,10 to 14 years
1035,23993,0.8881428571428565,0.5714285714285714,0.10976780309855677,10 to 14 years
1036,26247,0.8452857142857135,0.14285714285714285,0.8523980954402648,10 to 14 years
1037,27019,0.916714285714285,0.8571428571428571,0.6240008446650922,10 to 14 years
1038,26359,0.8881428571428565,0.5714285714285714,0.9306207627503529,10 to 14 years
1039,25149,0.8452857142857135,0.14285714285714285,0.8689520900223836,10 to 14 years
1040,26672,0.8452857142857135,0.14285714285714285,0.8339951488219722,10 to 14 years
1041,23954,0.916714285714285,0.8571428571428571,0.535361805136125,10 to 14 years
1042,25113,0.8595714285714279,0.2857142857142857,0.44503854298615314,10 to 14 years
1043,28112,0.916714285714285,0.8571428571428571,0.7564452310950556,10 to 14 years
1044,23649,0.8881428571428565,0.5714285714285714,0.32651181633856985,10 to 14 years
1045,28833,0.8595714285714279,0.2857142857142857,0.5678124585191853,10 to 14 years
1046,27662,0.8595714285714279,0.2857142857142857,0.13959602488250938,10 to 14 years
1047,25227,0.8452857142857135,0.14285714285714285,0.5113285278163007,10 to 14 years
1048,29950,0.8738571428571421,0.42857142857142855,0.33013235080870545,10 to 14 years
1049,26921,0.8452857142857135,0.14285714285714285,0.1407184279732165,10 to 14 years
1050,22280,0.8595714285714279,0.2857142857142857,0.793730790140164,10 to 14 years
1051,22376,0.8595714285714279,0.2857142857142857,0.4493584751072427,10 to 14 years
1052,27452,0.8595714285714279,0.2857142857142857,0.3663580179685547,10 to 14 years
1053,29104,0.8595714285714279,0.2857142857142857,0.5981287041030013,10 to 14 years
1054,22837,0.8595714285714279,0.2857142857142857,0.0003426594388276083,10 to 14 years
1055,29316,0.8452857142857135,0.14285714285714285,0.3344797135880037,10 to 14 years
1056,27680,0.8595714285714279,0.2857142857142857,0.6355029197617088,10 to 14 years
1057,22667,0.8365714285714276,0.2857142857142857,0.6455169841791485,15 to 19 years
1058,21958,0.8222857142857133,0.14285714285714285,0.3202207692935588,15 to 19 years
1059,20987,0.8222857142857133,0.14285714285714285,0.9982672704571465,15 to 19 years
1060,26552,0.8222857142857133,0.14285714285714285,0.5410953636346273,15 to 19 years
1061,21130,0.8222857142857133,0.14285714285714285,0.3151401503167658,15 to 19 years
1062,23039,0.8937142857142848,0.8571428571428571,0.5450124385358579,15 to 19 years
1063,24448,0.8937142857142848,0.8571428571428571,0.6264193206325069,15 to 19 years
1064,28901,0.8937142857142848,0.8571428571428571,0.6989386621495457,15 to 19 years
1065,22575,0.8222857142857133,0.14285714285714285,0.44130175853021636,15 to 19 years
1066,22712,0.8937142857142848,0.8571428571428571,0.6022745776357077,15 to 19 years
1067,21239,0.8222857142857133,0.14285714285714285,0.8365965522841641,15 to 19 years
1068,22319,0.8651428571428562,0.5714285714285714,0.9976960826699743,15 to 19 years
1069,22732,0.8365714285714276,0.2857142857142857,0.3612172089994753,15 to 19 years
1070,24075,0.8222857142857133,0.14285714285714285,0.5876091505838361,15 to 19 years
1071,21384,0.8365714285714276,0.2857142857142857,0.717883491131146,15 to 19 years
1072,22360,0.8651428571428562,0.5714285714285714,0.4991275243134281,15 to 19 years
1073,25467,0.8365714285714276,0.2857142857142857,0.20797647459857915,15 to 19 years
1074,29066,0.8365714285714276,0.2857142857142857,0.9827871788854196,15 to 19 years
1075,20816,0.8651428571428562,0.5714285714285714,0.8030910357895995,15 to 19 years
1076,29641,0.8222857142857133,0.14285714285714285,0.4498147051716585,15 to 19 years
1077,28552,0.907999999999999,1.0,0.34156493864754156,15 to 19 years
1078,26229,0.8651428571428562,0.5714285714285714,0.6943308473703803,15 to 19 years
1079,28728,0.907999999999999,1.0,0.11573892792031815,15 to 19 years
1080,21590,0.8508571428571419,0.42857142857142855,0.9335270051701701,15 to 19 years
1081,23473,0.8651428571428562,0.5714285714285714,0.752917974372671,15 to 19 years
1082,26392,0.8651428571428562,0.5714285714285714,0.2699068733603868,15 to 19 years
1083,20673,0.8222857142857133,0.14285714285714285,0.1321314521990779,15 to 19 years
1084,21386,0.8651428571428562,0.5714285714285714,0.3528709767592033,15 to 19 years
1085,21459,0.8508571428571419,0.42857142857142855,0.5811333992692626,15 to 19 years
1086,25130,0.8222857142857133,0.14285714285714285,0.45887449924094276,15 to 19 years
1087,20961,0.8365714285714276,0.2857142857142857,0.9160079945116371,15 to 19 years
1088,21499,0.8222857142857133,0.14285714285714285,0.762872144191344,15 to 19 years
1089,23472,0.8508571428571419,0.42857142857142855,0.6911544678476395,15 to 19 years
1090,23126,0.8651428571428562,0.5714285714285714,0.8225346295152398,15 to 19 years
1091,21668,0.8365714285714276,0.2857142857142857,0.8919967099224761,15 to 19 years
1092,23715,0.8222857142857133,0.14285714285714285,0.3501519747983308,15 to 19 years
1093,25179,0.8651428571428562,0.5714285714285714,0.3951303288298904,15 to 19 years
1094,27537,0.8365714285714276,0.2857142857142857,0.08454969346613583,15 to 19 years
1095,29801,0.8651428571428562,0.5714285714285714,0.29653098433910163,15 to 19 years
1096,27435,0.907999999999999,1.0,0.6541730168932243,15 to 19 years
1097,26828,0.8651428571428562,0.5714285714285714,0.3540290072730903,15 to 19 years
1098,20024,0.8365714285714276,0.2857142857142857,0.7906463200895504,15 to 19 years
1099,24616,0.8937142857142848,0.8571428571428571,0.2505197959489768,15 to 19 years
1100,28785,0.8937142857142848,0.8571428571428571,0.2734786288089183,15 to 19 years
1101,27364,0.8222857142857133,0.14285714285714285,0.6055462623277321,15 to 19 years
1102,24246,0.8365714285714276,0.2857142857142857,0.40989197504634967,15 to 19 years
1103,28109,0.8222857142857133,0.14285714285714285,0.39744780102710964,15 to 19 years
1104,22362,0.8937142857142848,0.8571428571428571,0.7729489564249756,15 to 19 years
1105,25596,0.8365714285714276,0.2857142857142857,0.775891113509684,15 to 19 years
1106,24282,0.8365714285714276,0.2857142857142857,0.8235335306103134,15 to 19 years
1107,22394,0.8794285714285704,0.7142857142857142,0.47326552160348256,15 to 19 years
1108,27605,0.8365714285714276,0.2857142857142857,0.2868346405100396,15 to 19 years
1109,24897,0.8365714285714276,0.2857142857142857,0.7650212979946918,15 to 19 years
1110,22070,0.8651428571428562,0.5714285714285714,0.5952872138483247,15 to 19 years
1111,26654,0.8651428571428562,0.5714285714285714,0.9428679274502834,15 to 19 years
1112,23128,0.8937142857142848,0.8571428571428571,0.8304461582699116,15 to 19 years
1113,28285,0.8222857142857133,0.14285714285714285,0.6366955507240336,15 to 19 years
1114,29136,0.8222857142857133,0.14285714285714285,0.6747022449852327,15 to 19 years
1115,21601,0.8222857142857133,0.14285714285714285,0.3740748869278919,15 to 19 years
1116,28029,0.8937142857142848,0.8571428571428571,0.7200419825203976,15 to 19 years
1117,20711,0.8937142857142848,0.8571428571428571,0.21950654665448865,15 to 19 years
1118,27309,0.8508571428571419,0.42857142857142855,0.48230357902035415,15 to 19 years
1119,25718,0.8222857142857133,0.14285714285714285,0.776458322128945,15 to 19 years
1120,26391,0.8222857142857133,0.14285714285714285,0.9039028291517651,15 to 19 years
1121,29689,0.8365714285714276,0.2857142857142857,0.3738096355479367,15 to 19 years
1122,27620,0.8222857142857133,0.14285714285714285,0.6956911944349302,15 to 19 years
1123,24185,0.907999999999999,1.0,0.9985764965065251,15 to 19 years
1124,25852,0.8937142857142848,0.8571428571428571,0.37972955007131887,15 to 19 years
1125,27835,0.8651428571428562,0.5714285714285714,0.30140529409701866,15 to 19 years
1126,23325,0.8365714285714276,0.2857142857142857,0.46683267033143033,15 to 19 years
1127,27846,0.8651428571428562,0.5714285714285714,0.7055396515105625,15 to 19 years
1128,27269,0.8937142857142848,0.8571428571428571,0.5325662985256953,15 to 19 years
1129,29449,0.8651428571428562,0.5714285714285714,0.780061775028858,15 to 19 years
1130,20722,0.8651428571428562,0.5714285714285714,0.31607847945969203,15 to 19 years
1131,24427,0.8794285714285704,0.7142857142857142,0.7268523867674722,15 to 19 years
1132,28212,0.8508571428571419,0.42857142857142855,0.6892293127558923,15 to 19 years
1133,23443,0.8651428571428562,0.5714285714285714,0.4515895607428241,15 to 19 years
1134,29580,0.8222857142857133,0.14285714285714285,0.4044164007722749,15 to 19 years
1135,26153,0.8508571428571419,0.42857142857142855,0.48219387360421917,15 to 19 years
1136,23392,0.8508571428571419,0.42857142857142855,0.7755541646869772,15 to 19 years
1137,27322,0.8365714285714276,0.2857142857142857,0.47471290055863674,15 to 19 years
1138,23113,0.8365714285714276,0.2857142857142857,0.16307470181289524,15 to 19 years
1139,26702,0.8365714285714276,0.2857142857142857,0.47554881149817435,15 to 19 years
1140,21052,0.8365714285714276,0.2857142857142857,0.35911184470183777,15 to 19 years
1141,25835,0.8365714285714276,0.2857142857142857,0.9467184765728593,15 to 19 years
1142,27513,0.8365714285714276,0.2857142857142857,0.5870991567507534,15 to 19 years
1143,23771,0.8508571428571419,0.42857142857142855,0.59735858077871,15 to 19 years
1144,24429,0.8508571428571419,0.42857142857142855,0.6287780839365761,15 to 19 years
1145,21775,0.8508571428571419,0.42857142857142855,0.6617703404351276,15 to 19 years
1146,22932,0.8937142857142848,0.8571428571428571,0.6238178140534275,15 to 19 years
1147,21395,0.8222857142857133,0.14285714285714285,0.8266559681770491,15 to 19 years
1148,23419,0.907999999999999,1.0,0.2646971611601749,15 to 19 years
1149,23274,0.8222857142857133,0.14285714285714285,0.1797612853279006,15 to 19 years
1150,27308,0.907999999999999,1.0,0.9395884803083712,15 to 19 years
1151,26886,0.8508571428571419,0.42857142857142855,0.5387909997900723,15 to 19 years
1152,28146,0.8365714285714276,0.2857142857142857,0.3727695007081141,15 to 19 years
1153,29764,0.8937142857142848,0.8571428571428571,0.5651952916899713,15 to 19 years
1154,23942,0.907999999999999,1.0,0.3176087053514361,15 to 19 years
1155,21760,0.8365714285714276,0.2857142857142857,0.7837136858141266,15 to 19 years
1156,20532,0.8365714285714276,0.2857142857142857,0.5380508668662711,15 to 19 years
1157,23032,0.8222857142857133,0.14285714285714285,0.30215185379937914,15 to 19 years
1158,23092,0.8222857142857133,0.14285714285714285,0.5811897880424217,15 to 19 years
1159,25428,0.8222857142857133,0.14285714285714285,0.5598526204955566,15 to 19 years
1160,28293,0.8222857142857133,0.14285714285714285,0.2318825720880755,15 to 19 years
1161,26537,0.8222857142857133,0.14285714285714285,0.21951505463264515,15 to 19 years
1162,23339,0.8651428571428562,0.5714285714285714,0.37476174651327776,15 to 19 years
1163,27985,0.8222857142857133,0.14285714285714285,0.054053433044482735,15 to 19 years
1164,28383,0.8651428571428562,0.5714285714285714,0.4284705843761368,15 to 19 years
1165,27849,0.8508571428571419,0.42857142857142855,0.37727888849766733,15 to 19 years
1166,23490,0.8937142857142848,0.8571428571428571,0.48361025676066544,15 to 19 years
1167,27128,0.907999999999999,1.0,0.7049897341426071,15 to 19 years
1168,28051,0.8365714285714276,0.2857142857142857,0.7977722731991062,15 to 19 years
1169,26816,0.8222857142857133,0.14285714285714285,0.4790639896568654,15 to 19 years
1170,23914,0.8365714285714276,0.2857142857142857,0.030737266553287235,15 to 19 years
1171,24926,0.8365714285714276,0.2857142857142857,0.8789300638696628,15 to 19 years
1172,24578,0.8365714285714276,0.2857142857142857,0.6948135005728515,15 to 19 years
1173,22684,0.907999999999999,1.0,0.4474948681525751,15 to 19 years
1174,21532,0.8794285714285704,0.7142857142857142,0.4020668020423941,15 to 19 years
1175,28038,0.44984242240952005,0.14285714285714285,0.8264638366901356,15 to 19 years
1176,25927,0.8937142857142848,0.8571428571428571,0.19829760188627316,15 to 19 years
1177,28978,0.7205569417363312,0.14285714285714285,0.23384017649601835,15 to 19 years
1178,22613,0.8365714285714276,0.2857142857142857,0.2943945908213055,15 to 19 years
1179,25967,0.8365714285714276,0.2857142857142857,0.7950826997931089,15 to 19 years
1180,26759,0.8937142857142848,0.8571428571428571,0.8060099948197672,15 to 19 years
1181,28225,0.8365714285714276,0.2857142857142857,0.5230254832406782,15 to 19 years
1182,29108,0.907999999999999,1.0,0.00032671518968774294,15 to 19 years
1183,28835,0.8365714285714276,0.2857142857142857,0.19936369494344297,15 to 19 years
1184,28287,0.8222857142857133,0.14285714285714285,0.8444725490958866,15 to 19 years
1185,26950,0.8937142857142848,0.8571428571428571,0.6836889295303763,15 to 19 years
1186,28964,0.8651428571428562,0.5714285714285714,0.7854123074111179,15 to 19 years
1187,28613,0.8365714285714276,0.2857142857142857,0.42113377503211125,15 to 19 years
1188,26931,0.8222857142857133,0.14285714285714285,0.8339139897218373,15 to 19 years
1189,28526,0.907999999999999,1.0,0.2882946671328086,15 to 19 years
1190,21736,0.8365714285714276,0.2857142857142857,0.8922609143956919,15 to 19 years
1191,23683,0.8937142857142848,0.8571428571428571,0.4089000150005777,15 to 19 years
1192,27154,0.8937142857142848,0.8571428571428571,0.8999503427381866,15 to 19 years
1193,20609,0.8365714285714276,0.2857142857142857,0.6836786639683947,15 to 19 years
1194,29907,0.8651428571428562,0.5714285714285714,0.7947694951733913,15 to 19 years
1195,21361,0.8651428571428562,0.5714285714285714,0.4397559534308683,15 to 19 years
1196,23204,0.8651428571428562,0.5714285714285714,0.25198877740042636,15 to 19 years
1197,22191,0.8937142857142848,0.8571428571428571,0.30453902548367195,15 to 19 years
1198,22546,0.8365714285714276,0.2857142857142857,0.4347348872410865,15 to 19 years
1199,25783,0.8222857142857133,0.14285714285714285,0.3044075712014137,15 to 19 years
1200,24073,0.8365714285714276,0.2857142857142857,0.36957150870852185,15 to 19 years
1201,25279,0.8365714285714276,0.2857142857142857,0.4252934343093402,15 to 19 years
1202,25014,0.8651428571428562,0.5714285714285714,0.4408960550757046,15 to 19 years
1203,27210,0.907999999999999,1.0,0.2677553146499778,15 to 19 years
1204,27722,0.8651428571428562,0.5714285714285714,0.05984083558642639,15 to 19 years
1205,25394,0.8651428571428562,0.5714285714285714,0.7625688245171712,15 to 19 years
1206,25287,0.8651428571428562,0.5714285714285714,0.03949910116086697,15 to 19 years
1207,26379,0.8508571428571419,0.42857142857142855,0.6062534996191888,15 to 19 years
1208,28406,0.8651428571428562,0.5714285714285714,0.8243263742098053,15 to 19 years
1209,29319,0.8651428571428562,0.5714285714285714,0.1683158446695408,15 to 19 years
1210,20953,0.907999999999999,1.0,0.2423656373691273,15 to 19 years
1211,28803,0.8937142857142848,0.8571428571428571,0.5283028219441372,15 to 19 years
1212,22742,0.8222857142857133,0.14285714285714285,0.367142056624758,15 to 19 years
1213,26546,0.8222857142857133,0.14285714285714285,0.10378547241965463,15 to 19 years
1214,29784,0.7318935969743119,0.14285714285714285,0.42593129880626746,15 to 19 years
1215,20122,0.8651428571428562,0.5714285714285714,0.38551446384969,15 to 19 years
1216,29191,0.8651428571428562,0.5714285714285714,0.6583326254130034,15 to 19 years
1217,25997,0.8365714285714276,0.2857142857142857,0.6284075313897691,15 to 19 years
1218,25284,0.8222857142857133,0.14285714285714285,0.6788674921660447,15 to 19 years
1219,27294,0.8222857142857133,0.14285714285714285,0.6693370793651023,15 to 19 years
1220,23403,0.8365714285714276,0.2857142857142857,0.002580645834470263,15 to 19 years
1221,23786,0.907999999999999,1.0,0.585182987996303,15 to 19 years
1222,26491,0.8937142857142848,0.8571428571428571,0.17909030990827507,15 to 19 years
1223,29525,0.8222857142857133,0.14285714285714285,0.1649657028695486,15 to 19 years
1224,26151,0.8365714285714276,0.2857142857142857,0.8178681778345512,15 to 19 years
1225,23138,0.8222857142857133,0.14285714285714285,0.031108388117516594,15 to 19 years
1226,28497,0.8508571428571419,0.42857142857142855,0.5384697796555209,15 to 19 years
1227,23286,0.8651428571428562,0.5714285714285714,0.2817032513193132,15 to 19 years
1228,24875,0.8365714285714276,0.2857142857142857,0.75174710391038,15 to 19 years
1229,24930,0.8508571428571419,0.42857142857142855,0.7575571518880319,15 to 19 years
1230,29656,0.8222857142857133,0.14285714285714285,0.3790184239351868,15 to 19 years
1231,22634,0.8651428571428562,0.5714285714285714,0.7493467658590454,15 to 19 years
1232,24971,0.907999999999999,1.0,0.4825289025381667,15 to 19 years
1233,20513,0.8937142857142848,0.8571428571428571,0.646323745764208,15 to 19 years
1234,27908,0.8937142857142848,0.8571428571428571,0.32786928015618055,15 to 19 years
1235,25585,0.8508571428571419,0.42857142857142855,0.5592168501975263,15 to 19 years
1236,26231,0.8651428571428562,0.5714285714285714,0.15690335521161558,15 to 19 years
1237,23849,0.8365714285714276,0.2857142857142857,0.8953362577151096,15 to 19 years
1238,25886,0.8222857142857133,0.14285714285714285,0.07998607589979895,15 to 19 years
1239,21407,0.8222857142857133,0.14285714285714285,0.26150925749995546,15 to 19 years
1240,20366,0.8651428571428562,0.5714285714285714,0.7153774894740296,15 to 19 years
1241,22602,0.8365714285714276,0.2857142857142857,0.07940957754387529,15 to 19 years
1242,29970,0.8222857142857133,0.14285714285714285,0.10042548447643557,15 to 19 years
1243,21515,0.8937142857142848,0.8571428571428571,0.4588550859020102,15 to 19 years
1244,20365,0.907999999999999,1.0,0.16583014107478689,15 to 19 years
1245,29048,0.8365714285714276,0.2857142857142857,0.1347449851119883,15 to 19 years
1246,28973,0.8937142857142848,0.8571428571428571,0.2250143136546029,15 to 19 years
1247,21603,0.8651428571428562,0.5714285714285714,0.9633520382700758,15 to 19 years
1248,20410,0.8365714285714276,0.2857142857142857,0.47114065184647885,15 to 19 years
1249,20588,0.8365714285714276,0.2857142857142857,0.2557318997849858,15 to 19 years
1250,21921,0.8222857142857133,0.14285714285714285,0.8725308903734581,15 to 19 years
1251,22274,0.8222857142857133,0.14285714285714285,0.8559706272545243,15 to 19 years
1252,27171,0.8651428571428562,0.5714285714285714,0.7770738366496501,15 to 19 years
1253,22093,0.8651428571428562,0.5714285714285714,0.6827814233692027,15 to 19 years
1254,23725,0.8508571428571419,0.42857142857142855,0.08846075388010427,15 to 19 years
1255,25353,0.8365714285714276,0.2857142857142857,0.7234189791553733,15 to 19 years
1256,28333,0.8365714285714276,0.2857142857142857,0.5269203927507966,15 to 19 years
1257,24800,0.8365714285714276,0.2857142857142857,0.9331987085148314,15 to 19 years
1258,21845,0.8365714285714276,0.2857142857142857,0.07293860901573318,15 to 19 years
1259,27121,0.8365714285714276,0.2857142857142857,0.925524710247351,15 to 19 years
1260,20274,0.8937142857142848,0.8571428571428571,0.6483834276443722,15 to 19 years
1261,23112,0.8651428571428562,0.5714285714285714,0.6749491907859403,15 to 19 years
1262,28656,0.8651428571428562,0.5714285714285714,0.4705723496603927,15 to 19 years
1263,29802,0.8365714285714276,0.2857142857142857,0.8837179107881359,15 to 19 years
1264,24969,0.8222857142857133,0.14285714285714285,0.18525343689106105,15 to 19 years
1265,20497,0.907999999999999,1.0,0.6350172707825407,15 to 19 years
1266,27640,0.8365714285714276,0.2857142857142857,0.6599659765658812,15 to 19 years
1267,28591,0.8222857142857133,0.14285714285714285,0.2045870271466974,15 to 19 years
1268,26240,0.8794285714285704,0.7142857142857142,0.190381278311896,15 to 19 years
1269,20175,0.8222857142857133,0.14285714285714285,0.8965156068476028,15 to 19 years
1270,29190,0.8651428571428562,0.5714285714285714,0.22017195506305415,15 to 19 years
1271,25552,0.8937142857142848,0.8571428571428571,0.41392987876973264,15 to 19 years
1272,24937,0.8508571428571419,0.42857142857142855,0.35206680575998905,15 to 19 years
1273,23186,0.907999999999999,1.0,0.6182646732303614,15 to 19 years
1274,25705,0.8651428571428562,0.5714285714285714,0.8738155591716255,15 to 19 years
1275,26701,0.8365714285714276,0.2857142857142857,0.6240543526063907,15 to 19 years
1276,21745,0.8651428571428562,0.5714285714285714,0.21744936167920587,15 to 19 years
1277,27091,0.8222857142857133,0.14285714285714285,0.628134490837505,15 to 19 years
1278,27588,0.8365714285714276,0.2857142857142857,0.4694137134165215,15 to 19 years
1279,28110,0.8937142857142848,0.8571428571428571,0.49076470480835876,15 to 19 years
1280,24307,0.8222857142857133,0.14285714285714285,0.5863747984643284,15 to 19 years
1281,20821,0.8937142857142848,0.8571428571428571,0.6532833819566715,15 to 19 years
1282,23280,0.8937142857142848,0.8571428571428571,0.6017343561692337,15 to 19 years
1283,20831,0.8651428571428562,0.5714285714285714,0.2307657805432265,15 to 19 years
1284,21289,0.8651428571428562,0.5714285714285714,0.7386905238618281,15 to 19 years
1285,29555,0.8508571428571419,0.42857142857142855,0.364663634415873,15 to 19 years
1286,22138,0.8651428571428562,0.5714285714285714,0.49876112908283904,15 to 19 years
1287,22091,0.8365714285714276,0.2857142857142857,0.4250248803590601,15 to 19 years
1288,29985,0.8937142857142848,0.8571428571428571,0.8928417475541173,15 to 19 years
1289,21908,0.8937142857142848,0.8571428571428571,0.007421587774547267,15 to 19 years
1290,28806,0.8222857142857133,0.14285714285714285,0.8055174054425984,15 to 19 years
1291,20553,0.8365714285714276,0.2857142857142857,0.3745455872828447,15 to 19 years
1292,29269,0.8222857142857133,0.14285714285714285,0.6877844122310809,15 to 19 years
1293,29756,0.8651428571428562,0.5714285714285714,0.31452290433580543,15 to 19 years
1294,20592,0.8651428571428562,0.5714285714285714,0.3631998307521454,15 to 19 years
1295,28736,0.8508571428571419,0.42857142857142855,0.572087996959112,15 to 19 years
1296,24424,0.8365714285714276,0.2857142857142857,0.17816603703070766,15 to 19 years
1297,21834,0.8365714285714276,0.2857142857142857,0.19112797557571537,15 to 19 years
1298,24065,0.8222857142857133,0.14285714285714285,0.5030462686782561,15 to 19 years
1299,24416,0.8365714285714276,0.2857142857142857,0.45502948344152305,15 to 19 years
1300,29870,0.8508571428571419,0.42857142857142855,0.48353787172796203,15 to 19 years
1301,27372,0.8508571428571419,0.42857142857142855,0.1435191194526032,15 to 19 years
1302,24113,0.907999999999999,1.0,0.6104200684550463,15 to 19 years
1303,25413,0.8508571428571419,0.42857142857142855,0.6187460201133834,15 to 19 years
1304,23297,0.8222857142857133,0.14285714285714285,0.671737588234455,15 to 19 years
1305,24339,0.8937142857142848,0.8571428571428571,0.6978283170692572,15 to 19 years
1306,24790,0.8508571428571419,0.42857142857142855,0.6858498386069911,15 to 19 years
1307,24750,0.8937142857142848,0.8571428571428571,0.6484040074139641,15 to 19 years
1308,22273,0.8365714285714276,0.2857142857142857,0.04988832498005946,15 to 19 years
1309,23906,0.8937142857142848,0.8571428571428571,0.9111493346044375,15 to 19 years
1310,21704,0.8651428571428562,0.5714285714285714,0.1464282843773287,15 to 19 years
1311,27090,0.8222857142857133,0.14285714285714285,0.8109439869624416,15 to 19 years
1312,27621,0.8508571428571419,0.42857142857142855,0.781930980241895,15 to 19 years
1313,21819,0.8222857142857133,0.14285714285714285,0.10049361102824589,15 to 19 years
1314,27665,0.8365714285714276,0.2857142857142857,0.4691343629690474,15 to 19 years
1315,22888,0.8222857142857133,0.14285714285714285,0.5791029502917621,15 to 19 years
1316,28351,0.8365714285714276,0.2857142857142857,0.539109439653017,15 to 19 years
1317,28528,0.8651428571428562,0.5714285714285714,0.664070505627016,15 to 19 years
1318,21240,0.8222857142857133,0.14285714285714285,0.8864497089100692,15 to 19 years
1319,27527,0.8651428571428562,0.5714285714285714,0.4783677808073087,15 to 19 years
1320,29401,0.8651428571428562,0.5714285714285714,0.2626763350364695,15 to 19 years
1321,23570,0.8222857142857133,0.14285714285714285,0.02864960474148559,15 to 19 years
1322,21633,0.907999999999999,1.0,0.2621180433746118,15 to 19 years
1323,22460,0.8651428571428562,0.5714285714285714,0.5197656956667324,15 to 19 years
1324,24705,0.8508571428571419,0.42857142857142855,0.19437742645546702,15 to 19 years
1325,22511,0.8222857142857133,0.14285714285714285,0.11016627674347884,15 to 19 years
1326,22186,0.8651428571428562,0.5714285714285714,0.8254956111522906,15 to 19 years
1327,28003,0.8651428571428562,0.5714285714285714,0.974540548363714,15 to 19 years
1328,29423,0.8365714285714276,0.2857142857142857,0.1723663337104025,15 to 19 years
1329,22705,0.8222857142857133,0.14285714285714285,0.19532181546577854,15 to 19 years
1330,25231,0.8222857142857133,0.14285714285714285,0.7074868628952626,15 to 19 years
1331,21429,0.8937142857142848,0.8571428571428571,0.42636700424979673,15 to 19 years
1332,22673,0.8365714285714276,0.2857142857142857,0.9095555057597751,15 to 19 years
1333,27958,0.907999999999999,1.0,0.3495379709451717,15 to 19 years
1334,23284,0.8222857142857133,0.14285714285714285,0.6030025432771458,15 to 19 years
1335,26076,0.8365714285714276,0.2857142857142857,0.5061167151613312,15 to 19 years
1336,28859,0.8365714285714276,0.2857142857142857,0.953679270613687,15 to 19 years
1337,24169,0.907999999999999,1.0,0.8719868438863936,15 to 19 years
1338,21028,0.8937142857142848,0.8571428571428571,0.7304245123875092,15 to 19 years
1339,29275,0.8365714285714276,0.2857142857142857,0.9081873368145912,15 to 19 years
1340,28127,0.8365714285714276,0.2857142857142857,0.935979022985225,15 to 19 years
1341,20935,0.907999999999999,1.0,0.8291915391779461,15 to 19 years
1342,22728,0.8651428571428562,0.5714285714285714,0.09896097229410944,15 to 19 years
1343,26413,0.8937142857142848,0.8571428571428571,0.35483157659916387,15 to 19 years
1344,27132,0.8651428571428562,0.5714285714285714,0.5558452369695104,15 to 19 years
1345,29161,0.8222857142857133,0.14285714285714285,0.7730315883703804,15 to 19 years
1346,28951,0.8937142857142848,0.8571428571428571,0.7108493668321489,15 to 19 years
1347,20967,0.8365714285714276,0.2857142857142857,0.0077545775131064865,15 to 19 years
1348,25454,0.8651428571428562,0.5714285714285714,0.8071416571476335,15 to 19 years
1349,27976,0.8508571428571419,0.42857142857142855,0.04648725862323977,15 to 19 years
1350,20802,0.8365714285714276,0.2857142857142857,0.6784863403163462,15 to 19 years
1351,25607,0.8508571428571419,0.42857142857142855,0.07949101187866914,15 to 19 years
1352,28821,0.8651428571428562,0.5714285714285714,0.5178918389460344,15 to 19 years
1353,24253,0.8937142857142848,0.8571428571428571,0.40028873352496797,15 to 19 years
1354,21637,0.8365714285714276,0.2857142857142857,0.9759587999313253,15 to 19 years
1355,28760,0.8365714285714276,0.2857142857142857,0.8599596982164859,15 to 19 years
1356,22258,0.8222857142857133,0.14285714285714285,0.4246607547082789,15 to 19 years
1357,21132,0.8365714285714276,0.2857142857142857,0.43222693336073287,15 to 19 years
1358,27044,0.8365714285714276,0.2857142857142857,0.08995427688704533,15 to 19 years
1359,24733,0.8222857142857133,0.14285714285714285,0.11474557916480116,15 to 19 years
1360,20253,0.8508571428571419,0.42857142857142855,0.828987433599176,15 to 19 years
1361,27747,0.8365714285714276,0.2857142857142857,0.11898705264597209,15 to 19 years
1362,23324,0.8222857142857133,0.14285714285714285,0.7828109468176365,15 to 19 years
1363,26662,0.8651428571428562,0.5714285714285714,0.2330680540728053,15 to 19 years
1364,20430,0.8794285714285704,0.7142857142857142,0.5069315189112432,15 to 19 years
1365,26977,0.8651428571428562,0.5714285714285714,0.6390068315043222,15 to 19 years
1366,29611,0.8937142857142848,0.8571428571428571,0.2220147820510444,15 to 19 years
1367,20343,0.8937142857142848,0.8571428571428571,0.9221858087288131,15 to 19 years
1368,22654,0.8508571428571419,0.42857142857142855,0.44321722970213556,15 to 19 years
1369,28948,0.8651428571428562,0.5714285714285714,0.5438011196228093,15 to 19 years
1370,21159,0.8365714285714276,0.2857142857142857,0.8359279325294178,15 to 19 years
1371,25276,0.8222857142857133,0.14285714285714285,0.8586593420971895,15 to 19 years
1372,27208,0.8365714285714276,0.2857142857142857,0.8081617677000449,15 to 19 years
1373,27307,0.8365714285714276,0.2857142857142857,0.7047085991364277,15 to 19 years
1374,26399,0.8508571428571419,0.42857142857142855,0.6287336998568607,15 to 19 years
1375,29959,0.8508571428571419,0.42857142857142855,0.8663236050334729,15 to 19 years
1376,25074,0.8651428571428562,0.5714285714285714,0.8028792335345569,15 to 19 years
1377,26996,0.8365714285714276,0.2857142857142857,0.18483577166621268,15 to 19 years
1378,22200,0.8794285714285704,0.7142857142857142,0.8852141316023786,15 to 19 years
1379,29724,0.8937142857142848,0.8571428571428571,0.31154603827815674,15 to 19 years
1380,22345,0.8651428571428562,0.5714285714285714,0.07369543952608304,15 to 19 years
1381,22986,0.8937142857142848,0.8571428571428571,0.34264909674510236,15 to 19 years
1382,20544,0.8365714285714276,0.2857142857142857,0.6793131498043518,15 to 19 years
1383,29918,0.8937142857142848,0.8571428571428571,0.18107043018312108,15 to 19 years
1384,25149,0.8222857142857133,0.14285714285714285,0.8689520900223836,15 to 19 years
1385,25612,0.8365714285714276,0.2857142857142857,0.6987053108654538,15 to 19 years
1386,26317,0.8937142857142848,0.8571428571428571,0.6976007608236701,15 to 19 years
1387,24624,0.8937142857142848,0.8571428571428571,0.689423235051401,15 to 19 years
1388,22648,0.8937142857142848,0.8571428571428571,0.25221729460926195,15 to 19 years
1389,23119,0.8365714285714276,0.2857142857142857,0.42068190403848954,15 to 19 years
1390,28902,0.8937142857142848,0.8571428571428571,0.3591362667591599,15 to 19 years
1391,28011,0.8937142857142848,0.8571428571428571,0.36507636177229896,15 to 19 years
1392,25580,0.8222857142857133,0.14285714285714285,0.6776753318433734,15 to 19 years
1393,29061,0.8508571428571419,0.42857142857142855,0.37731912331166606,15 to 19 years
1394,22922,0.8222857142857133,0.14285714285714285,0.0745342242580066,15 to 19 years
1395,26372,0.8937142857142848,0.8571428571428571,0.30561706133031763,15 to 19 years
1396,20358,0.8222857142857133,0.14285714285714285,0.5776112979556284,15 to 19 years
1397,28837,0.907999999999999,1.0,0.5327125672561072,15 to 19 years
1398,29527,0.8508571428571419,0.42857142857142855,0.4007481530005492,15 to 19 years
1399,29261,0.8222857142857133,0.14285714285714285,0.8866196894038876,15 to 19 years
1400,28453,0.8365714285714276,0.2857142857142857,0.47280329482265326,15 to 19 years
1401,26835,0.8937142857142848,0.8571428571428571,0.7364701279661856,15 to 19 years
1402,24699,0.8365714285714276,0.2857142857142857,0.9052010041413698,15 to 19 years
1403,24359,0.8937142857142848,0.8571428571428571,0.6379336187203175,15 to 19 years
1404,29564,0.8365714285714276,0.2857142857142857,0.5652478984855318,15 to 19 years
1405,29890,0.8651428571428562,0.5714285714285714,0.6843915121677657,15 to 19 years
1406,21667,0.8365714285714276,0.2857142857142857,0.6244296772494464,15 to 19 years
1407,27107,0.8937142857142848,0.8571428571428571,0.67460785363436,15 to 19 years
1408,25666,0.8651428571428562,0.5714285714285714,0.2551682970763269,15 to 19 years
1409,24999,0.29350131870839014,0.14285714285714285,0.496002964889281,15 to 19 years
1410,29526,0.8222857142857133,0.14285714285714285,0.7981402618992097,15 to 19 years
1411,22698,0.8365714285714276,0.2857142857142857,0.5759522078808788,15 to 19 years
1412,21803,0.8937142857142848,0.8571428571428571,0.6990945682709842,15 to 19 years
1413,21500,0.8651428571428562,0.5714285714285714,0.39134918705817356,15 to 19 years
1414,27528,0.8651428571428562,0.5714285714285714,0.20751333229843527,15 to 19 years
1415,22513,0.8222857142857133,0.14285714285714285,0.008181782431237683,15 to 19 years
1416,28175,0.8365714285714276,0.2857142857142857,0.2830936179950195,15 to 19 years
1417,28515,0.8651428571428562,0.5714285714285714,0.8075595099424235,15 to 19 years
1418,22458,0.8651428571428562,0.5714285714285714,0.604214188291168,15 to 19 years
1419,27133,0.907999999999999,1.0,0.7955563999864647,15 to 19 years
1420,23659,0.8365714285714276,0.2857142857142857,0.7600193729875335,15 to 19 years
1421,27031,0.8651428571428562,0.5714285714285714,0.6848931549979014,15 to 19 years
1422,29573,0.8508571428571419,0.42857142857142855,0.6367798650557884,15 to 19 years
1423,21842,0.8651428571428562,0.5714285714285714,0.20730806687927028,15 to 19 years
1424,24214,0.8651428571428562,0.5714285714285714,0.8079145359925146,15 to 19 years
1425,23796,0.8365714285714276,0.2857142857142857,0.468715473341846,15 to 19 years
1426,25080,0.8222857142857133,0.14285714285714285,0.28871299753596924,15 to 19 years
1427,27925,0.8508571428571419,0.42857142857142855,0.9176241704390566,15 to 19 years
1428,26822,0.8651428571428562,0.5714285714285714,0.833698138038703,15 to 19 years
1429,27082,0.8222857142857133,0.14285714285714285,0.3014763906368806,15 to 19 years
1430,24405,0.8508571428571419,0.42857142857142855,0.9951619028296192,15 to 19 years
1431,26605,0.8651428571428562,0.5714285714285714,0.18253622169278633,15 to 19 years
1432,25536,0.8222857142857133,0.14285714285714285,0.043196468298068835,15 to 19 years
1433,25691,0.8937142857142848,0.8571428571428571,0.20844093558583432,15 to 19 years
1434,26504,0.8222857142857133,0.14285714285714285,0.41319107661210164,15 to 19 years
1435,28104,0.8508571428571419,0.42857142857142855,0.8205048979631474,15 to 19 years
1436,26486,0.8937142857142848,0.8571428571428571,0.12788332552942555,15 to 19 years
1437,23843,0.8651428571428562,0.5714285714285714,0.6886568869959142,15 to 19 years
1438,26430,0.8365714285714276,0.2857142857142857,0.14215297376930802,15 to 19 years
1439,29803,0.8937142857142848,0.8571428571428571,0.9682012321723734,15 to 19 years
1440,27935,0.8937142857142848,0.8571428571428571,0.22315149625572717,15 to 19 years
1441,22474,0.8937142857142848,0.8571428571428571,0.3467364183292058,15 to 19 years
1442,23731,0.8651428571428562,0.5714285714285714,0.32709277924131314,15 to 19 years
1443,25701,0.8222857142857133,0.14285714285714285,0.8053508031253611,15 to 19 years
1444,21002,0.8365714285714276,0.2857142857142857,0.30224764162563855,15 to 19 years
1445,20220,0.8365714285714276,0.2857142857142857,0.7913822093399991,15 to 19 years
1446,24240,0.907999999999999,1.0,0.4658939195279156,15 to 19 years
1447,23635,0.8508571428571419,0.42857142857142855,0.18693583163695848,15 to 19 years
1448,24519,0.8365714285714276,0.2857142857142857,0.6574519753580605,15 to 19 years
1449,27102,0.907999999999999,1.0,0.41228283593426834,15 to 19 years
1450,21038,0.8365714285714276,0.2857142857142857,0.6605061943786048,15 to 19 years
1451,28021,0.8937142857142848,0.8571428571428571,0.7157630079234283,15 to 19 years
1452,21023,0.8508571428571419,0.42857142857142855,0.37761276767268315,15 to 19 years
1453,26181,0.8222857142857133,0.14285714285714285,0.6355954232258743,15 to 19 years
1454,20429,0.8651428571428562,0.5714285714285714,0.4109851128715303,15 to 19 years
1455,26649,0.8365714285714276,0.2857142857142857,0.5447501592020318,15 to 19 years
1456,26114,0.8651428571428562,0.5714285714285714,0.11218555890993276,15 to 19 years
1457,22412,0.907999999999999,1.0,0.37348028345429296,15 to 19 years
1458,27753,0.8651428571428562,0.5714285714285714,0.05534766756297638,15 to 19 years
1459,26714,0.8651428571428562,0.5714285714285714,0.4998822743325154,15 to 19 years
1460,20339,0.8937142857142848,0.8571428571428571,0.07838753493195783,15 to 19 years
1461,23523,0.8937142857142848,0.8571428571428571,0.9210260103619526,15 to 19 years
1462,23593,0.8365714285714276,0.2857142857142857,0.7534940742647531,15 to 19 years
1463,29456,0.8365714285714276,0.2857142857142857,0.6476563841217293,15 to 19 years
1464,25850,0.8365714285714276,0.2857142857142857,0.04798074659978402,15 to 19 years
1465,29584,0.8651428571428562,0.5714285714285714,0.552938954554391,15 to 19 years
1466,22589,0.8365714285714276,0.2857142857142857,0.910524098206207,15 to 19 years
1467,20942,0.8222857142857133,0.14285714285714285,0.20944952175224896,15 to 19 years
1468,28427,0.8222857142857133,0.14285714285714285,0.9455577247123086,15 to 19 years
1469,29194,0.8365714285714276,0.2857142857142857,0.3515248338767927,15 to 19 years
1470,29759,0.8651428571428562,0.5714285714285714,0.4308261012615776,15 to 19 years
1471,29709,0.8651428571428562,0.5714285714285714,0.48176328608777735,15 to 19 years
1472,21774,0.8365714285714276,0.2857142857142857,0.7947977080192616,15 to 19 years
1473,29794,0.8222857142857133,0.14285714285714285,0.06635377120672264,15 to 19 years
1474,24508,0.8508571428571419,0.42857142857142855,0.057890047708438974,15 to 19 years
1475,22013,0.8937142857142848,0.8571428571428571,0.13563974147518693,15 to 19 years
1476,27270,0.8222857142857133,0.14285714285714285,0.7262176671739703,15 to 19 years
1477,23536,0.8651428571428562,0.5714285714285714,0.49087721310360605,15 to 19 years
1478,22690,0.8937142857142848,0.8571428571428571,0.10126279705374014,15 to 19 years
1479,20646,0.8365714285714276,0.2857142857142857,0.8760625181600001,15 to 19 years
1480,25444,0.8365714285714276,0.2857142857142857,0.3750963087713463,15 to 19 years
1481,21707,0.8365714285714276,0.2857142857142857,0.5883663458015921,15 to 19 years
1482,25324,0.8222857142857133,0.14285714285714285,0.5840758132045414,15 to 19 years
1483,22516,0.8365714285714276,0.2857142857142857,0.24264395096061298,15 to 19 years
1484,21945,0.8365714285714276,0.2857142857142857,0.12349409225852387,15 to 19 years
1485,25839,0.8651428571428562,0.5714285714285714,0.7904744858046788,15 to 19 years
1486,27475,0.8937142857142848,0.8571428571428571,0.9678436954223035,15 to 19 years
1487,21841,0.8651428571428562,0.5714285714285714,0.0353867641646648,15 to 19 years
1488,27418,0.8365714285714276,0.2857142857142857,0.49240215056340575,15 to 19 years
1489,22411,0.8937142857142848,0.8571428571428571,0.5517897608727877,15 to 19 years
1490,28227,0.8794285714285704,0.7142857142857142,0.22313102239820143,15 to 19 years
1491,20664,0.8651428571428562,0.5714285714285714,0.09796317193806003,15 to 19 years
1492,24287,0.8222857142857133,0.14285714285714285,0.24204819814694428,15 to 19 years
1493,24716,0.8937142857142848,0.8571428571428571,0.40060937751055564,15 to 19 years
1494,23662,0.8651428571428562,0.5714285714285714,0.3415221097674796,15 to 19 years
1495,26014,0.8508571428571419,0.42857142857142855,0.8307895420034506,15 to 19 years
1496,20648,0.8222857142857133,0.14285714285714285,0.27360317352316593,15 to 19 years
1497,23832,0.8365714285714276,0.2857142857142857,0.7561824840142385,15 to 19 years
1498,21576,0.8651428571428562,0.5714285714285714,0.715913784111751,15 to 19 years
1499,23787,0.8222857142857133,0.14285714285714285,0.14814391967831564,15 to 19 years
1500,25868,0.8365714285714276,0.2857142857142857,0.8005034661466748,15 to 19 years
1501,25873,0.907999999999999,1.0,0.423994702205315,15 to 19 years
1502,23526,0.8222857142857133,0.14285714285714285,0.36790312873260345,15 to 19 years
1503,22435,0.8222857142857133,0.14285714285714285,0.23248921949508994,15 to 19 years
1504,22328,0.8365714285714276,0.2857142857142857,0.34569974414896576,15 to 19 years
1505,26994,0.8222857142857133,0.14285714285714285,0.25261509053026576,15 to 19 years
1506,26282,0.8365714285714276,0.2857142857142857,0.5618430017221322,15 to 19 years
1507,28147,0.8365714285714276,0.2857142857142857,0.8165079710334446,15 to 19 years
1508,20255,0.8651428571428562,0.5714285714285714,0.03973234428246253,15 to 19 years
1509,28822,0.8365714285714276,0.2857142857142857,0.8356091222035894,15 to 19 years
1510,29744,0.8508571428571419,0.42857142857142855,0.14702059695020575,15 to 19 years
1511,29469,0.8651428571428562,0.5714285714285714,0.9593459216179826,15 to 19 years
1512,22736,0.8937142857142848,0.8571428571428571,0.17334681267753604,15 to 19 years
1513,27677,0.8937142857142848,0.8571428571428571,0.06813386139885524,15 to 19 years
1514,28733,0.8222857142857133,0.14285714285714285,0.6227040695749657,15 to 19 years
1515,22152,0.907999999999999,1.0,0.7446760664943076,15 to 19 years
1516,24881,0.8508571428571419,0.42857142857142855,0.08660966818447119,15 to 19 years
1517,25748,0.8365714285714276,0.2857142857142857,0.9189927354500739,15 to 19 years
1518,21855,0.8222857142857133,0.14285714285714285,0.6207570202626407,15 to 19 years
1519,27015,0.8222857142857133,0.14285714285714285,0.7581219512157302,15 to 19 years
1520,24548,0.8937142857142848,0.8571428571428571,0.6515838569371551,15 to 19 years
1521,25199,0.8937142857142848,0.8571428571428571,0.2095679459283447,15 to 19 years
1522,29303,0.8222857142857133,0.14285714285714285,0.49325659983296044,15 to 19 years
1523,23515,0.8794285714285704,0.7142857142857142,0.6949140666935926,15 to 19 years
1524,29090,0.8365714285714276,0.2857142857142857,0.5842928790917249,15 to 19 years
1525,29550,0.8651428571428562,0.5714285714285714,0.6162132675075718,15 to 19 years
1526,22019,0.8222857142857133,0.14285714285714285,0.2331860200905676,15 to 19 years
1527,20754,0.8222857142857133,0.14285714285714285,0.29912904346172986,15 to 19 years
1528,27642,0.8651428571428562,0.5714285714285714,0.998444709817109,15 to 19 years
1529,25541,0.8508571428571419,0.42857142857142855,0.42654879008998603,15 to 19 years
1530,20573,0.8222857142857133,0.14285714285714285,0.3244311711148828,15 to 19 years
1531,26324,0.8794285714285704,0.7142857142857142,0.20582256733118742,15 to 19 years
1532,22574,0.8222857142857133,0.14285714285714285,0.905586302033185,15 to 19 years
1533,24853,0.8508571428571419,0.42857142857142855,0.024872470812867475,15 to 19 years
1534,26970,0.8222857142857133,0.14285714285714285,0.48266971805284614,15 to 19 years
1535,24723,0.8365714285714276,0.2857142857142857,0.34272663433171335,15 to 19 years
1536,22662,0.8222857142857133,0.14285714285714285,0.01644032301110221,15 to 19 years
1537,24582,0.8508571428571419,0.42857142857142855,0.05788908182033892,15 to 19 years
1538,21390,0.8222857142857133,0.14285714285714285,0.7714416755719409,15 to 19 years
1539,24577,0.8651428571428562,0.5714285714285714,0.6574930213611296,15 to 19 years
1540,21354,0.8222857142857133,0.14285714285714285,0.7921612431608885,15 to 19 years
1541,21493,0.8651428571428562,0.5714285714285714,0.5540704594642364,15 to 19 years
1542,25765,0.8365714285714276,0.2857142857142857,0.03214653802318901,15 to 19 years
1543,28027,0.8651428571428562,0.5714285714285714,0.4975362721849902,15 to 19 years
1544,24025,0.8651428571428562,0.5714285714285714,0.8818036244271077,15 to 19 years
1545,23547,0.8365714285714276,0.2857142857142857,0.438460450986056,15 to 19 years
1546,28080,0.8651428571428562,0.5714285714285714,0.08634403818847858,15 to 19 years
1547,26225,0.8222857142857133,0.14285714285714285,0.6772182214910072,15 to 19 years
1548,22573,0.8937142857142848,0.8571428571428571,0.2700509859119552,15 to 19 years
1549,24329,0.8508571428571419,0.42857142857142855,0.6251307304374897,15 to 19 years
1550,27676,0.8651428571428562,0.5714285714285714,0.3977799597155085,15 to 19 years
1551,27002,0.8651428571428562,0.5714285714285714,0.37952971813656217,15 to 19 years
1552,27508,0.8222857142857133,0.14285714285714285,0.07673471572809654,15 to 19 years
1553,28872,0.8794285714285704,0.7142857142857142,0.36902850825393024,15 to 19 years
1554,29255,0.8937142857142848,0.8571428571428571,0.6775635386341013,15 to 19 years
1555,22930,0.8365714285714276,0.2857142857142857,0.8957556296617681,15 to 19 years
1556,25387,0.8937142857142848,0.8571428571428571,0.6454016221288587,15 to 19 years
1557,22996,0.8937142857142848,0.8571428571428571,0.4448138570676938,15 to 19 years
1558,27682,0.8222857142857133,0.14285714285714285,0.21214987824966658,15 to 19 years
1559,25818,0.8508571428571419,0.42857142857142855,0.6790617660119359,15 to 19 years
1560,25470,0.8651428571428562,0.5714285714285714,0.28449407404043736,15 to 19 years
1561,20489,0.8937142857142848,0.8571428571428571,0.2030939843344497,15 to 19 years
1562,20309,0.8794285714285704,0.7142857142857142,0.333179223036385,15 to 19 years
1563,23363,0.907999999999999,1.0,0.24878427073740156,15 to 19 years
1564,25958,0.8937142857142848,0.8571428571428571,0.4343253713694976,15 to 19 years
1565,23968,0.8365714285714276,0.2857142857142857,0.1338730472104953,15 to 19 years
1566,24372,0.8937142857142848,0.8571428571428571,0.604928712326691,15 to 19 years
1567,22264,0.8937142857142848,0.8571428571428571,0.7165075371792143,15 to 19 years
1568,27972,0.907999999999999,1.0,0.15833396462438215,15 to 19 years
1569,23572,0.8365714285714276,0.2857142857142857,0.7832678192610951,15 to 19 years
1570,22583,0.907999999999999,1.0,0.5093806069484711,15 to 19 years
1571,24375,0.8937142857142848,0.8571428571428571,0.5897114656406912,15 to 19 years
1572,20881,0.907999999999999,1.0,0.16577259399412453,15 to 19 years
1573,25745,0.8651428571428562,0.5714285714285714,0.8401752833573111,15 to 19 years
1574,27690,0.8651428571428562,0.5714285714285714,0.2227280518286901,15 to 19 years
1575,23880,0.8651428571428562,0.5714285714285714,0.23443485767692063,15 to 19 years
1576,26694,0.8222857142857133,0.14285714285714285,0.12644027879212755,15 to 19 years
1577,20041,0.8651428571428562,0.5714285714285714,0.3000904009480452,15 to 19 years
1578,24824,0.8937142857142848,0.8571428571428571,0.753006295194625,15 to 19 years
1579,23239,0.8794285714285704,0.7142857142857142,0.2696207525768642,15 to 19 years
1580,23084,0.8651428571428562,0.5714285714285714,0.3893800082318948,15 to 19 years
1581,20106,0.8651428571428562,0.5714285714285714,0.31615481608773877,15 to 19 years
1582,26710,0.8508571428571419,0.42857142857142855,0.8077987130001525,15 to 19 years
1583,26515,0.8222857142857133,0.14285714285714285,0.3492608293202576,15 to 19 years
1584,24629,0.8937142857142848,0.8571428571428571,0.005427145501500363,15 to 19 years
1585,25725,0.8651428571428562,0.5714285714285714,0.4601607317242215,15 to 19 years
1586,26165,0.907999999999999,1.0,0.46722957308927116,15 to 19 years
1587,22180,0.8508571428571419,0.42857142857142855,0.794633803739537,15 to 19 years
1588,25349,0.8937142857142848,0.8571428571428571,0.5172420562499391,15 to 19 years
1589,21864,0.8794285714285704,0.7142857142857142,0.4270847292218469,15 to 19 years
1590,23714,0.8794285714285704,0.7142857142857142,0.15479733859667572,15 to 19 years
1591,20502,0.8651428571428562,0.5714285714285714,0.5750842039696922,15 to 19 years
1592,22329,0.8508571428571419,0.42857142857142855,0.8671049652228626,15 to 19 years
1593,29130,0.8365714285714276,0.2857142857142857,0.2910886998524481,15 to 19 years
1594,29860,0.4286322857811674,0.2857142857142857,0.4948683872686465,15 to 19 years
1595,29999,0.8365714285714276,0.2857142857142857,0.7322059308877952,15 to 19 years
1596,26518,0.8937142857142848,0.8571428571428571,0.8602256844683597,15 to 19 years
1597,20644,0.8365714285714276,0.2857142857142857,0.8562925668589902,15 to 19 years
1598,26309,0.907999999999999,1.0,0.04777921960406961,15 to 19 years
1599,28732,0.8651428571428562,0.5714285714285714,0.957196233224654,15 to 19 years
1600,26378,0.8365714285714276,0.2857142857142857,0.5441826350881499,15 to 19 years
1601,29468,0.907999999999999,1.0,0.45083088600945753,15 to 19 years
1602,28862,0.8365714285714276,0.2857142857142857,0.6142073227891197,15 to 19 years
1603,25738,0.8222857142857133,0.14285714285714285,0.9309764287266982,15 to 19 years
1604,21065,0.8508571428571419,0.42857142857142855,0.31751623905763876,15 to 19 years
1605,25432,0.8508571428571419,0.42857142857142855,0.3094679094661734,15 to 19 years
1606,26890,0.8508571428571419,0.42857142857142855,0.7220361733406793,15 to 19 years
1607,26196,0.8222857142857133,0.14285714285714285,0.5871559635737722,15 to 19 years
1608,27363,0.8508571428571419,0.42857142857142855,0.34422578916035795,15 to 19 years
1609,23302,0.8365714285714276,0.2857142857142857,0.5438777904430074,15 to 19 years
1610,28991,0.907999999999999,1.0,0.05714827304244524,15 to 19 years
1611,27517,0.8365714285714276,0.2857142857142857,0.10484174441067623,15 to 19 years
1612,23741,0.8937142857142848,0.8571428571428571,0.8028084126318935,15 to 19 years
1613,29917,0.907999999999999,1.0,0.19465708921417635,15 to 19 years
1614,22260,0.8651428571428562,0.5714285714285714,0.1722990821626999,15 to 19 years
1615,22760,0.8651428571428562,0.5714285714285714,0.5964243983414937,15 to 19 years
1616,20684,0.8937142857142848,0.8571428571428571,0.4971860385145576,15 to 19 years
1617,23445,0.8365714285714276,0.2857142857142857,0.17368937206319024,15 to 19 years
1618,21178,0.907999999999999,1.0,0.2685763439613612,15 to 19 years
1619,26400,0.8937142857142848,0.8571428571428571,0.20840166920290149,15 to 19 years
1620,21050,0.907999999999999,1.0,0.4655038842610881,15 to 19 years
1621,26210,0.907999999999999,1.0,0.8745296722866529,15 to 19 years
1622,23012,0.8222857142857133,0.14285714285714285,0.792573487997666,15 to 19 years
1623,25690,0.8937142857142848,0.8571428571428571,0.9464635340432559,15 to 19 years
1624,29650,0.8365714285714276,0.2857142857142857,0.15573807635498854,15 to 19 years
1625,26533,0.8365714285714276,0.2857142857142857,0.29279428134547536,15 to 19 years
1626,22292,0.8365714285714276,0.2857142857142857,0.8184282777648525,15 to 19 years
1627,29151,0.8937142857142848,0.8571428571428571,0.49050708175119645,15 to 19 years
1628,21347,0.8222857142857133,0.14285714285714285,0.9145376709759944,15 to 19 years
1629,21452,0.8365714285714276,0.2857142857142857,0.24686023111218003,15 to 19 years
1630,28276,0.8651428571428562,0.5714285714285714,0.0045138131382542745,15 to 19 years
1631,26237,0.8365714285714276,0.2857142857142857,0.4745034359857257,15 to 19 years
1632,29820,0.8365714285714276,0.2857142857142857,0.7445508554097056,15 to 19 years
1633,20570,0.8937142857142848,0.8571428571428571,0.08184668933198003,15 to 19 years
1634,25860,0.8508571428571419,0.42857142857142855,0.30155088766978944,15 to 19 years
1635,25482,0.8651428571428562,0.5714285714285714,0.6767536129920719,15 to 19 years
1636,28863,0.8508571428571419,0.42857142857142855,0.5020643516555251,15 to 19 years
1637,25687,0.8564285714285702,0.7142857142857142,0.49123724670820723,20 to 24 years
1638,28887,0.8135714285714274,0.2857142857142857,0.11816952263280478,20 to 24 years
1639,21021,0.8707142857142846,0.8571428571428571,0.538126664165116,20 to 24 years
1640,28981,0.8135714285714274,0.2857142857142857,0.4062030720259173,20 to 24 years
1641,26225,0.799285714285713,0.14285714285714285,0.6772182214910072,20 to 24 years
1642,25324,0.799285714285713,0.14285714285714285,0.5840758132045414,20 to 24 years
1643,23295,0.481670353180801,0.14285714285714285,0.4650856377565382,20 to 24 years
1644,24866,0.842142857142856,0.5714285714285714,0.2173043707529978,20 to 24 years
1645,27688,0.8135714285714274,0.2857142857142857,0.7141521861438342,20 to 24 years
1646,25158,0.8707142857142846,0.8571428571428571,0.7628848421401048,20 to 24 years
1647,28754,0.8278571428571416,0.42857142857142855,0.5415560630250845,20 to 24 years
1648,21722,0.8135714285714274,0.2857142857142857,0.5240300404077163,20 to 24 years
1649,22886,0.842142857142856,0.5714285714285714,0.3700255232718088,20 to 24 years
1650,21529,0.842142857142856,0.5714285714285714,0.6546536997111607,20 to 24 years
1651,28629,0.8707142857142846,0.8571428571428571,0.5277421734414218,20 to 24 years
1652,24739,0.842142857142856,0.5714285714285714,0.6438971301353761,20 to 24 years
1653,22849,0.8849999999999988,1.0,0.3780204317865949,20 to 24 years
1654,23380,0.8135714285714274,0.2857142857142857,0.8622197973936062,20 to 24 years
1655,29341,0.8278571428571416,0.42857142857142855,0.6990030008743158,20 to 24 years
1656,26452,0.799285714285713,0.14285714285714285,0.23419212595970257,20 to 24 years
1657,24940,0.799285714285713,0.14285714285714285,0.7082737123340539,20 to 24 years
1658,21520,0.8564285714285702,0.7142857142857142,0.7258174406546881,20 to 24 years
1659,25060,0.8135714285714274,0.2857142857142857,0.2781968499156755,20 to 24 years
1660,25749,0.799285714285713,0.14285714285714285,0.3049163701841574,20 to 24 years
1661,23291,0.799285714285713,0.14285714285714285,0.5991430317269661,20 to 24 years
1662,29409,0.842142857142856,0.5714285714285714,0.43142033270800495,20 to 24 years
1663,24849,0.8135714285714274,0.2857142857142857,0.8465562178850333,20 to 24 years
1664,29399,0.8707142857142846,0.8571428571428571,0.4748422909572946,20 to 24 years
1665,24988,0.8849999999999988,1.0,0.15607519197881525,20 to 24 years
1666,25228,0.8707142857142846,0.8571428571428571,0.5509671142485192,20 to 24 years
1667,22507,0.8135714285714274,0.2857142857142857,0.7305318093159962,20 to 24 years
1668,23595,0.842142857142856,0.5714285714285714,0.0012256297808155292,20 to 24 years
1669,29773,0.799285714285713,0.14285714285714285,0.816705700772971,20 to 24 years
1670,29670,0.8135714285714274,0.2857142857142857,0.5390020567566407,20 to 24 years
1671,26337,0.842142857142856,0.5714285714285714,0.566210173888753,20 to 24 years
1672,29048,0.8135714285714274,0.2857142857142857,0.1347449851119883,20 to 24 years
1673,25508,0.8707142857142846,0.8571428571428571,0.1903616358766514,20 to 24 years
1674,22062,0.842142857142856,0.5714285714285714,0.6957439578316117,20 to 24 years
1675,21487,0.799285714285713,0.14285714285714285,0.004536449781106455,20 to 24 years
1676,23138,0.799285714285713,0.14285714285714285,0.031108388117516594,20 to 24 years
1677,25155,0.842142857142856,0.5714285714285714,0.49554387292885155,20 to 24 years
1678,29584,0.842142857142856,0.5714285714285714,0.552938954554391,20 to 24 years
1679,29884,0.842142857142856,0.5714285714285714,0.26370655942967114,20 to 24 years
1680,26546,0.799285714285713,0.14285714285714285,0.10378547241965463,20 to 24 years
1681,27969,0.8135714285714274,0.2857142857142857,0.9296832211408821,20 to 24 years
1682,24198,0.799285714285713,0.14285714285714285,0.5388017024246305,20 to 24 years
1683,24057,0.8707142857142846,0.8571428571428571,0.597210243760081,20 to 24 years
1684,20428,0.8135714285714274,0.2857142857142857,0.41849649074760403,20 to 24 years
1685,26173,0.799285714285713,0.14285714285714285,0.22674836562453965,20 to 24 years
1686,22140,0.8278571428571416,0.42857142857142855,0.8974248153702944,20 to 24 years
1687,25444,0.8135714285714274,0.2857142857142857,0.3750963087713463,20 to 24 years
1688,22407,0.8707142857142846,0.8571428571428571,0.5480787005161937,20 to 24 years
1689,24364,0.799285714285713,0.14285714285714285,0.6164373141488556,20 to 24 years
1690,25957,0.8707142857142846,0.8571428571428571,0.8714245276745014,20 to 24 years
1691,28521,0.799285714285713,0.14285714285714285,0.826317858820387,20 to 24 years
1692,27575,0.8278571428571416,0.42857142857142855,0.4414756528580546,20 to 24 years
1693,26453,0.8135714285714274,0.2857142857142857,0.7464106114955463,20 to 24 years
1694,21548,0.8278571428571416,0.42857142857142855,0.519432691578674,20 to 24 years
1695,20999,0.799285714285713,0.14285714285714285,0.6119701234133521,20 to 24 years
1696,22035,0.8135714285714274,0.2857142857142857,0.764648575010045,20 to 24 years
1697,24151,0.799285714285713,0.14285714285714285,0.6195690199968436,20 to 24 years
1698,27434,0.8135714285714274,0.2857142857142857,0.5356112760903717,20 to 24 years
1699,22276,0.8135714285714274,0.2857142857142857,0.698544162976871,20 to 24 years
1700,22180,0.8278571428571416,0.42857142857142855,0.794633803739537,20 to 24 years
1701,28784,0.8135714285714274,0.2857142857142857,0.5760472240910433,20 to 24 years
1702,27960,0.8849999999999988,1.0,0.28491135636290965,20 to 24 years
1703,21859,0.8707142857142846,0.8571428571428571,0.6099182366039546,20 to 24 years
1704,23013,0.799285714285713,0.14285714285714285,0.5941840815568126,20 to 24 years
1705,28767,0.842142857142856,0.5714285714285714,0.3954305444133863,20 to 24 years
1706,25194,0.8278571428571416,0.42857142857142855,0.35541393491391343,20 to 24 years
1707,20729,0.842142857142856,0.5714285714285714,0.8869621213378354,20 to 24 years
1708,20096,0.8135714285714274,0.2857142857142857,0.4886649682615041,20 to 24 years
1709,21713,0.8135714285714274,0.2857142857142857,0.029115443438128663,20 to 24 years
1710,25735,0.799285714285713,0.14285714285714285,0.055864676660257406,20 to 24 years
1711,22049,0.8135714285714274,0.2857142857142857,0.9936970957966558,20 to 24 years
1712,22127,0.8278571428571416,0.42857142857142855,0.9509336944328473,20 to 24 years
1713,23368,0.8849999999999988,1.0,0.7182651722387433,20 to 24 years
1714,22953,0.799285714285713,0.14285714285714285,0.9953843307226159,20 to 24 years
1715,24513,0.8707142857142846,0.8571428571428571,0.618134367144873,20 to 24 years
1716,25909,0.799285714285713,0.14285714285714285,0.32388609954912095,20 to 24 years
1717,28530,0.8707142857142846,0.8571428571428571,0.017589991409883043,20 to 24 years
1718,25993,0.8707142857142846,0.8571428571428571,0.2804529399183855,20 to 24 years
1719,27270,0.799285714285713,0.14285714285714285,0.7262176671739703,20 to 24 years
1720,29032,0.799285714285713,0.14285714285714285,0.4912721054894612,20 to 24 years
1721,22940,0.8707142857142846,0.8571428571428571,0.9900288055110544,20 to 24 years
1722,29679,0.842142857142856,0.5714285714285714,0.9085940696777797,20 to 24 years
1723,26457,0.8135714285714274,0.2857142857142857,0.7833494179192918,20 to 24 years
1724,20309,0.8564285714285702,0.7142857142857142,0.333179223036385,20 to 24 years
1725,22128,0.8135714285714274,0.2857142857142857,0.9488932980885871,20 to 24 years
1726,23844,0.799285714285713,0.14285714285714285,0.1010773607648941,20 to 24 years
1727,25927,0.8707142857142846,0.8571428571428571,0.19829760188627316,20 to 24 years
1728,21740,0.8849999999999988,1.0,0.28307550029932943,20 to 24 years
1729,29857,0.799285714285713,0.14285714285714285,0.9517912341994975,20 to 24 years
1730,24448,0.8707142857142846,0.8571428571428571,0.6264193206325069,20 to 24 years
1731,28426,0.842142857142856,0.5714285714285714,0.45960133686618726,20 to 24 years
1732,29195,0.842142857142856,0.5714285714285714,0.4473767885432709,20 to 24 years
1733,27828,0.8707142857142846,0.8571428571428571,0.8545499920277055,20 to 24 years
1734,24309,0.8849999999999988,1.0,0.1683844354926769,20 to 24 years
1735,21803,0.8707142857142846,0.8571428571428571,0.6990945682709842,20 to 24 years
1736,27708,0.842142857142856,0.5714285714285714,0.7044652094344203,20 to 24 years
1737,28779,0.8849999999999988,1.0,0.6783652151027165,20 to 24 years
1738,20341,0.8135714285714274,0.2857142857142857,0.9404040477167195,20 to 24 years
1739,23156,0.8707142857142846,0.8571428571428571,0.4022948136821815,20 to 24 years
1740,29096,0.8135714285714274,0.2857142857142857,0.6376893493380321,20 to 24 years
1741,23009,0.8278571428571416,0.42857142857142855,0.6779024138515968,20 to 24 years
1742,21629,0.799285714285713,0.14285714285714285,0.6874436895797229,20 to 24 years
1743,25415,0.8135714285714274,0.2857142857142857,0.4368525660554593,20 to 24 years
1744,21805,0.8278571428571416,0.42857142857142855,0.927649129263685,20 to 24 years
1745,29550,0.842142857142856,0.5714285714285714,0.6162132675075718,20 to 24 years
1746,23488,0.8135714285714274,0.2857142857142857,0.7855034599521926,20 to 24 years
1747,27944,0.8135714285714274,0.2857142857142857,0.2907334817179707,20 to 24 years
1748,20468,0.8707142857142846,0.8571428571428571,0.9048267157550736,20 to 24 years
1749,29307,0.8849999999999988,1.0,0.45096828379214643,20 to 24 years
1750,21031,0.8135714285714274,0.2857142857142857,0.7757145062232831,20 to 24 years
1751,21319,0.799285714285713,0.14285714285714285,0.0064250055724327515,20 to 24 years
1752,20274,0.8707142857142846,0.8571428571428571,0.6483834276443722,20 to 24 years
1753,23940,0.8278571428571416,0.42857142857142855,0.45542487320492736,20 to 24 years
1754,25227,0.799285714285713,0.14285714285714285,0.5113285278163007,20 to 24 years
1755,25788,0.8135714285714274,0.2857142857142857,0.5776815727898661,20 to 24 years
1756,27638,0.8135714285714274,0.2857142857142857,0.8844386044967519,20 to 24 years
1757,29984,0.8849999999999988,1.0,0.529720841128374,20 to 24 years
1758,26124,0.8707142857142846,0.8571428571428571,0.8736020794016074,20 to 24 years
1759,26215,0.8135714285714274,0.2857142857142857,0.7390258184892191,20 to 24 years
1760,22900,0.799285714285713,0.14285714285714285,0.07203643948125132,20 to 24 years
1761,28585,0.799285714285713,0.14285714285714285,0.554747482695965,20 to 24 years
1762,28470,0.799285714285713,0.14285714285714285,0.6826899500095552,20 to 24 years
1763,29816,0.842142857142856,0.5714285714285714,0.14256664437196326,20 to 24 years
1764,20647,0.842142857142856,0.5714285714285714,0.6421032950943301,20 to 24 years
1765,25050,0.8135714285714274,0.2857142857142857,0.5807328630658098,20 to 24 years
1766,20544,0.8135714285714274,0.2857142857142857,0.6793131498043518,20 to 24 years
1767,27915,0.8564285714285702,0.7142857142857142,0.30367705783018173,20 to 24 years
1768,26781,0.8135714285714274,0.2857142857142857,0.2184498020750164,20 to 24 years
1769,20308,0.842142857142856,0.5714285714285714,0.6711574752745872,20 to 24 years
1770,29112,0.8707142857142846,0.8571428571428571,0.39236719224958194,20 to 24 years
1771,23378,0.8564285714285702,0.7142857142857142,0.8705225952153176,20 to 24 years
1772,27398,0.842142857142856,0.5714285714285714,0.5532405049364938,20 to 24 years
1773,22604,0.842142857142856,0.5714285714285714,0.22339694674776067,20 to 24 years
1774,24928,0.799285714285713,0.14285714285714285,0.17235555132177854,20 to 24 years
1775,28118,0.8707142857142846,0.8571428571428571,0.37869523550403766,20 to 24 years
1776,20571,0.8135714285714274,0.2857142857142857,0.9624181391523836,20 to 24 years
1777,25509,0.8135714285714274,0.2857142857142857,0.9912749649267685,20 to 24 years
1778,22727,0.8135714285714274,0.2857142857142857,0.32719676857006164,20 to 24 years
1779,28596,0.8135714285714274,0.2857142857142857,0.6816586824927365,20 to 24 years
1780,24549,0.8707142857142846,0.8571428571428571,0.45914140379926227,20 to 24 years
1781,25760,0.842142857142856,0.5714285714285714,0.9841156074583055,20 to 24 years
1782,28309,0.842142857142856,0.5714285714285714,0.31470364816432606,20 to 24 years
1783,20188,0.8135714285714274,0.2857142857142857,0.4433256200991814,20 to 24 years
1784,24880,0.8135714285714274,0.2857142857142857,0.2258255198788155,20 to 24 years
1785,22438,0.8278571428571416,0.42857142857142855,0.8895711903690722,20 to 24 years
1786,21142,0.8135714285714274,0.2857142857142857,0.5560608977451713,20 to 24 years
1787,26908,0.8849999999999988,1.0,0.23960250722511672,20 to 24 years
1788,27589,0.8135714285714274,0.2857142857142857,0.21360037047205616,20 to 24 years
1789,21488,0.8564285714285702,0.7142857142857142,0.49377063370607654,20 to 24 years
1790,20045,0.8707142857142846,0.8571428571428571,0.3552604948583896,20 to 24 years
1791,23412,0.8135714285714274,0.2857142857142857,0.38512904657152663,20 to 24 years
1792,29087,0.8849999999999988,1.0,0.9703997752100753,20 to 24 years
1793,23434,0.8135714285714274,0.2857142857142857,0.49342665802292035,20 to 24 years
1794,27700,0.8707142857142846,0.8571428571428571,0.2015843949911602,20 to 24 years
1795,23719,0.842142857142856,0.5714285714285714,0.8867617619314851,20 to 24 years
1796,24437,0.799285714285713,0.14285714285714285,0.6900667664855992,20 to 24 years
1797,27582,0.8278571428571416,0.42857142857142855,0.613033250171966,20 to 24 years
1798,23512,0.842142857142856,0.5714285714285714,0.3263189117305626,20 to 24 years
1799,23350,0.8135714285714274,0.2857142857142857,0.3816416936502688,20 to 24 years
1800,22432,0.8135714285714274,0.2857142857142857,0.3778524038674243,20 to 24 years
1801,21942,0.8707142857142846,0.8571428571428571,0.4458041877614324,20 to 24 years
1802,28510,0.8135714285714274,0.2857142857142857,0.37026989176820635,20 to 24 years
1803,22594,0.842142857142856,0.5714285714285714,0.3835731360242925,20 to 24 years
1804,20914,0.799285714285713,0.14285714285714285,0.8492652091230883,20 to 24 years
1805,21763,0.8135714285714274,0.2857142857142857,0.742683997821631,20 to 24 years
1806,23859,0.8278571428571416,0.42857142857142855,0.8546219065196043,20 to 24 years
1807,21793,0.799285714285713,0.14285714285714285,0.7702033667594526,20 to 24 years
1808,22073,0.842142857142856,0.5714285714285714,0.690042225732766,20 to 24 years
1809,24681,0.842142857142856,0.5714285714285714,0.9866089839245056,20 to 24 years
1810,24090,0.8135714285714274,0.2857142857142857,0.9609529955201002,20 to 24 years
1811,24691,0.8135714285714274,0.2857142857142857,0.25263443311283174,20 to 24 years
1812,20534,0.8135714285714274,0.2857142857142857,0.825966653462461,20 to 24 years
1813,20046,0.8135714285714274,0.2857142857142857,0.6382583843516618,20 to 24 years
1814,24442,0.8849999999999988,1.0,0.07910131207440918,20 to 24 years
1815,25916,0.8135714285714274,0.2857142857142857,0.06816891878069048,20 to 24 years
1816,20688,0.8135714285714274,0.2857142857142857,0.2954645324737826,20 to 24 years
1817,20805,0.8135714285714274,0.2857142857142857,0.9324361923903193,20 to 24 years
1818,20105,0.8707142857142846,0.8571428571428571,0.5049020839833046,20 to 24 years
1819,25301,0.799285714285713,0.14285714285714285,0.928819554852081,20 to 24 years
1820,25041,0.799285714285713,0.14285714285714285,0.6357385491635508,20 to 24 years
1821,26487,0.799285714285713,0.14285714285714285,0.6811447653694058,20 to 24 years
1822,25802,0.8278571428571416,0.42857142857142855,0.567449479593978,20 to 24 years
1823,20799,0.8707142857142846,0.8571428571428571,0.46259680586853535,20 to 24 years
1824,29601,0.8135714285714274,0.2857142857142857,0.39730602738839965,20 to 24 years
1825,22616,0.799285714285713,0.14285714285714285,0.23838625482651776,20 to 24 years
1826,28633,0.799285714285713,0.14285714285714285,0.3074710385289558,20 to 24 years
1827,23611,0.842142857142856,0.5714285714285714,0.12783974663598163,20 to 24 years
1828,29828,0.8135714285714274,0.2857142857142857,0.8838053130381951,20 to 24 years
1829,23034,0.799285714285713,0.14285714285714285,0.25858178621529176,20 to 24 years
1830,24208,0.842142857142856,0.5714285714285714,0.7831144886830678,20 to 24 years
1831,25549,0.842142857142856,0.5714285714285714,0.35798425573518156,20 to 24 years
1832,22913,0.842142857142856,0.5714285714285714,0.9381741574002709,20 to 24 years
1833,29009,0.8135714285714274,0.2857142857142857,0.6394992716314737,20 to 24 years
1834,21895,0.8135714285714274,0.2857142857142857,0.3835182431081548,20 to 24 years
1835,21250,0.8564285714285702,0.7142857142857142,0.7406269291871845,20 to 24 years
1836,22064,0.8135714285714274,0.2857142857142857,0.1300062959818677,20 to 24 years
1837,27095,0.8135714285714274,0.2857142857142857,0.11049662573528829,20 to 24 years
1838,25756,0.799285714285713,0.14285714285714285,0.056449802241736624,20 to 24 years
1839,29058,0.8135714285714274,0.2857142857142857,0.5578972354212921,20 to 24 years
1840,20896,0.799285714285713,0.14285714285714285,0.8425591383410453,20 to 24 years
1841,25830,0.842142857142856,0.5714285714285714,0.30488044795468777,20 to 24 years
1842,24911,0.799285714285713,0.14285714285714285,0.6136433279936635,20 to 24 years
1843,22145,0.842142857142856,0.5714285714285714,0.9722217233929985,20 to 24 years
1844,23713,0.8849999999999988,1.0,0.890672769153267,20 to 24 years
1845,26890,0.8278571428571416,0.42857142857142855,0.7220361733406793,20 to 24 years
1846,26301,0.8278571428571416,0.42857142857142855,0.607704128313908,20 to 24 years
1847,22135,0.799285714285713,0.14285714285714285,0.613869647584695,20 to 24 years
1848,23926,0.842142857142856,0.5714285714285714,0.42177562398331353,20 to 24 years
1849,21181,0.799285714285713,0.14285714285714285,0.8022880414020647,20 to 24 years
1850,25075,0.2991326130263039,0.14285714285714285,0.10214370264371048,20 to 24 years
1851,24324,0.8135714285714274,0.2857142857142857,0.1311271155480906,20 to 24 years
1852,24722,0.8278571428571416,0.42857142857142855,0.28267028258134136,20 to 24 years
1853,24841,0.8707142857142846,0.8571428571428571,0.04571263867823433,20 to 24 years
1854,24951,0.842142857142856,0.5714285714285714,0.566021791273734,20 to 24 years
1855,20971,0.842142857142856,0.5714285714285714,0.15171091916896906,20 to 24 years
1856,27570,0.842142857142856,0.5714285714285714,0.7679530190916822,20 to 24 years
1857,29248,0.842142857142856,0.5714285714285714,0.6501347403283624,20 to 24 years
1858,23744,0.8707142857142846,0.8571428571428571,0.1080717489632736,20 to 24 years
1859,25797,0.842142857142856,0.5714285714285714,0.7639524004840279,20 to 24 years
1860,28570,0.799285714285713,0.14285714285714285,0.6501535807441206,20 to 24 years
1861,24341,0.8135714285714274,0.2857142857142857,0.6943304480821813,20 to 24 years
1862,25368,0.799285714285713,0.14285714285714285,0.9225160377568563,20 to 24 years
1863,29002,0.8135714285714274,0.2857142857142857,0.341021077855749,20 to 24 years
1864,21124,0.8135714285714274,0.2857142857142857,0.5518445673940172,20 to 24 years
1865,25307,0.842142857142856,0.5714285714285714,0.8138233491603486,20 to 24 years
1866,29811,0.8135714285714274,0.2857142857142857,0.5309232611747046,20 to 24 years
1867,21657,0.842142857142856,0.5714285714285714,0.5684032365265023,20 to 24 years
1868,25941,0.8278571428571416,0.42857142857142855,0.35252284720628724,20 to 24 years
1869,23914,0.8135714285714274,0.2857142857142857,0.030737266553287235,20 to 24 years
1870,20968,0.799285714285713,0.14285714285714285,0.5977310747787593,20 to 24 years
1871,27049,0.799285714285713,0.14285714285714285,0.18941999824908118,20 to 24 years
1872,28291,0.8849999999999988,1.0,0.7647406298745184,20 to 24 years
1873,24516,0.8135714285714274,0.2857142857142857,0.5364056294320029,20 to 24 years
1874,28785,0.8707142857142846,0.8571428571428571,0.2734786288089183,20 to 24 years
1875,27735,0.842142857142856,0.5714285714285714,0.5018389905726011,20 to 24 years
1876,26663,0.799285714285713,0.14285714285714285,0.6752219865355649,20 to 24 years
1877,20196,0.842142857142856,0.5714285714285714,0.07922130833741897,20 to 24 years
1878,24669,0.8135714285714274,0.2857142857142857,0.38358571397982577,20 to 24 years
1879,27231,0.8135714285714274,0.2857142857142857,0.9410954045258162,20 to 24 years
1880,29098,0.8278571428571416,0.42857142857142855,0.1350142760738477,20 to 24 years
1881,21550,0.280206167968007,0.14285714285714285,0.2785155581775307,20 to 24 years
1882,25652,0.8707142857142846,0.8571428571428571,0.20275268974133476,20 to 24 years
1883,27150,0.799285714285713,0.14285714285714285,0.49905737900301556,20 to 24 years
1884,23870,0.842142857142856,0.5714285714285714,0.6496747239934928,20 to 24 years
1885,24934,0.8135714285714274,0.2857142857142857,0.06751181416716562,20 to 24 years
1886,29166,0.8278571428571416,0.42857142857142855,0.947047290854438,20 to 24 years
1887,24440,0.8278571428571416,0.42857142857142855,0.029072701195001494,20 to 24 years
1888,24256,0.8849999999999988,1.0,0.37134357128446555,20 to 24 years
1889,24207,0.799285714285713,0.14285714285714285,0.04301395039194461,20 to 24 years
1890,21128,0.8278571428571416,0.42857142857142855,0.18718309232250835,20 to 24 years
1891,20666,0.8135714285714274,0.2857142857142857,0.635277206081898,20 to 24 years
1892,24972,0.799285714285713,0.14285714285714285,0.30225907688109,20 to 24 years
1893,24561,0.8707142857142846,0.8571428571428571,0.5175626788103913,20 to 24 years
1894,29843,0.8135714285714274,0.2857142857142857,0.26160871396974444,20 to 24 years
1895,21696,0.8135714285714274,0.2857142857142857,0.5892587639913753,20 to 24 years
1896,25054,0.8707142857142846,0.8571428571428571,0.7019500688055748,20 to 24 years
1897,27437,0.8278571428571416,0.42857142857142855,0.6213913085359987,20 to 24 years
1898,20653,0.8135714285714274,0.2857142857142857,0.9455543510893754,20 to 24 years
1899,22735,0.8135714285714274,0.2857142857142857,0.6850676703309282,20 to 24 years
1900,20984,0.8707142857142846,0.8571428571428571,0.7147744969353584,20 to 24 years
1901,25143,0.41396831618952534,0.2857142857142857,0.1333655543767353,20 to 24 years
1902,21818,0.842142857142856,0.5714285714285714,0.3451677642932234,20 to 24 years
1903,29336,0.8135714285714274,0.2857142857142857,0.5397684261518155,20 to 24 years
1904,20796,0.8278571428571416,0.42857142857142855,0.9866554514389707,20 to 24 years
1905,27117,0.799285714285713,0.14285714285714285,0.689628336621943,20 to 24 years
1906,25339,0.8564285714285702,0.7142857142857142,0.2977888630948261,20 to 24 years
1907,26332,0.8135714285714274,0.2857142857142857,0.9528721323295894,20 to 24 years
1908,29627,0.799285714285713,0.14285714285714285,0.8287291714379785,20 to 24 years
1909,27292,0.799285714285713,0.14285714285714285,0.9009175052483616,20 to 24 years
1910,25328,0.8278571428571416,0.42857142857142855,0.24440097339949624,20 to 24 years
1911,25821,0.8278571428571416,0.42857142857142855,0.22052732116360513,20 to 24 years
1912,22911,0.8135714285714274,0.2857142857142857,0.7916404937986894,20 to 24 years
1913,23111,0.842142857142856,0.5714285714285714,0.8531228683426216,20 to 24 years
1914,25510,0.8135714285714274,0.2857142857142857,0.36338840686837764,20 to 24 years
1915,28219,0.842142857142856,0.5714285714285714,0.9923058739903662,20 to 24 years
1916,23973,0.8278571428571416,0.42857142857142855,0.4751070602738646,20 to 24 years
1917,26373,0.8135714285714274,0.2857142857142857,0.6114989790429867,20 to 24 years
1918,28217,0.8849999999999988,1.0,0.431271753786207,20 to 24 years
1919,26118,0.842142857142856,0.5714285714285714,0.2989047653566069,20 to 24 years
1920,29495,0.8849999999999988,1.0,0.9021744333939401,20 to 24 years
1921,28848,0.8135714285714274,0.2857142857142857,0.6066343798746775,20 to 24 years
1922,23287,0.8135714285714274,0.2857142857142857,0.10050005879172347,20 to 24 years
1923,23244,0.8707142857142846,0.8571428571428571,0.7155805838494057,20 to 24 years
1924,29482,0.8135714285714274,0.2857142857142857,0.7365193034220243,20 to 24 years
1925,23521,0.8278571428571416,0.42857142857142855,0.4045523082806607,20 to 24 years
1926,20852,0.8135714285714274,0.2857142857142857,0.16238046076902657,20 to 24 years
1927,28093,0.8135714285714274,0.2857142857142857,0.12606974748334265,20 to 24 years
1928,25942,0.799285714285713,0.14285714285714285,0.6782967453768793,20 to 24 years
1929,29182,0.8135714285714274,0.2857142857142857,0.8891239657762384,20 to 24 years
1930,25985,0.8707142857142846,0.8571428571428571,0.7774718512466817,20 to 24 years
1931,26977,0.842142857142856,0.5714285714285714,0.6390068315043222,20 to 24 years
1932,23780,0.799285714285713,0.14285714285714285,0.8763718105495866,20 to 24 years
1933,24676,0.842142857142856,0.5714285714285714,0.680187645633069,20 to 24 years
1934,22541,0.842142857142856,0.5714285714285714,0.14236578704619396,20 to 24 years
1935,28110,0.8707142857142846,0.8571428571428571,0.49076470480835876,20 to 24 years
1936,27109,0.842142857142856,0.5714285714285714,0.6512170071441166,20 to 24 years
1937,27469,0.8135714285714274,0.2857142857142857,0.5800172519890407,20 to 24 years
1938,23123,0.8135714285714274,0.2857142857142857,0.16271978277812482,20 to 24 years
1939,20605,0.799285714285713,0.14285714285714285,0.17168589933301404,20 to 24 years
1940,21272,0.8135714285714274,0.2857142857142857,0.34727352121591,20 to 24 years
1941,27882,0.842142857142856,0.5714285714285714,0.2845999218970377,20 to 24 years
1942,29078,0.842142857142856,0.5714285714285714,0.9689784016147673,20 to 24 years
1943,27628,0.799285714285713,0.14285714285714285,0.3860669067199429,20 to 24 years
1944,27908,0.8707142857142846,0.8571428571428571,0.32786928015618055,20 to 24 years
1945,20376,0.8135714285714274,0.2857142857142857,0.29407893252958817,20 to 24 years
1946,24329,0.8278571428571416,0.42857142857142855,0.6251307304374897,20 to 24 years
1947,23646,0.8849999999999988,1.0,0.47404611878664776,20 to 24 years
1948,21508,0.8849999999999988,1.0,0.6216717914722529,20 to 24 years
1949,29022,0.8564285714285702,0.7142857142857142,0.41187522936305065,20 to 24 years
1950,23311,0.8135714285714274,0.2857142857142857,0.9073844097089956,20 to 24 years
1951,27067,0.799285714285713,0.14285714285714285,0.09518386432716908,20 to 24 years
1952,27630,0.8135714285714274,0.2857142857142857,0.024044050731361843,20 to 24 years
1953,20386,0.799285714285713,0.14285714285714285,0.8617305170960659,20 to 24 years
1954,25043,0.8278571428571416,0.42857142857142855,0.2167121435119717,20 to 24 years
1955,27415,0.8135714285714274,0.2857142857142857,0.2822385026312716,20 to 24 years
1956,27821,0.8278571428571416,0.42857142857142855,0.8715304512484567,20 to 24 years
1957,24417,0.8564285714285702,0.7142857142857142,0.18390899793182103,20 to 24 years
1958,29971,0.8135714285714274,0.2857142857142857,0.24047104807663783,20 to 24 years
1959,26528,0.8707142857142846,0.8571428571428571,0.33899625855415816,20 to 24 years
1960,27000,0.799285714285713,0.14285714285714285,0.5975976050551959,20 to 24 years
1961,29103,0.799285714285713,0.14285714285714285,0.8774241521988768,20 to 24 years
1962,29220,0.842142857142856,0.5714285714285714,0.17076013262099848,20 to 24 years
1963,23433,0.8135714285714274,0.2857142857142857,0.30110782667247904,20 to 24 years
1964,24657,0.8135714285714274,0.2857142857142857,0.4375352142625327,20 to 24 years
1965,26680,0.8707142857142846,0.8571428571428571,0.7652605324221443,20 to 24 years
1966,24927,0.8135714285714274,0.2857142857142857,0.8032389521517034,20 to 24 years
1967,21928,0.8135714285714274,0.2857142857142857,0.7671075130023441,20 to 24 years
1968,23014,0.8135714285714274,0.2857142857142857,0.9225188627614005,20 to 24 years
1969,20604,0.842142857142856,0.5714285714285714,0.7784682840178246,20 to 24 years
1970,26943,0.8707142857142846,0.8571428571428571,0.5813571182180095,20 to 24 years
1971,22248,0.8707142857142846,0.8571428571428571,0.5588827951757309,20 to 24 years
1972,25889,0.799285714285713,0.14285714285714285,0.8162666577047576,20 to 24 years
1973,27203,0.842142857142856,0.5714285714285714,0.9220903183232477,20 to 24 years
1974,23687,0.8849999999999988,1.0,0.5659524359578337,20 to 24 years
1975,26305,0.8135714285714274,0.2857142857142857,0.4773530479144699,20 to 24 years
1976,28821,0.842142857142856,0.5714285714285714,0.5178918389460344,20 to 24 years
1977,22491,0.8135714285714274,0.2857142857142857,0.6845576737782615,20 to 24 years
1978,28475,0.8707142857142846,0.8571428571428571,0.7741442947450254,20 to 24 years
1979,27701,0.842142857142856,0.5714285714285714,0.9444209249737779,20 to 24 years
1980,20203,0.8564285714285702,0.7142857142857142,0.15290528814470195,20 to 24 years
1981,26345,0.842142857142856,0.5714285714285714,0.31168815651514103,20 to 24 years
1982,24075,0.799285714285713,0.14285714285714285,0.5876091505838361,20 to 24 years
1983,29709,0.842142857142856,0.5714285714285714,0.48176328608777735,20 to 24 years
1984,20179,0.842142857142856,0.5714285714285714,0.5045682629575297,20 to 24 years
1985,29123,0.8135714285714274,0.2857142857142857,0.11867688749865885,20 to 24 years
1986,25432,0.8278571428571416,0.42857142857142855,0.3094679094661734,20 to 24 years
1987,20264,0.8849999999999988,1.0,0.48838249985273646,20 to 24 years
1988,24137,0.8135714285714274,0.2857142857142857,0.6503938851895403,20 to 24 years
1989,29102,0.8278571428571416,0.42857142857142855,0.3229420427790264,20 to 24 years
1990,27332,0.8135714285714274,0.2857142857142857,0.4432439276983848,20 to 24 years
1991,26382,0.799285714285713,0.14285714285714285,0.024307848962600964,20 to 24 years
1992,22746,0.842142857142856,0.5714285714285714,0.5015706143486662,20 to 24 years
1993,22934,0.8707142857142846,0.8571428571428571,0.3966996062900248,20 to 24 years
1994,22020,0.8135714285714274,0.2857142857142857,0.004321022376268191,20 to 24 years
1995,20689,0.8849999999999988,1.0,0.23045427506894434,20 to 24 years
1996,24450,0.8278571428571416,0.42857142857142855,0.5322961891771354,20 to 24 years
1997,23113,0.8135714285714274,0.2857142857142857,0.16307470181289524,20 to 24 years
1998,23631,0.842142857142856,0.5714285714285714,0.2996492036961678,20 to 24 years
1999,23356,0.799285714285713,0.14285714285714285,0.15555011471517005,20 to 24 years
2000,24801,0.799285714285713,0.14285714285714285,0.8251809885198094,20 to 24 years
2001,24274,0.8278571428571416,0.42857142857142855,0.6406091143030548,20 to 24 years
2002,22613,0.8135714285714274,0.2857142857142857,0.2943945908213055,20 to 24 years
2003,27262,0.2561862052667601,0.14285714285714285,0.9534526642355663,20 to 24 years
2004,20619,0.8135714285714274,0.2857142857142857,0.8566198774693312,20 to 24 years
2005,22766,0.8135714285714274,0.2857142857142857,0.4891569677458778,20 to 24 years
2006,26714,0.842142857142856,0.5714285714285714,0.4998822743325154,20 to 24 years
2007,24073,0.8135714285714274,0.2857142857142857,0.36957150870852185,20 to 24 years
2008,24630,0.8135714285714274,0.2857142857142857,0.9078466668841899,20 to 24 years
2009,21743,0.8707142857142846,0.8571428571428571,0.6834845341222517,20 to 24 years
2010,20454,0.842142857142856,0.5714285714285714,0.06868733682254957,20 to 24 years
2011,27856,0.46368948895974804,0.14285714285714285,0.09800447188819483,20 to 24 years
2012,20872,0.8135714285714274,0.2857142857142857,0.9387500017074125,20 to 24 years
2013,27682,0.799285714285713,0.14285714285714285,0.21214987824966658,20 to 24 years
2014,27601,0.799285714285713,0.14285714285714285,0.4604899359044007,20 to 24 years
2015,28176,0.8135714285714274,0.2857142857142857,0.24734506753272406,20 to 24 years
2016,27212,0.8707142857142846,0.8571428571428571,0.3455593502776249,20 to 24 years
2017,23932,0.8707142857142846,0.8571428571428571,0.35642016911281926,20 to 24 years
2018,26913,0.8849999999999988,1.0,0.34992381387801696,20 to 24 years
2019,21825,0.842142857142856,0.5714285714285714,0.11595089860206709,20 to 24 years
2020,29530,0.8135714285714274,0.2857142857142857,0.39410503564626376,20 to 24 years
2021,29888,0.8707142857142846,0.8571428571428571,0.8870426612209393,20 to 24 years
2022,25470,0.842142857142856,0.5714285714285714,0.28449407404043736,20 to 24 years
2023,25930,0.842142857142856,0.5714285714285714,0.2898859660254929,20 to 24 years
2024,23584,0.8707142857142846,0.8571428571428571,0.23326127592081658,20 to 24 years
2025,21915,0.8135714285714274,0.2857142857142857,0.5861903608825504,20 to 24 years
2026,29280,0.8135714285714274,0.2857142857142857,0.7515810258964235,20 to 24 years
2027,21909,0.8135714285714274,0.2857142857142857,0.21262752917388056,20 to 24 years
2028,23309,0.8849999999999988,1.0,0.17675485873159724,20 to 24 years
2029,23683,0.8707142857142846,0.8571428571428571,0.4089000150005777,20 to 24 years
2030,21115,0.8564285714285702,0.7142857142857142,0.7523601792097265,20 to 24 years
2031,25988,0.8278571428571416,0.42857142857142855,0.9808760347581178,20 to 24 years
2032,24585,0.8135714285714274,0.2857142857142857,0.9081969346931487,20 to 24 years
2033,28881,0.8849999999999988,1.0,0.5808154307613902,20 to 24 years
2034,23443,0.842142857142856,0.5714285714285714,0.4515895607428241,20 to 24 years
2035,21292,0.8135714285714274,0.2857142857142857,0.9661472296953181,20 to 24 years
2036,29675,0.8135714285714274,0.2857142857142857,0.24743797883142715,20 to 24 years
2037,24931,0.8278571428571416,0.42857142857142855,0.3730993527050427,20 to 24 years
2038,21171,0.8278571428571416,0.42857142857142855,0.3637595751964682,20 to 24 years
2039,26167,0.8707142857142846,0.8571428571428571,0.449109724754434,20 to 24 years
2040,21354,0.799285714285713,0.14285714285714285,0.7921612431608885,20 to 24 years
2041,28496,0.799285714285713,0.14285714285714285,0.04555411147759697,20 to 24 years
2042,29897,0.8849999999999988,1.0,0.10942605511005504,20 to 24 years
2043,23760,0.799285714285713,0.14285714285714285,0.6602648761640234,20 to 24 years
2044,20430,0.8564285714285702,0.7142857142857142,0.5069315189112432,20 to 24 years
2045,29354,0.8135714285714274,0.2857142857142857,0.6284723945541346,20 to 24 years
2046,25391,0.799285714285713,0.14285714285714285,0.28997737442683924,20 to 24 years
2047,24632,0.8707142857142846,0.8571428571428571,0.6343860392629086,20 to 24 years
2048,28554,0.8135714285714274,0.2857142857142857,0.6508751987032022,20 to 24 years
2049,22599,0.8849999999999988,1.0,0.6844279842764838,20 to 24 years
2050,28558,0.8135714285714274,0.2857142857142857,0.9007002523736761,20 to 24 years
2051,25057,0.8135714285714274,0.2857142857142857,0.5006875081264608,20 to 24 years
2052,29898,0.799285714285713,0.14285714285714285,0.5213812101761606,20 to 24 years
2053,23813,0.799285714285713,0.14285714285714285,0.6451210249393609,20 to 24 years
2054,25762,0.8135714285714274,0.2857142857142857,0.5231342475687627,20 to 24 years
2055,28051,0.8135714285714274,0.2857142857142857,0.7977722731991062,20 to 24 years
2056,24269,0.842142857142856,0.5714285714285714,0.7026883798010973,20 to 24 years
2057,25663,0.8707142857142846,0.8571428571428571,0.5196863400024717,20 to 24 years
2058,21296,0.799285714285713,0.14285714285714285,0.594953016677529,20 to 24 years
2059,29766,0.8135714285714274,0.2857142857142857,0.5622921886178681,20 to 24 years
2060,25847,0.8135714285714274,0.2857142857142857,0.33764932889600013,20 to 24 years
2061,20402,0.8135714285714274,0.2857142857142857,0.6221433761625595,20 to 24 years
2062,20060,0.8707142857142846,0.8571428571428571,0.6842939981257862,20 to 24 years
2063,28667,0.8849999999999988,1.0,0.652919157522769,20 to 24 years
2064,21506,0.799285714285713,0.14285714285714285,0.37619484881282167,20 to 24 years
2065,20339,0.8707142857142846,0.8571428571428571,0.07838753493195783,20 to 24 years
2066,20591,0.8135714285714274,0.2857142857142857,0.011160797530488265,20 to 24 years
2067,27773,0.8135714285714274,0.2857142857142857,0.2814121279131169,20 to 24 years
2068,23288,0.8849999999999988,1.0,0.018837776572665943,20 to 24 years
2069,20777,0.6829547364994426,0.14285714285714285,0.6355933097386417,20 to 24 years
2070,24120,0.8135714285714274,0.2857142857142857,0.37545712428022837,20 to 24 years
2071,23326,0.8135714285714274,0.2857142857142857,0.8957698686305613,20 to 24 years
2072,25866,0.8707142857142846,0.8571428571428571,0.521250795115987,20 to 24 years
2073,25853,0.8849999999999988,1.0,0.5329526501525544,20 to 24 years
2074,23990,0.8135714285714274,0.2857142857142857,0.44706661575709794,20 to 24 years
2075,20750,0.8278571428571416,0.42857142857142855,0.33876699829311185,20 to 24 years
2076,21962,0.8849999999999988,1.0,0.925338664734968,20 to 24 years
2077,23586,0.842142857142856,0.5714285714285714,0.7496593187531099,20 to 24 years
2078,25727,0.799285714285713,0.14285714285714285,0.3434446055589557,20 to 24 years
2079,23410,0.8135714285714274,0.2857142857142857,0.8814641277655353,20 to 24 years
2080,21945,0.8135714285714274,0.2857142857142857,0.12349409225852387,20 to 24 years
2081,28388,0.8135714285714274,0.2857142857142857,0.6240888351834738,20 to 24 years
2082,24042,0.8707142857142846,0.8571428571428571,0.8743829851139311,20 to 24 years
2083,24468,0.8278571428571416,0.42857142857142855,0.1790325637291783,20 to 24 years
2084,23229,0.8135714285714274,0.2857142857142857,0.7417540046993806,20 to 24 years
2085,29825,0.799285714285713,0.14285714285714285,0.6632859699294534,20 to 24 years
2086,21322,0.799285714285713,0.14285714285714285,0.6098419496130629,20 to 24 years
2087,23193,0.842142857142856,0.5714285714285714,0.5803734756136952,20 to 24 years
2088,23835,0.842142857142856,0.5714285714285714,0.448592749283567,20 to 24 years
2089,29603,0.8849999999999988,1.0,0.40379003669402036,20 to 24 years
2090,23700,0.799285714285713,0.14285714285714285,0.4874685009861067,20 to 24 years
2091,21099,0.842142857142856,0.5714285714285714,0.7357360116481366,20 to 24 years
2092,21008,0.842142857142856,0.5714285714285714,0.8916966385088472,20 to 24 years
2093,26923,0.842142857142856,0.5714285714285714,0.5802388189796795,20 to 24 years
2094,28103,0.8135714285714274,0.2857142857142857,0.3374192049840802,20 to 24 years
2095,29390,0.842142857142856,0.5714285714285714,0.878870000811898,20 to 24 years
2096,29918,0.8707142857142846,0.8571428571428571,0.18107043018312108,20 to 24 years
2097,29910,0.842142857142856,0.5714285714285714,0.7193790850904178,20 to 24 years
2098,21807,0.8135714285714274,0.2857142857142857,0.015314944971940525,20 to 24 years
2099,21327,0.842142857142856,0.5714285714285714,0.4364358346832592,20 to 24 years
2100,25631,0.799285714285713,0.14285714285714285,0.5797096163108479,20 to 24 years
2101,25550,0.8849999999999988,1.0,0.6657073218910818,20 to 24 years
2102,29464,0.8278571428571416,0.42857142857142855,0.36068060124538065,20 to 24 years
2103,24517,0.8135714285714274,0.2857142857142857,0.8605756077283562,20 to 24 years
2104,25525,0.8278571428571416,0.42857142857142855,0.7105568082427143,20 to 24 years
2105,21712,0.8564285714285702,0.7142857142857142,0.2818515745036335,20 to 24 years
2106,27285,0.799285714285713,0.14285714285714285,0.5637328252209803,20 to 24 years
2107,27813,0.8278571428571416,0.42857142857142855,0.5744487582315826,20 to 24 years
2108,26142,0.842142857142856,0.5714285714285714,0.4340116448799761,20 to 24 years
2109,22685,0.8135714285714274,0.2857142857142857,0.1605871816484461,20 to 24 years
2110,25579,0.799285714285713,0.14285714285714285,0.19412169235689203,20 to 24 years
2111,29577,0.842142857142856,0.5714285714285714,0.03843896760876164,20 to 24 years
2112,21547,0.842142857142856,0.5714285714285714,0.5888726895408084,20 to 24 years
2113,27031,0.842142857142856,0.5714285714285714,0.6848931549979014,20 to 24 years
2114,23204,0.842142857142856,0.5714285714285714,0.25198877740042636,20 to 24 years
2115,23933,0.8707142857142846,0.8571428571428571,0.8493652298743326,20 to 24 years
2116,23453,0.799285714285713,0.14285714285714285,0.33299010968277554,20 to 24 years
2117,26450,0.799285714285713,0.14285714285714285,0.91604410354666,20 to 24 years
2118,21798,0.799285714285713,0.14285714285714285,0.6363435827880661,20 to 24 years
2119,20320,0.799285714285713,0.14285714285714285,0.24047048129898718,20 to 24 years
2120,21742,0.842142857142856,0.5714285714285714,0.06532738304503533,20 to 24 years
2121,22622,0.8135714285714274,0.2857142857142857,0.38584781085214837,20 to 24 years
2122,20531,0.8564285714285702,0.7142857142857142,0.6037018975051871,20 to 24 years
2123,20411,0.799285714285713,0.14285714285714285,0.12407635701056585,20 to 24 years
2124,25421,0.799285714285713,0.14285714285714285,0.12925690887265512,20 to 24 years
2125,23262,0.8707142857142846,0.8571428571428571,0.5125984435462765,20 to 24 years
2126,21436,0.8707142857142846,0.8571428571428571,0.48246669203017156,20 to 24 years
2127,26291,0.8135714285714274,0.2857142857142857,0.40213094976742236,20 to 24 years
2128,27126,0.799285714285713,0.14285714285714285,0.3196929046288025,20 to 24 years
2129,23494,0.8278571428571416,0.42857142857142855,0.7339628734564333,20 to 24 years
2130,22322,0.799285714285713,0.14285714285714285,0.38545400631794846,20 to 24 years
2131,26147,0.799285714285713,0.14285714285714285,0.08138226105538848,20 to 24 years
2132,28688,0.8135714285714274,0.2857142857142857,0.9749416580363006,20 to 24 years
2133,25964,0.8707142857142846,0.8571428571428571,0.4319798765031483,20 to 24 years
2134,27833,0.8707142857142846,0.8571428571428571,0.7098329965550448,20 to 24 years
2135,28471,0.799285714285713,0.14285714285714285,0.4444439238754774,20 to 24 years
2136,26778,0.8278571428571416,0.42857142857142855,0.8239300523219666,20 to 24 years
2137,28004,0.8135714285714274,0.2857142857142857,0.06444247154972949,20 to 24 years
2138,29710,0.8707142857142846,0.8571428571428571,0.5003115825906976,20 to 24 years
2139,28562,0.8135714285714274,0.2857142857142857,0.19624680290754626,20 to 24 years
2140,21500,0.842142857142856,0.5714285714285714,0.39134918705817356,20 to 24 years
2141,25965,0.8135714285714274,0.2857142857142857,0.430717093500934,20 to 24 years
2142,22862,0.842142857142856,0.5714285714285714,0.29935871894216154,20 to 24 years
2143,21095,0.8278571428571416,0.42857142857142855,0.4006663956798641,20 to 24 years
2144,21160,0.799285714285713,0.14285714285714285,0.9959406156820716,20 to 24 years
2145,26115,0.799285714285713,0.14285714285714285,0.662170582459551,20 to 24 years
2146,29899,0.8135714285714274,0.2857142857142857,0.7504436066185914,20 to 24 years
2147,25156,0.8135714285714274,0.2857142857142857,0.13910299821136218,20 to 24 years
2148,20941,0.34651747334189265,0.14285714285714285,0.17796508845555192,20 to 24 years
2149,29598,0.842142857142856,0.5714285714285714,0.8362209913232972,20 to 24 years
2150,26590,0.8135714285714274,0.2857142857142857,0.32800104857919155,20 to 24 years
2151,26561,0.8278571428571416,0.42857142857142855,0.9433290456732065,20 to 24 years
2152,21862,0.799285714285713,0.14285714285714285,0.5589302124320167,20 to 24 years
2153,23544,0.8135714285714274,0.2857142857142857,0.8482179027479,20 to 24 years
2154,25454,0.842142857142856,0.5714285714285714,0.8071416571476335,20 to 24 years
2155,26459,0.8135714285714274,0.2857142857142857,0.48289959499129176,20 to 24 years
2156,28788,0.799285714285713,0.14285714285714285,0.976997700541746,20 to 24 years
2157,24675,0.842142857142856,0.5714285714285714,0.6052578607248269,20 to 24 years
2158,25869,0.8135714285714274,0.2857142857142857,0.8771654913163731,20 to 24 years
2159,22241,0.799285714285713,0.14285714285714285,0.15445898901668026,20 to 24 years
2160,23738,0.8135714285714274,0.2857142857142857,0.9686807377021969,20 to 24 years
2161,29794,0.799285714285713,0.14285714285714285,0.06635377120672264,20 to 24 years
2162,20357,0.8564285714285702,0.7142857142857142,0.6848020228438315,20 to 24 years
2163,22801,0.8707142857142846,0.8571428571428571,0.8232805739983122,20 to 24 years
2164,26253,0.8849999999999988,1.0,0.8514248819255127,20 to 24 years
2165,24544,0.799285714285713,0.14285714285714285,0.6138333064657575,20 to 24 years
2166,21639,0.8135714285714274,0.2857142857142857,0.9783851318624327,20 to 24 years
2167,25348,0.8707142857142846,0.8571428571428571,0.6924540236212993,20 to 24 years
2168,22827,0.8135714285714274,0.2857142857142857,0.9488146820620127,20 to 24 years
2169,21769,0.49425489349912444,0.2857142857142857,0.30094606250281364,20 to 24 years
2170,29789,0.842142857142856,0.5714285714285714,0.3334918537881518,20 to 24 years
2171,25880,0.842142857142856,0.5714285714285714,0.9473814015780944,20 to 24 years
2172,22115,0.8135714285714274,0.2857142857142857,0.27397311070807656,20 to 24 years
2173,25983,0.8135714285714274,0.2857142857142857,0.6969985737297273,20 to 24 years
2174,26439,0.8135714285714274,0.2857142857142857,0.2072875071045645,20 to 24 years
2175,20016,0.8135714285714274,0.2857142857142857,0.46984617028052367,20 to 24 years
2176,28120,0.8135714285714274,0.2857142857142857,0.7304314700483163,20 to 24 years
2177,24109,0.8707142857142846,0.8571428571428571,0.1952820525568914,20 to 24 years
2178,22879,0.8278571428571416,0.42857142857142855,0.22285953671838532,20 to 24 years
2179,21342,0.8849999999999988,1.0,0.6338648227940893,20 to 24 years
2180,21899,0.842142857142856,0.5714285714285714,0.8076104867428366,20 to 24 years
2181,20087,0.842142857142856,0.5714285714285714,0.7159168265723064,20 to 24 years
2182,21710,0.799285714285713,0.14285714285714285,0.6802097786007815,20 to 24 years
2183,27207,0.8278571428571416,0.42857142857142855,0.6775813559758288,20 to 24 years
2184,21885,0.799285714285713,0.14285714285714285,0.4210369456020728,20 to 24 years
2185,21695,0.8135714285714274,0.2857142857142857,0.15899759741535657,20 to 24 years
2186,23240,0.8278571428571416,0.42857142857142855,0.44482616126223046,20 to 24 years
2187,24236,0.8707142857142846,0.8571428571428571,0.21275615765628103,20 to 24 years
2188,20907,0.8135714285714274,0.2857142857142857,0.21194331893418095,20 to 24 years
2189,29975,0.8135714285714274,0.2857142857142857,0.9359102175384382,20 to 24 years
2190,23359,0.842142857142856,0.5714285714285714,0.1141691237728335,20 to 24 years
2191,21146,0.8135714285714274,0.2857142857142857,0.04378816849906675,20 to 24 years
2192,26122,0.8135714285714274,0.2857142857142857,0.7535171083047253,20 to 24 years
2193,21854,0.842142857142856,0.5714285714285714,0.10401779834920188,20 to 24 years
2194,26634,0.8135714285714274,0.2857142857142857,0.8005256164840482,20 to 24 years
2195,26324,0.8564285714285702,0.7142857142857142,0.20582256733118742,20 to 24 years
2196,24285,0.842142857142856,0.5714285714285714,0.6730833729926375,20 to 24 years
2197,22339,0.842142857142856,0.5714285714285714,0.57796894519818,20 to 24 years
2198,28858,0.8707142857142846,0.8571428571428571,0.847098798350007,20 to 24 years
2199,24998,0.842142857142856,0.5714285714285714,0.9170814274414982,20 to 24 years
2200,21584,0.8135714285714274,0.2857142857142857,0.3464814199654185,20 to 24 years
2201,21464,0.8135714285714274,0.2857142857142857,0.09053674292375907,20 to 24 years
2202,28482,0.799285714285713,0.14285714285714285,0.2698123635250192,20 to 24 years
2203,22948,0.842142857142856,0.5714285714285714,0.41780517918458626,20 to 24 years
2204,29249,0.8135714285714274,0.2857142857142857,0.24167836298697393,20 to 24 years
2205,21894,0.842142857142856,0.5714285714285714,0.5565265894724627,20 to 24 years
2206,22122,0.8849999999999988,1.0,0.5059370370632937,20 to 24 years
2207,20494,0.842142857142856,0.5714285714285714,0.9377035642409037,20 to 24 years
2208,28419,0.8849999999999988,1.0,0.13022009565581777,20 to 24 years
2209,27029,0.8849999999999988,1.0,0.48406704482026197,20 to 24 years
2210,25314,0.8707142857142846,0.8571428571428571,0.5124842518300926,20 to 24 years
2211,29745,0.8707142857142846,0.8571428571428571,0.3521384898244516,20 to 24 years
2212,28986,0.8707142857142846,0.8571428571428571,0.8460680932381528,20 to 24 years
2213,27857,0.8135714285714274,0.2857142857142857,0.8029989476641586,20 to 24 years
2214,21711,0.8707142857142846,0.8571428571428571,0.6846020587747434,20 to 24 years
2215,23509,0.8849999999999988,1.0,0.07121291238704563,20 to 24 years
2216,28787,0.8707142857142846,0.8571428571428571,0.8560570817831734,20 to 24 years
2217,21993,0.842142857142856,0.5714285714285714,0.7718415758622411,20 to 24 years
2218,20291,0.799285714285713,0.14285714285714285,0.7523244159651293,20 to 24 years
2219,20103,0.8135714285714274,0.2857142857142857,0.34616378649329216,20 to 24 years
2220,23058,0.842142857142856,0.5714285714285714,0.8851969493069112,20 to 24 years
2221,27672,0.8135714285714274,0.2857142857142857,0.59388119293459,20 to 24 years
2222,23115,0.799285714285713,0.14285714285714285,0.6274025742778603,20 to 24 years
2223,24201,0.799285714285713,0.14285714285714285,0.2214165550390822,20 to 24 years
2224,28865,0.8278571428571416,0.42857142857142855,0.7111223088237587,20 to 24 years
2225,20212,0.8135714285714274,0.2857142857142857,0.3460074148805152,20 to 24 years
2226,23471,0.842142857142856,0.5714285714285714,0.24187215148714136,20 to 24 years
2227,26197,0.8135714285714274,0.2857142857142857,0.9746278520083002,20 to 24 years
2228,24187,0.842142857142856,0.5714285714285714,0.4927835940554425,20 to 24 years
2229,26731,0.8278571428571416,0.42857142857142855,0.8224964825112113,20 to 24 years
2230,25159,0.842142857142856,0.5714285714285714,0.8429889589255244,20 to 24 years
2231,23980,0.8707142857142846,0.8571428571428571,0.6917251881739395,20 to 24 years
2232,21158,0.799285714285713,0.14285714285714285,0.030632797142658874,20 to 24 years
2233,20639,0.8135714285714274,0.2857142857142857,0.7789266969143942,20 to 24 years
2234,25492,0.8135714285714274,0.2857142857142857,0.5040144016366119,20 to 24 years
2235,29818,0.799285714285713,0.14285714285714285,0.9116340681284276,20 to 24 years
2236,24004,0.8707142857142846,0.8571428571428571,0.7004530866162592,20 to 24 years
2237,29272,0.842142857142856,0.5714285714285714,0.2567635342101467,20 to 24 years
2238,22896,0.8135714285714274,0.2857142857142857,0.6174064176112282,20 to 24 years
2239,20909,0.8135714285714274,0.2857142857142857,0.2543704294309159,20 to 24 years
2240,20237,0.8707142857142846,0.8571428571428571,0.3574676638648161,20 to 24 years
2241,25650,0.8135714285714274,0.2857142857142857,0.6080236447964379,20 to 24 years
2242,21888,0.8135714285714274,0.2857142857142857,0.6460970343839181,20 to 24 years
2243,27890,0.8849999999999988,1.0,0.1487864619090436,20 to 24 years
2244,24929,0.8135714285714274,0.2857142857142857,0.8835386516963932,20 to 24 years
2245,21870,0.799285714285713,0.14285714285714285,0.4302019171624227,20 to 24 years
2246,20815,0.842142857142856,0.5714285714285714,0.6803196139154144,20 to 24 years
2247,26390,0.8135714285714274,0.2857142857142857,0.45091917047415675,20 to 24 years
2248,29111,0.8135714285714274,0.2857142857142857,0.6713044123454815,20 to 24 years
2249,22471,0.842142857142856,0.5714285714285714,0.21804906998798457,20 to 24 years
2250,21299,0.799285714285713,0.14285714285714285,0.836708711979347,20 to 24 years
2251,24962,0.842142857142856,0.5714285714285714,0.6351210209237762,20 to 24 years
2252,28417,0.8135714285714274,0.2857142857142857,0.9107646849849405,20 to 24 years
2253,22639,0.8707142857142846,0.8571428571428571,0.47810785725201516,20 to 24 years
2254,29990,0.842142857142856,0.5714285714285714,0.5585985476788892,20 to 24 years
2255,25875,0.8849999999999988,1.0,0.31809505738208643,20 to 24 years
2256,21334,0.8707142857142846,0.8571428571428571,0.2992500885357626,20 to 24 years
2257,26372,0.8707142857142846,0.8571428571428571,0.30561706133031763,20 to 24 years
2258,22221,0.842142857142856,0.5714285714285714,0.1955824134498435,20 to 24 years
2259,20294,0.842142857142856,0.5714285714285714,0.8600320562813176,20 to 24 years
2260,25322,0.799285714285713,0.14285714285714285,0.4834975672985223,20 to 24 years
2261,23525,0.799285714285713,0.14285714285714285,0.6631704681947072,20 to 24 years
2262,21449,0.842142857142856,0.5714285714285714,0.9817830953338279,20 to 24 years
2263,28875,0.842142857142856,0.5714285714285714,0.4204732322740289,20 to 24 years
2264,22093,0.842142857142856,0.5714285714285714,0.6827814233692027,20 to 24 years
2265,27180,0.842142857142856,0.5714285714285714,0.2567739980572801,20 to 24 years
2266,23682,0.8707142857142846,0.8571428571428571,0.6640841863091873,20 to 24 years
2267,25299,0.842142857142856,0.5714285714285714,0.14518211588223923,20 to 24 years
2268,26771,0.8135714285714274,0.2857142857142857,0.850838890257342,20 to 24 years
2269,26064,0.8278571428571416,0.42857142857142855,0.9748207204703173,20 to 24 years
2270,20533,0.799285714285713,0.14285714285714285,0.9166034493259907,20 to 24 years
2271,26605,0.842142857142856,0.5714285714285714,0.18253622169278633,20 to 24 years
2272,20104,0.8135714285714274,0.2857142857142857,0.9391889646104925,20 to 24 years
2273,20185,0.8135714285714274,0.2857142857142857,0.3529500503049704,20 to 24 years
2274,21574,0.842142857142856,0.5714285714285714,0.42363636807945393,20 to 24 years
2275,26054,0.799285714285713,0.14285714285714285,0.34946147911972614,20 to 24 years
2276,20249,0.8135714285714274,0.2857142857142857,0.7439327711300939,20 to 24 years
2277,21264,0.8564285714285702,0.7142857142857142,0.5295558746188171,20 to 24 years
2278,27593,0.8707142857142846,0.8571428571428571,0.42843218744171613,20 to 24 years
2279,20436,0.842142857142856,0.5714285714285714,0.55809692163369,20 to 24 years
2280,24248,0.842142857142856,0.5714285714285714,0.8602546393572782,20 to 24 years
2281,20121,0.799285714285713,0.14285714285714285,0.3882839206274201,20 to 24 years
2282,27369,0.8707142857142846,0.8571428571428571,0.9386913309952922,20 to 24 years
2283,24220,0.799285714285713,0.14285714285714285,0.7250165193698974,20 to 24 years
2284,23094,0.8278571428571416,0.42857142857142855,0.4064132008590948,20 to 24 years
2285,20618,0.842142857142856,0.5714285714285714,0.4228860334146508,20 to 24 years
2286,27080,0.8707142857142846,0.8571428571428571,0.26845829643727637,20 to 24 years
2287,26982,0.8278571428571416,0.42857142857142855,0.30684905313537586,20 to 24 years
2288,25127,0.8135714285714274,0.2857142857142857,0.5768026745117242,20 to 24 years
2289,27923,0.8135714285714274,0.2857142857142857,0.4771362611633492,20 to 24 years
2290,27439,0.8135714285714274,0.2857142857142857,0.2767404465028657,20 to 24 years
2291,21982,0.8278571428571416,0.42857142857142855,0.4882772211009511,20 to 24 years
2292,22104,0.8135714285714274,0.2857142857142857,0.4260191739927252,20 to 24 years
2293,26092,0.842142857142856,0.5714285714285714,0.4357055802196149,20 to 24 years
2294,21994,0.8135714285714274,0.2857142857142857,0.33368393850289657,20 to 24 years
2295,26203,0.799285714285713,0.14285714285714285,0.4065448819044085,20 to 24 years
2296,21218,0.842142857142856,0.5714285714285714,0.7295437307160472,20 to 24 years
2297,22688,0.8135714285714274,0.2857142857142857,0.5996364528372891,20 to 24 years
2298,26426,0.842142857142856,0.5714285714285714,0.7196708763243548,20 to 24 years
2299,22829,0.8278571428571416,0.42857142857142855,0.9073244162010123,20 to 24 years
2300,25362,0.799285714285713,0.14285714285714285,0.6927661691809854,20 to 24 years
2301,29562,0.8707142857142846,0.8571428571428571,0.9776806201227781,20 to 24 years
2302,22436,0.799285714285713,0.14285714285714285,0.9477989953589607,20 to 24 years
2303,20951,0.8135714285714274,0.2857142857142857,0.5831506866617312,20 to 24 years
2304,22059,0.8849999999999988,1.0,0.0766260786926855,20 to 24 years
2305,22223,0.842142857142856,0.5714285714285714,0.7847764968495259,20 to 24 years
2306,25471,0.8135714285714274,0.2857142857142857,0.6198556061312067,20 to 24 years
2307,25167,0.8707142857142846,0.8571428571428571,0.37299776421782405,20 to 24 years
2308,26496,0.8707142857142846,0.8571428571428571,0.31632850889020614,20 to 24 years
2309,25320,0.8135714285714274,0.2857142857142857,0.7183130409061774,20 to 24 years
2310,25261,0.8135714285714274,0.2857142857142857,0.7364673818176861,20 to 24 years
2311,26743,0.8707142857142846,0.8571428571428571,0.6788186639815581,20 to 24 years
2312,29505,0.842142857142856,0.5714285714285714,0.8089646010532493,20 to 24 years
2313,21094,0.8849999999999988,1.0,0.9499577076733853,20 to 24 years
2314,20001,0.799285714285713,0.14285714285714285,0.2472504739498631,20 to 24 years
2315,27375,0.799285714285713,0.14285714285714285,0.47916502110695336,20 to 24 years
2316,29605,0.8135714285714274,0.2857142857142857,0.9439444449846279,20 to 24 years
2317,25455,0.8048571428571414,0.42857142857142855,0.17244428149247393,25 to 29 years
2318,27410,0.8191428571428557,0.5714285714285714,0.7361543604426994,25 to 29 years
2319,25954,0.7762857142857128,0.14285714285714285,0.7309195387509454,25 to 29 years
2320,20457,0.7905714285714271,0.2857142857142857,0.42929538101431775,25 to 29 years
2321,27040,0.7905714285714271,0.2857142857142857,0.012247144583920622,25 to 29 years
2322,20300,0.7905714285714271,0.2857142857142857,0.6302554896095403,25 to 29 years
2323,25738,0.7762857142857128,0.14285714285714285,0.9309764287266982,25 to 29 years
2324,20455,0.7905714285714271,0.2857142857142857,0.618246262703762,25 to 29 years
2325,29795,0.8048571428571414,0.42857142857142855,0.932978600919778,25 to 29 years
2326,29466,0.8477142857142843,0.8571428571428571,0.5894211059603018,25 to 29 years
2327,27379,0.8191428571428557,0.5714285714285714,0.5560215676096878,25 to 29 years
2328,25587,0.8477142857142843,0.8571428571428571,0.10172960081339788,25 to 29 years
2329,25164,0.7905714285714271,0.2857142857142857,0.40716997171993996,25 to 29 years
2330,23857,0.7905714285714271,0.2857142857142857,0.3774315984861154,25 to 29 years
2331,21340,0.7905714285714271,0.2857142857142857,0.7891836837006315,25 to 29 years
2332,25070,0.8619999999999985,1.0,0.9666287312768059,25 to 29 years
2333,21691,0.7762857142857128,0.14285714285714285,0.6559477998132225,25 to 29 years
2334,26169,0.7905714285714271,0.2857142857142857,0.3439468255605327,25 to 29 years
2335,26509,0.8191428571428557,0.5714285714285714,0.6606077722655094,25 to 29 years
2336,23138,0.3803395671459085,0.14285714285714285,0.031108388117516594,25 to 29 years
2337,29543,0.7905714285714271,0.2857142857142857,0.4372418548377966,25 to 29 years
2338,26307,0.7762857142857128,0.14285714285714285,0.15306987561315405,25 to 29 years
2339,25077,0.8191428571428557,0.5714285714285714,0.2403029921632635,25 to 29 years
2340,25210,0.7762857142857128,0.14285714285714285,0.6080676571454873,25 to 29 years
2341,21909,0.7905714285714271,0.2857142857142857,0.21262752917388056,25 to 29 years
2342,26600,0.8048571428571414,0.42857142857142855,0.7277759980317229,25 to 29 years
2343,22443,0.83342857142857,0.7142857142857142,0.1705151341771034,25 to 29 years
2344,22817,0.7905714285714271,0.2857142857142857,0.19323526397685692,25 to 29 years
2345,27396,0.8191428571428557,0.5714285714285714,0.29998993823649683,25 to 29 years
2346,21039,0.8048571428571414,0.42857142857142855,0.5864191762964214,25 to 29 years
2347,26812,0.8191428571428557,0.5714285714285714,0.4998472230981589,25 to 29 years
2348,29264,0.7762857142857128,0.14285714285714285,0.4967443694141872,25 to 29 years
2349,21056,0.7905714285714271,0.2857142857142857,0.2099565050906843,25 to 29 years
2350,27144,0.8477142857142843,0.8571428571428571,0.24443284642337032,25 to 29 years
2351,24932,0.7762857142857128,0.14285714285714285,0.29312234173820145,25 to 29 years
2352,20026,0.8477142857142843,0.8571428571428571,0.42687439456095955,25 to 29 years
2353,29845,0.8619999999999985,1.0,0.18846442127002982,25 to 29 years
2354,26981,0.8191428571428557,0.5714285714285714,0.6351630306964146,25 to 29 years
2355,26618,0.7905714285714271,0.2857142857142857,0.5698251433074007,25 to 29 years
2356,20141,0.8619999999999985,1.0,0.8558937969705062,25 to 29 years
2357,22903,0.7905714285714271,0.2857142857142857,0.18991749666544772,25 to 29 years
2358,25170,0.8048571428571414,0.42857142857142855,0.13250431397157614,25 to 29 years
2359,28301,0.8191428571428557,0.5714285714285714,0.6992581950502648,25 to 29 years
2360,27590,0.8619999999999985,1.0,0.5354225291718888,25 to 29 years
2361,23382,0.7905714285714271,0.2857142857142857,0.8501461000388302,25 to 29 years
2362,24276,0.7762857142857128,0.14285714285714285,0.6601215691652688,25 to 29 years
2363,23147,0.83342857142857,0.7142857142857142,0.5095054967807843,25 to 29 years
2364,23371,0.7762857142857128,0.14285714285714285,0.4858825722052433,25 to 29 years
2365,29853,0.8191428571428557,0.5714285714285714,0.4604040286727137,25 to 29 years
2366,23337,0.7762857142857128,0.14285714285714285,0.3390434091845381,25 to 29 years
2367,25628,0.8477142857142843,0.8571428571428571,0.8559629059074708,25 to 29 years
2368,21020,0.8191428571428557,0.5714285714285714,0.25538469480904213,25 to 29 years
2369,29695,0.8048571428571414,0.42857142857142855,0.3091853717217994,25 to 29 years
2370,28588,0.8477142857142843,0.8571428571428571,0.36710919516236296,25 to 29 years
2371,27100,0.8619999999999985,1.0,0.6886246956998807,25 to 29 years
2372,24001,0.8048571428571414,0.42857142857142855,0.7408142862676895,25 to 29 years
2373,24056,0.8191428571428557,0.5714285714285714,0.8785702550556382,25 to 29 years
2374,21382,0.8619999999999985,1.0,0.5980018180479255,25 to 29 years
2375,27066,0.7762857142857128,0.14285714285714285,0.45824012091788474,25 to 29 years
2376,29416,0.8619999999999985,1.0,0.6292625231057647,25 to 29 years
2377,20557,0.7762857142857128,0.14285714285714285,0.5056289017676228,25 to 29 years
2378,26643,0.8477142857142843,0.8571428571428571,0.1991025817930136,25 to 29 years
2379,28028,0.7905714285714271,0.2857142857142857,0.9890359750023974,25 to 29 years
2380,24117,0.7762857142857128,0.14285714285714285,0.8548088037025078,25 to 29 years
2381,29395,0.7905714285714271,0.2857142857142857,0.9148397839083608,25 to 29 years
2382,20636,0.8477142857142843,0.8571428571428571,0.7890969696949309,25 to 29 years
2383,23997,0.7905714285714271,0.2857142857142857,0.26916115069027,25 to 29 years
2384,28164,0.8191428571428557,0.5714285714285714,0.947446359119691,25 to 29 years
2385,24561,0.8477142857142843,0.8571428571428571,0.5175626788103913,25 to 29 years
2386,23530,0.8048571428571414,0.42857142857142855,0.46191511957944104,25 to 29 years
2387,26780,0.7905714285714271,0.2857142857142857,0.5501141182814406,25 to 29 years
2388,27839,0.8477142857142843,0.8571428571428571,0.12590598482293985,25 to 29 years
2389,20327,0.8191428571428557,0.5714285714285714,0.6746452978646538,25 to 29 years
2390,29037,0.8191428571428557,0.5714285714285714,0.7730148824270829,25 to 29 years
2391,26691,0.8048571428571414,0.42857142857142855,0.3168414047635266,25 to 29 years
2392,20823,0.7905714285714271,0.2857142857142857,0.30064818459299203,25 to 29 years
2393,26319,0.7762857142857128,0.14285714285714285,0.8867891076611816,25 to 29 years
2394,26144,0.7905714285714271,0.2857142857142857,0.4487425995095572,25 to 29 years
2395,22621,0.8191428571428557,0.5714285714285714,0.02298488975724533,25 to 29 years
2396,28500,0.8191428571428557,0.5714285714285714,0.8913031752826839,25 to 29 years
2397,28564,0.8477142857142843,0.8571428571428571,0.7541059781878604,25 to 29 years
2398,22113,0.7905714285714271,0.2857142857142857,0.16329409958411795,25 to 29 years
2399,21772,0.8477142857142843,0.8571428571428571,0.24483260337337903,25 to 29 years
2400,25001,0.8048571428571414,0.42857142857142855,0.4031992645535203,25 to 29 years
2401,23672,0.7905714285714271,0.2857142857142857,0.24522821292691982,25 to 29 years
2402,23701,0.8191428571428557,0.5714285714285714,0.4216292661064064,25 to 29 years
2403,20164,0.7905714285714271,0.2857142857142857,0.9517070244811905,25 to 29 years
2404,20702,0.8191428571428557,0.5714285714285714,0.27504093126412393,25 to 29 years
2405,21265,0.8477142857142843,0.8571428571428571,0.4435879068446503,25 to 29 years
2406,22679,0.8048571428571414,0.42857142857142855,0.1387720412726145,25 to 29 years
2407,25741,0.7905714285714271,0.2857142857142857,0.9579260173922457,25 to 29 years
2408,20295,0.7905714285714271,0.2857142857142857,0.6728112558452645,25 to 29 years
2409,24957,0.8477142857142843,0.8571428571428571,0.13501618285100075,25 to 29 years
2410,20723,0.8477142857142843,0.8571428571428571,0.6001742812538773,25 to 29 years
2411,21150,0.8619999999999985,1.0,0.16035368582572734,25 to 29 years
2412,29523,0.7905714285714271,0.2857142857142857,0.7862181338328239,25 to 29 years
2413,24218,0.7905714285714271,0.2857142857142857,0.9816180568071831,25 to 29 years
2414,27417,0.8619999999999985,1.0,0.20833275372291188,25 to 29 years
2415,26646,0.8191428571428557,0.5714285714285714,0.5443393694714302,25 to 29 years
2416,22010,0.7762857142857128,0.14285714285714285,0.7722481645880814,25 to 29 years
2417,29909,0.8619999999999985,1.0,0.2766917997552795,25 to 29 years
2418,22595,0.7905714285714271,0.2857142857142857,0.3247383311651243,25 to 29 years
2419,22884,0.7762857142857128,0.14285714285714285,0.5943102839928087,25 to 29 years
2420,27793,0.8191428571428557,0.5714285714285714,0.5118474232727462,25 to 29 years
2421,27206,0.8048571428571414,0.42857142857142855,0.7106605476106453,25 to 29 years
2422,29821,0.8477142857142843,0.8571428571428571,0.13780420242772262,25 to 29 years
2423,24364,0.7762857142857128,0.14285714285714285,0.6164373141488556,25 to 29 years
2424,26946,0.7905714285714271,0.2857142857142857,0.43621588093454233,25 to 29 years
2425,20800,0.7905714285714271,0.2857142857142857,0.6464762062650612,25 to 29 years
2426,29943,0.8191428571428557,0.5714285714285714,0.863328429483823,25 to 29 years
2427,23058,0.8191428571428557,0.5714285714285714,0.8851969493069112,25 to 29 years
2428,25046,0.7905714285714271,0.2857142857142857,0.1422626551371199,25 to 29 years
2429,22445,0.8619999999999985,1.0,0.23137189983694195,25 to 29 years
2430,23045,0.8477142857142843,0.8571428571428571,0.6991167676119434,25 to 29 years
2431,21179,0.7905714285714271,0.2857142857142857,0.6827872344564812,25 to 29 years
2432,25274,0.8619999999999985,1.0,0.8411294518633987,25 to 29 years
2433,21158,0.7762857142857128,0.14285714285714285,0.030632797142658874,25 to 29 years
2434,23797,0.8477142857142843,0.8571428571428571,0.5862959076105763,25 to 29 years
2435,24925,0.8477142857142843,0.8571428571428571,0.19402645834352267,25 to 29 years
2436,29947,0.7762857142857128,0.14285714285714285,0.4169341556089296,25 to 29 years
2437,22658,0.8191428571428557,0.5714285714285714,0.8439699368567486,25 to 29 years
2438,22303,0.7905714285714271,0.2857142857142857,0.9732814295729804,25 to 29 years
2439,25286,0.7905714285714271,0.2857142857142857,0.4645788597374873,25 to 29 years
2440,29238,0.7905714285714271,0.2857142857142857,0.9336076696008097,25 to 29 years
2441,24220,0.7762857142857128,0.14285714285714285,0.7250165193698974,25 to 29 years
2442,27291,0.7905714285714271,0.2857142857142857,0.5293187673485137,25 to 29 years
2443,23563,0.8191428571428557,0.5714285714285714,0.9036394888857873,25 to 29 years
2444,24618,0.8048571428571414,0.42857142857142855,0.1844420285179748,25 to 29 years
2445,23381,0.8191428571428557,0.5714285714285714,0.7236142235674864,25 to 29 years
2446,21243,0.7905714285714271,0.2857142857142857,0.6565935371438261,25 to 29 years
2447,22227,0.7905714285714271,0.2857142857142857,0.2716151414889803,25 to 29 years
2448,24524,0.7905714285714271,0.2857142857142857,0.04381544238224566,25 to 29 years
2449,26902,0.7905714285714271,0.2857142857142857,0.9278039894063651,25 to 29 years
2450,24428,0.8191428571428557,0.5714285714285714,0.21096289319832756,25 to 29 years
2451,28738,0.7762857142857128,0.14285714285714285,0.380832248165025,25 to 29 years
2452,23888,0.8191428571428557,0.5714285714285714,0.5812394893054581,25 to 29 years
2453,25545,0.7762857142857128,0.14285714285714285,0.8497113956486022,25 to 29 years
2454,22570,0.8048571428571414,0.42857142857142855,0.5395733211064143,25 to 29 years
2455,21016,0.8477142857142843,0.8571428571428571,0.41457634405832844,25 to 29 years
2456,20152,0.8048571428571414,0.42857142857142855,0.8090405801188518,25 to 29 years
2457,23243,0.8477142857142843,0.8571428571428571,0.7793628283558743,25 to 29 years
2458,22912,0.7905714285714271,0.2857142857142857,0.7519388235757014,25 to 29 years
2459,27099,0.7905714285714271,0.2857142857142857,0.6177709983104329,25 to 29 years
2460,27750,0.8619999999999985,1.0,0.4470397925034076,25 to 29 years
2461,29689,0.7905714285714271,0.2857142857142857,0.3738096355479367,25 to 29 years
2462,29797,0.7905714285714271,0.2857142857142857,0.8444008437139567,25 to 29 years
2463,26943,0.8477142857142843,0.8571428571428571,0.5813571182180095,25 to 29 years
2464,25577,0.83342857142857,0.7142857142857142,0.9409295487166321,25 to 29 years
2465,29514,0.7905714285714271,0.2857142857142857,0.14141358373786778,25 to 29 years
2466,29211,0.8191428571428557,0.5714285714285714,0.7836424113607274,25 to 29 years
2467,21980,0.7762857142857128,0.14285714285714285,0.18349813070771104,25 to 29 years
2468,27044,0.7905714285714271,0.2857142857142857,0.08995427688704533,25 to 29 years
2469,22466,0.8619999999999985,1.0,0.003656522742290891,25 to 29 years
2470,29252,0.8048571428571414,0.42857142857142855,0.5945954026563927,25 to 29 years
2471,23022,0.8619999999999985,1.0,0.49321351133622165,25 to 29 years
2472,20470,0.7762857142857128,0.14285714285714285,0.31376079135424695,25 to 29 years
2473,28531,0.7905714285714271,0.2857142857142857,0.06252728567703675,25 to 29 years
2474,29215,0.7762857142857128,0.14285714285714285,0.24733954421952492,25 to 29 years
2475,26115,0.7762857142857128,0.14285714285714285,0.662170582459551,25 to 29 years
2476,26248,0.8477142857142843,0.8571428571428571,0.7469997612998198,25 to 29 years
2477,22501,0.7905714285714271,0.2857142857142857,0.8262187832308032,25 to 29 years
2478,24174,0.8048571428571414,0.42857142857142855,0.13994386287048177,25 to 29 years
2479,23392,0.8048571428571414,0.42857142857142855,0.7755541646869772,25 to 29 years
2480,20880,0.8191428571428557,0.5714285714285714,0.9617272411339932,25 to 29 years
2481,29628,0.8191428571428557,0.5714285714285714,0.6719754159828012,25 to 29 years
2482,28344,0.8191428571428557,0.5714285714285714,0.15775086061012678,25 to 29 years
2483,23944,0.8191428571428557,0.5714285714285714,0.23587484355140625,25 to 29 years
2484,25490,0.8048571428571414,0.42857142857142855,0.24335383094143426,25 to 29 years
2485,28690,0.4124298950751952,0.42857142857142855,0.07284800701413574,25 to 29 years
2486,22260,0.8191428571428557,0.5714285714285714,0.1722990821626999,25 to 29 years
2487,27861,0.8191428571428557,0.5714285714285714,0.28660394377478954,25 to 29 years
2488,27505,0.7905714285714271,0.2857142857142857,0.7267644640697638,25 to 29 years
2489,25648,0.8477142857142843,0.8571428571428571,0.2879431937419719,25 to 29 years
2490,26947,0.8477142857142843,0.8571428571428571,0.3903651621593979,25 to 29 years
2491,23221,0.7905714285714271,0.2857142857142857,0.9508853829030114,25 to 29 years
2492,23572,0.7905714285714271,0.2857142857142857,0.7832678192610951,25 to 29 years
2493,26859,0.7905714285714271,0.2857142857142857,0.7355920624040253,25 to 29 years
2494,23885,0.7905714285714271,0.2857142857142857,0.8079393337719458,25 to 29 years
2495,27881,0.7762857142857128,0.14285714285714285,0.9561519587436151,25 to 29 years
2496,21739,0.8619999999999985,1.0,0.7065353798927676,25 to 29 years
2497,27958,0.8619999999999985,1.0,0.3495379709451717,25 to 29 years
2498,29432,0.8191428571428557,0.5714285714285714,0.7266773004336144,25 to 29 years
2499,20667,0.7905714285714271,0.2857142857142857,0.16993164515111286,25 to 29 years
2500,28632,0.8477142857142843,0.8571428571428571,0.8810727240151519,25 to 29 years
2501,28833,0.7905714285714271,0.2857142857142857,0.5678124585191853,25 to 29 years
2502,22887,0.7762857142857128,0.14285714285714285,0.8403031976459074,25 to 29 years
2503,27650,0.8477142857142843,0.8571428571428571,0.6296300326285484,25 to 29 years
2504,28945,0.8619999999999985,1.0,0.31417354226634164,25 to 29 years
2505,28589,0.8191428571428557,0.5714285714285714,0.44827884020234426,25 to 29 years
2506,24495,0.7905714285714271,0.2857142857142857,0.46406060115332465,25 to 29 years
2507,22989,0.7905714285714271,0.2857142857142857,0.9288229683892626,25 to 29 years
2508,27678,0.8191428571428557,0.5714285714285714,0.6684373601745757,25 to 29 years
2509,23051,0.8619999999999985,1.0,0.8622812650294263,25 to 29 years
2510,20328,0.7905714285714271,0.2857142857142857,0.26646906145841814,25 to 29 years
2511,23053,0.8477142857142843,0.8571428571428571,0.11178682164620118,25 to 29 years
2512,22971,0.8477142857142843,0.8571428571428571,0.9588761613357505,25 to 29 years
2513,22511,0.7762857142857128,0.14285714285714285,0.11016627674347884,25 to 29 years
2514,29290,0.8191428571428557,0.5714285714285714,0.5850253305232312,25 to 29 years
2515,26757,0.7905714285714271,0.2857142857142857,0.6913614020628253,25 to 29 years
2516,29888,0.8477142857142843,0.8571428571428571,0.8870426612209393,25 to 29 years
2517,21645,0.8191428571428557,0.5714285714285714,0.9806563721268886,25 to 29 years
2518,28284,0.7905714285714271,0.2857142857142857,0.8690425317177672,25 to 29 years
2519,23489,0.8477142857142843,0.8571428571428571,0.10693579997489505,25 to 29 years
2520,28984,0.7762857142857128,0.14285714285714285,0.4100433420330569,25 to 29 years
2521,29927,0.8191428571428557,0.5714285714285714,0.7056728272182464,25 to 29 years
2522,26059,0.7762857142857128,0.14285714285714285,0.3532674364222058,25 to 29 years
2523,28265,0.7762857142857128,0.14285714285714285,0.6022872513877155,25 to 29 years
2524,21829,0.8619999999999985,1.0,0.47602332756583,25 to 29 years
2525,24677,0.7905714285714271,0.2857142857142857,0.6714174088091897,25 to 29 years
2526,20034,0.8191428571428557,0.5714285714285714,0.7891245886664771,25 to 29 years
2527,25495,0.8191428571428557,0.5714285714285714,0.2874438133728522,25 to 29 years
2528,27356,0.8191428571428557,0.5714285714285714,0.5279325217523029,25 to 29 years
2529,20824,0.8048571428571414,0.42857142857142855,0.8714316621332265,25 to 29 years
2530,23203,0.7762857142857128,0.14285714285714285,0.222354260823436,25 to 29 years
2531,27521,0.8191428571428557,0.5714285714285714,0.8829632561981879,25 to 29 years
2532,21777,0.8191428571428557,0.5714285714285714,0.5879559676762465,25 to 29 years
2533,20251,0.8477142857142843,0.8571428571428571,0.42046878911765817,25 to 29 years
2534,27845,0.8477142857142843,0.8571428571428571,0.21279042645740215,25 to 29 years
2535,22133,0.8048571428571414,0.42857142857142855,0.4206344584417443,25 to 29 years
2536,24685,0.8191428571428557,0.5714285714285714,0.9483084816681375,25 to 29 years
2537,27055,0.7393812193750537,0.2857142857142857,0.008936482962917713,25 to 29 years
2538,27915,0.83342857142857,0.7142857142857142,0.30367705783018173,25 to 29 years
2539,25238,0.7905714285714271,0.2857142857142857,0.1809997872853797,25 to 29 years
2540,23521,0.8048571428571414,0.42857142857142855,0.4045523082806607,25 to 29 years
2541,23750,0.7905714285714271,0.2857142857142857,0.6535848160561737,25 to 29 years
2542,23629,0.7762857142857128,0.14285714285714285,0.1285212176899505,25 to 29 years
2543,28424,0.8191428571428557,0.5714285714285714,0.3104456086021941,25 to 29 years
2544,20785,0.8048571428571414,0.42857142857142855,0.563481208724837,25 to 29 years
2545,24248,0.8191428571428557,0.5714285714285714,0.8602546393572782,25 to 29 years
2546,24099,0.83342857142857,0.7142857142857142,0.5531216099440324,25 to 29 years
2547,21443,0.7905714285714271,0.2857142857142857,0.5659255087772261,25 to 29 years
2548,29618,0.7905714285714271,0.2857142857142857,0.29860113001915634,25 to 29 years
2549,28501,0.8191428571428557,0.5714285714285714,0.4886107693762578,25 to 29 years
2550,21069,0.8477142857142843,0.8571428571428571,0.38670212839413487,25 to 29 years
2551,20104,0.7905714285714271,0.2857142857142857,0.9391889646104925,25 to 29 years
2552,26677,0.8048571428571414,0.42857142857142855,0.12140633942786738,25 to 29 years
2553,24933,0.7762857142857128,0.14285714285714285,0.24156131636248634,25 to 29 years
2554,28329,0.8191428571428557,0.5714285714285714,0.8301153259864555,25 to 29 years
2555,22824,0.8477142857142843,0.8571428571428571,0.46612916799935,25 to 29 years
2556,20001,0.7762857142857128,0.14285714285714285,0.2472504739498631,25 to 29 years
2557,29363,0.7905714285714271,0.2857142857142857,0.28663844851724996,25 to 29 years
2558,27068,0.8191428571428557,0.5714285714285714,0.7014617016682929,25 to 29 years
2559,25090,0.8477142857142843,0.8571428571428571,0.9002031308676636,25 to 29 years
2560,20222,0.8191428571428557,0.5714285714285714,0.37967741790634335,25 to 29 years
2561,23897,0.8191428571428557,0.5714285714285714,0.8727960818456919,25 to 29 years
2562,26630,0.8477142857142843,0.8571428571428571,0.3915419168491301,25 to 29 years
2563,29630,0.8048571428571414,0.42857142857142855,0.4671261800075701,25 to 29 years
2564,28704,0.8619999999999985,1.0,0.30201326854333876,25 to 29 years
2565,28470,0.7762857142857128,0.14285714285714285,0.6826899500095552,25 to 29 years
2566,23652,0.7762857142857128,0.14285714285714285,0.4512247678026149,25 to 29 years
2567,25083,0.7905714285714271,0.2857142857142857,0.2528693579700216,25 to 29 years
2568,29346,0.8477142857142843,0.8571428571428571,0.36345008813346513,25 to 29 years
2569,29103,0.7762857142857128,0.14285714285714285,0.8774241521988768,25 to 29 years
2570,28676,0.7762857142857128,0.14285714285714285,0.23598991428682264,25 to 29 years
2571,28171,0.8191428571428557,0.5714285714285714,0.1534165600490745,25 to 29 years
2572,23056,0.8477142857142843,0.8571428571428571,0.6868674559064011,25 to 29 years
2573,20731,0.8191428571428557,0.5714285714285714,0.12905860238680927,25 to 29 years
2574,25633,0.7905714285714271,0.2857142857142857,0.42577361899690086,25 to 29 years
2575,29774,0.8477142857142843,0.8571428571428571,0.5222947221583577,25 to 29 years
2576,27049,0.7762857142857128,0.14285714285714285,0.18941999824908118,25 to 29 years
2577,27243,0.8191428571428557,0.5714285714285714,0.6441631075377663,25 to 29 years
2578,21077,0.8477142857142843,0.8571428571428571,0.194097263322211,25 to 29 years
2579,29716,0.7762857142857128,0.14285714285714285,0.17429473062796486,25 to 29 years
2580,21529,0.8191428571428557,0.5714285714285714,0.6546536997111607,25 to 29 years
2581,21828,0.8191428571428557,0.5714285714285714,0.14803810814477703,25 to 29 years
2582,21778,0.8191428571428557,0.5714285714285714,0.34531471234736955,25 to 29 years
2583,29349,0.7762857142857128,0.14285714285714285,0.24917568553158337,25 to 29 years
2584,24527,0.7905714285714271,0.2857142857142857,0.7918314190073865,25 to 29 years
2585,23102,0.8191428571428557,0.5714285714285714,0.6714269814239646,25 to 29 years
2586,23423,0.8191428571428557,0.5714285714285714,0.2741395400163152,25 to 29 years
2587,29381,0.7762857142857128,0.14285714285714285,0.4907760839274641,25 to 29 years
2588,24123,0.7905714285714271,0.2857142857142857,0.5312441374452838,25 to 29 years
2589,29808,0.8191428571428557,0.5714285714285714,0.6671661230401584,25 to 29 years
2590,21774,0.7905714285714271,0.2857142857142857,0.7947977080192616,25 to 29 years
2591,24842,0.7905714285714271,0.2857142857142857,0.37187920085092163,25 to 29 years
2592,21220,0.7905714285714271,0.2857142857142857,0.7457068857121911,25 to 29 years
2593,28283,0.8048571428571414,0.42857142857142855,0.2962742938043904,25 to 29 years
2594,24055,0.8191428571428557,0.5714285714285714,0.5925077718303143,25 to 29 years
2595,26701,0.7905714285714271,0.2857142857142857,0.6240543526063907,25 to 29 years
2596,21863,0.8477142857142843,0.8571428571428571,0.6494279832754803,25 to 29 years
2597,21339,0.8048571428571414,0.42857142857142855,0.4857686863160495,25 to 29 years
2598,25027,0.8191428571428557,0.5714285714285714,0.616541429961394,25 to 29 years
2599,24046,0.8619999999999985,1.0,0.5272457074387875,25 to 29 years
2600,23642,0.8048571428571414,0.42857142857142855,0.60655080405808,25 to 29 years
2601,21086,0.8191428571428557,0.5714285714285714,0.21081944569058464,25 to 29 years
2602,21667,0.7905714285714271,0.2857142857142857,0.6244296772494464,25 to 29 years
2603,28701,0.8477142857142843,0.8571428571428571,0.06663187945794558,25 to 29 years
2604,22834,0.7905714285714271,0.2857142857142857,0.1823521535083556,25 to 29 years
2605,29444,0.7762857142857128,0.14285714285714285,0.18991985334331757,25 to 29 years
2606,21113,0.7762857142857128,0.14285714285714285,0.7856444630681643,25 to 29 years
2607,21318,0.8477142857142843,0.8571428571428571,0.4970363339063125,25 to 29 years
2608,22346,0.7905714285714271,0.2857142857142857,0.7395490143211333,25 to 29 years
2609,20671,0.8477142857142843,0.8571428571428571,0.34651843801603915,25 to 29 years
2610,27888,0.8191428571428557,0.5714285714285714,0.024659659034934278,25 to 29 years
2611,24988,0.8619999999999985,1.0,0.15607519197881525,25 to 29 years
2612,22660,0.7905714285714271,0.2857142857142857,0.8970441628612082,25 to 29 years
2613,25944,0.7762857142857128,0.14285714285714285,0.4834779686197727,25 to 29 years
2614,26862,0.8477142857142843,0.8571428571428571,0.35859233752415387,25 to 29 years
2615,22408,0.7762857142857128,0.14285714285714285,0.18174077965193192,25 to 29 years
2616,21269,0.8191428571428557,0.5714285714285714,0.7001565801510977,25 to 29 years
2617,28309,0.8191428571428557,0.5714285714285714,0.31470364816432606,25 to 29 years
2618,24653,0.8477142857142843,0.8571428571428571,0.7612535275566593,25 to 29 years
2619,27123,0.8191428571428557,0.5714285714285714,0.7588977661839855,25 to 29 years
2620,21854,0.8191428571428557,0.5714285714285714,0.10401779834920188,25 to 29 years
2621,20965,0.8619999999999985,1.0,0.631528317724957,25 to 29 years
2622,29301,0.7905714285714271,0.2857142857142857,0.008276925753295417,25 to 29 years
2623,29066,0.7905714285714271,0.2857142857142857,0.9827871788854196,25 to 29 years
2624,25336,0.35688987683206996,0.14285714285714285,0.4727644290071853,25 to 29 years
2625,24253,0.8477142857142843,0.8571428571428571,0.40028873352496797,25 to 29 years
2626,20075,0.8477142857142843,0.8571428571428571,0.49430750482352287,25 to 29 years
2627,22562,0.8191428571428557,0.5714285714285714,0.524331253545366,25 to 29 years
2628,22278,0.8191428571428557,0.5714285714285714,0.20756871905564184,25 to 29 years
2629,20653,0.7905714285714271,0.2857142857142857,0.9455543510893754,25 to 29 years
2630,21642,0.7905714285714271,0.2857142857142857,0.06983388329574597,25 to 29 years
2631,25309,0.7762857142857128,0.14285714285714285,0.035594334757072854,25 to 29 years
2632,24254,0.7762857142857128,0.14285714285714285,0.3896309425684405,25 to 29 years
2633,28150,0.8048571428571414,0.42857142857142855,0.6222075658004312,25 to 29 years
2634,28103,0.7905714285714271,0.2857142857142857,0.3374192049840802,25 to 29 years
2635,21421,0.8477142857142843,0.8571428571428571,0.09075108675227483,25 to 29 years
2636,23261,0.8191428571428557,0.5714285714285714,0.284364534334381,25 to 29 years
2637,22072,0.7905714285714271,0.2857142857142857,0.2504138799993153,25 to 29 years
2638,25705,0.8191428571428557,0.5714285714285714,0.8738155591716255,25 to 29 years
2639,28045,0.8619999999999985,1.0,0.0210624035001451,25 to 29 years
2640,28220,0.7905714285714271,0.2857142857142857,0.4487728721588352,25 to 29 years
2641,26175,0.8477142857142843,0.8571428571428571,0.7232866584601566,25 to 29 years
2642,26268,0.8048571428571414,0.42857142857142855,0.48295228448028704,25 to 29 years
2643,28472,0.8191428571428557,0.5714285714285714,0.7079415979311211,25 to 29 years
2644,20570,0.8477142857142843,0.8571428571428571,0.08184668933198003,25 to 29 years
2645,29648,0.7762857142857128,0.14285714285714285,0.9564881129093401,25 to 29 years
2646,26394,0.7762857142857128,0.14285714285714285,0.5945643832184541,25 to 29 years
2647,26119,0.8477142857142843,0.8571428571428571,0.09326190314779148,25 to 29 years
2648,25013,0.7905714285714271,0.2857142857142857,0.6763183328161505,25 to 29 years
2649,28838,0.7905714285714271,0.2857142857142857,0.13136065248094342,25 to 29 years
2650,29326,0.7905714285714271,0.2857142857142857,0.43611787862670537,25 to 29 years
2651,26683,0.8619999999999985,1.0,0.12278448350198451,25 to 29 years
2652,29603,0.8619999999999985,1.0,0.40379003669402036,25 to 29 years
2653,20447,0.7905714285714271,0.2857142857142857,0.25636590227391615,25 to 29 years
2654,21666,0.8191428571428557,0.5714285714285714,0.7219980330202551,25 to 29 years
2655,23242,0.8619999999999985,1.0,0.3818412172433662,25 to 29 years
2656,28107,0.8191428571428557,0.5714285714285714,0.7983555005679852,25 to 29 years
2657,29911,0.8619999999999985,1.0,0.2507495824660857,25 to 29 years
2658,23772,0.7762857142857128,0.14285714285714285,0.3676362291305364,25 to 29 years
2659,23514,0.8191428571428557,0.5714285714285714,0.592130361353464,25 to 29 years
2660,22185,0.8619999999999985,1.0,0.8421139460021698,25 to 29 years
2661,26311,0.8191428571428557,0.5714285714285714,0.49977729817876204,25 to 29 years
2662,26117,0.8477142857142843,0.8571428571428571,0.9785969343489931,25 to 29 years
2663,27058,0.7905714285714271,0.2857142857142857,0.5076975871724091,25 to 29 years
2664,21917,0.8191428571428557,0.5714285714285714,0.5293366136547792,25 to 29 years
2665,28652,0.8048571428571414,0.42857142857142855,0.7661350515602744,25 to 29 years
2666,27162,0.7905714285714271,0.2857142857142857,0.881277245321983,25 to 29 years
2667,26675,0.7905714285714271,0.2857142857142857,0.8091038757225375,25 to 29 years
2668,25327,0.8477142857142843,0.8571428571428571,0.28444056690616654,25 to 29 years
2669,28355,0.83342857142857,0.7142857142857142,0.8362353492898038,25 to 29 years
2670,23919,0.8191428571428557,0.5714285714285714,0.8924393711864369,25 to 29 years
2671,23777,0.8619999999999985,1.0,0.8583981908150011,25 to 29 years
2672,26001,0.8477142857142843,0.8571428571428571,0.027506136323910413,25 to 29 years
2673,29327,0.7762857142857128,0.14285714285714285,0.45812434801192115,25 to 29 years
2674,22300,0.4582710055405064,0.2857142857142857,0.010900718728800496,25 to 29 years
2675,27913,0.7905714285714271,0.2857142857142857,0.09351617279202262,25 to 29 years
2676,27222,0.7762857142857128,0.14285714285714285,0.5802192672739881,25 to 29 years
2677,24330,0.8191428571428557,0.5714285714285714,0.9123986201568328,25 to 29 years
2678,25246,0.8477142857142843,0.8571428571428571,0.7785786472556812,25 to 29 years
2679,20298,0.8191428571428557,0.5714285714285714,0.6467430281341455,25 to 29 years
2680,23666,0.83342857142857,0.7142857142857142,0.8121860511926857,25 to 29 years
2681,23538,0.7905714285714271,0.2857142857142857,0.5347347884231383,25 to 29 years
2682,28047,0.586168679118509,0.2857142857142857,0.09098512484287857,25 to 29 years
2683,20578,0.8191428571428557,0.5714285714285714,0.6423645504301948,25 to 29 years
2684,20504,0.8619999999999985,1.0,0.5475129629760931,25 to 29 years
2685,23354,0.8619999999999985,1.0,0.522140931517309,25 to 29 years
2686,25889,0.7762857142857128,0.14285714285714285,0.8162666577047576,25 to 29 years
2687,20472,0.25711592230880775,0.14285714285714285,0.2933274975713763,25 to 29 years
2688,22723,0.8619999999999985,1.0,0.28550678641429417,25 to 29 years
2689,22749,0.8191428571428557,0.5714285714285714,0.785009573972536,25 to 29 years
2690,28871,0.8191428571428557,0.5714285714285714,0.810409382939901,25 to 29 years
2691,28820,0.8619999999999985,1.0,0.3097392094078919,25 to 29 years
2692,28144,0.7905714285714271,0.2857142857142857,0.8949622421689291,25 to 29 years
2693,21332,0.7762857142857128,0.14285714285714285,0.7658590033987225,25 to 29 years
2694,20519,0.7905714285714271,0.2857142857142857,0.3940417505976791,25 to 29 years
2695,27664,0.8191428571428557,0.5714285714285714,0.06398798030869124,25 to 29 years
2696,29352,0.8191428571428557,0.5714285714285714,0.4211221378593838,25 to 29 years
2697,26713,0.7905714285714271,0.2857142857142857,0.33879024179625555,25 to 29 years
2698,26185,0.8477142857142843,0.8571428571428571,0.2957629132740706,25 to 29 years
2699,20191,0.7762857142857128,0.14285714285714285,0.26309240078740687,25 to 29 years
2700,21127,0.8191428571428557,0.5714285714285714,0.32230103702162427,25 to 29 years
2701,23953,0.7762857142857128,0.14285714285714285,0.7051536156700915,25 to 29 years
2702,25468,0.7762857142857128,0.14285714285714285,0.3107809030414812,25 to 29 years
2703,20362,0.8191428571428557,0.5714285714285714,0.29816450048866006,25 to 29 years
2704,22687,0.8477142857142843,0.8571428571428571,0.19134413454338134,25 to 29 years
2705,20787,0.8048571428571414,0.42857142857142855,0.39717287776209464,25 to 29 years
2706,29644,0.8048571428571414,0.42857142857142855,0.26924931760996745,25 to 29 years
2707,22395,0.8191428571428557,0.5714285714285714,0.4069320756833283,25 to 29 years
2708,23685,0.7905714285714271,0.2857142857142857,0.2996081684283644,25 to 29 years
2709,23067,0.8477142857142843,0.8571428571428571,0.5801203136268643,25 to 29 years
2710,27977,0.8477142857142843,0.8571428571428571,0.53761522440931,25 to 29 years
2711,22988,0.8477142857142843,0.8571428571428571,0.23410909158161797,25 to 29 years
2712,28915,0.8191428571428557,0.5714285714285714,0.20081649352593173,25 to 29 years
2713,27963,0.013164316834500978,0.14285714285714285,0.0008545009148629434,25 to 29 years
2714,23703,0.8191428571428557,0.5714285714285714,0.6939346907275485,25 to 29 years
2715,24027,0.7905714285714271,0.2857142857142857,0.287378997025228,25 to 29 years
2716,24440,0.8048571428571414,0.42857142857142855,0.029072701195001494,25 to 29 years
2717,22948,0.8191428571428557,0.5714285714285714,0.41780517918458626,25 to 29 years
2718,26444,0.8477142857142843,0.8571428571428571,0.7906262565748043,25 to 29 years
2719,26680,0.8477142857142843,0.8571428571428571,0.7652605324221443,25 to 29 years
2720,23418,0.8477142857142843,0.8571428571428571,0.5439293980582536,25 to 29 years
2721,25256,0.7905714285714271,0.2857142857142857,0.2834319961872804,25 to 29 years
2722,24345,0.7762857142857128,0.14285714285714285,0.49037832251882435,25 to 29 years
2723,24775,0.8048571428571414,0.42857142857142855,0.7299984508749066,25 to 29 years
2724,26213,0.7905714285714271,0.2857142857142857,0.33542889199135695,25 to 29 years
2725,21316,0.8048571428571414,0.42857142857142855,0.4196561433735936,25 to 29 years
2726,24838,0.8619999999999985,1.0,0.6286280426801901,25 to 29 years
2727,21267,0.8477142857142843,0.8571428571428571,0.9351231409815023,25 to 29 years
2728,24776,0.7905714285714271,0.2857142857142857,0.6949329526066814,25 to 29 years
2729,26971,0.7762857142857128,0.14285714285714285,0.5311959690801888,25 to 29 years
2730,29714,0.8191428571428557,0.5714285714285714,0.28199570427528553,25 to 29 years
2731,24489,0.8477142857142843,0.8571428571428571,0.5439873004130964,25 to 29 years
2732,29499,0.83342857142857,0.7142857142857142,0.33998124877705055,25 to 29 years
2733,22732,0.7905714285714271,0.2857142857142857,0.3612172089994753,25 to 29 years
2734,23150,0.7762857142857128,0.14285714285714285,0.9418422732645715,25 to 29 years
2735,26637,0.7905714285714271,0.2857142857142857,0.4860444052033244,25 to 29 years
2736,26955,0.7762857142857128,0.14285714285714285,0.6355067029169446,25 to 29 years
2737,20217,0.8619999999999985,1.0,0.7896590590201213,25 to 29 years
2738,28464,0.7905714285714271,0.2857142857142857,0.8960310106191116,25 to 29 years
2739,21354,0.7762857142857128,0.14285714285714285,0.7921612431608885,25 to 29 years
2740,22423,0.7905714285714271,0.2857142857142857,0.40422790809906606,25 to 29 years
2741,26377,0.7905714285714271,0.2857142857142857,0.6756250831688336,25 to 29 years
2742,21797,0.8048571428571414,0.42857142857142855,0.6361757626736682,25 to 29 years
2743,23760,0.7762857142857128,0.14285714285714285,0.6602648761640234,25 to 29 years
2744,21414,0.7762857142857128,0.14285714285714285,0.2834919985900418,25 to 29 years
2745,25826,0.8191428571428557,0.5714285714285714,0.6128312954519979,25 to 29 years
2746,29511,0.7905714285714271,0.2857142857142857,0.3164925972442449,25 to 29 years
2747,23926,0.8191428571428557,0.5714285714285714,0.42177562398331353,25 to 29 years
2748,26584,0.7905714285714271,0.2857142857142857,0.2256192875618544,25 to 29 years
2749,25318,0.8191428571428557,0.5714285714285714,0.31762673764376015,25 to 29 years
2750,27642,0.8191428571428557,0.5714285714285714,0.998444709817109,25 to 29 years
2751,28536,0.7905714285714271,0.2857142857142857,0.4768935624530028,25 to 29 years
2752,27677,0.8477142857142843,0.8571428571428571,0.06813386139885524,25 to 29 years
2753,23575,0.7762857142857128,0.14285714285714285,0.13822454493125408,25 to 29 years
2754,29447,0.8477142857142843,0.8571428571428571,0.46787998738923975,25 to 29 years
2755,29759,0.8191428571428557,0.5714285714285714,0.4308261012615776,25 to 29 years
2756,24539,0.8477142857142843,0.8571428571428571,0.1895101281114817,25 to 29 years
2757,25862,0.7762857142857128,0.14285714285714285,0.4216062064871107,25 to 29 years
2758,26247,0.7762857142857128,0.14285714285714285,0.8523980954402648,25 to 29 years
2759,21505,0.7905714285714271,0.2857142857142857,0.40232587975612133,25 to 29 years
2760,24205,0.8048571428571414,0.42857142857142855,0.4352545837277066,25 to 29 years
2761,28415,0.8048571428571414,0.42857142857142855,0.3256846052436888,25 to 29 years
2762,24778,0.8477142857142843,0.8571428571428571,0.9808867484315039,25 to 29 years
2763,22869,0.7905714285714271,0.2857142857142857,0.5996527453353229,25 to 29 years
2764,29219,0.7905714285714271,0.2857142857142857,0.8471916841603785,25 to 29 years
2765,25152,0.7762857142857128,0.14285714285714285,0.46219804745530885,25 to 29 years
2766,20303,0.8191428571428557,0.5714285714285714,0.46271450267356135,25 to 29 years
2767,26731,0.8048571428571414,0.42857142857142855,0.8224964825112113,25 to 29 years
2768,26083,0.8477142857142843,0.8571428571428571,0.7110103934340641,25 to 29 years
2769,20441,0.7762857142857128,0.14285714285714285,0.4228966086219284,25 to 29 years
2770,25242,0.8048571428571414,0.42857142857142855,0.9728960548606793,25 to 29 years
2771,26118,0.8191428571428557,0.5714285714285714,0.2989047653566069,25 to 29 years
2772,27994,0.7762857142857128,0.14285714285714285,0.17512547250734667,25 to 29 years
2773,21518,0.8191428571428557,0.5714285714285714,0.5581547239392739,25 to 29 years
2774,21134,0.7762857142857128,0.14285714285714285,0.47428255834155875,25 to 29 years
2775,24512,0.7905714285714271,0.2857142857142857,0.038426873946698525,25 to 29 years
2776,27128,0.8619999999999985,1.0,0.7049897341426071,25 to 29 years
2777,23578,0.8191428571428557,0.5714285714285714,0.6379439225562277,25 to 29 years
2778,27711,0.7905714285714271,0.2857142857142857,0.3904596371807403,25 to 29 years
2779,22686,0.8619999999999985,1.0,0.8672420008758721,25 to 29 years
2780,29629,0.7762857142857128,0.14285714285714285,0.6864776847035492,25 to 29 years
2781,25219,0.7762857142857128,0.14285714285714285,0.5010237017143566,25 to 29 years
2782,24113,0.8619999999999985,1.0,0.6104200684550463,25 to 29 years
2783,27463,0.7762857142857128,0.14285714285714285,0.31487187637082026,25 to 29 years
2784,26354,0.8191428571428557,0.5714285714285714,0.09108820530183259,25 to 29 years
2785,23090,0.7905714285714271,0.2857142857142857,0.2428968903994132,25 to 29 years
2786,29203,0.8048571428571414,0.42857142857142855,0.6707604963167384,25 to 29 years
2787,21169,0.8477142857142843,0.8571428571428571,0.19385052370548744,25 to 29 years
2788,21662,0.8048571428571414,0.42857142857142855,0.2569071974530554,25 to 29 years
2789,27026,0.5039579853790278,0.42857142857142855,0.45897994156260175,25 to 29 years
2790,22870,0.7905714285714271,0.2857142857142857,0.41942775130332044,25 to 29 years
2791,20458,0.8619999999999985,1.0,0.8141360568486069,25 to 29 years
2792,24467,0.8619999999999985,1.0,0.19355703842107835,25 to 29 years
2793,24533,0.7905714285714271,0.2857142857142857,0.09110065275683404,25 to 29 years
2794,21218,0.8191428571428557,0.5714285714285714,0.7295437307160472,25 to 29 years
2795,23234,0.8619999999999985,1.0,0.5493891343290963,25 to 29 years
2796,23070,0.8048571428571414,0.42857142857142855,0.8514259573613916,25 to 29 years
2797,22673,0.7905714285714271,0.2857142857142857,0.9095555057597751,25 to 29 years
2798,22469,0.8477142857142843,0.8571428571428571,0.6722447211102682,25 to 29 years
2799,23645,0.8191428571428557,0.5714285714285714,0.6098704006373266,25 to 29 years
2800,25424,0.8477142857142843,0.8571428571428571,0.02272593441579318,25 to 29 years
2801,20944,0.8477142857142843,0.8571428571428571,0.6407857043799162,25 to 29 years
2802,29477,0.8477142857142843,0.8571428571428571,0.43441075616912384,25 to 29 years
2803,27924,0.8191428571428557,0.5714285714285714,0.9714056734453415,25 to 29 years
2804,21241,0.7762857142857128,0.14285714285714285,0.04337066544221174,25 to 29 years
2805,20941,0.3235174733418927,0.14285714285714285,0.17796508845555192,25 to 29 years
2806,20777,0.6599547364994424,0.14285714285714285,0.6355933097386417,25 to 29 years
2807,27737,0.8191428571428557,0.5714285714285714,0.36238593331689717,25 to 29 years
2808,28818,0.7905714285714271,0.2857142857142857,0.34993316957364384,25 to 29 years
2809,28336,0.7905714285714271,0.2857142857142857,0.46998747084977516,25 to 29 years
2810,24167,0.8191428571428557,0.5714285714285714,0.14815750280278944,25 to 29 years
2811,20877,0.8191428571428557,0.5714285714285714,0.48855428776165166,25 to 29 years
2812,20353,0.83342857142857,0.7142857142857142,0.9762600954865333,25 to 29 years
2813,24707,0.8619999999999985,1.0,0.4160006201153081,25 to 29 years
2814,22981,0.7905714285714271,0.2857142857142857,0.16561697573226736,25 to 29 years
2815,28502,0.8191428571428557,0.5714285714285714,0.3000787429914765,25 to 29 years
2816,20605,0.7762857142857128,0.14285714285714285,0.17168589933301404,25 to 29 years
2817,23695,0.7905714285714271,0.2857142857142857,0.9998740279167544,25 to 29 years
2818,25766,0.7905714285714271,0.2857142857142857,0.4886242804015835,25 to 29 years
2819,29692,0.7905714285714271,0.2857142857142857,0.2931417910196523,25 to 29 years
2820,21993,0.8191428571428557,0.5714285714285714,0.7718415758622411,25 to 29 years
2821,27966,0.7905714285714271,0.2857142857142857,0.8817141109243269,25 to 29 years
2822,26375,0.7762857142857128,0.14285714285714285,0.6776038177324767,25 to 29 years
2823,27074,0.7762857142857128,0.14285714285714285,0.8956984679910367,25 to 29 years
2824,21017,0.7905714285714271,0.2857142857142857,0.17615168083714766,25 to 29 years
2825,21623,0.8191428571428557,0.5714285714285714,0.5428482907057178,25 to 29 years
2826,29092,0.7762857142857128,0.14285714285714285,0.2528190564979977,25 to 29 years
2827,26625,0.7762857142857128,0.14285714285714285,0.38426723337158697,25 to 29 years
2828,22775,0.8477142857142843,0.8571428571428571,0.5247576525477258,25 to 29 years
2829,20885,0.83342857142857,0.7142857142857142,0.9677245976923485,25 to 29 years
2830,22120,0.7905714285714271,0.2857142857142857,0.5342841165479202,25 to 29 years
2831,24340,0.8191428571428557,0.5714285714285714,0.20903729662737464,25 to 29 years
2832,21051,0.7762857142857128,0.14285714285714285,0.3108013460913791,25 to 29 years
2833,23146,0.8048571428571414,0.42857142857142855,0.3844787351389052,25 to 29 years
2834,28825,0.7905714285714271,0.2857142857142857,0.7839912423285862,25 to 29 years
2835,29751,0.7905714285714271,0.2857142857142857,0.8286984729657785,25 to 29 years
2836,29458,0.7905714285714271,0.2857142857142857,0.5793342150422557,25 to 29 years
2837,22239,0.8191428571428557,0.5714285714285714,0.8292402084943568,25 to 29 years
2838,23571,0.7762857142857128,0.14285714285714285,0.17161436494180077,25 to 29 years
2839,22198,0.7762857142857128,0.14285714285714285,0.7864784764821788,25 to 29 years
2840,28482,0.7762857142857128,0.14285714285714285,0.2698123635250192,25 to 29 years
2841,24585,0.7905714285714271,0.2857142857142857,0.9081969346931487,25 to 29 years
2842,23493,0.8191428571428557,0.5714285714285714,0.573015486644282,25 to 29 years
2843,24553,0.83342857142857,0.7142857142857142,0.7092680796236343,25 to 29 years
2844,28139,0.7905714285714271,0.2857142857142857,0.07555093180769112,25 to 29 years
2845,22102,0.8191428571428557,0.5714285714285714,0.09383221322587743,25 to 29 years
2846,25267,0.8191428571428557,0.5714285714285714,0.9335896880740489,25 to 29 years
2847,21804,0.8477142857142843,0.8571428571428571,0.13711309661863685,25 to 29 years
2848,26788,0.8477142857142843,0.8571428571428571,0.7835917246229099,25 to 29 years
2849,29819,0.8191428571428557,0.5714285714285714,0.46063458429453263,25 to 29 years
2850,24591,0.4133134303095473,0.14285714285714285,0.9708429180057729,25 to 29 years
2851,21366,0.7905714285714271,0.2857142857142857,0.6451247682390552,25 to 29 years
2852,27373,0.7762857142857128,0.14285714285714285,0.9385413077939755,25 to 29 years
2853,22365,0.7905714285714271,0.2857142857142857,0.3676924595626714,25 to 29 years
2854,23552,0.8191428571428557,0.5714285714285714,0.5311625247017715,25 to 29 years
2855,22320,0.8477142857142843,0.8571428571428571,0.9498456791359028,25 to 29 years
2856,25407,0.8191428571428557,0.5714285714285714,0.8594772659279224,25 to 29 years
2857,21611,0.8477142857142843,0.8571428571428571,0.7829156277892395,25 to 29 years
2858,24746,0.8048571428571414,0.42857142857142855,0.8823961459315677,25 to 29 years
2859,22418,0.7905714285714271,0.2857142857142857,0.3455087096971139,25 to 29 years
2860,29900,0.8191428571428557,0.5714285714285714,0.743211470430404,25 to 29 years
2861,26563,0.8191428571428557,0.5714285714285714,0.68667529068875,25 to 29 years
2862,20904,0.8477142857142843,0.8571428571428571,0.3648637696319928,25 to 29 years
2863,23814,0.8048571428571414,0.42857142857142855,0.18457113813524323,25 to 29 years
2864,22540,0.7762857142857128,0.14285714285714285,0.4346076688285556,25 to 29 years
2865,24453,0.8477142857142843,0.8571428571428571,0.11795051478340746,25 to 29 years
2866,22634,0.8191428571428557,0.5714285714285714,0.7493467658590454,25 to 29 years
2867,21747,0.7762857142857128,0.14285714285714285,0.6365921468726687,25 to 29 years
2868,25885,0.7762857142857128,0.14285714285714285,0.46440607736797923,25 to 29 years
2869,20477,0.8619999999999985,1.0,0.5782246851952052,25 to 29 years
2870,23601,0.8191428571428557,0.5714285714285714,0.4188981540327945,25 to 29 years
2871,22170,0.8477142857142843,0.8571428571428571,0.6021595538272844,25 to 29 years
2872,28928,0.7905714285714271,0.2857142857142857,0.2974106679514153,25 to 29 years
2873,23443,0.8191428571428557,0.5714285714285714,0.4515895607428241,25 to 29 years
2874,25563,0.7905714285714271,0.2857142857142857,0.2967399517433773,25 to 29 years
2875,22362,0.8477142857142843,0.8571428571428571,0.7729489564249756,25 to 29 years
2876,27197,0.8477142857142843,0.8571428571428571,0.7365186807451873,25 to 29 years
2877,25422,0.7905714285714271,0.2857142857142857,0.1485704978622976,25 to 29 years
2878,22678,0.7762857142857128,0.14285714285714285,0.10681215480106959,25 to 29 years
2879,26069,0.8477142857142843,0.8571428571428571,0.8536512456457049,25 to 29 years
2880,23254,0.8191428571428557,0.5714285714285714,0.1650741372406188,25 to 29 years
2881,23347,0.8477142857142843,0.8571428571428571,0.8066019592430469,25 to 29 years
2882,24592,0.8619999999999985,1.0,0.9989759852994486,25 to 29 years
2883,29075,0.8477142857142843,0.8571428571428571,0.10098958996605623,25 to 29 years
2884,26546,0.6811558776242663,0.14285714285714285,0.10378547241965463,25 to 29 years
2885,20675,0.8191428571428557,0.5714285714285714,0.7451762914044177,25 to 29 years
2886,22560,0.8477142857142843,0.8571428571428571,0.5256327423183905,25 to 29 years
2887,28631,0.8191428571428557,0.5714285714285714,0.8574356939170336,25 to 29 years
2888,29224,0.7905714285714271,0.2857142857142857,0.5770854547042358,25 to 29 years
2889,24641,0.8477142857142843,0.8571428571428571,0.6791212164415731,25 to 29 years
2890,25701,0.7762857142857128,0.14285714285714285,0.8053508031253611,25 to 29 years
2891,20897,0.7762857142857128,0.14285714285714285,0.26429579462787894,25 to 29 years
2892,24698,0.7905714285714271,0.2857142857142857,0.5024134928916493,25 to 29 years
2893,25034,0.7905714285714271,0.2857142857142857,0.7365217968477922,25 to 29 years
2894,24258,0.8048571428571414,0.42857142857142855,0.9571295739843336,25 to 29 years
2895,28914,0.7905714285714271,0.2857142857142857,0.08494303624507643,25 to 29 years
2896,24839,0.7762857142857128,0.14285714285714285,0.4456367240222339,25 to 29 years
2897,24851,0.8477142857142843,0.8571428571428571,0.7532697325276724,25 to 29 years
2898,26903,0.7905714285714271,0.2857142857142857,0.4546201894695381,25 to 29 years
2899,23795,0.8048571428571414,0.42857142857142855,0.3487040449265992,25 to 29 years
2900,28389,0.7905714285714271,0.2857142857142857,0.8309209067229775,25 to 29 years
2901,27393,0.8191428571428557,0.5714285714285714,0.4374842324619982,25 to 29 years
2902,27492,0.8477142857142843,0.8571428571428571,0.8929496154217337,25 to 29 years
2903,20302,0.7762857142857128,0.14285714285714285,0.12157230404742014,25 to 29 years
2904,20494,0.8191428571428557,0.5714285714285714,0.9377035642409037,25 to 29 years
2905,25854,0.8619999999999985,1.0,0.11384909465816678,25 to 29 years
2906,28097,0.8477142857142843,0.8571428571428571,0.25757039673984133,25 to 29 years
2907,26237,0.7905714285714271,0.2857142857142857,0.4745034359857257,25 to 29 years
2908,29313,0.7762857142857128,0.14285714285714285,0.9950443063773025,25 to 29 years
2909,27533,0.7905714285714271,0.2857142857142857,0.8041976551273611,25 to 29 years
2910,23525,0.7762857142857128,0.14285714285714285,0.6631704681947072,25 to 29 years
2911,28667,0.8619999999999985,1.0,0.652919157522769,25 to 29 years
2912,28937,0.7905714285714271,0.2857142857142857,0.944243294345125,25 to 29 years
2913,20236,0.8191428571428557,0.5714285714285714,0.42945642522516736,25 to 29 years
2914,25039,0.8191428571428557,0.5714285714285714,0.45272406503557827,25 to 29 years
2915,28975,0.8477142857142843,0.8571428571428571,0.11550308878928967,25 to 29 years
2916,24515,0.8477142857142843,0.8571428571428571,0.4759510406166733,25 to 29 years
2917,22522,0.7905714285714271,0.2857142857142857,0.6041267721905839,25 to 29 years
2918,20047,0.7905714285714271,0.2857142857142857,0.06496822396322915,25 to 29 years
2919,26269,0.8619999999999985,1.0,0.39794139408802387,25 to 29 years
2920,29564,0.7905714285714271,0.2857142857142857,0.5652478984855318,25 to 29 years
2921,20378,0.83342857142857,0.7142857142857142,0.19433448181249996,25 to 29 years
2922,28961,0.8191428571428557,0.5714285714285714,0.3832381779892461,25 to 29 years
2923,27696,0.8191428571428557,0.5714285714285714,0.6259838154032413,25 to 29 years
2924,28829,0.7905714285714271,0.2857142857142857,0.032435011567029215,25 to 29 years
2925,25107,0.7905714285714271,0.2857142857142857,0.5899290505807246,25 to 29 years
2926,24420,0.7905714285714271,0.2857142857142857,0.6512912464933354,25 to 29 years
2927,26654,0.8191428571428557,0.5714285714285714,0.9428679274502834,25 to 29 years
2928,21054,0.8191428571428557,0.5714285714285714,0.21591659640482308,25 to 29 years
2929,23164,0.8191428571428557,0.5714285714285714,0.9525922310122492,25 to 29 years
2930,28400,0.83342857142857,0.7142857142857142,0.8917096311635682,25 to 29 years
2931,25940,0.7905714285714271,0.2857142857142857,0.6503742489733819,25 to 29 years
2932,23026,0.7762857142857128,0.14285714285714285,0.5979249333950436,25 to 29 years
2933,29663,0.7905714285714271,0.2857142857142857,0.2329538932807993,25 to 29 years
2934,23644,0.7762857142857128,0.14285714285714285,0.23498658082232338,25 to 29 years
2935,26792,0.8191428571428557,0.5714285714285714,0.21060138768442932,25 to 29 years
2936,24407,0.7071522284973446,0.14285714285714285,0.4422096073771417,25 to 29 years
2937,28298,0.7905714285714271,0.2857142857142857,0.8609513873701378,25 to 29 years
2938,24301,0.8191428571428557,0.5714285714285714,0.6091973808117516,25 to 29 years
2939,27597,0.8477142857142843,0.8571428571428571,0.32631564205056307,25 to 29 years
2940,20872,0.7905714285714271,0.2857142857142857,0.9387500017074125,25 to 29 years
2941,25788,0.7905714285714271,0.2857142857142857,0.5776815727898661,25 to 29 years
2942,29120,0.7762857142857128,0.14285714285714285,0.7161012393181958,25 to 29 years
2943,28554,0.7905714285714271,0.2857142857142857,0.6508751987032022,25 to 29 years
2944,21034,0.7905714285714271,0.2857142857142857,0.18965380988259262,25 to 29 years
2945,20655,0.7905714285714271,0.2857142857142857,0.4892488424511716,25 to 29 years
2946,25665,0.8619999999999985,1.0,0.9755920340692638,25 to 29 years
2947,22987,0.8477142857142843,0.8571428571428571,0.9206321086725877,25 to 29 years
2948,29813,0.7762857142857128,0.14285714285714285,0.05658286096817372,25 to 29 years
2949,27022,0.8191428571428557,0.5714285714285714,0.6081150923464064,25 to 29 years
2950,27832,0.8191428571428557,0.5714285714285714,0.12567810880643887,25 to 29 years
2951,21719,0.8191428571428557,0.5714285714285714,0.9752453571638482,25 to 29 years
2952,23131,0.7905714285714271,0.2857142857142857,0.30432035062858454,25 to 29 years
2953,28994,0.8477142857142843,0.8571428571428571,0.7170053084176073,25 to 29 years
2954,20201,0.8191428571428557,0.5714285714285714,0.44963249538023903,25 to 29 years
2955,28562,0.7905714285714271,0.2857142857142857,0.19624680290754626,25 to 29 years
2956,25322,0.7762857142857128,0.14285714285714285,0.4834975672985223,25 to 29 years
2957,22816,0.8619999999999985,1.0,0.8084669865338767,25 to 29 years
2958,24643,0.5000228012441637,0.14285714285714285,0.5860129613568468,25 to 29 years
2959,22898,0.8619999999999985,1.0,0.17952450562473649,25 to 29 years
2960,22510,0.8619999999999985,1.0,0.1892180917005688,25 to 29 years
2961,26127,0.8048571428571414,0.42857142857142855,0.16862118660295022,25 to 29 years
2962,24947,0.8477142857142843,0.8571428571428571,0.6943309137021285,25 to 29 years
2963,22984,0.83342857142857,0.7142857142857142,0.0906022511886363,25 to 29 years
2964,21563,0.8191428571428557,0.5714285714285714,0.2975693962954309,25 to 29 years
2965,23085,0.8048571428571414,0.42857142857142855,0.9639889358766645,25 to 29 years
2966,27985,0.3966044417160228,0.14285714285714285,0.054053433044482735,25 to 29 years
2967,22585,0.8191428571428557,0.5714285714285714,0.3998874314971258,25 to 29 years
2968,21439,0.8477142857142843,0.8571428571428571,0.30112790350577456,25 to 29 years
2969,23854,0.8619999999999985,1.0,0.41931366336617915,25 to 29 years
2970,22726,0.8191428571428557,0.5714285714285714,0.4155149814133512,25 to 29 years
2971,26521,0.7905714285714271,0.2857142857142857,0.35526340650059085,25 to 29 years
2972,21870,0.7762857142857128,0.14285714285714285,0.4302019171624227,25 to 29 years
2973,22254,0.7762857142857128,0.14285714285714285,0.8464589764169778,25 to 29 years
2974,28605,0.8191428571428557,0.5714285714285714,0.7644718708627413,25 to 29 years
2975,27584,0.8477142857142843,0.8571428571428571,0.4827256956230645,25 to 29 years
2976,22290,0.8619999999999985,1.0,0.9391854815112554,25 to 29 years
2977,22109,0.8477142857142843,0.8571428571428571,0.6901919895399705,25 to 29 years
2978,28227,0.83342857142857,0.7142857142857142,0.22313102239820143,25 to 29 years
2979,23901,0.7762857142857128,0.14285714285714285,0.8201295201643679,25 to 29 years
2980,22613,0.7905714285714271,0.2857142857142857,0.2943945908213055,25 to 29 years
2981,27987,0.8191428571428557,0.5714285714285714,0.30561969216209917,25 to 29 years
2982,24383,0.8619999999999985,1.0,0.01981137470571137,25 to 29 years
2983,29545,0.7762857142857128,0.14285714285714285,0.2553104938078835,25 to 29 years
2984,22965,0.8477142857142843,0.8571428571428571,0.4763081580628118,25 to 29 years
2985,27544,0.8477142857142843,0.8571428571428571,0.19546996614115292,25 to 29 years
2986,28579,0.8619999999999985,1.0,0.31656483529544965,25 to 29 years
2987,23427,0.7905714285714271,0.2857142857142857,0.08489385011833006,25 to 29 years
2988,28343,0.7905714285714271,0.2857142857142857,0.915369283495814,25 to 29 years
2989,29953,0.7905714285714271,0.2857142857142857,0.22159459287189281,25 to 29 years
2990,23007,0.8191428571428557,0.5714285714285714,0.41516221450605084,25 to 29 years
2991,23817,0.8619999999999985,1.0,0.6371304959537883,25 to 29 years
2992,25102,0.7905714285714271,0.2857142857142857,0.43495325402489665,25 to 29 years
2993,25647,0.7762857142857128,0.14285714285714285,0.41702356819393605,25 to 29 years
2994,27932,0.8477142857142843,0.8571428571428571,0.5631711905657377,25 to 29 years
2995,26446,0.8477142857142843,0.8571428571428571,0.9655555818938247,25 to 29 years
2996,27282,0.7905714285714271,0.2857142857142857,0.33442561446397967,25 to 29 years
2997,20008,0.7762857142857128,0.14285714285714285,0.6554552503423439,25 to 29 years
2998,26755,0.8191428571428557,0.5714285714285714,0.6987218421579992,25 to 29 years
2999,20115,0.8477142857142843,0.8571428571428571,0.11644231909300895,25 to 29 years
3000,22309,0.8048571428571414,0.42857142857142855,0.7399744869479119,25 to 29 years
3001,26411,0.8477142857142843,0.8571428571428571,0.47502230800991957,25 to 29 years
3002,26940,0.7905714285714271,0.2857142857142857,0.651659706238858,25 to 29 years
3003,29116,0.7905714285714271,0.2857142857142857,0.8233339122491289,25 to 29 years
3004,24909,0.7905714285714271,0.2857142857142857,0.3589213413840734,25 to 29 years
3005,26724,0.8477142857142843,0.8571428571428571,0.14030228837568898,25 to 29 years
3006,20341,0.7905714285714271,0.2857142857142857,0.9404040477167195,25 to 29 years
3007,22622,0.7905714285714271,0.2857142857142857,0.38584781085214837,25 to 29 years
3008,23732,0.7905714285714271,0.2857142857142857,0.8960663548713732,25 to 29 years
3009,26039,0.8048571428571414,0.42857142857142855,0.15004362684704797,25 to 29 years
3010,20512,0.8191428571428557,0.5714285714285714,0.9979087306815183,25 to 29 years
3011,22667,0.7905714285714271,0.2857142857142857,0.6455169841791485,25 to 29 years
3012,24143,0.7762857142857128,0.14285714285714285,0.41754533103218033,25 to 29 years
3013,27365,0.7762857142857128,0.14285714285714285,0.43560787525828903,25 to 29 years
3014,27069,0.8048571428571414,0.42857142857142855,0.49535584879517736,25 to 29 years
3015,23353,0.7905714285714271,0.2857142857142857,0.4932454013287126,25 to 29 years
3016,24523,0.7762857142857128,0.14285714285714285,0.5361792309261645,25 to 29 years
3017,24451,0.8191428571428557,0.5714285714285714,0.2977782806060367,25 to 29 years
3018,20627,0.8048571428571414,0.42857142857142855,0.43882095506187246,25 to 29 years
3019,22228,0.8048571428571414,0.42857142857142855,0.2050672644028722,25 to 29 years
3020,26367,0.8048571428571414,0.42857142857142855,0.5095526049894555,25 to 29 years
3021,28712,0.8619999999999985,1.0,0.0796703379160762,25 to 29 years
3022,23715,0.5888134781737374,0.14285714285714285,0.3501519747983308,25 to 29 years
3023,25646,0.8191428571428557,0.5714285714285714,0.08376554589941682,25 to 29 years
3024,21760,0.7905714285714271,0.2857142857142857,0.7837136858141266,25 to 29 years
3025,20820,0.8191428571428557,0.5714285714285714,0.9469504421500518,25 to 29 years
3026,22312,0.7905714285714271,0.2857142857142857,0.8947240985986116,25 to 29 years
3027,26124,0.8477142857142843,0.8571428571428571,0.8736020794016074,25 to 29 years
3028,28643,0.7762857142857128,0.14285714285714285,0.9615780508530163,25 to 29 years
3029,28111,0.8048571428571414,0.42857142857142855,0.7954259250389236,25 to 29 years
3030,22013,0.8477142857142843,0.8571428571428571,0.13563974147518693,25 to 29 years
3031,22105,0.8048571428571414,0.42857142857142855,0.31004591770871787,25 to 29 years
3032,28451,0.7905714285714271,0.2857142857142857,0.8713633854114533,25 to 29 years
3033,28353,0.8619999999999985,1.0,0.25290242544063035,25 to 29 years
3034,23798,0.8191428571428557,0.5714285714285714,0.2751751872172128,25 to 29 years
3035,20120,0.8191428571428557,0.5714285714285714,0.42255357744198974,25 to 29 years
3036,29703,0.8048571428571414,0.42857142857142855,0.06620431866666909,25 to 29 years
3037,29028,0.7762857142857128,0.14285714285714285,0.3478917437399639,25 to 29 years
3038,28518,0.7762857142857128,0.14285714285714285,0.878309546522812,25 to 29 years
3039,23149,0.7762857142857128,0.14285714285714285,0.23784404000327886,25 to 29 years
3040,28253,0.8191428571428557,0.5714285714285714,0.5058903312731201,25 to 29 years
3041,25348,0.8477142857142843,0.8571428571428571,0.6924540236212993,25 to 29 years
3042,22310,0.83342857142857,0.7142857142857142,0.534427351108563,25 to 29 years
3043,27061,0.8191428571428557,0.5714285714285714,0.18850289835061584,25 to 29 years
3044,21688,0.8191428571428557,0.5714285714285714,0.9165579872583529,25 to 29 years
3045,23667,0.8191428571428557,0.5714285714285714,0.8359419520172648,25 to 29 years
3046,29939,0.7905714285714271,0.2857142857142857,0.4887057555735181,25 to 29 years
3047,22182,0.7762857142857128,0.14285714285714285,0.25895576962396266,25 to 29 years
3048,26012,0.8191428571428557,0.5714285714285714,0.045863971610849985,25 to 29 years
3049,22579,0.8191428571428557,0.5714285714285714,0.4110932166912676,25 to 29 years
3050,20567,0.7905714285714271,0.2857142857142857,0.8049470834567986,25 to 29 years
3051,27712,0.7905714285714271,0.2857142857142857,0.9327468826501841,25 to 29 years
3052,23079,0.8191428571428557,0.5714285714285714,0.11682985920182176,25 to 29 years
3053,21977,0.8619999999999985,1.0,0.06862135335374192,25 to 29 years
3054,29737,0.28723535216471624,0.14285714285714285,0.3396490392759179,25 to 29 years
3055,26720,0.8191428571428557,0.5714285714285714,0.6783367508101339,25 to 29 years
3056,26817,0.7905714285714271,0.2857142857142857,0.6141411431369446,25 to 29 years
3057,24360,0.3842405646753059,0.2857142857142857,0.14254551137307858,25 to 29 years
3058,20861,0.8191428571428557,0.5714285714285714,0.5881497149146531,25 to 29 years
3059,21427,0.8191428571428557,0.5714285714285714,0.6828356758975892,25 to 29 years
3060,21272,0.7905714285714271,0.2857142857142857,0.34727352121591,25 to 29 years
3061,29122,0.8477142857142843,0.8571428571428571,0.423718236623514,25 to 29 years
3062,24694,0.8191428571428557,0.5714285714285714,0.3705637764626408,25 to 29 years
3063,25919,0.7905714285714271,0.2857142857142857,0.670225710093974,25 to 29 years
3064,28423,0.7762857142857128,0.14285714285714285,0.21251451590227444,25 to 29 years
3065,24272,0.7762857142857128,0.14285714285714285,0.33086805694603716,25 to 29 years
3066,29004,0.8191428571428557,0.5714285714285714,0.7562359490944712,25 to 29 years
3067,20162,0.8191428571428557,0.5714285714285714,0.772482026529043,25 to 29 years
3068,25296,0.7762857142857128,0.14285714285714285,0.2545083874527796,25 to 29 years
3069,21000,0.8477142857142843,0.8571428571428571,0.5162676028962934,25 to 29 years
3070,28565,0.7762857142857128,0.14285714285714285,0.015565668114706388,25 to 29 years
3071,29467,0.7961428571428555,0.5714285714285714,0.6209192789655027,30 to 34 years
3072,27711,0.7675714285714269,0.2857142857142857,0.3904596371807403,30 to 34 years
3073,24519,0.7675714285714269,0.2857142857142857,0.6574519753580605,30 to 34 years
3074,26821,0.7532857142857126,0.14285714285714285,0.9053800285340285,30 to 34 years
3075,28549,0.8247142857142841,0.8571428571428571,0.49754599889320583,30 to 34 years
3076,27141,0.7961428571428555,0.5714285714285714,0.6825426335425795,30 to 34 years
3077,24892,0.8247142857142841,0.8571428571428571,0.7176898880845862,30 to 34 years
3078,24214,0.7961428571428555,0.5714285714285714,0.8079145359925146,30 to 34 years
3079,20053,0.7675714285714269,0.2857142857142857,0.6509432181075241,30 to 34 years
3080,21802,0.8389999999999983,1.0,0.46916928252396994,30 to 34 years
3081,26943,0.8247142857142841,0.8571428571428571,0.5813571182180095,30 to 34 years
3082,25134,0.7675714285714269,0.2857142857142857,0.6211647088210869,30 to 34 years
3083,29354,0.7675714285714269,0.2857142857142857,0.6284723945541346,30 to 34 years
3084,24393,0.8247142857142841,0.8571428571428571,0.637395361140971,30 to 34 years
3085,29605,0.7675714285714269,0.2857142857142857,0.9439444449846279,30 to 34 years
3086,28818,0.7675714285714269,0.2857142857142857,0.34993316957364384,30 to 34 years
3087,26155,0.8389999999999983,1.0,0.46169168413978334,30 to 34 years
3088,23117,0.8389999999999983,1.0,0.9885013316964573,30 to 34 years
3089,21199,0.8247142857142841,0.8571428571428571,0.7481963030213292,30 to 34 years
3090,27258,0.7818571428571411,0.42857142857142855,0.8767713444891398,30 to 34 years
3091,26126,0.7675714285714269,0.2857142857142857,0.3453543586309564,30 to 34 years
3092,25713,0.7818571428571411,0.42857142857142855,0.5142541863966914,30 to 34 years
3093,25393,0.8247142857142841,0.8571428571428571,0.7247667337761663,30 to 34 years
3094,28512,0.8389999999999983,1.0,0.40341058729259227,30 to 34 years
3095,20734,0.8247142857142841,0.8571428571428571,0.07659553795623358,30 to 34 years
3096,28590,0.7532857142857126,0.14285714285714285,0.316038630379383,30 to 34 years
3097,24084,0.7961428571428555,0.5714285714285714,0.31448145548038153,30 to 34 years
3098,20863,0.7675714285714269,0.2857142857142857,0.2581575609475327,30 to 34 years
3099,28627,0.7961428571428555,0.5714285714285714,0.2835939925542471,30 to 34 years
3100,27288,0.7532857142857126,0.14285714285714285,0.3150397929310624,30 to 34 years
3101,27021,0.7818571428571411,0.42857142857142855,0.5469132620728242,30 to 34 years
3102,22343,0.8247142857142841,0.8571428571428571,0.3951734709490792,30 to 34 years
3103,20372,0.7532857142857126,0.14285714285714285,0.34829999043078985,30 to 34 years
3104,24063,0.8389999999999983,1.0,0.4611004860392201,30 to 34 years
3105,27355,0.7532857142857126,0.14285714285714285,0.7195154120014488,30 to 34 years
3106,26927,0.8247142857142841,0.8571428571428571,0.9731939125569025,30 to 34 years
3107,27866,0.7675714285714269,0.2857142857142857,0.08947539654066711,30 to 34 years
3108,25146,0.22457062856559912,0.14285714285714285,0.8717166570614402,30 to 34 years
3109,24554,0.7675714285714269,0.2857142857142857,0.06577064198218557,30 to 34 years
3110,28182,0.7675714285714269,0.2857142857142857,0.05048155380156266,30 to 34 years
3111,21297,0.7818571428571411,0.42857142857142855,0.06404183394293012,30 to 34 years
3112,23318,0.7961428571428555,0.5714285714285714,0.7404104111997807,30 to 34 years
3113,28795,0.7532857142857126,0.14285714285714285,0.6807529140103459,30 to 34 years
3114,26116,0.7961428571428555,0.5714285714285714,0.22355321680760432,30 to 34 years
3115,23217,0.7961428571428555,0.5714285714285714,0.5663383202010703,30 to 34 years
3116,27789,0.8389999999999983,1.0,0.8938455307825689,30 to 34 years
3117,20575,0.7818571428571411,0.42857142857142855,0.9210377827634597,30 to 34 years
3118,22493,0.7532857142857126,0.14285714285714285,0.3723734079754272,30 to 34 years
3119,23973,0.7818571428571411,0.42857142857142855,0.4751070602738646,30 to 34 years
3120,22008,0.7961428571428555,0.5714285714285714,0.13143594996647479,30 to 34 years
3121,26898,0.7818571428571411,0.42857142857142855,0.38341673400545595,30 to 34 years
3122,27149,0.7818571428571411,0.42857142857142855,0.14003817364940652,30 to 34 years
3123,29406,0.7675714285714269,0.2857142857142857,0.6250418374637792,30 to 34 years
3124,20699,0.7961428571428555,0.5714285714285714,0.1082113535366852,30 to 34 years
3125,20382,0.8247142857142841,0.8571428571428571,0.35837729241185856,30 to 34 years
3126,23035,0.7961428571428555,0.5714285714285714,0.4685847180573607,30 to 34 years
3127,29827,0.8247142857142841,0.8571428571428571,0.5476783966623345,30 to 34 years
3128,29095,0.7675714285714269,0.2857142857142857,0.9705988328380584,30 to 34 years
3129,24228,0.7675714285714269,0.2857142857142857,0.4179946504755442,30 to 34 years
3130,26810,0.7961428571428555,0.5714285714285714,0.2766837626010523,30 to 34 years
3131,28285,0.7532857142857126,0.14285714285714285,0.6366955507240336,30 to 34 years
3132,27585,0.8247142857142841,0.8571428571428571,0.879820558052832,30 to 34 years
3133,26018,0.7961428571428555,0.5714285714285714,0.5062454106477068,30 to 34 years
3134,23574,0.7675714285714269,0.2857142857142857,0.7472622449262619,30 to 34 years
3135,21286,0.7675714285714269,0.2857142857142857,0.7369597389888223,30 to 34 years
3136,22494,0.7532857142857126,0.14285714285714285,0.21087749560044733,30 to 34 years
3137,25359,0.7675714285714269,0.2857142857142857,0.27324212020014726,30 to 34 years
3138,23465,0.7532857142857126,0.14285714285714285,0.307377097523522,30 to 34 years
3139,24343,0.7532857142857126,0.14285714285714285,0.8025418482250772,30 to 34 years
3140,21433,0.7675714285714269,0.2857142857142857,0.5343085781257197,30 to 34 years
3141,22069,0.7961428571428555,0.5714285714285714,0.22817989219350748,30 to 34 years
3142,27002,0.7961428571428555,0.5714285714285714,0.37952971813656217,30 to 34 years
3143,26606,0.8247142857142841,0.8571428571428571,0.2813875896380724,30 to 34 years
3144,20621,0.7818571428571411,0.42857142857142855,0.2648696198550946,30 to 34 years
3145,20489,0.8247142857142841,0.8571428571428571,0.2030939843344497,30 to 34 years
3146,22228,0.7818571428571411,0.42857142857142855,0.2050672644028722,30 to 34 years
3147,24369,0.8104285714285697,0.7142857142857142,0.8884793081047178,30 to 34 years
3148,22781,0.7961428571428555,0.5714285714285714,0.7522723238662548,30 to 34 years
3149,24570,0.7532857142857126,0.14285714285714285,0.14133213151447516,30 to 34 years
3150,27262,0.21018620526676013,0.14285714285714285,0.9534526642355663,30 to 34 years
3151,27376,0.7675714285714269,0.2857142857142857,0.283004606132426,30 to 34 years
3152,26278,0.7675714285714269,0.2857142857142857,0.6404037698668813,30 to 34 years
3153,28883,0.8389999999999983,1.0,0.8111937663543676,30 to 34 years
3154,29350,0.7675714285714269,0.2857142857142857,0.9064335852778364,30 to 34 years
3155,22235,0.7675714285714269,0.2857142857142857,0.2505568356924636,30 to 34 years
3156,26342,0.7675714285714269,0.2857142857142857,0.5129142624550146,30 to 34 years
3157,25903,0.7961428571428555,0.5714285714285714,0.10499765028849067,30 to 34 years
3158,23600,0.7675714285714269,0.2857142857142857,0.4606767185055689,30 to 34 years
3159,28298,0.7675714285714269,0.2857142857142857,0.8609513873701378,30 to 34 years
3160,25868,0.7675714285714269,0.2857142857142857,0.8005034661466748,30 to 34 years
3161,20287,0.7675714285714269,0.2857142857142857,0.7096066986833143,30 to 34 years
3162,22470,0.7961428571428555,0.5714285714285714,0.3561107041640116,30 to 34 years
3163,29226,0.8247142857142841,0.8571428571428571,0.6843165757594293,30 to 34 years
3164,25516,0.7532857142857126,0.14285714285714285,0.5689716187686522,30 to 34 years
3165,24732,0.7532857142857126,0.14285714285714285,0.1606554100884653,30 to 34 years
3166,24686,0.7675714285714269,0.2857142857142857,0.28358481218449294,30 to 34 years
3167,22842,0.7818571428571411,0.42857142857142855,0.6048917585178343,30 to 34 years
3168,24373,0.7532857142857126,0.14285714285714285,0.4204865688689326,30 to 34 years
3169,21962,0.8389999999999983,1.0,0.925338664734968,30 to 34 years
3170,26341,0.7675714285714269,0.2857142857142857,0.8159707408903739,30 to 34 years
3171,29653,0.7532857142857126,0.14285714285714285,0.4227453357532316,30 to 34 years
3172,26787,0.5502656103036003,0.2857142857142857,0.5676635606498692,30 to 34 years
3173,29119,0.37152301501354745,0.2857142857142857,0.4368038228892083,30 to 34 years
3174,21594,0.7961428571428555,0.5714285714285714,0.8527776802369715,30 to 34 years
3175,20412,0.44647143992712157,0.42857142857142855,0.32361047256590847,30 to 34 years
3176,21067,0.7961428571428555,0.5714285714285714,0.8145858113146677,30 to 34 years
3177,26626,0.7961428571428555,0.5714285714285714,0.786532239315562,30 to 34 years
3178,28769,0.7818571428571411,0.42857142857142855,0.6034286783599704,30 to 34 years
3179,26333,0.7675714285714269,0.2857142857142857,0.5798447992837262,30 to 34 years
3180,27154,0.8247142857142841,0.8571428571428571,0.8999503427381866,30 to 34 years
3181,25940,0.7675714285714269,0.2857142857142857,0.6503742489733819,30 to 34 years
3182,23130,0.7818571428571411,0.42857142857142855,0.470417136527438,30 to 34 years
3183,29063,0.7675714285714269,0.2857142857142857,0.9321905092907183,30 to 34 years
3184,29213,0.7532857142857126,0.14285714285714285,0.18066754461156215,30 to 34 years
3185,22438,0.7818571428571411,0.42857142857142855,0.8895711903690722,30 to 34 years
3186,28884,0.7961428571428555,0.5714285714285714,0.25579254334741347,30 to 34 years
3187,28952,0.7818571428571411,0.42857142857142855,0.990505405510261,30 to 34 years
3188,21147,0.7675714285714269,0.2857142857142857,0.29288900550988733,30 to 34 years
3189,29417,0.7675714285714269,0.2857142857142857,0.1297734722869241,30 to 34 years
3190,21135,0.8389999999999983,1.0,0.18412101741919562,30 to 34 years
3191,27444,0.7532857142857126,0.14285714285714285,0.5213951670071708,30 to 34 years
3192,22216,0.7675714285714269,0.2857142857142857,0.31271541323486374,30 to 34 years
3193,29808,0.7961428571428555,0.5714285714285714,0.6671661230401584,30 to 34 years
3194,20223,0.8247142857142841,0.8571428571428571,0.7306547830725493,30 to 34 years
3195,21968,0.7818571428571411,0.42857142857142855,0.40557281046215865,30 to 34 years
3196,21102,0.7961428571428555,0.5714285714285714,0.7716906341108308,30 to 34 years
3197,25882,0.8247142857142841,0.8571428571428571,0.6175256832750727,30 to 34 years
3198,28907,0.8247142857142841,0.8571428571428571,0.15200442874357928,30 to 34 years
3199,29945,0.7532857142857126,0.14285714285714285,0.17253273451179119,30 to 34 years
3200,25417,0.7675714285714269,0.2857142857142857,0.49830343196570653,30 to 34 years
3201,28254,0.7818571428571411,0.42857142857142855,0.7307758543823627,30 to 34 years
3202,26953,0.7675714285714269,0.2857142857142857,0.4314687607292532,30 to 34 years
3203,29860,0.3596322857811675,0.2857142857142857,0.4948683872686465,30 to 34 years
3204,23845,0.7675714285714269,0.2857142857142857,0.27717728150360527,30 to 34 years
3205,24388,0.7675714285714269,0.2857142857142857,0.07734796185863796,30 to 34 years
3206,25432,0.7818571428571411,0.42857142857142855,0.3094679094661734,30 to 34 years
3207,26775,0.8247142857142841,0.8571428571428571,0.6396967194089072,30 to 34 years
3208,23189,0.8389999999999983,1.0,0.6566137493992533,30 to 34 years
3209,23070,0.7818571428571411,0.42857142857142855,0.8514259573613916,30 to 34 years
3210,23313,0.7961428571428555,0.5714285714285714,0.2487629873430965,30 to 34 years
3211,28406,0.7961428571428555,0.5714285714285714,0.8243263742098053,30 to 34 years
3212,28735,0.7675714285714269,0.2857142857142857,0.1348112619077338,30 to 34 years
3213,21446,0.7675714285714269,0.2857142857142857,0.23014437918216651,30 to 34 years
3214,29850,0.7675714285714269,0.2857142857142857,0.8855199970161514,30 to 34 years
3215,22839,0.7818571428571411,0.42857142857142855,0.36973946250109047,30 to 34 years
3216,21944,0.8104285714285697,0.7142857142857142,0.7130433240311961,30 to 34 years
3217,28498,0.8104285714285697,0.7142857142857142,0.9426209493237353,30 to 34 years
3218,25558,0.8247142857142841,0.8571428571428571,0.9496665970881444,30 to 34 years
3219,22197,0.7961428571428555,0.5714285714285714,0.7072515188510483,30 to 34 years
3220,25838,0.7961428571428555,0.5714285714285714,0.3758630331567343,30 to 34 years
3221,24550,0.7532857142857126,0.14285714285714285,0.6627831874102769,30 to 34 years
3222,23563,0.7961428571428555,0.5714285714285714,0.9036394888857873,30 to 34 years
3223,20617,0.8247142857142841,0.8571428571428571,0.36575717576214517,30 to 34 years
3224,20480,0.8247142857142841,0.8571428571428571,0.5257623163668856,30 to 34 years
3225,20807,0.8247142857142841,0.8571428571428571,0.482500159633216,30 to 34 years
3226,22563,0.7961428571428555,0.5714285714285714,0.12143727402131421,30 to 34 years
3227,22953,0.7532857142857126,0.14285714285714285,0.9953843307226159,30 to 34 years
3228,20765,0.7532857142857126,0.14285714285714285,0.3740602676119321,30 to 34 years
3229,28164,0.7961428571428555,0.5714285714285714,0.947446359119691,30 to 34 years
3230,25808,0.8247142857142841,0.8571428571428571,0.10381092024448929,30 to 34 years
3231,25310,0.7961428571428555,0.5714285714285714,0.9574831052672839,30 to 34 years
3232,28668,0.8247142857142841,0.8571428571428571,0.2819583429817373,30 to 34 years
3233,20433,0.7532857142857126,0.14285714285714285,0.611981345187151,30 to 34 years
3234,24114,0.8247142857142841,0.8571428571428571,0.29920208776164303,30 to 34 years
3235,27341,0.7532857142857126,0.14285714285714285,0.7073031257669854,30 to 34 years
3236,22904,0.7961428571428555,0.5714285714285714,0.7388292384308301,30 to 34 years
3237,24908,0.7532857142857126,0.14285714285714285,0.08552574158190462,30 to 34 years
3238,26270,0.7675714285714269,0.2857142857142857,0.634117684834077,30 to 34 years
3239,25365,0.8247142857142841,0.8571428571428571,0.6432463305927496,30 to 34 years
3240,23781,0.7675714285714269,0.2857142857142857,0.8377992931630859,30 to 34 years
3241,21740,0.8389999999999983,1.0,0.28307550029932943,30 to 34 years
3242,20657,0.7675714285714269,0.2857142857142857,0.6774436282940824,30 to 34 years
3243,24774,0.8247142857142841,0.8571428571428571,0.35161474530543346,30 to 34 years
3244,20197,0.7961428571428555,0.5714285714285714,0.712654825745195,30 to 34 years
3245,28143,0.7818571428571411,0.42857142857142855,0.8894914201029895,30 to 34 years
3246,25683,0.7818571428571411,0.42857142857142855,0.5403965436393663,30 to 34 years
3247,20160,0.8247142857142841,0.8571428571428571,0.8233349546312572,30 to 34 years
3248,25377,0.7675714285714269,0.2857142857142857,0.9081811317486791,30 to 34 years
3249,26827,0.7532857142857126,0.14285714285714285,0.3372085305379072,30 to 34 years
3250,27194,0.8247142857142841,0.8571428571428571,0.636385320651632,30 to 34 years
3251,27887,0.7961428571428555,0.5714285714285714,0.3550186269025497,30 to 34 years
3252,22300,0.43527100554050646,0.2857142857142857,0.010900718728800496,30 to 34 years
3253,26225,0.7532857142857126,0.14285714285714285,0.6772182214910072,30 to 34 years
3254,22131,0.7675714285714269,0.2857142857142857,0.24507066491415797,30 to 34 years
3255,24182,0.8247142857142841,0.8571428571428571,0.6310992766756215,30 to 34 years
3256,21128,0.7818571428571411,0.42857142857142855,0.18718309232250835,30 to 34 years
3257,24342,0.7675714285714269,0.2857142857142857,0.5136247777851289,30 to 34 years
3258,21882,0.8247142857142841,0.8571428571428571,0.44060433056604764,30 to 34 years
3259,29485,0.7532857142857126,0.14285714285714285,0.2502776458271339,30 to 34 years
3260,29263,0.7532857142857126,0.14285714285714285,0.5509175665069869,30 to 34 years
3261,20350,0.8247142857142841,0.8571428571428571,0.9103320967201487,30 to 34 years
3262,20173,0.7532857142857126,0.14285714285714285,0.21622597526819043,30 to 34 years
3263,28738,0.7532857142857126,0.14285714285714285,0.380832248165025,30 to 34 years
3264,26354,0.7961428571428555,0.5714285714285714,0.09108820530183259,30 to 34 years
3265,21039,0.7818571428571411,0.42857142857142855,0.5864191762964214,30 to 34 years
3266,20441,0.1610371456935315,0.14285714285714285,0.4228966086219284,30 to 34 years
3267,27524,0.7532857142857126,0.14285714285714285,0.4432915754215164,30 to 34 years
3268,20313,0.7675714285714269,0.2857142857142857,0.5059892448287236,30 to 34 years
3269,25933,0.7961428571428555,0.5714285714285714,0.4411712406447193,30 to 34 years
3270,25805,0.7961428571428555,0.5714285714285714,0.2919488379821189,30 to 34 years
3271,27766,0.3831843826210436,0.14285714285714285,0.74607400548544,30 to 34 years
3272,21985,0.7532857142857126,0.14285714285714285,0.8222873145991793,30 to 34 years
3273,23712,0.7961428571428555,0.5714285714285714,0.28416868917578697,30 to 34 years
3274,29759,0.7961428571428555,0.5714285714285714,0.4308261012615776,30 to 34 years
3275,25004,0.7675714285714269,0.2857142857142857,0.9887039952368203,30 to 34 years
3276,24299,0.7675714285714269,0.2857142857142857,0.6276199477872627,30 to 34 years
3277,28488,0.21628538578172285,0.14285714285714285,0.548441078189668,30 to 34 years
3278,22027,0.8247142857142841,0.8571428571428571,0.2859697210724278,30 to 34 years
3279,26072,0.7675714285714269,0.2857142857142857,0.8916946334880355,30 to 34 years
3280,27775,0.7675714285714269,0.2857142857142857,0.48988500499996745,30 to 34 years
3281,21050,0.8389999999999983,1.0,0.4655038842610881,30 to 34 years
3282,25673,0.7675714285714269,0.2857142857142857,0.9013456474775786,30 to 34 years
3283,24453,0.8247142857142841,0.8571428571428571,0.11795051478340746,30 to 34 years
3284,22398,0.7961428571428555,0.5714285714285714,0.5528150087412785,30 to 34 years
3285,29573,0.7818571428571411,0.42857142857142855,0.6367798650557884,30 to 34 years
3286,25187,0.7818571428571411,0.42857142857142855,0.5189921229852106,30 to 34 years
3287,21897,0.7532857142857126,0.14285714285714285,0.3845562035003469,30 to 34 years
3288,22569,0.7675714285714269,0.2857142857142857,0.24342672069870513,30 to 34 years
3289,28773,0.7818571428571411,0.42857142857142855,0.5674333675485418,30 to 34 years
3290,20332,0.7532857142857126,0.14285714285714285,0.7861420933396217,30 to 34 years
3291,25148,0.7675714285714269,0.2857142857142857,0.7476502358873858,30 to 34 years
3292,25951,0.7675714285714269,0.2857142857142857,0.7817080339635543,30 to 34 years
3293,25568,0.7961428571428555,0.5714285714285714,0.5263235226825977,30 to 34 years
3294,20820,0.7961428571428555,0.5714285714285714,0.9469504421500518,30 to 34 years
3295,25033,0.8389999999999983,1.0,0.34659005352906236,30 to 34 years
3296,24833,0.7675714285714269,0.2857142857142857,0.2570192941838189,30 to 34 years
3297,26059,0.7532857142857126,0.14285714285714285,0.3532674364222058,30 to 34 years
3298,24018,0.7961428571428555,0.5714285714285714,0.020101740301614934,30 to 34 years
3299,27520,0.8389999999999983,1.0,0.03425282976437394,30 to 34 years
3300,24380,0.2537834734308569,0.14285714285714285,0.17194210019478506,30 to 34 years
3301,21707,0.7675714285714269,0.2857142857142857,0.5883663458015921,30 to 34 years
3302,24770,0.8247142857142841,0.8571428571428571,0.412617037357469,30 to 34 years
3303,28634,0.7675714285714269,0.2857142857142857,0.7884873017703367,30 to 34 years
3304,21405,0.7532857142857126,0.14285714285714285,0.8571058834664684,30 to 34 years
3305,28180,0.7961428571428555,0.5714285714285714,0.478894935110138,30 to 34 years
3306,22327,0.7961428571428555,0.5714285714285714,0.5977778085604198,30 to 34 years
3307,22428,0.7675714285714269,0.2857142857142857,0.7162096605508654,30 to 34 years
3308,23229,0.7675714285714269,0.2857142857142857,0.7417540046993806,30 to 34 years
3309,23325,0.7675714285714269,0.2857142857142857,0.46683267033143033,30 to 34 years
3310,28790,0.8247142857142841,0.8571428571428571,0.3573780343641882,30 to 34 years
3311,25542,0.7818571428571411,0.42857142857142855,0.7013551138118916,30 to 34 years
3312,24086,0.7675714285714269,0.2857142857142857,0.6681471409090666,30 to 34 years
3313,20059,0.8247142857142841,0.8571428571428571,0.9091702423098529,30 to 34 years
3314,29143,0.7818571428571411,0.42857142857142855,0.35694416640834487,30 to 34 years
3315,26269,0.8389999999999983,1.0,0.39794139408802387,30 to 34 years
3316,25002,0.7675714285714269,0.2857142857142857,0.4656231579908444,30 to 34 years
3317,21092,0.7675714285714269,0.2857142857142857,0.2664146118155002,30 to 34 years
3318,23292,0.7675714285714269,0.2857142857142857,0.8102409564992017,30 to 34 years
3319,27734,0.7961428571428555,0.5714285714285714,0.5300583543588375,30 to 34 years
3320,25474,0.7675714285714269,0.2857142857142857,0.8442201944973857,30 to 34 years
3321,24287,0.7532857142857126,0.14285714285714285,0.24204819814694428,30 to 34 years
3322,28695,0.7961428571428555,0.5714285714285714,0.5818389623980054,30 to 34 years
3323,24722,0.7818571428571411,0.42857142857142855,0.28267028258134136,30 to 34 years
3324,29768,0.8247142857142841,0.8571428571428571,0.2926655600229922,30 to 34 years
3325,25001,0.7818571428571411,0.42857142857142855,0.4031992645535203,30 to 34 years
3326,25819,0.7532857142857126,0.14285714285714285,0.6186912428186201,30 to 34 years
3327,21787,0.7961428571428555,0.5714285714285714,0.8193948265918211,30 to 34 years
3328,29270,0.7675714285714269,0.2857142857142857,0.4946221874062108,30 to 34 years
3329,26583,0.7532857142857126,0.14285714285714285,0.6085918041471443,30 to 34 years
3330,20523,0.8247142857142841,0.8571428571428571,0.07361297118710042,30 to 34 years
3331,21091,0.7818571428571411,0.42857142857142855,0.5101586169846882,30 to 34 years
3332,22872,0.7675714285714269,0.2857142857142857,0.3469514612935187,30 to 34 years
3333,26033,0.7675714285714269,0.2857142857142857,0.20572697685481844,30 to 34 years
3334,25273,0.7532857142857126,0.14285714285714285,0.1931179670417167,30 to 34 years
3335,23077,0.8247142857142841,0.8571428571428571,0.4662431750743816,30 to 34 years
3336,26633,0.7675714285714269,0.2857142857142857,0.6946048102705529,30 to 34 years
3337,27506,0.7961428571428555,0.5714285714285714,0.8860165436755751,30 to 34 years
3338,22800,0.8247142857142841,0.8571428571428571,0.730292312198511,30 to 34 years
3339,29804,0.7675714285714269,0.2857142857142857,0.6055685546988884,30 to 34 years
3340,23952,0.8389999999999983,1.0,0.9226430049945378,30 to 34 years
3341,27414,0.8247142857142841,0.8571428571428571,0.22369410766616948,30 to 34 years
3342,27133,0.8389999999999983,1.0,0.7955563999864647,30 to 34 years
3343,21160,0.7532857142857126,0.14285714285714285,0.9959406156820716,30 to 34 years
3344,24795,0.7532857142857126,0.14285714285714285,0.4455595051728693,30 to 34 years
3345,26482,0.8389999999999983,1.0,0.30429067861169135,30 to 34 years
3346,23044,0.7818571428571411,0.42857142857142855,0.8373352542419473,30 to 34 years
3347,26077,0.7675714285714269,0.2857142857142857,0.035459807971579216,30 to 34 years
3348,29954,0.7961428571428555,0.5714285714285714,0.4575533765811406,30 to 34 years
3349,25630,0.8247142857142841,0.8571428571428571,0.2649164606353506,30 to 34 years
3350,23433,0.7675714285714269,0.2857142857142857,0.30110782667247904,30 to 34 years
3351,22203,0.7818571428571411,0.42857142857142855,0.0712089335442001,30 to 34 years
3352,29153,0.7961428571428555,0.5714285714285714,0.4129149539214163,30 to 34 years
3353,29318,0.7675714285714269,0.2857142857142857,0.181484123719435,30 to 34 years
3354,29521,0.18701092494538019,0.5714285714285714,0.04225838886440242,30 to 34 years
3355,27219,0.7961428571428555,0.5714285714285714,0.5382568995478902,30 to 34 years
3356,24527,0.7675714285714269,0.2857142857142857,0.7918314190073865,30 to 34 years
3357,23445,0.7675714285714269,0.2857142857142857,0.17368937206319024,30 to 34 years
3358,23163,0.7961428571428555,0.5714285714285714,0.5305415609262063,30 to 34 years
3359,22465,0.7961428571428555,0.5714285714285714,0.44531556030321406,30 to 34 years
3360,29445,0.7675714285714269,0.2857142857142857,0.7716786803186306,30 to 34 years
3361,28277,0.7675714285714269,0.2857142857142857,0.30602760174350313,30 to 34 years
3362,28362,0.7675714285714269,0.2857142857142857,0.8274870923716278,30 to 34 years
3363,25378,0.7818571428571411,0.42857142857142855,0.6162288720117535,30 to 34 years
3364,23146,0.7818571428571411,0.42857142857142855,0.3844787351389052,30 to 34 years
3365,21559,0.7675714285714269,0.2857142857142857,0.8969769045025895,30 to 34 years
3366,20517,0.5885036034068823,0.2857142857142857,0.13193500947154613,30 to 34 years
3367,20568,0.8247142857142841,0.8571428571428571,0.030809832841266704,30 to 34 years
3368,24710,0.23440207154562168,0.14285714285714285,0.6212256957788147,30 to 34 years
3369,27497,0.8247142857142841,0.8571428571428571,0.7517003292970129,30 to 34 years
3370,27709,0.7675714285714269,0.2857142857142857,0.33842186359267035,30 to 34 years
3371,29906,0.8389999999999983,1.0,0.1805994300171384,30 to 34 years
3372,22568,0.8389999999999983,1.0,0.12065806843055144,30 to 34 years
3373,26513,0.7961428571428555,0.5714285714285714,0.2611862372594775,30 to 34 years
3374,21891,0.7675714285714269,0.2857142857142857,0.5427181807461233,30 to 34 years
3375,23873,0.7818571428571411,0.42857142857142855,0.3766708352022916,30 to 34 years
3376,22743,0.8247142857142841,0.8571428571428571,0.7157811498189934,30 to 34 years
3377,25809,0.7961428571428555,0.5714285714285714,0.512718902893837,30 to 34 years
3378,28567,0.8389999999999983,1.0,0.8939136993756334,30 to 34 years
3379,23551,0.7532857142857126,0.14285714285714285,0.16340190867741694,30 to 34 years
3380,28972,0.8247142857142841,0.8571428571428571,0.19937385860339707,30 to 34 years
3381,29151,0.8247142857142841,0.8571428571428571,0.49050708175119645,30 to 34 years
3382,25866,0.8247142857142841,0.8571428571428571,0.521250795115987,30 to 34 years
3383,25595,0.8389999999999983,1.0,0.6189519026572979,30 to 34 years
3384,22439,0.7675714285714269,0.2857142857142857,0.6397295624464154,30 to 34 years
3385,24253,0.8247142857142841,0.8571428571428571,0.40028873352496797,30 to 34 years
3386,20632,0.7675714285714269,0.2857142857142857,0.3800109422144423,30 to 34 years
3387,25914,0.7675714285714269,0.2857142857142857,0.7232857289212546,30 to 34 years
3388,27481,0.8389999999999983,1.0,0.4521197465837304,30 to 34 years
3389,28102,0.7961428571428555,0.5714285714285714,0.8095531839047123,30 to 34 years
3390,24399,0.8247142857142841,0.8571428571428571,0.7760810067957458,30 to 34 years
3391,24657,0.7675714285714269,0.2857142857142857,0.4375352142625327,30 to 34 years
3392,29813,0.7532857142857126,0.14285714285714285,0.05658286096817372,30 to 34 years
3393,22012,0.8247142857142841,0.8571428571428571,0.4584063830623244,30 to 34 years
3394,23355,0.3594120219435694,0.14285714285714285,0.6000174736170563,30 to 34 years
3395,27896,0.8247142857142841,0.8571428571428571,0.5465543342279391,30 to 34 years
3396,20785,0.7818571428571411,0.42857142857142855,0.563481208724837,30 to 34 years
3397,28900,0.7532857142857126,0.14285714285714285,0.47377668663986733,30 to 34 years
3398,26402,0.8389999999999983,1.0,0.6385311146196162,30 to 34 years
3399,26008,0.7818571428571411,0.42857142857142855,0.5406498083541599,30 to 34 years
3400,24074,0.7675714285714269,0.2857142857142857,0.4364928431582458,30 to 34 years
3401,24596,0.7675714285714269,0.2857142857142857,0.36936068551204015,30 to 34 years
3402,28525,0.8247142857142841,0.8571428571428571,0.6864147622745884,30 to 34 years
3403,26161,0.8389999999999983,1.0,0.6599354512556083,30 to 34 years
3404,24296,0.7675714285714269,0.2857142857142857,0.4233203078987956,30 to 34 years
3405,27345,0.7532857142857126,0.14285714285714285,0.9122215567262979,30 to 34 years
3406,29879,0.7675714285714269,0.2857142857142857,0.282966467779012,30 to 34 years
3407,25304,0.8247142857142841,0.8571428571428571,0.5687823944024228,30 to 34 years
3408,28758,0.7675714285714269,0.2857142857142857,0.5028289571255652,30 to 34 years
3409,28466,0.7675714285714269,0.2857142857142857,0.11066802130903752,30 to 34 years
3410,26987,0.7961428571428555,0.5714285714285714,0.263134688280473,30 to 34 years
3411,26638,0.7961428571428555,0.5714285714285714,0.4438186216512444,30 to 34 years
3412,29216,0.7961428571428555,0.5714285714285714,0.51732280869813,30 to 34 years
3413,24439,0.41902169579615994,1.0,0.029487013932678274,30 to 34 years
3414,27326,0.7818571428571411,0.42857142857142855,0.6853270694530404,30 to 34 years
3415,23052,0.7818571428571411,0.42857142857142855,0.6737865264465629,30 to 34 years
3416,22697,0.17153021933134832,0.14285714285714285,0.3294747598622707,30 to 34 years
3417,23825,0.7818571428571411,0.42857142857142855,0.5877958603181352,30 to 34 years
3418,22217,0.8247142857142841,0.8571428571428571,0.22104560083994262,30 to 34 years
3419,22246,0.7675714285714269,0.2857142857142857,0.5903665184137425,30 to 34 years
3420,22186,0.7961428571428555,0.5714285714285714,0.8254956111522906,30 to 34 years
3421,23123,0.7675714285714269,0.2857142857142857,0.16271978277812482,30 to 34 years
3422,26256,0.7675714285714269,0.2857142857142857,0.536473856756233,30 to 34 years
3423,25572,0.8104285714285697,0.7142857142857142,0.8751769240278489,30 to 34 years
3424,27982,0.7532857142857126,0.14285714285714285,0.16138114674961263,30 to 34 years
3425,25822,0.7532857142857126,0.14285714285714285,0.8871184937450174,30 to 34 years
3426,22686,0.8389999999999983,1.0,0.8672420008758721,30 to 34 years
3427,21518,0.7961428571428555,0.5714285714285714,0.5581547239392739,30 to 34 years
3428,23901,0.7532857142857126,0.14285714285714285,0.8201295201643679,30 to 34 years
3429,25573,0.8247142857142841,0.8571428571428571,0.6026745882560084,30 to 34 years
3430,27177,0.7675714285714269,0.2857142857142857,0.20597399461796767,30 to 34 years
3431,21582,0.8104285714285697,0.7142857142857142,0.6238369392047134,30 to 34 years
3432,28484,0.7961428571428555,0.5714285714285714,0.6340155264559194,30 to 34 years
3433,26048,0.7818571428571411,0.42857142857142855,0.3284123620196793,30 to 34 years
3434,24706,0.7532857142857126,0.14285714285714285,0.21744347272311088,30 to 34 years
3435,27165,0.7675714285714269,0.2857142857142857,0.04309650192169012,30 to 34 years
3436,22778,0.7675714285714269,0.2857142857142857,0.8650303504625143,30 to 34 years
3437,24356,0.7675714285714269,0.2857142857142857,0.8648466554027323,30 to 34 years
3438,20046,0.7675714285714269,0.2857142857142857,0.6382583843516618,30 to 34 years
3439,29529,0.8247142857142841,0.8571428571428571,0.30516998325347433,30 to 34 years
3440,23296,0.8247142857142841,0.8571428571428571,0.5326460959639007,30 to 34 years
3441,26528,0.8247142857142841,0.8571428571428571,0.33899625855415816,30 to 34 years
3442,22029,0.7675714285714269,0.2857142857142857,0.8015729312429446,30 to 34 years
3443,29289,0.8247142857142841,0.8571428571428571,0.4142165350836211,30 to 34 years
3444,23951,0.7818571428571411,0.42857142857142855,0.4265031483012549,30 to 34 years
3445,26849,0.7961428571428555,0.5714285714285714,0.1787999507482707,30 to 34 years
3446,25186,0.7961428571428555,0.5714285714285714,0.9347047131145048,30 to 34 years
3447,26474,0.7675714285714269,0.2857142857142857,0.3055378079156815,30 to 34 years
3448,25830,0.6804553155895338,0.5714285714285714,0.30488044795468777,30 to 34 years
3449,23597,0.8247142857142841,0.8571428571428571,0.18274471269640746,30 to 34 years
3450,20514,0.8247142857142841,0.8571428571428571,0.647168503472823,30 to 34 years
3451,26836,0.7675714285714269,0.2857142857142857,0.8222480491410098,30 to 34 years
3452,24349,0.7961428571428555,0.5714285714285714,0.3377803398292446,30 to 34 years
3453,26665,0.7961428571428555,0.5714285714285714,0.8934724609683233,30 to 34 years
3454,20827,0.7532857142857126,0.14285714285714285,0.5236593396076058,30 to 34 years
3455,28685,0.8247142857142841,0.8571428571428571,0.5947514748797874,30 to 34 years
3456,20591,0.7675714285714269,0.2857142857142857,0.011160797530488265,30 to 34 years
3457,23464,0.7818571428571411,0.42857142857142855,0.5827009744688102,30 to 34 years
3458,25875,0.8389999999999983,1.0,0.31809505738208643,30 to 34 years
3459,20360,0.7675714285714269,0.2857142857142857,0.33197174459649803,30 to 34 years
3460,21154,0.7675714285714269,0.2857142857142857,0.4515046509808671,30 to 34 years
3461,27698,0.7532857142857126,0.14285714285714285,0.16941683801464535,30 to 34 years
3462,27575,0.7818571428571411,0.42857142857142855,0.4414756528580546,30 to 34 years
3463,26646,0.7961428571428555,0.5714285714285714,0.5443393694714302,30 to 34 years
3464,20931,0.7675714285714269,0.2857142857142857,0.27619134495995024,30 to 34 years
3465,24487,0.7532857142857126,0.14285714285714285,0.12229689858472342,30 to 34 years
3466,28760,0.7675714285714269,0.2857142857142857,0.8599596982164859,30 to 34 years
3467,22905,0.7532857142857126,0.14285714285714285,0.710229647437437,30 to 34 years
3468,22045,0.8247142857142841,0.8571428571428571,0.49866125935186234,30 to 34 years
3469,24139,0.7961428571428555,0.5714285714285714,0.951403760249582,30 to 34 years
3470,22877,0.7818571428571411,0.42857142857142855,0.38251304475315073,30 to 34 years
3471,25855,0.7675714285714269,0.2857142857142857,0.3023656346107541,30 to 34 years
3472,28409,0.7532857142857126,0.14285714285714285,0.6906991976950771,30 to 34 years
3473,26921,0.7532857142857126,0.14285714285714285,0.1407184279732165,30 to 34 years
3474,28822,0.7675714285714269,0.2857142857142857,0.8356091222035894,30 to 34 years
3475,25012,0.35045211203090637,0.14285714285714285,0.5676235131529656,30 to 34 years
3476,23919,0.7961428571428555,0.5714285714285714,0.8924393711864369,30 to 34 years
3477,20425,0.7532857142857126,0.14285714285714285,0.7895972790535077,30 to 34 years
3478,26785,0.8389999999999983,1.0,0.6059510042773851,30 to 34 years
3479,28002,0.7532857142857126,0.14285714285714285,0.7510834064924026,30 to 34 years
3480,21665,0.8389999999999983,1.0,0.9769670569142632,30 to 34 years
3481,23945,0.7818571428571411,0.42857142857142855,0.8453548413254498,30 to 34 years
3482,20280,0.8104285714285697,0.7142857142857142,0.4529578002611834,30 to 34 years
3483,27332,0.7675714285714269,0.2857142857142857,0.4432439276983848,30 to 34 years
3484,23204,0.7961428571428555,0.5714285714285714,0.25198877740042636,30 to 34 years
3485,28418,0.7675714285714269,0.2857142857142857,0.014290551971729237,30 to 34 years
3486,22526,0.7675714285714269,0.2857142857142857,0.8416427016148519,30 to 34 years
3487,28221,0.7675714285714269,0.2857142857142857,0.5213567174985493,30 to 34 years
3488,25227,0.7532857142857126,0.14285714285714285,0.5113285278163007,30 to 34 years
3489,28190,0.7675714285714269,0.2857142857142857,0.3167063602189104,30 to 34 years
3490,20203,0.8104285714285697,0.7142857142857142,0.15290528814470195,30 to 34 years
3491,27059,0.7532857142857126,0.14285714285714285,0.5308101983258635,30 to 34 years
3492,24297,0.8247142857142841,0.8571428571428571,0.4364693481826564,30 to 34 years
3493,21187,0.7675714285714269,0.2857142857142857,0.46865568673824964,30 to 34 years
3494,27385,0.5448728600509297,0.2857142857142857,0.04561446974830907,30 to 34 years
3495,22255,0.7818571428571411,0.42857142857142855,0.15744667873580204,30 to 34 years
3496,27703,0.7675714285714269,0.2857142857142857,0.1198047007435688,30 to 34 years
3497,25179,0.7961428571428555,0.5714285714285714,0.3951303288298904,30 to 34 years
3498,29625,0.8247142857142841,0.8571428571428571,0.38292868762893056,30 to 34 years
3499,29524,0.7532857142857126,0.14285714285714285,0.6427074358092628,30 to 34 years
3500,24172,0.8389999999999983,1.0,0.710964962897222,30 to 34 years
3501,26016,0.7532857142857126,0.14285714285714285,0.45048796276204156,30 to 34 years
3502,24295,0.7675714285714269,0.2857142857142857,0.2694364925837234,30 to 34 years
3503,22461,0.38852381680920134,0.14285714285714285,0.11375835725332478,30 to 34 years
3504,22929,0.3989220832916285,0.14285714285714285,0.11300659256540513,30 to 34 years
3505,20391,0.7818571428571411,0.42857142857142855,0.8663440726638001,30 to 34 years
3506,28161,0.7961428571428555,0.5714285714285714,0.21170639457107376,30 to 34 years
3507,20027,0.7961428571428555,0.5714285714285714,0.5672683337555715,30 to 34 years
3508,25869,0.7675714285714269,0.2857142857142857,0.8771654913163731,30 to 34 years
3509,28999,0.8247142857142841,0.8571428571428571,0.9240711845542281,30 to 34 years
3510,21639,0.7675714285714269,0.2857142857142857,0.9783851318624327,30 to 34 years
3511,28192,0.8247142857142841,0.8571428571428571,0.14226841159096648,30 to 34 years
3512,28646,0.7961428571428555,0.5714285714285714,0.3998315443536222,30 to 34 years
3513,27516,0.8104285714285697,0.7142857142857142,0.23538708315168216,30 to 34 years
3514,29041,0.7675714285714269,0.2857142857142857,0.6749463499882815,30 to 34 years
3515,21790,0.8389999999999983,1.0,0.6011189436268245,30 to 34 years
3516,24150,0.7532857142857126,0.14285714285714285,0.31267135786045586,30 to 34 years
3517,22135,0.7532857142857126,0.14285714285714285,0.613869647584695,30 to 34 years
3518,25692,0.7532857142857126,0.14285714285714285,0.1445023901547972,30 to 34 years
3519,25659,0.7961428571428555,0.5714285714285714,0.9235946366406009,30 to 34 years
3520,25292,0.8247142857142841,0.8571428571428571,0.10505924555712554,30 to 34 years
3521,26013,0.7532857142857126,0.14285714285714285,0.11689187003152679,30 to 34 years
3522,26335,0.7675714285714269,0.2857142857142857,0.9110318173582374,30 to 34 years
3523,28245,0.8247142857142841,0.8571428571428571,0.6100524109400677,30 to 34 years
3524,29104,0.7675714285714269,0.2857142857142857,0.5981287041030013,30 to 34 years
3525,23346,0.7675714285714269,0.2857142857142857,0.5813296511943905,30 to 34 years
3526,25949,0.8247142857142841,0.8571428571428571,0.629005281123807,30 to 34 years
3527,22488,0.8247142857142841,0.8571428571428571,0.9187330156719767,30 to 34 years
3528,25698,0.8247142857142841,0.8571428571428571,0.1915728753249556,30 to 34 years
3529,26740,0.7532857142857126,0.14285714285714285,0.08625862216855057,30 to 34 years
3530,23790,0.7961428571428555,0.5714285714285714,0.5350675077116765,30 to 34 years
3531,25275,0.8247142857142841,0.8571428571428571,0.17163520131305782,30 to 34 years
3532,20705,0.7675714285714269,0.2857142857142857,0.5739226902861132,30 to 34 years
3533,24525,0.476801268443385,0.14285714285714285,0.8666924780343568,30 to 34 years
3534,27837,0.8389999999999983,1.0,0.6407849409292263,30 to 34 years
3535,27314,0.7532857142857126,0.14285714285714285,0.2609896865298782,30 to 34 years
3536,29255,0.8247142857142841,0.8571428571428571,0.6775635386341013,30 to 34 years
3537,25119,0.8247142857142841,0.8571428571428571,0.6887785950083832,30 to 34 years
3538,27425,0.8247142857142841,0.8571428571428571,0.6036784250471768,30 to 34 years
3539,26800,0.7818571428571411,0.42857142857142855,0.6968639968093528,30 to 34 years
3540,24780,0.7818571428571411,0.42857142857142855,0.9725720569340393,30 to 34 years
3541,22448,0.7818571428571411,0.42857142857142855,0.5100258744120354,30 to 34 years
3542,22480,0.7818571428571411,0.42857142857142855,0.13217189426840192,30 to 34 years
3543,28445,0.7961428571428555,0.5714285714285714,0.5416516494424549,30 to 34 years
3544,25731,0.7675714285714269,0.2857142857142857,0.47606288990942586,30 to 34 years
3545,20597,0.8104285714285697,0.7142857142857142,0.8245281401043698,30 to 34 years
3546,21176,0.7961428571428555,0.5714285714285714,0.9235432790033484,30 to 34 years
3547,21070,0.7961428571428555,0.5714285714285714,0.4132442172804192,30 to 34 years
3548,26397,0.7675714285714269,0.2857142857142857,0.45643569400815387,30 to 34 years
3549,25249,0.7675714285714269,0.2857142857142857,0.24036666294272657,30 to 34 years
3550,27728,0.7818571428571411,0.42857142857142855,0.390153572096847,30 to 34 years
3551,24312,0.7675714285714269,0.2857142857142857,0.7518189704711127,30 to 34 years
3552,28133,0.8247142857142841,0.8571428571428571,0.5837953403329086,30 to 34 years
3553,21236,0.8247142857142841,0.8571428571428571,0.6704702354706285,30 to 34 years
3554,28660,0.7675714285714269,0.2857142857142857,0.8418562512843921,30 to 34 years
3555,23239,0.8104285714285697,0.7142857142857142,0.2696207525768642,30 to 34 years
3556,23030,0.8247142857142841,0.8571428571428571,0.9599508913299416,30 to 34 years
3557,29152,0.7675714285714269,0.2857142857142857,0.5628813006872811,30 to 34 years
3558,27984,0.7961428571428555,0.5714285714285714,0.4753239172477001,30 to 34 years
3559,24353,0.7675714285714269,0.2857142857142857,0.9129159963587008,30 to 34 years
3560,29888,0.8247142857142841,0.8571428571428571,0.8870426612209393,30 to 34 years
3561,26289,0.8247142857142841,0.8571428571428571,0.16823707080530936,30 to 34 years
3562,28492,0.7532857142857126,0.14285714285714285,0.6476068307534931,30 to 34 years
3563,22516,0.7675714285714269,0.2857142857142857,0.24264395096061298,30 to 34 years
3564,23266,0.7532857142857126,0.14285714285714285,0.8236550710827841,30 to 34 years
3565,27732,0.8247142857142841,0.8571428571428571,0.6722943966554061,30 to 34 years
3566,24491,0.7675714285714269,0.2857142857142857,0.5144981811688335,30 to 34 years
3567,20542,0.7532857142857126,0.14285714285714285,0.4067504826739591,30 to 34 years
3568,20239,0.8247142857142841,0.8571428571428571,0.40605570735212315,30 to 34 years
3569,23987,0.7532857142857126,0.14285714285714285,0.9982474040115508,30 to 34 years
3570,20339,0.8247142857142841,0.8571428571428571,0.07838753493195783,30 to 34 years
3571,22783,0.8389999999999983,1.0,0.7694389535945513,30 to 34 years
3572,20995,0.7675714285714269,0.2857142857142857,0.595270032201047,30 to 34 years
3573,22648,0.8247142857142841,0.8571428571428571,0.25221729460926195,30 to 34 years
3574,25434,0.8247142857142841,0.8571428571428571,0.3121329208058663,30 to 34 years
3575,21878,0.7961428571428555,0.5714285714285714,0.595395246100614,30 to 34 years
3576,26427,0.7675714285714269,0.2857142857142857,0.5075681349170591,30 to 34 years
3577,20042,0.8247142857142841,0.8571428571428571,0.33797772197112463,30 to 34 years
3578,25764,0.7961428571428555,0.5714285714285714,0.11465919686388759,30 to 34 years
3579,25263,0.7532857142857126,0.14285714285714285,0.469391113968306,30 to 34 years
3580,26450,0.7532857142857126,0.14285714285714285,0.91604410354666,30 to 34 years
3581,26119,0.8247142857142841,0.8571428571428571,0.09326190314779148,30 to 34 years
3582,21994,0.7675714285714269,0.2857142857142857,0.33368393850289657,30 to 34 years
3583,22497,0.7675714285714269,0.2857142857142857,0.17493909491455645,30 to 34 years
3584,25823,0.7532857142857126,0.14285714285714285,0.7204648056376155,30 to 34 years
3585,23811,0.8104285714285697,0.7142857142857142,0.7163213053328388,30 to 34 years
3586,27537,0.7675714285714269,0.2857142857142857,0.08454969346613583,30 to 34 years
3587,27486,0.7532857142857126,0.14285714285714285,0.9344908452942784,30 to 34 years
3588,22976,0.7675714285714269,0.2857142857142857,0.2552061377303846,30 to 34 years
3589,24877,0.7961428571428555,0.5714285714285714,0.35552845548051865,30 to 34 years
3590,23246,0.7532857142857126,0.14285714285714285,0.5671215936792573,30 to 34 years
3591,21472,0.7675714285714269,0.2857142857142857,0.6265029124391539,30 to 34 years
3592,21502,0.27124009159223317,0.2857142857142857,0.05704051433087315,30 to 34 years
3593,29269,0.7532857142857126,0.14285714285714285,0.6877844122310809,30 to 34 years
3594,25680,0.7532857142857126,0.14285714285714285,0.8015737294544871,30 to 34 years
3595,24245,0.8389999999999983,1.0,0.778884604945343,30 to 34 years
3596,21046,0.7675714285714269,0.2857142857142857,0.42436636927210464,30 to 34 years
3597,26071,0.7818571428571411,0.42857142857142855,0.3799106002775813,30 to 34 years
3598,23506,0.7675714285714269,0.2857142857142857,0.9609194972346071,30 to 34 years
3599,27244,0.7532857142857126,0.14285714285714285,0.528115495480672,30 to 34 years
3600,26274,0.7675714285714269,0.2857142857142857,0.6363165644111402,30 to 34 years
3601,26348,0.8247142857142841,0.8571428571428571,0.4227049386485618,30 to 34 years
3602,20557,0.7532857142857126,0.14285714285714285,0.5056289017676228,30 to 34 years
3603,21784,0.7961428571428555,0.5714285714285714,0.4189845452414983,30 to 34 years
3604,20048,0.8247142857142841,0.8571428571428571,0.5221471901208179,30 to 34 years
3605,27327,0.7675714285714269,0.2857142857142857,0.06462764124125825,30 to 34 years
3606,28265,0.7532857142857126,0.14285714285714285,0.6022872513877155,30 to 34 years
3607,25703,0.7675714285714269,0.2857142857142857,0.38508365979990844,30 to 34 years
3608,26504,0.7532857142857126,0.14285714285714285,0.41319107661210164,30 to 34 years
3609,24698,0.7675714285714269,0.2857142857142857,0.5024134928916493,30 to 34 years
3610,24580,0.7818571428571411,0.42857142857142855,0.39698065384908043,30 to 34 years
3611,27360,0.7961428571428555,0.5714285714285714,0.01079140344255658,30 to 34 years
3612,27622,0.7675714285714269,0.2857142857142857,0.5119384716156358,30 to 34 years
3613,28035,0.8389999999999983,1.0,0.6205980173209149,30 to 34 years
3614,26616,0.7675714285714269,0.2857142857142857,0.7394588007984317,30 to 34 years
3615,25272,0.7675714285714269,0.2857142857142857,0.038909912016922954,30 to 34 years
3616,21119,0.7961428571428555,0.5714285714285714,0.44090621544095127,30 to 34 years
3617,24443,0.7675714285714269,0.2857142857142857,0.28891363718432117,30 to 34 years
3618,26830,0.8247142857142841,0.8571428571428571,0.9220474731192982,30 to 34 years
3619,28479,0.7961428571428555,0.5714285714285714,0.43029806483835636,30 to 34 years
3620,24578,0.7675714285714269,0.2857142857142857,0.6948135005728515,30 to 34 years
3621,21651,0.3743186069392607,0.5714285714285714,0.3414822748779486,30 to 34 years
3622,27461,0.7675714285714269,0.2857142857142857,0.13367259302233003,30 to 34 years
3623,22202,0.8247142857142841,0.8571428571428571,0.16165589626314464,30 to 34 years
3624,29914,0.8247142857142841,0.8571428571428571,0.2596035207700339,30 to 34 years
3625,22115,0.7675714285714269,0.2857142857142857,0.27397311070807656,30 to 34 years
3626,28017,0.7818571428571411,0.42857142857142855,0.17995692811906622,30 to 34 years
3627,29081,0.7532857142857126,0.14285714285714285,0.5750694680725283,30 to 34 years
3628,20869,0.8247142857142841,0.8571428571428571,0.55183129676485,30 to 34 years
3629,26139,0.8247142857142841,0.8571428571428571,0.2704799283172845,30 to 34 years
3630,25826,0.7961428571428555,0.5714285714285714,0.6128312954519979,30 to 34 years
3631,25300,0.8247142857142841,0.8571428571428571,0.25653844702158285,30 to 34 years
3632,23569,0.7961428571428555,0.5714285714285714,0.16993933941567435,30 to 34 years
3633,25704,0.8389999999999983,1.0,0.24174045536993333,30 to 34 years
3634,22401,0.7675714285714269,0.2857142857142857,0.22886268504308005,30 to 34 years
3635,21855,0.7532857142857126,0.14285714285714285,0.6207570202626407,30 to 34 years
3636,23038,0.7818571428571411,0.42857142857142855,0.2331272593387424,30 to 34 years
3637,29472,0.7961428571428555,0.5714285714285714,0.790573924858112,30 to 34 years
3638,22368,0.8104285714285697,0.7142857142857142,0.2633458512310966,30 to 34 years
3639,28817,0.7961428571428555,0.5714285714285714,0.3761871126726698,30 to 34 years
3640,29684,0.7532857142857126,0.14285714285714285,0.9399987348481982,30 to 34 years
3641,28401,0.7961428571428555,0.5714285714285714,0.0895881092036731,30 to 34 years
3642,29880,0.8389999999999983,1.0,0.739362786815132,30 to 34 years
3643,21558,0.7961428571428555,0.5714285714285714,0.6542332436561051,30 to 34 years
3644,25918,0.7532857142857126,0.14285714285714285,0.692794512329872,30 to 34 years
3645,27776,0.8247142857142841,0.8571428571428571,0.9702292913023289,30 to 34 years
3646,22973,0.4025278962740834,0.14285714285714285,0.7459937185543103,30 to 34 years
3647,27772,0.8247142857142841,0.8571428571428571,0.6431004943935512,30 to 34 years
3648,20689,0.8389999999999983,1.0,0.23045427506894434,30 to 34 years
3649,23533,0.8247142857142841,0.8571428571428571,0.25120281908054837,30 to 34 years
3650,20601,0.7675714285714269,0.2857142857142857,0.2791449645398134,30 to 34 years
3651,25199,0.8247142857142841,0.8571428571428571,0.2095679459283447,30 to 34 years
3652,22739,0.8247142857142841,0.8571428571428571,0.49153452223582217,30 to 34 years
3653,28467,0.7818571428571411,0.42857142857142855,0.4406687526768853,30 to 34 years
3654,29323,0.8247142857142841,0.8571428571428571,0.5859209877563792,30 to 34 years
3655,23748,0.7532857142857126,0.14285714285714285,0.5993875136444977,30 to 34 years
3656,26407,0.7961428571428555,0.5714285714285714,0.5677588472200382,30 to 34 years
3657,28568,0.7675714285714269,0.2857142857142857,0.5159780649801963,30 to 34 years
3658,27956,0.29036169380991633,0.14285714285714285,0.08994443561069942,30 to 34 years
3659,21617,0.7961428571428555,0.5714285714285714,0.010517641495265906,30 to 34 years
3660,28200,0.8247142857142841,0.8571428571428571,0.166868484022637,30 to 34 years
3661,21143,0.7675714285714269,0.2857142857142857,0.8816743043645303,30 to 34 years
3662,23108,0.7961428571428555,0.5714285714285714,0.4973405857432645,30 to 34 years
3663,23746,0.7961428571428555,0.5714285714285714,0.6056509868030843,30 to 34 years
3664,23343,0.7961428571428555,0.5714285714285714,0.22703451491530624,30 to 34 years
3665,28464,0.7675714285714269,0.2857142857142857,0.8960310106191116,30 to 34 years
3666,28319,0.7961428571428555,0.5714285714285714,0.7864217579941416,30 to 34 years
3667,25795,0.7532857142857126,0.14285714285714285,0.6242554301218598,30 to 34 years
3668,25177,0.7961428571428555,0.5714285714285714,0.3990916865558025,30 to 34 years
3669,28408,0.8389999999999983,1.0,0.5745511840685835,30 to 34 years
3670,20428,0.7675714285714269,0.2857142857142857,0.41849649074760403,30 to 34 years
3671,21821,0.7818571428571411,0.42857142857142855,0.6792214311946381,30 to 34 years
3672,27634,0.7961428571428555,0.5714285714285714,0.05691582642981624,30 to 34 years
3673,23527,0.7675714285714269,0.2857142857142857,0.5724261468906706,30 to 34 years
3674,28486,0.8247142857142841,0.8571428571428571,0.12060843505793595,30 to 34 years
3675,23214,0.8247142857142841,0.8571428571428571,0.5193294045201009,30 to 34 years
3676,29691,0.7675714285714269,0.2857142857142857,0.3918242235310729,30 to 34 years
3677,25324,0.7532857142857126,0.14285714285714285,0.5840758132045414,30 to 34 years
3678,26404,0.7961428571428555,0.5714285714285714,0.9688817223331827,30 to 34 years
3679,24056,0.7961428571428555,0.5714285714285714,0.8785702550556382,30 to 34 years
3680,26600,0.7818571428571411,0.42857142857142855,0.7277759980317229,30 to 34 years
3681,24669,0.7675714285714269,0.2857142857142857,0.38358571397982577,30 to 34 years
3682,29233,0.7675714285714269,0.2857142857142857,0.394107360859909,30 to 34 years
3683,27400,0.7961428571428555,0.5714285714285714,0.1270444961053976,30 to 34 years
3684,29546,0.8104285714285697,0.7142857142857142,0.7306249159787965,30 to 34 years
3685,25085,0.7675714285714269,0.2857142857142857,0.39855298764928243,30 to 34 years
3686,21711,0.8247142857142841,0.8571428571428571,0.6846020587747434,30 to 34 years
3687,27441,0.7961428571428555,0.5714285714285714,0.3397368074266981,30 to 34 years
3688,27942,0.7675714285714269,0.2857142857142857,0.37606391409577306,30 to 34 years
3689,20661,0.7818571428571411,0.42857142857142855,0.4302087710829061,30 to 34 years
3690,20429,0.7961428571428555,0.5714285714285714,0.4109851128715303,30 to 34 years
3691,25031,0.7675714285714269,0.2857142857142857,0.5813565501999833,30 to 34 years
3692,29008,0.6086410641723388,0.14285714285714285,0.8405259618407364,30 to 34 years
3693,21852,0.7818571428571411,0.42857142857142855,0.34599438543685074,30 to 34 years
3694,29902,0.7818571428571411,0.42857142857142855,0.7053243373749836,30 to 34 years
3695,21967,0.8389999999999983,1.0,0.9078072514349236,30 to 34 years
3696,22882,0.7532857142857126,0.14285714285714285,0.35976149523989365,30 to 34 years
3697,27725,0.7675714285714269,0.2857142857142857,0.8292861996697476,30 to 34 years
3698,25677,0.15998121391820963,0.14285714285714285,0.08304578464289114,30 to 34 years
3699,21834,0.7675714285714269,0.2857142857142857,0.19112797557571537,30 to 34 years
3700,22100,0.8389999999999983,1.0,0.6902592437932193,30 to 34 years
3701,24121,0.7675714285714269,0.2857142857142857,0.17409997080938228,30 to 34 years
3702,22682,0.8247142857142841,0.8571428571428571,0.04175891239623475,30 to 34 years
3703,26473,0.8389999999999983,1.0,0.10321199717567558,30 to 34 years
3704,24416,0.7675714285714269,0.2857142857142857,0.45502948344152305,30 to 34 years
3705,23688,0.8247142857142841,0.8571428571428571,0.266472001807056,30 to 34 years
3706,20572,0.7532857142857126,0.14285714285714285,0.08269112190077238,30 to 34 years
3707,23311,0.7675714285714269,0.2857142857142857,0.9073844097089956,30 to 34 years
3708,27735,0.7961428571428555,0.5714285714285714,0.5018389905726011,30 to 34 years
3709,27245,0.7675714285714269,0.2857142857142857,0.9679081842241649,30 to 34 years
3710,26522,0.45188262046828737,0.5714285714285714,0.12891564010125184,30 to 34 years
3711,25011,0.8389999999999983,1.0,0.4234637785348981,30 to 34 years
3712,20473,0.8104285714285697,0.7142857142857142,0.4292937237579804,30 to 34 years
3713,22171,0.8389999999999983,1.0,0.37865920613824433,30 to 34 years
3714,21155,0.7532857142857126,0.14285714285714285,0.689941390881368,30 to 34 years
3715,28693,0.7818571428571411,0.42857142857142855,0.38409696484572287,30 to 34 years
3716,24843,0.7818571428571411,0.42857142857142855,0.5431092617561102,30 to 34 years
3717,25490,0.7818571428571411,0.42857142857142855,0.24335383094143426,30 to 34 years
3718,22847,0.8389999999999983,1.0,0.568027350037763,30 to 34 years
3719,27787,0.8247142857142841,0.8571428571428571,0.08150210644881056,30 to 34 years
3720,26647,0.7532857142857126,0.14285714285714285,0.3980548603758393,30 to 34 years
3721,22323,0.7818571428571411,0.42857142857142855,0.2920173924371665,30 to 34 years
3722,28050,0.7961428571428555,0.5714285714285714,0.5384329646634132,30 to 34 years
3723,24194,0.7532857142857126,0.14285714285714285,0.3540247950887515,30 to 34 years
3724,29753,0.7961428571428555,0.5714285714285714,0.5045095575589643,30 to 34 years
3725,23709,0.7961428571428555,0.5714285714285714,0.43256698062580234,30 to 34 years
3726,26164,0.7532857142857126,0.14285714285714285,0.5767116081955382,30 to 34 years
3727,22073,0.7961428571428555,0.5714285714285714,0.690042225732766,30 to 34 years
3728,26218,0.7675714285714269,0.2857142857142857,0.1294296779456045,30 to 34 years
3729,23451,0.7532857142857126,0.14285714285714285,0.5373055021718675,30 to 34 years
3730,24151,0.7532857142857126,0.14285714285714285,0.6195690199968436,30 to 34 years
3731,25527,0.7675714285714269,0.2857142857142857,0.6277708788413796,30 to 34 years
3732,28222,0.7961428571428555,0.5714285714285714,0.6591212547364544,30 to 34 years
3733,22661,0.7961428571428555,0.5714285714285714,0.6492087116773305,30 to 34 years
3734,29080,0.7532857142857126,0.14285714285714285,0.3512676892417067,30 to 34 years
3735,28881,0.8389999999999983,1.0,0.5808154307613902,30 to 34 years
3736,22475,0.8247142857142841,0.8571428571428571,0.7103749110107593,30 to 34 years
3737,21963,0.8247142857142841,0.8571428571428571,0.14377539978970366,30 to 34 years
3738,23895,0.43462880700210627,0.14285714285714285,0.4654746837944417,30 to 34 years
3739,23082,0.7961428571428555,0.5714285714285714,0.5229459139913781,30 to 34 years
3740,26706,0.8247142857142841,0.8571428571428571,0.48022720347580433,30 to 34 years
3741,29986,0.7818571428571411,0.42857142857142855,0.8286323723612776,30 to 34 years
3742,23057,0.8389999999999983,1.0,0.8829645421996437,30 to 34 years
3743,21675,0.8247142857142841,0.8571428571428571,0.8654363252625705,30 to 34 years
3744,29026,0.7961428571428555,0.5714285714285714,0.9361769617070577,30 to 34 years
3745,28956,0.8104285714285697,0.7142857142857142,0.9582318980999545,30 to 34 years
3746,25608,0.7675714285714269,0.2857142857142857,0.6847682660161762,30 to 34 years
3747,21172,0.7532857142857126,0.14285714285714285,0.8746558326317878,30 to 34 years
3748,28057,0.7532857142857126,0.14285714285714285,0.6721187106960879,30 to 34 years
3749,29681,0.8247142857142841,0.8571428571428571,0.22204858906981645,30 to 34 years
3750,29868,0.8247142857142841,0.8571428571428571,0.5521407065148596,30 to 34 years
3751,24612,0.7961428571428555,0.5714285714285714,0.25325900778166427,30 to 34 years
3752,24893,0.7532857142857126,0.14285714285714285,0.9394582108395098,30 to 34 years
3753,25849,0.7532857142857126,0.14285714285714285,0.8158209020009234,30 to 34 years
3754,23124,0.7532857142857126,0.14285714285714285,0.6566897969927308,30 to 34 years
3755,23650,0.7961428571428555,0.5714285714285714,0.7083400298334672,30 to 34 years
3756,20979,0.7961428571428555,0.5714285714285714,0.6872248084573315,30 to 34 years
3757,26871,0.7961428571428555,0.5714285714285714,0.5646371158562421,30 to 34 years
3758,28034,0.7818571428571411,0.42857142857142855,0.5428770917528633,30 to 34 years
3759,22679,0.7818571428571411,0.42857142857142855,0.1387720412726145,30 to 34 years
3760,22681,0.7532857142857126,0.14285714285714285,0.0901243730264022,30 to 34 years
3761,23417,0.7532857142857126,0.14285714285714285,0.04630067630924256,30 to 34 years
3762,22624,0.8247142857142841,0.8571428571428571,0.22166366864061054,30 to 34 years
3763,20248,0.7818571428571411,0.42857142857142855,0.9953997227862794,30 to 34 years
3764,23813,0.7532857142857126,0.14285714285714285,0.6451210249393609,30 to 34 years
3765,22749,0.7961428571428555,0.5714285714285714,0.785009573972536,30 to 34 years
3766,29654,0.7675714285714269,0.2857142857142857,0.3136161380385725,30 to 34 years
3767,21668,0.7675714285714269,0.2857142857142857,0.8919967099224761,30 to 34 years
3768,24268,0.7675714285714269,0.2857142857142857,0.13818849030574665,30 to 34 years
3769,26847,0.7818571428571411,0.42857142857142855,0.967251694451037,30 to 34 years
3770,27396,0.7961428571428555,0.5714285714285714,0.29998993823649683,30 to 34 years
3771,24198,0.45010628346998843,0.14285714285714285,0.5388017024246305,30 to 34 years
3772,28037,0.7675714285714269,0.2857142857142857,0.29005642916423446,30 to 34 years
3773,27895,0.7532857142857126,0.14285714285714285,0.6950557247187011,30 to 34 years
3774,29290,0.7961428571428555,0.5714285714285714,0.5850253305232312,30 to 34 years
3775,23190,0.7532857142857126,0.14285714285714285,0.05251591443660075,30 to 34 years
3776,22168,0.7961428571428555,0.5714285714285714,0.4640159185975081,30 to 34 years
3777,23450,0.7675714285714269,0.2857142857142857,0.8649986783820769,30 to 34 years
3778,29276,0.8247142857142841,0.8571428571428571,0.2847107397611068,30 to 34 years
3779,21204,0.7961428571428555,0.5714285714285714,0.5568471144387165,30 to 34 years
3780,26711,0.8247142857142841,0.8571428571428571,0.9075642720985652,30 to 34 years
3781,27302,0.7961428571428555,0.5714285714285714,0.12443418259336064,30 to 34 years
3782,29282,0.7675714285714269,0.2857142857142857,0.7691443879441444,30 to 34 years
3783,22294,0.7675714285714269,0.2857142857142857,0.01243370863222748,30 to 34 years
3784,20996,0.8247142857142841,0.8571428571428571,0.04786266830581304,30 to 34 years
3785,20797,0.7675714285714269,0.2857142857142857,0.1018948543410994,30 to 34 years
3786,26272,0.7675714285714269,0.2857142857142857,0.9345297106743513,30 to 34 years
3787,22986,0.8247142857142841,0.8571428571428571,0.34264909674510236,30 to 34 years
3788,26401,0.7675714285714269,0.2857142857142857,0.46477602421841885,30 to 34 years
3789,27944,0.7675714285714269,0.2857142857142857,0.2907334817179707,30 to 34 years
3790,20852,0.7675714285714269,0.2857142857142857,0.16238046076902657,30 to 34 years
3791,29534,0.7961428571428555,0.5714285714285714,0.050505074083373125,30 to 34 years
3792,29773,0.7532857142857126,0.14285714285714285,0.816705700772971,30 to 34 years
3793,20605,0.7532857142857126,0.14285714285714285,0.17168589933301404,30 to 34 years
3794,23133,0.7961428571428555,0.5714285714285714,0.11607168884726976,30 to 34 years
3795,28743,0.7675714285714269,0.2857142857142857,0.41905515994617104,30 to 34 years
3796,23646,0.8389999999999983,1.0,0.47404611878664776,30 to 34 years
3797,29160,0.7961428571428555,0.5714285714285714,0.5240946001947151,30 to 34 years
3798,24918,0.7675714285714269,0.2857142857142857,0.932261037413106,30 to 34 years
3799,27315,0.7961428571428555,0.5714285714285714,0.7967756453493939,30 to 34 years
3800,21429,0.8247142857142841,0.8571428571428571,0.42636700424979673,30 to 34 years
3801,28599,0.8389999999999983,1.0,0.7024581703338941,30 to 34 years
3802,29198,0.7818571428571411,0.42857142857142855,0.42387475792618134,30 to 34 years
3803,25129,0.7532857142857126,0.14285714285714285,0.3100900535683839,30 to 34 years
3804,25037,0.7961428571428555,0.5714285714285714,0.42953126136468933,30 to 34 years
3805,29891,0.7961428571428555,0.5714285714285714,0.5131203097784973,30 to 34 years
3806,23556,0.7675714285714269,0.2857142857142857,0.3432266685793725,30 to 34 years
3807,29527,0.7818571428571411,0.42857142857142855,0.4007481530005492,30 to 34 years
3808,23321,0.7961428571428555,0.5714285714285714,0.831252552341954,30 to 34 years
3809,20219,0.7675714285714269,0.2857142857142857,0.9424136722571164,30 to 34 years
3810,23802,0.8247142857142841,0.8571428571428571,0.3144695092880092,30 to 34 years
3811,23870,0.7961428571428555,0.5714285714285714,0.6496747239934928,30 to 34 years
3812,25476,0.8247142857142841,0.8571428571428571,0.4663989409394344,30 to 34 years
3813,20409,0.6520365943471486,0.14285714285714285,0.9134039428924683,30 to 34 years
3814,28238,0.8389999999999983,1.0,0.3913809470799946,30 to 34 years
3815,28347,0.7675714285714269,0.2857142857142857,0.14444268751216938,30 to 34 years
3816,20038,0.7532857142857126,0.14285714285714285,0.24032884132290155,30 to 34 years
3817,20909,0.3957515203253388,0.2857142857142857,0.2543704294309159,30 to 34 years
3818,20040,0.8247142857142841,0.8571428571428571,0.14713032244088953,30 to 34 years
3819,23081,0.8247142857142841,0.8571428571428571,0.3333495313395912,30 to 34 years
3820,26242,0.7532857142857126,0.14285714285714285,0.3300966651282338,30 to 34 years
3821,23817,0.8389999999999983,1.0,0.6371304959537883,30 to 34 years
3822,24370,0.8247142857142841,0.8571428571428571,0.1875441059997205,30 to 34 years
3823,20481,0.7961428571428555,0.5714285714285714,0.44749963029288853,30 to 34 years
3824,25285,0.7961428571428555,0.5714285714285714,0.8068237483575738,30 to 34 years
3825,23985,0.7961428571428555,0.5714285714285714,0.567103392431522,30 to 34 years
3826,28342,0.8389999999999983,1.0,0.25177252574663544,30 to 34 years
3827,20573,0.7532857142857126,0.14285714285714285,0.3244311711148828,30 to 34 years
3828,28560,0.8247142857142841,0.8571428571428571,0.7586185024700128,30 to 34 years
3829,27207,0.7818571428571411,0.42857142857142855,0.6775813559758288,30 to 34 years
3830,26165,0.8389999999999983,1.0,0.46722957308927116,30 to 34 years
3831,28976,0.8247142857142841,0.8571428571428571,0.08234161324386557,30 to 34 years
3832,27328,0.8247142857142841,0.8571428571428571,0.2227322456387798,30 to 34 years
3833,20891,0.8247142857142841,0.8571428571428571,0.9902563307800782,30 to 34 years
3834,24583,0.7818571428571411,0.42857142857142855,0.0436177076423232,30 to 34 years
3835,25694,0.7961428571428555,0.5714285714285714,0.23703716002405367,30 to 34 years
3836,26920,0.7961428571428555,0.5714285714285714,0.8822199341231362,30 to 34 years
3837,27339,0.7675714285714269,0.2857142857142857,0.37286833866368085,30 to 34 years
3838,23545,0.8247142857142841,0.8571428571428571,0.30023301492342247,30 to 34 years
3839,23048,0.7532857142857126,0.14285714285714285,0.5997856365354949,30 to 34 years
3840,24197,0.7961428571428555,0.5714285714285714,0.44640561827793357,30 to 34 years
3841,22188,0.7675714285714269,0.2857142857142857,0.8613335055340561,30 to 34 years
3842,28785,0.801714285714281,0.8571428571428571,0.2734786288089183,35 to 39 years
3843,26645,0.7731428571428525,0.5714285714285714,0.8143272251069922,35 to 39 years
3844,25689,0.7302857142857095,0.14285714285714285,0.7409231083425422,35 to 39 years
3845,22563,0.7731428571428525,0.5714285714285714,0.12143727402131421,35 to 39 years
3846,29164,0.7731428571428525,0.5714285714285714,0.8600543080677446,35 to 39 years
3847,23839,0.7731428571428525,0.5714285714285714,0.6643441390374227,35 to 39 years
3848,25880,0.7731428571428525,0.5714285714285714,0.9473814015780944,35 to 39 years
3849,25877,0.7588571428571381,0.42857142857142855,0.8431816398009592,35 to 39 years
3850,23382,0.7445714285714239,0.2857142857142857,0.8501461000388302,35 to 39 years
3851,29452,0.801714285714281,0.8571428571428571,0.7783210265371746,35 to 39 years
3852,26964,0.7445714285714239,0.2857142857142857,0.5458191228336751,35 to 39 years
3853,26914,0.8159999999999953,1.0,0.44920341374478084,35 to 39 years
3854,23407,0.8159999999999953,1.0,0.05909857488168857,35 to 39 years
3855,23541,0.7302857142857095,0.14285714285714285,0.3963384911193721,35 to 39 years
3856,24904,0.47601063208169725,0.14285714285714285,0.09931282393100044,35 to 39 years
3857,22470,0.7731428571428525,0.5714285714285714,0.3561107041640116,35 to 39 years
3858,21731,0.801714285714281,0.8571428571428571,0.3300710176686952,35 to 39 years
3859,21321,0.7302857142857095,0.14285714285714285,0.38674784521735595,35 to 39 years
3860,29152,0.7445714285714239,0.2857142857142857,0.5628813006872811,35 to 39 years
3861,28497,0.7588571428571381,0.42857142857142855,0.5384697796555209,35 to 39 years
3862,29873,0.8159999999999953,1.0,0.17478521461422375,35 to 39 years
3863,20525,0.8159999999999953,1.0,0.8736574425773003,35 to 39 years
3864,25223,0.7588571428571381,0.42857142857142855,0.8620380464061577,35 to 39 years
3865,29958,0.801714285714281,0.8571428571428571,0.35115713050985353,35 to 39 years
3866,26954,0.7445714285714239,0.2857142857142857,0.956773049530389,35 to 39 years
3867,22707,0.7731428571428525,0.5714285714285714,0.9145735632600595,35 to 39 years
3868,23195,0.7445714285714239,0.2857142857142857,0.9379553648428007,35 to 39 years
3869,29856,0.7302857142857095,0.14285714285714285,0.9062496334969437,35 to 39 years
3870,25550,0.8159999999999953,1.0,0.6657073218910818,35 to 39 years
3871,29966,0.7445714285714239,0.2857142857142857,0.4674703535337018,35 to 39 years
3872,28045,0.8159999999999953,1.0,0.0210624035001451,35 to 39 years
3873,24837,0.7302857142857095,0.14285714285714285,0.015818970534242638,35 to 39 years
3874,25586,0.8159999999999953,1.0,0.9070115485820027,35 to 39 years
3875,29823,0.7731428571428525,0.5714285714285714,0.192001928556925,35 to 39 years
3876,24790,0.7588571428571381,0.42857142857142855,0.6858498386069911,35 to 39 years
3877,26690,0.7588571428571381,0.42857142857142855,0.915229154417842,35 to 39 years
3878,23020,0.7445714285714239,0.2857142857142857,0.9089286441778206,35 to 39 years
3879,24726,0.8159999999999953,1.0,0.1209457597036589,35 to 39 years
3880,28398,0.7731428571428525,0.5714285714285714,0.7372783709877687,35 to 39 years
3881,27916,0.7445714285714239,0.2857142857142857,0.9857622521343206,35 to 39 years
3882,26400,0.801714285714281,0.8571428571428571,0.20840166920290149,35 to 39 years
3883,29448,0.7302857142857095,0.14285714285714285,0.3391251965350791,35 to 39 years
3884,26845,0.7731428571428525,0.5714285714285714,0.2067517683694483,35 to 39 years
3885,23173,0.801714285714281,0.8571428571428571,0.46780403919802527,35 to 39 years
3886,24129,0.268412551676494,0.14285714285714285,0.533195730388788,35 to 39 years
3887,27247,0.7731428571428525,0.5714285714285714,0.3238533500268992,35 to 39 years
3888,25744,0.7731428571428525,0.5714285714285714,0.6383880837933188,35 to 39 years
3889,27100,0.8159999999999953,1.0,0.6886246956998807,35 to 39 years
3890,27066,0.7302857142857095,0.14285714285714285,0.45824012091788474,35 to 39 years
3891,21222,0.23761624498115033,0.14285714285714285,0.8386944353002629,35 to 39 years
3892,26115,0.7302857142857095,0.14285714285714285,0.662170582459551,35 to 39 years
3893,21488,0.7874285714285667,0.7142857142857142,0.49377063370607654,35 to 39 years
3894,20916,0.7445714285714239,0.2857142857142857,0.5861480090900788,35 to 39 years
3895,25737,0.8159999999999953,1.0,0.31880821605156195,35 to 39 years
3896,21708,0.7445714285714239,0.2857142857142857,0.4566978375574482,35 to 39 years
3897,24478,0.5448918060613324,0.14285714285714285,0.09446542703094563,35 to 39 years
3898,25970,0.7445714285714239,0.2857142857142857,0.3425036445198252,35 to 39 years
3899,27715,0.801714285714281,0.8571428571428571,0.29396854857073484,35 to 39 years
3900,20121,0.7302857142857095,0.14285714285714285,0.3882839206274201,35 to 39 years
3901,22034,0.801714285714281,0.8571428571428571,0.31340317797414885,35 to 39 years
3902,26175,0.801714285714281,0.8571428571428571,0.7232866584601566,35 to 39 years
3903,20416,0.7445714285714239,0.2857142857142857,0.20489390702830784,35 to 39 years
3904,23040,0.8159999999999953,1.0,0.6073647444877919,35 to 39 years
3905,29020,0.7731428571428525,0.5714285714285714,0.4929636239976223,35 to 39 years
3906,21197,0.7731428571428525,0.5714285714285714,0.26755251168252364,35 to 39 years
3907,23243,0.801714285714281,0.8571428571428571,0.7793628283558743,35 to 39 years
3908,26064,0.7588571428571381,0.42857142857142855,0.9748207204703173,35 to 39 years
3909,23385,0.801714285714281,0.8571428571428571,0.849773579452151,35 to 39 years
3910,29937,0.7445714285714239,0.2857142857142857,0.9703550412696025,35 to 39 years
3911,20802,0.7445714285714239,0.2857142857142857,0.6784863403163462,35 to 39 years
3912,25228,0.801714285714281,0.8571428571428571,0.5509671142485192,35 to 39 years
3913,27309,0.7588571428571381,0.42857142857142855,0.48230357902035415,35 to 39 years
3914,28382,0.7588571428571381,0.42857142857142855,0.00858825125441065,35 to 39 years
3915,25161,0.7445714285714239,0.2857142857142857,0.8335955951811844,35 to 39 years
3916,26745,0.7731428571428525,0.5714285714285714,0.6463955705646823,35 to 39 years
3917,20626,0.801714285714281,0.8571428571428571,0.3510168381020579,35 to 39 years
3918,23304,0.2594325401880216,0.2857142857142857,0.0957620413219214,35 to 39 years
3919,26732,0.7731428571428525,0.5714285714285714,0.6830574742797332,35 to 39 years
3920,22067,0.7445714285714239,0.2857142857142857,0.5497389847842704,35 to 39 years
3921,24481,0.8159999999999953,1.0,0.5495623708851727,35 to 39 years
3922,24955,0.8159999999999953,1.0,0.15066360310670202,35 to 39 years
3923,22023,0.7588571428571381,0.42857142857142855,0.109650402105332,35 to 39 years
3924,25504,0.7731428571428525,0.5714285714285714,0.7194905568567634,35 to 39 years
3925,21586,0.599627445277806,0.14285714285714285,0.5902442525771125,35 to 39 years
3926,24752,0.801714285714281,0.8571428571428571,0.7014338400996509,35 to 39 years
3927,22274,0.7302857142857095,0.14285714285714285,0.8559706272545243,35 to 39 years
3928,21469,0.801714285714281,0.8571428571428571,0.30260548311102614,35 to 39 years
3929,25541,0.7588571428571381,0.42857142857142855,0.42654879008998603,35 to 39 years
3930,29556,0.7445714285714239,0.2857142857142857,0.8589532918883096,35 to 39 years
3931,28453,0.7445714285714239,0.2857142857142857,0.47280329482265326,35 to 39 years
3932,23942,0.8159999999999953,1.0,0.3176087053514361,35 to 39 years
3933,23478,0.7445714285714239,0.2857142857142857,0.3641443280743733,35 to 39 years
3934,29344,0.7445714285714239,0.2857142857142857,0.9648085583881353,35 to 39 years
3935,26116,0.7731428571428525,0.5714285714285714,0.22355321680760432,35 to 39 years
3936,23369,0.7731428571428525,0.5714285714285714,0.6992489992293957,35 to 39 years
3937,29351,0.8159999999999953,1.0,0.5042984747989849,35 to 39 years
3938,27566,0.7302857142857095,0.14285714285714285,0.19847778953461642,35 to 39 years
3939,25598,0.801714285714281,0.8571428571428571,0.4431659563784885,35 to 39 years
3940,24709,0.7445714285714239,0.2857142857142857,0.6138513460874921,35 to 39 years
3941,29802,0.7445714285714239,0.2857142857142857,0.8837179107881359,35 to 39 years
3942,20362,0.7731428571428525,0.5714285714285714,0.29816450048866006,35 to 39 years
3943,29127,0.7731428571428525,0.5714285714285714,0.6184539095649699,35 to 39 years
3944,24620,0.7445714285714239,0.2857142857142857,0.18110470188785033,35 to 39 years
3945,29925,0.7302857142857095,0.14285714285714285,0.24016510418005083,35 to 39 years
3946,29353,0.32055644731425514,0.14285714285714285,0.4958213319969274,35 to 39 years
3947,28764,0.7302857142857095,0.14285714285714285,0.5537338642779309,35 to 39 years
3948,22208,0.8159999999999953,1.0,0.8354151988004748,35 to 39 years
3949,21611,0.801714285714281,0.8571428571428571,0.7829156277892395,35 to 39 years
3950,25237,0.7302857142857095,0.14285714285714285,0.9093819971626018,35 to 39 years
3951,28404,0.7731428571428525,0.5714285714285714,0.5205557374985695,35 to 39 years
3952,22690,0.801714285714281,0.8571428571428571,0.10126279705374014,35 to 39 years
3953,26135,0.7445714285714239,0.2857142857142857,0.24188769613892264,35 to 39 years
3954,20610,0.8159999999999953,1.0,0.9328214096653908,35 to 39 years
3955,28440,0.7302857142857095,0.14285714285714285,0.3263022194277649,35 to 39 years
3956,24993,0.8159999999999953,1.0,0.7270836929204141,35 to 39 years
3957,29026,0.7731428571428525,0.5714285714285714,0.9361769617070577,35 to 39 years
3958,28462,0.801714285714281,0.8571428571428571,0.5970190537365598,35 to 39 years
3959,28024,0.7445714285714239,0.2857142857142857,0.4829500589893174,35 to 39 years
3960,26097,0.7445714285714239,0.2857142857142857,0.8080093679287046,35 to 39 years
3961,20081,0.7588571428571381,0.42857142857142855,0.1086087324079184,35 to 39 years
3962,24344,0.801714285714281,0.8571428571428571,0.794441285963397,35 to 39 years
3963,25107,0.34318656823260996,0.2857142857142857,0.5899290505807246,35 to 39 years
3964,27318,0.7588571428571381,0.42857142857142855,0.6599826167537646,35 to 39 years
3965,29516,0.7874285714285667,0.7142857142857142,0.5168312672001426,35 to 39 years
3966,25211,0.7731428571428525,0.5714285714285714,0.993675680668832,35 to 39 years
3967,25604,0.7731428571428525,0.5714285714285714,0.9084019506352159,35 to 39 years
3968,27969,0.7445714285714239,0.2857142857142857,0.9296832211408821,35 to 39 years
3969,20784,0.7445714285714239,0.2857142857142857,0.9735730936067671,35 to 39 years
3970,20018,0.7302857142857095,0.14285714285714285,0.7038057640760891,35 to 39 years
3971,27890,0.8159999999999953,1.0,0.1487864619090436,35 to 39 years
3972,24876,0.7731428571428525,0.5714285714285714,0.7349978722126259,35 to 39 years
3973,22508,0.7302857142857095,0.14285714285714285,0.902322792162496,35 to 39 years
3974,22308,0.7731428571428525,0.5714285714285714,0.08013020858147257,35 to 39 years
3975,29647,0.7445714285714239,0.2857142857142857,0.26618529024082566,35 to 39 years
3976,25694,0.7731428571428525,0.5714285714285714,0.23703716002405367,35 to 39 years
3977,21247,0.7731428571428525,0.5714285714285714,0.664686128993754,35 to 39 years
3978,26237,0.7445714285714239,0.2857142857142857,0.4745034359857257,35 to 39 years
3979,28624,0.7731428571428525,0.5714285714285714,0.8857669475934024,35 to 39 years
3980,25728,0.7445714285714239,0.2857142857142857,0.49516917538145655,35 to 39 years
3981,24864,0.7445714285714239,0.2857142857142857,0.5000287623298924,35 to 39 years
3982,22449,0.7445714285714239,0.2857142857142857,0.06212637388834619,35 to 39 years
3983,25458,0.7588571428571381,0.42857142857142855,0.2503993221113412,35 to 39 years
3984,22687,0.801714285714281,0.8571428571428571,0.19134413454338134,35 to 39 years
3985,25426,0.7445714285714239,0.2857142857142857,0.8819520671032496,35 to 39 years
3986,20203,0.7874285714285667,0.7142857142857142,0.15290528814470195,35 to 39 years
3987,23383,0.801714285714281,0.8571428571428571,0.466285759684416,35 to 39 years
3988,23048,0.7302857142857095,0.14285714285714285,0.5997856365354949,35 to 39 years
3989,28668,0.801714285714281,0.8571428571428571,0.2819583429817373,35 to 39 years
3990,21035,0.7302857142857095,0.14285714285714285,0.17510830273631978,35 to 39 years
3991,21192,0.801714285714281,0.8571428571428571,0.5767447083397684,35 to 39 years
3992,27195,0.7731428571428525,0.5714285714285714,0.929108361304321,35 to 39 years
3993,27747,0.7445714285714239,0.2857142857142857,0.11898705264597209,35 to 39 years
3994,20198,0.7731428571428525,0.5714285714285714,0.2305635016281059,35 to 39 years
3995,23392,0.7588571428571381,0.42857142857142855,0.7755541646869772,35 to 39 years
3996,25233,0.7731428571428525,0.5714285714285714,0.03013314691080171,35 to 39 years
3997,23867,0.7302857142857095,0.14285714285714285,0.6932187425967757,35 to 39 years
3998,27922,0.7302857142857095,0.14285714285714285,0.32124438986255444,35 to 39 years
3999,28248,0.7302857142857095,0.14285714285714285,0.44923810011582344,35 to 39 years
4000,24444,0.7445714285714239,0.2857142857142857,0.7283165952945008,35 to 39 years
4001,25595,0.8159999999999953,1.0,0.6189519026572979,35 to 39 years
4002,21100,0.801714285714281,0.8571428571428571,0.5966120472469912,35 to 39 years
4003,25353,0.7445714285714239,0.2857142857142857,0.7234189791553733,35 to 39 years
4004,25017,0.7302857142857095,0.14285714285714285,0.20674939337557607,35 to 39 years
4005,27898,0.7445714285714239,0.2857142857142857,0.7936491899905682,35 to 39 years
4006,26029,0.7302857142857095,0.14285714285714285,0.9283067786568819,35 to 39 years
4007,23114,0.7302857142857095,0.14285714285714285,0.3050111270863126,35 to 39 years
4008,23311,0.7445714285714239,0.2857142857142857,0.9073844097089956,35 to 39 years
4009,23797,0.801714285714281,0.8571428571428571,0.5862959076105763,35 to 39 years
4010,27918,0.7445714285714239,0.2857142857142857,0.030148538227023458,35 to 39 years
4011,21990,0.7445714285714239,0.2857142857142857,0.9595819781579189,35 to 39 years
4012,22228,0.7588571428571381,0.42857142857142855,0.2050672644028722,35 to 39 years
4013,28530,0.801714285714281,0.8571428571428571,0.017589991409883043,35 to 39 years
4014,20279,0.7302857142857095,0.14285714285714285,0.05707448036082269,35 to 39 years
4015,26679,0.7731428571428525,0.5714285714285714,0.8331209458928257,35 to 39 years
4016,29350,0.7445714285714239,0.2857142857142857,0.9064335852778364,35 to 39 years
4017,21819,0.7302857142857095,0.14285714285714285,0.10049361102824589,35 to 39 years
4018,21170,0.7302857142857095,0.14285714285714285,0.5957395232449526,35 to 39 years
4019,26152,0.7302857142857095,0.14285714285714285,0.6232841761830167,35 to 39 years
4020,23766,0.7445714285714239,0.2857142857142857,0.41259593414320167,35 to 39 years
4021,27773,0.7445714285714239,0.2857142857142857,0.2814121279131169,35 to 39 years
4022,29172,0.7445714285714239,0.2857142857142857,0.5401840468509602,35 to 39 years
4023,22704,0.801714285714281,0.8571428571428571,0.31732923907872007,35 to 39 years
4024,20963,0.7445714285714239,0.2857142857142857,0.3936503396386095,35 to 39 years
4025,24874,0.7445714285714239,0.2857142857142857,0.5612644181199062,35 to 39 years
4026,22627,0.801714285714281,0.8571428571428571,0.11708773121382993,35 to 39 years
4027,20429,0.7731428571428525,0.5714285714285714,0.4109851128715303,35 to 39 years
4028,25723,0.7588571428571381,0.42857142857142855,0.810052490536513,35 to 39 years
4029,21629,0.7302857142857095,0.14285714285714285,0.6874436895797229,35 to 39 years
4030,29084,0.801714285714281,0.8571428571428571,0.31903424420984616,35 to 39 years
4031,23728,0.7874285714285667,0.7142857142857142,0.4041879213437346,35 to 39 years
4032,20623,0.7302857142857095,0.14285714285714285,0.48098975921378884,35 to 39 years
4033,22886,0.7731428571428525,0.5714285714285714,0.3700255232718088,35 to 39 years
4034,26369,0.7445714285714239,0.2857142857142857,0.5746129768271789,35 to 39 years
4035,27615,0.7731428571428525,0.5714285714285714,0.9068218292268617,35 to 39 years
4036,20232,0.7445714285714239,0.2857142857142857,0.2838979483653862,35 to 39 years
4037,27781,0.7731428571428525,0.5714285714285714,0.6390980338562435,35 to 39 years
4038,27852,0.801714285714281,0.8571428571428571,0.2857486289298578,35 to 39 years
4039,22809,0.7445714285714239,0.2857142857142857,0.1573635800801263,35 to 39 years
4040,27218,0.801714285714281,0.8571428571428571,0.1367151417154131,35 to 39 years
4041,28058,0.7445714285714239,0.2857142857142857,0.9288542465380276,35 to 39 years
4042,24224,0.801714285714281,0.8571428571428571,0.2944300534952763,35 to 39 years
4043,28912,0.7445714285714239,0.2857142857142857,0.16702184306537943,35 to 39 years
4044,27972,0.8159999999999953,1.0,0.15833396462438215,35 to 39 years
4045,26742,0.801714285714281,0.8571428571428571,0.5041890236152673,35 to 39 years
4046,25152,0.7302857142857095,0.14285714285714285,0.46219804745530885,35 to 39 years
4047,22580,0.801714285714281,0.8571428571428571,0.6427357430170206,35 to 39 years
4048,21357,0.7445714285714239,0.2857142857142857,0.6402691638177648,35 to 39 years
4049,28478,0.7445714285714239,0.2857142857142857,0.6555508527201038,35 to 39 years
4050,26081,0.7731428571428525,0.5714285714285714,0.9471723928891922,35 to 39 years
4051,20084,0.7874285714285667,0.7142857142857142,0.7403192376563681,35 to 39 years
4052,24390,0.7445714285714239,0.2857142857142857,0.9758797489168904,35 to 39 years
4053,29315,0.8159999999999953,1.0,0.6500240349720726,35 to 39 years
4054,28734,0.7731428571428525,0.5714285714285714,0.41423263255685616,35 to 39 years
4055,25768,0.7731428571428525,0.5714285714285714,0.35912972452896613,35 to 39 years
4056,27673,0.801714285714281,0.8571428571428571,0.6697822190846845,35 to 39 years
4057,29923,0.801714285714281,0.8571428571428571,0.7041424998534243,35 to 39 years
4058,29116,0.7445714285714239,0.2857142857142857,0.8233339122491289,35 to 39 years
4059,25555,0.7445714285714239,0.2857142857142857,0.4365529455257009,35 to 39 years
4060,26746,0.801714285714281,0.8571428571428571,0.8744332654388337,35 to 39 years
4061,28205,0.7731428571428525,0.5714285714285714,0.7856341518184691,35 to 39 years
4062,24482,0.503397633989482,0.14285714285714285,0.11937968682867733,35 to 39 years
4063,29418,0.801714285714281,0.8571428571428571,0.41618031882122697,35 to 39 years
4064,25759,0.7731428571428525,0.5714285714285714,0.987299493145344,35 to 39 years
4065,20374,0.8159999999999953,1.0,0.04992599167837869,35 to 39 years
4066,24453,0.801714285714281,0.8571428571428571,0.11795051478340746,35 to 39 years
4067,24734,0.7731428571428525,0.5714285714285714,0.1337035644580964,35 to 39 years
4068,24656,0.7302857142857095,0.14285714285714285,0.2968857337322611,35 to 39 years
4069,24946,0.7874285714285667,0.7142857142857142,0.7239701161632128,35 to 39 years
4070,22654,0.7588571428571381,0.42857142857142855,0.44321722970213556,35 to 39 years
4071,22083,0.7445714285714239,0.2857142857142857,0.6403876673903369,35 to 39 years
4072,20380,0.7588571428571381,0.42857142857142855,0.2272641580003737,35 to 39 years
4073,21918,0.8159999999999953,1.0,0.3026500760994887,35 to 39 years
4074,25780,0.8159999999999953,1.0,0.39029731888037755,35 to 39 years
4075,28794,0.7445714285714239,0.2857142857142857,0.11003875958618492,35 to 39 years
4076,28416,0.7445714285714239,0.2857142857142857,0.0600250672926162,35 to 39 years
4077,23391,0.7302857142857095,0.14285714285714285,0.7716376834312139,35 to 39 years
4078,23732,0.7445714285714239,0.2857142857142857,0.8960663548713732,35 to 39 years
4079,20284,0.7588571428571381,0.42857142857142855,0.6617220772750004,35 to 39 years
4080,22283,0.7445714285714239,0.2857142857142857,0.6029528906062113,35 to 39 years
4081,23918,0.7731428571428525,0.5714285714285714,0.8022887317641527,35 to 39 years
4082,21642,0.3858884098893879,0.2857142857142857,0.06983388329574597,35 to 39 years
4083,20826,0.7731428571428525,0.5714285714285714,0.25827644004644223,35 to 39 years
4084,22428,0.7445714285714239,0.2857142857142857,0.7162096605508654,35 to 39 years
4085,20243,0.7302857142857095,0.14285714285714285,0.03564811234322962,35 to 39 years
4086,26373,0.7445714285714239,0.2857142857142857,0.6114989790429867,35 to 39 years
4087,21196,0.7445714285714239,0.2857142857142857,0.6402809907498449,35 to 39 years
4088,25636,0.7588571428571381,0.42857142857142855,0.06390808044781426,35 to 39 years
4089,27644,0.16409932428692744,0.14285714285714285,0.5011356682757045,35 to 39 years
4090,20329,0.7731428571428525,0.5714285714285714,0.6297602851272841,35 to 39 years
4091,26105,0.7731428571428525,0.5714285714285714,0.14215100457187047,35 to 39 years
4092,26255,0.7731428571428525,0.5714285714285714,0.9706277872033113,35 to 39 years
4093,23721,0.7588571428571381,0.42857142857142855,0.9834161351876003,35 to 39 years
4094,25364,0.8159999999999953,1.0,0.07586710091167942,35 to 39 years
4095,25801,0.7302857142857095,0.14285714285714285,0.6405455088848002,35 to 39 years
4096,28131,0.8159999999999953,1.0,0.36859143402635425,35 to 39 years
4097,23308,0.7731428571428525,0.5714285714285714,0.23110662795808679,35 to 39 years
4098,24831,0.7302857142857095,0.14285714285714285,0.07040126852577877,35 to 39 years
4099,29640,0.7588571428571381,0.42857142857142855,0.8004874084990629,35 to 39 years
4100,21042,0.7731428571428525,0.5714285714285714,0.5676494978249838,35 to 39 years
4101,22010,0.7302857142857095,0.14285714285714285,0.7722481645880814,35 to 39 years
4102,25925,0.7302857142857095,0.14285714285714285,0.33757499840048893,35 to 39 years
4103,26349,0.7588571428571381,0.42857142857142855,0.6597693201296239,35 to 39 years
4104,21915,0.7445714285714239,0.2857142857142857,0.5861903608825504,35 to 39 years
4105,29218,0.7588571428571381,0.42857142857142855,0.4170326015016828,35 to 39 years
4106,22423,0.7445714285714239,0.2857142857142857,0.40422790809906606,35 to 39 years
4107,25674,0.7731428571428525,0.5714285714285714,0.2601293513370664,35 to 39 years
4108,24398,0.7588571428571381,0.42857142857142855,0.5505649630080438,35 to 39 years
4109,26362,0.7302857142857095,0.14285714285714285,0.4983554478375515,35 to 39 years
4110,20054,0.801714285714281,0.8571428571428571,0.3154845822269841,35 to 39 years
4111,21554,0.801714285714281,0.8571428571428571,0.4952946722835493,35 to 39 years
4112,22107,0.801714285714281,0.8571428571428571,0.7030780011866985,35 to 39 years
4113,27643,0.20548723931516305,0.2857142857142857,0.22913268831545025,35 to 39 years
4114,26338,0.801714285714281,0.8571428571428571,0.3989327668368332,35 to 39 years
4115,21634,0.7588571428571381,0.42857142857142855,0.5383666420841687,35 to 39 years
4116,24496,0.7588571428571381,0.42857142857142855,0.4921014787977625,35 to 39 years
4117,23085,0.7588571428571381,0.42857142857142855,0.9639889358766645,35 to 39 years
4118,26145,0.7445714285714239,0.2857142857142857,0.323856813965706,35 to 39 years
4119,28728,0.8159999999999953,1.0,0.11573892792031815,35 to 39 years
4120,25810,0.7445714285714239,0.2857142857142857,0.661951782244698,35 to 39 years
4121,26235,0.7731428571428525,0.5714285714285714,0.9218540726823554,35 to 39 years
4122,24318,0.2401969078429896,0.5714285714285714,0.019867013283847323,35 to 39 years
4123,27677,0.801714285714281,0.8571428571428571,0.06813386139885524,35 to 39 years
4124,24216,0.801714285714281,0.8571428571428571,0.6445070681672658,35 to 39 years
4125,21087,0.801714285714281,0.8571428571428571,0.5947410592571728,35 to 39 years
4126,24379,0.7731428571428525,0.5714285714285714,0.9982530412265272,35 to 39 years
4127,25983,0.7445714285714239,0.2857142857142857,0.6969985737297273,35 to 39 years
4128,24914,0.801714285714281,0.8571428571428571,0.6272895692545162,35 to 39 years
4129,28460,0.801714285714281,0.8571428571428571,0.8441455055700555,35 to 39 years
4130,22349,0.7588571428571381,0.42857142857142855,0.22496722964598886,35 to 39 years
4131,26421,0.7874285714285667,0.7142857142857142,0.6598952645318041,35 to 39 years
4132,28245,0.801714285714281,0.8571428571428571,0.6100524109400677,35 to 39 years
4133,29316,0.7302857142857095,0.14285714285714285,0.3344797135880037,35 to 39 years
4134,28943,0.7445714285714239,0.2857142857142857,0.48196476808402927,35 to 39 years
4135,21995,0.7445714285714239,0.2857142857142857,0.7570192298911653,35 to 39 years
4136,23546,0.39308216399154067,0.8571428571428571,0.01558786761863784,35 to 39 years
4137,24809,0.7731428571428525,0.5714285714285714,0.9410614276957512,35 to 39 years
4138,29570,0.7302857142857095,0.14285714285714285,0.4052135938551208,35 to 39 years
4139,26393,0.3922330789331586,0.14285714285714285,0.6814747379566617,35 to 39 years
4140,21323,0.801714285714281,0.8571428571428571,0.4267661992487358,35 to 39 years
4141,29367,0.42074865029830033,0.2857142857142857,0.1984925753680546,35 to 39 years
4142,25139,0.7731428571428525,0.5714285714285714,0.22309230347461667,35 to 39 years
4143,22385,0.7731428571428525,0.5714285714285714,0.4697095092146526,35 to 39 years
4144,21076,0.7302857142857095,0.14285714285714285,0.1766975628108151,35 to 39 years
4145,20258,0.7731428571428525,0.5714285714285714,0.5616080573146127,35 to 39 years
4146,23477,0.7445714285714239,0.2857142857142857,0.30402600939784974,35 to 39 years
4147,23335,0.7445714285714239,0.2857142857142857,0.7002651676506723,35 to 39 years
4148,22091,0.7445714285714239,0.2857142857142857,0.4250248803590601,35 to 39 years
4149,23678,0.8159999999999953,1.0,0.7768761838830263,35 to 39 years
4150,28191,0.7731428571428525,0.5714285714285714,0.739130012511036,35 to 39 years
4151,28225,0.7445714285714239,0.2857142857142857,0.5230254832406782,35 to 39 years
4152,24511,0.801714285714281,0.8571428571428571,0.2871001798472133,35 to 39 years
4153,20178,0.07730456565719158,0.14285714285714285,0.27630772732964975,35 to 39 years
4154,23905,0.7731428571428525,0.5714285714285714,0.42402376830792887,35 to 39 years
4155,24719,0.7874285714285667,0.7142857142857142,0.4873037596408929,35 to 39 years
4156,28189,0.7445714285714239,0.2857142857142857,0.5600116343600752,35 to 39 years
4157,24049,0.7874285714285667,0.7142857142857142,0.589826110301698,35 to 39 years
4158,24425,0.7874285714285667,0.7142857142857142,0.6542532284917131,35 to 39 years
4159,20673,0.7302857142857095,0.14285714285714285,0.1321314521990779,35 to 39 years
4160,22234,0.7445714285714239,0.2857142857142857,0.6359131697911942,35 to 39 years
4161,23470,0.801714285714281,0.8571428571428571,0.8965622449615414,35 to 39 years
4162,22103,0.7445714285714239,0.2857142857142857,0.2784991285468418,35 to 39 years
4163,24459,0.801714285714281,0.8571428571428571,0.2741371190493218,35 to 39 years
4164,26425,0.7445714285714239,0.2857142857142857,0.5967068893960233,35 to 39 years
4165,25602,0.7588571428571381,0.42857142857142855,0.3340352040885001,35 to 39 years
4166,26458,0.7445714285714239,0.2857142857142857,0.09335800890551388,35 to 39 years
4167,24853,0.7588571428571381,0.42857142857142855,0.024872470812867475,35 to 39 years
4168,21712,0.7874285714285667,0.7142857142857142,0.2818515745036335,35 to 39 years
4169,28772,0.7445714285714239,0.2857142857142857,0.7392317762237836,35 to 39 years
4170,25750,0.8159999999999953,1.0,0.46764763228572703,35 to 39 years
4171,21304,0.7445714285714239,0.2857142857142857,0.6646356879883222,35 to 39 years
4172,25998,0.7445714285714239,0.2857142857142857,0.890707088805606,35 to 39 years
4173,24068,0.7302857142857095,0.14285714285714285,0.06343360173650381,35 to 39 years
4174,28580,0.7302857142857095,0.14285714285714285,0.8139987817023918,35 to 39 years
4175,27480,0.7731428571428525,0.5714285714285714,0.975651299638699,35 to 39 years
4176,27341,0.7302857142857095,0.14285714285714285,0.7073031257669854,35 to 39 years
4177,27438,0.7302857142857095,0.14285714285714285,0.1646769752497289,35 to 39 years
4178,28592,0.8159999999999953,1.0,0.7882420208721234,35 to 39 years
4179,29606,0.801714285714281,0.8571428571428571,0.1735724210414783,35 to 39 years
4180,22353,0.801714285714281,0.8571428571428571,0.8651891910750782,35 to 39 years
4181,25246,0.801714285714281,0.8571428571428571,0.7785786472556812,35 to 39 years
4182,23777,0.8159999999999953,1.0,0.8583981908150011,35 to 39 years
4183,22110,0.801714285714281,0.8571428571428571,0.6904168049160169,35 to 39 years
4184,20858,0.7302857142857095,0.14285714285714285,0.8040622049561336,35 to 39 years
4185,21340,0.7445714285714239,0.2857142857142857,0.7891836837006315,35 to 39 years
4186,24486,0.7731428571428525,0.5714285714285714,0.15213844926605236,35 to 39 years
4187,22633,0.4959774453923286,0.14285714285714285,0.3428850475002471,35 to 39 years
4188,29792,0.8159999999999953,1.0,0.6285853638039528,35 to 39 years
4189,25703,0.7445714285714239,0.2857142857142857,0.38508365979990844,35 to 39 years
4190,22688,0.7445714285714239,0.2857142857142857,0.5996364528372891,35 to 39 years
4191,25824,0.7445714285714239,0.2857142857142857,0.8619551983205251,35 to 39 years
4192,29879,0.7445714285714239,0.2857142857142857,0.282966467779012,35 to 39 years
4193,29480,0.7731428571428525,0.5714285714285714,0.7173047050430512,35 to 39 years
4194,29883,0.8159999999999953,1.0,0.7565449472416284,35 to 39 years
4195,20625,0.7731428571428525,0.5714285714285714,0.27165630484792436,35 to 39 years
4196,21899,0.7731428571428525,0.5714285714285714,0.8076104867428366,35 to 39 years
4197,26335,0.7445714285714239,0.2857142857142857,0.9110318173582374,35 to 39 years
4198,22933,0.7302857142857095,0.14285714285714285,0.8828328233927437,35 to 39 years
4199,21421,0.801714285714281,0.8571428571428571,0.09075108675227483,35 to 39 years
4200,21054,0.7731428571428525,0.5714285714285714,0.21591659640482308,35 to 39 years
4201,21474,0.7445714285714239,0.2857142857142857,0.91712440698837,35 to 39 years
4202,22850,0.7588571428571381,0.42857142857142855,0.05670366584612441,35 to 39 years
4203,25442,0.7588571428571381,0.42857142857142855,0.23869118350357194,35 to 39 years
4204,22808,0.7588571428571381,0.42857142857142855,0.5465406271843691,35 to 39 years
4205,22512,0.7445714285714239,0.2857142857142857,0.6464173993399587,35 to 39 years
4206,21187,0.7445714285714239,0.2857142857142857,0.46865568673824964,35 to 39 years
4207,26875,0.7731428571428525,0.5714285714285714,0.9876806683005077,35 to 39 years
4208,20183,0.7731428571428525,0.5714285714285714,0.36670441846106816,35 to 39 years
4209,21798,0.7302857142857095,0.14285714285714285,0.6363435827880661,35 to 39 years
4210,29822,0.7588571428571381,0.42857142857142855,0.13002467597953155,35 to 39 years
4211,25943,0.7445714285714239,0.2857142857142857,0.5684330441466511,35 to 39 years
4212,21259,0.7445714285714239,0.2857142857142857,0.24506916954195562,35 to 39 years
4213,21108,0.7302857142857095,0.14285714285714285,0.38563237936626493,35 to 39 years
4214,22316,0.7731428571428525,0.5714285714285714,0.8869290068885216,35 to 39 years
4215,27721,0.7445714285714239,0.2857142857142857,0.47189197294462304,35 to 39 years
4216,27174,0.7731428571428525,0.5714285714285714,0.8258389196413229,35 to 39 years
4217,26923,0.7731428571428525,0.5714285714285714,0.5802388189796795,35 to 39 years
4218,21681,0.24966064318261746,0.14285714285714285,0.5393242338179229,35 to 39 years
4219,27214,0.4158339279276106,0.14285714285714285,0.7100174423665168,35 to 39 years
4220,22902,0.7445714285714239,0.2857142857142857,0.3495268236508487,35 to 39 years
4221,28426,0.7731428571428525,0.5714285714285714,0.45960133686618726,35 to 39 years
4222,24275,0.801714285714281,0.8571428571428571,0.9646378644964342,35 to 39 years
4223,20242,0.7445714285714239,0.2857142857142857,0.6103270932174253,35 to 39 years
4224,22543,0.801714285714281,0.8571428571428571,0.5198067445529831,35 to 39 years
4225,23009,0.7588571428571381,0.42857142857142855,0.6779024138515968,35 to 39 years
4226,24718,0.7445714285714239,0.2857142857142857,0.5286144361836388,35 to 39 years
4227,28078,0.7445714285714239,0.2857142857142857,0.096408144252635,35 to 39 years
4228,26148,0.7731428571428525,0.5714285714285714,0.1453879413059041,35 to 39 years
4229,24383,0.8159999999999953,1.0,0.01981137470571137,35 to 39 years
4230,20246,0.7874285714285667,0.7142857142857142,0.9695230415054759,35 to 39 years
4231,29454,0.7731428571428525,0.5714285714285714,0.5464240156931913,35 to 39 years
4232,21266,0.801714285714281,0.8571428571428571,0.40834954148931857,35 to 39 years
4233,25752,0.7302857142857095,0.14285714285714285,0.8727843162166129,35 to 39 years
4234,29800,0.7588571428571381,0.42857142857142855,0.8157176027248463,35 to 39 years
4235,29406,0.7445714285714239,0.2857142857142857,0.6250418374637792,35 to 39 years
4236,20425,0.7302857142857095,0.14285714285714285,0.7895972790535077,35 to 39 years
4237,29374,0.8159999999999953,1.0,0.8702684051408187,35 to 39 years
4238,22608,0.7731428571428525,0.5714285714285714,0.614044800418223,35 to 39 years
4239,20055,0.8159999999999953,1.0,0.5789241073513864,35 to 39 years
4240,27391,0.7445714285714239,0.2857142857142857,0.8211284245350066,35 to 39 years
4241,28438,0.7035794434613103,0.2857142857142857,0.39351002950956415,35 to 39 years
4242,23973,0.7588571428571381,0.42857142857142855,0.4751070602738646,35 to 39 years
4243,26694,0.7302857142857095,0.14285714285714285,0.12644027879212755,35 to 39 years
4244,25892,0.7445714285714239,0.2857142857142857,0.07192777976379072,35 to 39 years
4245,22085,0.7588571428571381,0.42857142857142855,0.5283097327907806,35 to 39 years
4246,24965,0.7302857142857095,0.14285714285714285,0.3984445102677062,35 to 39 years
4247,22427,0.7445714285714239,0.2857142857142857,0.4060157484344218,35 to 39 years
4248,21671,0.801714285714281,0.8571428571428571,0.8986363225218127,35 to 39 years
4249,27964,0.7588571428571381,0.42857142857142855,0.41055483429524214,35 to 39 years
4250,24787,0.7588571428571381,0.42857142857142855,0.274967177516486,35 to 39 years
4251,24636,0.801714285714281,0.8571428571428571,0.5004643694669184,35 to 39 years
4252,23316,0.7302857142857095,0.14285714285714285,0.679997968481135,35 to 39 years
4253,27418,0.7445714285714239,0.2857142857142857,0.49240215056340575,35 to 39 years
4254,20245,0.801714285714281,0.8571428571428571,0.39787076237586605,35 to 39 years
4255,28516,0.7445714285714239,0.2857142857142857,0.44935475564937194,35 to 39 years
4256,24441,0.7588571428571381,0.42857142857142855,0.9901787195887362,35 to 39 years
4257,29529,0.801714285714281,0.8571428571428571,0.30516998325347433,35 to 39 years
4258,26267,0.7302857142857095,0.14285714285714285,0.2065703206183112,35 to 39 years
4259,24772,0.7302857142857095,0.14285714285714285,0.5299397689422843,35 to 39 years
4260,27541,0.7302857142857095,0.14285714285714285,0.1618361223654478,35 to 39 years
4261,24457,0.7588571428571381,0.42857142857142855,0.3050545652222678,35 to 39 years
4262,21013,0.42598267702247167,0.42857142857142855,0.5224386585643904,35 to 39 years
4263,27848,0.7731428571428525,0.5714285714285714,0.3262851350059132,35 to 39 years
4264,22315,0.7302857142857095,0.14285714285714285,0.22402844730227162,35 to 39 years
4265,24176,0.4158889903562881,0.14285714285714285,0.4422795957730608,35 to 39 years
4266,27755,0.801714285714281,0.8571428571428571,0.7566392322003385,35 to 39 years
4267,24303,0.8159999999999953,1.0,0.18304755356938213,35 to 39 years
4268,28256,0.801714285714281,0.8571428571428571,0.3066940387514617,35 to 39 years
4269,26469,0.7302857142857095,0.14285714285714285,0.6723166689999465,35 to 39 years
4270,22063,0.801714285714281,0.8571428571428571,0.5722662114362295,35 to 39 years
4271,28198,0.801714285714281,0.8571428571428571,0.6903854168833347,35 to 39 years
4272,28111,0.7588571428571381,0.42857142857142855,0.7954259250389236,35 to 39 years
4273,28288,0.7445714285714239,0.2857142857142857,0.5773831486495198,35 to 39 years
4274,27744,0.7588571428571381,0.42857142857142855,0.3068894455053888,35 to 39 years
4275,27330,0.7731428571428525,0.5714285714285714,0.5863908887173968,35 to 39 years
4276,28241,0.7445714285714239,0.2857142857142857,0.38488122157109894,35 to 39 years
4277,29592,0.7302857142857095,0.14285714285714285,0.7325272156484721,35 to 39 years
4278,26190,0.7731428571428525,0.5714285714285714,0.22464408622991905,35 to 39 years
4279,27493,0.7445714285714239,0.2857142857142857,0.5599161679737018,35 to 39 years
4280,24650,0.7302857142857095,0.14285714285714285,0.6160386326588108,35 to 39 years
4281,20966,0.7302857142857095,0.14285714285714285,0.823918944790629,35 to 39 years
4282,26506,0.7588571428571381,0.42857142857142855,0.8184207758689843,35 to 39 years
4283,21910,0.7445714285714239,0.2857142857142857,0.8374059741413882,35 to 39 years
4284,23784,0.7588571428571381,0.42857142857142855,0.555464861758923,35 to 39 years
4285,25682,0.7445714285714239,0.2857142857142857,0.9961505755507954,35 to 39 years
4286,25745,0.7731428571428525,0.5714285714285714,0.8401752833573111,35 to 39 years
4287,26828,0.7731428571428525,0.5714285714285714,0.3540290072730903,35 to 39 years
4288,27913,0.7445714285714239,0.2857142857142857,0.09351617279202262,35 to 39 years
4289,22439,0.7445714285714239,0.2857142857142857,0.6397295624464154,35 to 39 years
4290,25408,0.7731428571428525,0.5714285714285714,0.7328040891089888,35 to 39 years
4291,29490,0.801714285714281,0.8571428571428571,0.1683507905525285,35 to 39 years
4292,29477,0.801714285714281,0.8571428571428571,0.43441075616912384,35 to 39 years
4293,21040,0.7874285714285667,0.7142857142857142,0.8420590037351572,35 to 39 years
4294,28916,0.7588571428571381,0.42857142857142855,0.408446120754405,35 to 39 years
4295,21263,0.7588571428571381,0.42857142857142855,0.6259210957252983,35 to 39 years
4296,25627,0.7731428571428525,0.5714285714285714,0.3772866631576578,35 to 39 years
4297,24968,0.7445714285714239,0.2857142857142857,0.2758547105473284,35 to 39 years
4298,21179,0.7445714285714239,0.2857142857142857,0.6827872344564812,35 to 39 years
4299,28930,0.7731428571428525,0.5714285714285714,0.48527648168488224,35 to 39 years
4300,22771,0.7302857142857095,0.14285714285714285,0.2861399980526578,35 to 39 years
4301,27510,0.7445714285714239,0.2857142857142857,0.19059346700391605,35 to 39 years
4302,27254,0.7302857142857095,0.14285714285714285,0.9203763215985379,35 to 39 years
4303,24945,0.7302857142857095,0.14285714285714285,0.46606254121501184,35 to 39 years
4304,28461,0.7874285714285667,0.7142857142857142,0.739711217888339,35 to 39 years
4305,24305,0.7445714285714239,0.2857142857142857,0.13396357245563856,35 to 39 years
4306,26187,0.7731428571428525,0.5714285714285714,0.9621977948341258,35 to 39 years
4307,28173,0.7731428571428525,0.5714285714285714,0.3132554917654046,35 to 39 years
4308,21852,0.7588571428571381,0.42857142857142855,0.34599438543685074,35 to 39 years
4309,29467,0.7731428571428525,0.5714285714285714,0.6209192789655027,35 to 39 years
4310,26612,0.8159999999999953,1.0,0.4562262649522733,35 to 39 years
4311,27742,0.7445714285714239,0.2857142857142857,0.3996170534524118,35 to 39 years
4312,28935,0.7731428571428525,0.5714285714285714,0.06627130209462867,35 to 39 years
4313,23165,0.7731428571428525,0.5714285714285714,0.004757410733908007,35 to 39 years
4314,27063,0.5245552664089981,0.14285714285714285,0.36785162876575095,35 to 39 years
4315,24087,0.7302857142857095,0.14285714285714285,0.5994035317024474,35 to 39 years
4316,20276,0.7445714285714239,0.2857142857142857,0.957817824006044,35 to 39 years
4317,27065,0.801714285714281,0.8571428571428571,0.7976645388461938,35 to 39 years
4318,29686,0.7731428571428525,0.5714285714285714,0.021095630254711395,35 to 39 years
4319,22199,0.7874285714285667,0.7142857142857142,0.2422173885648426,35 to 39 years
4320,20489,0.801714285714281,0.8571428571428571,0.2030939843344497,35 to 39 years
4321,22617,0.8159999999999953,1.0,0.830089907724934,35 to 39 years
4322,28128,0.801714285714281,0.8571428571428571,0.06590153564644441,35 to 39 years
4323,25471,0.7445714285714239,0.2857142857142857,0.6198556061312067,35 to 39 years
4324,26143,0.7445714285714239,0.2857142857142857,0.5470927269493395,35 to 39 years
4325,27839,0.801714285714281,0.8571428571428571,0.12590598482293985,35 to 39 years
4326,23449,0.7588571428571381,0.42857142857142855,0.8469259624847684,35 to 39 years
4327,25805,0.7731428571428525,0.5714285714285714,0.2919488379821189,35 to 39 years
4328,25915,0.7302857142857095,0.14285714285714285,0.6595744295178625,35 to 39 years
4329,21328,0.7731428571428525,0.5714285714285714,0.7105070105453875,35 to 39 years
4330,25301,0.7302857142857095,0.14285714285714285,0.928819554852081,35 to 39 years
4331,25735,0.49026447427031217,0.14285714285714285,0.055864676660257406,35 to 39 years
4332,27023,0.7588571428571381,0.42857142857142855,0.8740310792010288,35 to 39 years
4333,29028,0.7302857142857095,0.14285714285714285,0.3478917437399639,35 to 39 years
4334,27772,0.801714285714281,0.8571428571428571,0.6431004943935512,35 to 39 years
4335,24604,0.7588571428571381,0.42857142857142855,0.6604722014598087,35 to 39 years
4336,21206,0.7588571428571381,0.42857142857142855,0.3820723458763162,35 to 39 years
4337,20173,0.7302857142857095,0.14285714285714285,0.21622597526819043,35 to 39 years
4338,23624,0.7445714285714239,0.2857142857142857,0.12389187289759063,35 to 39 years
4339,27669,0.7731428571428525,0.5714285714285714,0.11510124639941444,35 to 39 years
4340,20502,0.7731428571428525,0.5714285714285714,0.5750842039696922,35 to 39 years
4341,23358,0.7588571428571381,0.42857142857142855,0.74194007766505,35 to 39 years
4342,26697,0.801714285714281,0.8571428571428571,0.18705380732097715,35 to 39 years
4343,27617,0.801714285714281,0.8571428571428571,0.4508541127680903,35 to 39 years
4344,29224,0.7445714285714239,0.2857142857142857,0.5770854547042358,35 to 39 years
4345,22477,0.7445714285714239,0.2857142857142857,0.5946452276081134,35 to 39 years
4346,21756,0.7731428571428525,0.5714285714285714,0.34970012444432164,35 to 39 years
4347,27171,0.7731428571428525,0.5714285714285714,0.7770738366496501,35 to 39 years
4348,25086,0.7445714285714239,0.2857142857142857,0.9771682717337495,35 to 39 years
4349,23891,0.8159999999999953,1.0,0.6190343381609553,35 to 39 years
4350,25907,0.7302857142857095,0.14285714285714285,0.5331283900441356,35 to 39 years
4351,20920,0.7588571428571381,0.42857142857142855,0.6981611792153142,35 to 39 years
4352,28381,0.41655987945150474,0.14285714285714285,0.3916683044228469,35 to 39 years
4353,26904,0.7731428571428525,0.5714285714285714,0.7181599000900813,35 to 39 years
4354,28602,0.7302857142857095,0.14285714285714285,0.09887925726834373,35 to 39 years
4355,23180,0.801714285714281,0.8571428571428571,0.6990201612941902,35 to 39 years
4356,24238,0.801714285714281,0.8571428571428571,0.11355543910649224,35 to 39 years
4357,20370,0.7445714285714239,0.2857142857142857,0.6444078924357536,35 to 39 years
4358,20737,0.801714285714281,0.8571428571428571,0.12677268600097996,35 to 39 years
4359,23171,0.7445714285714239,0.2857142857142857,0.6116128710259066,35 to 39 years
4360,21601,0.7302857142857095,0.14285714285714285,0.3740748869278919,35 to 39 years
4361,25625,0.3330928848697919,0.14285714285714285,0.8106817349705411,35 to 39 years
4362,21986,0.8159999999999953,1.0,0.5676789016068804,35 to 39 years
4363,21625,0.801714285714281,0.8571428571428571,0.7626550449895391,35 to 39 years
4364,29355,0.7731428571428525,0.5714285714285714,0.5116709365346915,35 to 39 years
4365,25439,0.7445714285714239,0.2857142857142857,0.9680596523154379,35 to 39 years
4366,20126,0.801714285714281,0.8571428571428571,0.36022964429805715,35 to 39 years
4367,21538,0.7445714285714239,0.2857142857142857,0.26722959902683147,35 to 39 years
4368,29293,0.801714285714281,0.8571428571428571,0.4551877362153671,35 to 39 years
4369,20862,0.7731428571428525,0.5714285714285714,0.20476390553628415,35 to 39 years
4370,28746,0.7588571428571381,0.42857142857142855,0.7340091369644828,35 to 39 years
4371,24278,0.801714285714281,0.8571428571428571,0.10060648527965704,35 to 39 years
4372,28697,0.7588571428571381,0.42857142857142855,0.32991017656303434,35 to 39 years
4373,22572,0.7445714285714239,0.2857142857142857,0.4647456651170392,35 to 39 years
4374,21251,0.6809304231253156,0.14285714285714285,0.11277452605237931,35 to 39 years
4375,23425,0.7731428571428525,0.5714285714285714,0.8126574178377632,35 to 39 years
4376,29665,0.7302857142857095,0.14285714285714285,0.3771306910199762,35 to 39 years
4377,22533,0.8159999999999953,1.0,0.9332748994915985,35 to 39 years
4378,21947,0.801714285714281,0.8571428571428571,0.32581003606561265,35 to 39 years
4379,20339,0.801714285714281,0.8571428571428571,0.07838753493195783,35 to 39 years
4380,24408,0.7731428571428525,0.5714285714285714,0.2774120819968584,35 to 39 years
4381,22993,0.7445714285714239,0.2857142857142857,0.9473466918258266,35 to 39 years
4382,28713,0.801714285714281,0.8571428571428571,0.0053315926244361656,35 to 39 years
4383,21723,0.7731428571428525,0.5714285714285714,0.29920074148907744,35 to 39 years
4384,26577,0.801714285714281,0.8571428571428571,0.4701086628484383,35 to 39 years
4385,26733,0.7731428571428525,0.5714285714285714,0.8477427115297911,35 to 39 years
4386,20557,0.7302857142857095,0.14285714285714285,0.5056289017676228,35 to 39 years
4387,28347,0.7445714285714239,0.2857142857142857,0.14444268751216938,35 to 39 years
4388,24908,0.7302857142857095,0.14285714285714285,0.08552574158190462,35 to 39 years
4389,28691,0.7302857142857095,0.14285714285714285,0.5597960071349619,35 to 39 years
4390,21919,0.801714285714281,0.8571428571428571,0.6199551984522286,35 to 39 years
4391,24452,0.7731428571428525,0.5714285714285714,0.43514854022494576,35 to 39 years
4392,28227,0.7874285714285667,0.7142857142857142,0.22313102239820143,35 to 39 years
4393,24924,0.8159999999999953,1.0,0.4570945426489275,35 to 39 years
4394,20317,0.7445714285714239,0.2857142857142857,0.5319415219109038,35 to 39 years
4395,20148,0.8159999999999953,1.0,0.8429299515403137,35 to 39 years
4396,25609,0.7874285714285667,0.7142857142857142,0.3748132086215855,35 to 39 years
4397,27668,0.801714285714281,0.8571428571428571,0.755903729878891,35 to 39 years
4398,26220,0.7731428571428525,0.5714285714285714,0.6538775831164128,35 to 39 years
4399,23287,0.7445714285714239,0.2857142857142857,0.10050005879172347,35 to 39 years
4400,23035,0.7731428571428525,0.5714285714285714,0.4685847180573607,35 to 39 years
4401,26797,0.7731428571428525,0.5714285714285714,0.952488096031084,35 to 39 years
4402,21254,0.7445714285714239,0.2857142857142857,0.5504064765139751,35 to 39 years
4403,20312,0.7302857142857095,0.14285714285714285,0.6648253419881716,35 to 39 years
4404,25259,0.801714285714281,0.8571428571428571,0.05455513805667922,35 to 39 years
4405,24553,0.7874285714285667,0.7142857142857142,0.7092680796236343,35 to 39 years
4406,24343,0.7302857142857095,0.14285714285714285,0.8025418482250772,35 to 39 years
4407,24045,0.7445714285714239,0.2857142857142857,0.6433479456256083,35 to 39 years
4408,29791,0.4163398233196216,0.14285714285714285,0.14833238696173523,35 to 39 years
4409,25986,0.7731428571428525,0.5714285714285714,0.3302774056398273,35 to 39 years
4410,28327,0.7445714285714239,0.2857142857142857,0.46504867233298675,35 to 39 years
4411,29169,0.7874285714285667,0.7142857142857142,0.19775554022280878,35 to 39 years
4412,20883,0.7731428571428525,0.5714285714285714,0.1495193038510717,35 to 39 years
4413,21744,0.801714285714281,0.8571428571428571,0.7723475396442105,35 to 39 years
4414,21063,0.5420356878944651,0.14285714285714285,0.727803083040256,35 to 39 years
4415,23860,0.7588571428571381,0.42857142857142855,0.2658418441374291,35 to 39 years
4416,26280,0.801714285714281,0.8571428571428571,0.06400670429170924,35 to 39 years
4417,26273,0.801714285714281,0.8571428571428571,0.22220893150828608,35 to 39 years
4418,22555,0.7588571428571381,0.42857142857142855,0.7849999376866309,35 to 39 years
4419,29239,0.18379491772904039,0.2857142857142857,0.8712751733553719,35 to 39 years
4420,22999,0.7302857142857095,0.14285714285714285,0.2814884413310736,35 to 39 years
4421,24811,0.7874285714285667,0.7142857142857142,0.9068350833544901,35 to 39 years
4422,22871,0.7445714285714239,0.2857142857142857,0.5501515918883357,35 to 39 years
4423,26776,0.7588571428571381,0.42857142857142855,0.5757479364175371,35 to 39 years
4424,23420,0.7588571428571381,0.42857142857142855,0.46695873124465687,35 to 39 years
4425,21749,0.801714285714281,0.8571428571428571,0.6090476825679568,35 to 39 years
4426,28824,0.801714285714281,0.8571428571428571,0.3588319015257821,35 to 39 years
4427,24094,0.26091771005533465,0.14285714285714285,0.39072313678154935,35 to 39 years
4428,22046,0.7588571428571381,0.42857142857142855,0.6716713138325019,35 to 39 years
4429,20083,0.7445714285714239,0.2857142857142857,0.4767677345748918,35 to 39 years
4430,22582,0.7445714285714239,0.2857142857142857,0.3188613002986826,35 to 39 years
4431,24454,0.1773113656256262,0.2857142857142857,0.00719336533800452,35 to 39 years
4432,26006,0.801714285714281,0.8571428571428571,0.3148917027693682,35 to 39 years
4433,29236,0.7445714285714239,0.2857142857142857,0.8740919170641201,35 to 39 years
4434,21045,0.7588571428571381,0.42857142857142855,0.8793859246935412,35 to 39 years
4435,23177,0.7588571428571381,0.42857142857142855,0.10658973478557826,35 to 39 years
4436,23447,0.8159999999999953,1.0,0.8615194721756453,35 to 39 years
4437,23578,0.7731428571428525,0.5714285714285714,0.6379439225562277,35 to 39 years
4438,21199,0.801714285714281,0.8571428571428571,0.7481963030213292,35 to 39 years
4439,24889,0.7731428571428525,0.5714285714285714,0.17358849798869352,35 to 39 years
4440,29187,0.7731428571428525,0.5714285714285714,0.09025499521215868,35 to 39 years
4441,21193,0.801714285714281,0.8571428571428571,0.5567166082241386,35 to 39 years
4442,25128,0.7445714285714239,0.2857142857142857,0.33739882306529867,35 to 39 years
4443,28354,0.7445714285714239,0.2857142857142857,0.6818438412509099,35 to 39 years
4444,29771,0.7588571428571381,0.42857142857142855,0.43189331332897796,35 to 39 years
4445,21398,0.7302857142857095,0.14285714285714285,0.45554335044184213,35 to 39 years
4446,27072,0.25041246684405394,0.14285714285714285,0.5144865547754915,35 to 39 years
4447,20811,0.7445714285714239,0.2857142857142857,0.00207007458966757,35 to 39 years
4448,25099,0.8159999999999953,1.0,0.19432210123272858,35 to 39 years
4449,26229,0.7731428571428525,0.5714285714285714,0.6943308473703803,35 to 39 years
4450,26782,0.18566309841474016,0.14285714285714285,0.20161199177416245,35 to 39 years
4451,24267,0.7588571428571381,0.42857142857142855,0.5947230569497697,35 to 39 years
4452,23428,0.7731428571428525,0.5714285714285714,0.06920605279561093,35 to 39 years
4453,28069,0.801714285714281,0.8571428571428571,0.5509043500646883,35 to 39 years
4454,23909,0.7302857142857095,0.14285714285714285,0.9876557736379575,35 to 39 years
4455,28501,0.7731428571428525,0.5714285714285714,0.4886107693762578,35 to 39 years
4456,24431,0.7588571428571381,0.42857142857142855,0.32256161686428786,35 to 39 years
4457,20326,0.7302857142857095,0.14285714285714285,0.15603285708673964,35 to 39 years
4458,22991,0.8159999999999953,1.0,0.19188683036586685,35 to 39 years
4459,20571,0.7445714285714239,0.2857142857142857,0.9624181391523836,35 to 39 years
4460,24677,0.7445714285714239,0.2857142857142857,0.6714174088091897,35 to 39 years
4461,28140,0.7588571428571381,0.42857142857142855,0.9144219551601004,35 to 39 years
4462,23518,0.7731428571428525,0.5714285714285714,0.37987954956593395,35 to 39 years
4463,27181,0.7588571428571381,0.42857142857142855,0.20250165423778288,35 to 39 years
4464,25906,0.7731428571428525,0.5714285714285714,0.9940154358333491,35 to 39 years
4465,22940,0.801714285714281,0.8571428571428571,0.9900288055110544,35 to 39 years
4466,27957,0.7588571428571381,0.42857142857142855,0.36657071038140476,35 to 39 years
4467,27766,0.3601843826210405,0.14285714285714285,0.74607400548544,35 to 39 years
4468,29548,0.8159999999999953,1.0,0.40385231233330426,35 to 39 years
4469,29624,0.7731428571428525,0.5714285714285714,0.8831939978196242,35 to 39 years
4470,26543,0.7445714285714239,0.2857142857142857,0.3395944446974791,35 to 39 years
4471,29620,0.8159999999999953,1.0,0.4201783519040459,35 to 39 years
4472,26857,0.7302857142857095,0.14285714285714285,0.05831592189183338,35 to 39 years
4473,28845,0.801714285714281,0.8571428571428571,0.7536015073973086,35 to 39 years
4474,23898,0.7731428571428525,0.5714285714285714,0.47793412192188284,35 to 39 years
4475,26662,0.7731428571428525,0.5714285714285714,0.2330680540728053,35 to 39 years
4476,26013,0.1983060033449892,0.14285714285714285,0.11689187003152679,35 to 39 years
4477,21240,0.7302857142857095,0.14285714285714285,0.8864497089100692,35 to 39 years
4478,29136,0.7302857142857095,0.14285714285714285,0.6747022449852327,35 to 39 years
4479,29130,0.7445714285714239,0.2857142857142857,0.2910886998524481,35 to 39 years
4480,21064,0.7302857142857095,0.14285714285714285,0.5814321796932966,35 to 39 years
4481,24160,0.8159999999999953,1.0,0.26489010017212455,35 to 39 years
4482,25111,0.8159999999999953,1.0,0.7923790643921365,35 to 39 years
4483,23354,0.8159999999999953,1.0,0.522140931517309,35 to 39 years
4484,29846,0.7731428571428525,0.5714285714285714,0.637240211583813,35 to 39 years
4485,22531,0.7302857142857095,0.14285714285714285,0.7165770724638896,35 to 39 years
4486,28547,0.7445714285714239,0.2857142857142857,0.1079704676030544,35 to 39 years
4487,24867,0.7445714285714239,0.2857142857142857,0.36386968141870535,35 to 39 years
4488,20271,0.7731428571428525,0.5714285714285714,0.6222772990612823,35 to 39 years
4489,23314,0.7731428571428525,0.5714285714285714,0.3124732814098353,35 to 39 years
4490,29235,0.7302857142857095,0.14285714285714285,0.5123707066363403,35 to 39 years
4491,25887,0.7445714285714239,0.2857142857142857,0.6335196957662426,35 to 39 years
4492,22658,0.7731428571428525,0.5714285714285714,0.8439699368567486,35 to 39 years
4493,20987,0.7302857142857095,0.14285714285714285,0.9982672704571465,35 to 39 years
4494,23881,0.7302857142857095,0.14285714285714285,0.45327452237764004,35 to 39 years
4495,29517,0.8159999999999953,1.0,0.8094665381064998,35 to 39 years
4496,29462,0.7731428571428525,0.5714285714285714,0.5354298467991866,35 to 39 years
4497,20736,0.7731428571428525,0.5714285714285714,0.5719548380373408,35 to 39 years
4498,29798,0.7302857142857095,0.14285714285714285,0.34962468393282176,35 to 39 years
4499,26597,0.801714285714281,0.8571428571428571,0.10985853137436963,35 to 39 years
4500,28936,0.7731428571428525,0.5714285714285714,0.22590666417748728,35 to 39 years
4501,29783,0.7445714285714239,0.2857142857142857,0.5176980158584535,35 to 39 years
4502,27934,0.7445714285714239,0.2857142857142857,0.3687849614453006,35 to 39 years
4503,29043,0.7588571428571381,0.42857142857142855,0.8260983324921839,35 to 39 years
4504,25446,0.801714285714281,0.8571428571428571,0.08560113127540592,35 to 39 years
4505,29827,0.801714285714281,0.8571428571428571,0.5476783966623345,35 to 39 years
4506,23414,0.801714285714281,0.8571428571428571,0.23683180914387347,35 to 39 years
4507,24186,0.7302857142857095,0.14285714285714285,0.8682033161511635,35 to 39 years
4508,25430,0.7302857142857095,0.14285714285714285,0.14416003744944028,35 to 39 years
4509,29358,0.7445714285714239,0.2857142857142857,0.09513556278914254,35 to 39 years
4510,24374,0.7445714285714239,0.2857142857142857,0.8783081273764535,35 to 39 years
4511,26698,0.7731428571428525,0.5714285714285714,0.4600086972661604,35 to 39 years
4512,24816,0.7302857142857095,0.14285714285714285,0.8947029363004636,35 to 39 years
4513,25784,0.7445714285714239,0.2857142857142857,0.22131678362433993,35 to 39 years
4514,22323,0.7588571428571381,0.42857142857142855,0.2920173924371665,35 to 39 years
4515,27806,0.7445714285714239,0.2857142857142857,0.6099130185691777,35 to 39 years
4516,26937,0.7588571428571381,0.42857142857142855,0.08019964577596272,35 to 39 years
4517,25993,0.801714285714281,0.8571428571428571,0.2804529399183855,35 to 39 years
4518,29544,0.801714285714281,0.8571428571428571,0.5626464410755196,35 to 39 years
4519,22282,0.801714285714281,0.8571428571428571,0.9185731082555627,35 to 39 years
4520,29284,0.3785078643179366,0.14285714285714285,0.5814225910883658,35 to 39 years
4521,27699,0.26525356360590646,0.14285714285714285,0.08245175044830078,35 to 39 years
4522,23318,0.7731428571428525,0.5714285714285714,0.7404104111997807,35 to 39 years
4523,29317,0.7588571428571381,0.42857142857142855,0.7926348108232183,35 to 39 years
4524,24567,0.7445714285714239,0.2857142857142857,0.9667616136377927,35 to 39 years
4525,27307,0.7445714285714239,0.2857142857142857,0.7047085991364277,35 to 39 years
4526,27774,0.7302857142857095,0.14285714285714285,0.5611366434552152,35 to 39 years
4527,23412,0.7445714285714239,0.2857142857142857,0.38512904657152663,35 to 39 years
4528,26663,0.7302857142857095,0.14285714285714285,0.6752219865355649,35 to 39 years
4529,23806,0.7731428571428525,0.5714285714285714,0.1971415728683547,35 to 39 years
4530,23047,0.7731428571428525,0.5714285714285714,0.3311984501431122,35 to 39 years
4531,25275,0.801714285714281,0.8571428571428571,0.17163520131305782,35 to 39 years
4532,20204,0.801714285714281,0.8571428571428571,0.7891746042769996,35 to 39 years
4533,24246,0.7445714285714239,0.2857142857142857,0.40989197504634967,35 to 39 years
4534,23611,0.7731428571428525,0.5714285714285714,0.12783974663598163,35 to 39 years
4535,27843,0.7445714285714239,0.2857142857142857,0.340094564684059,35 to 39 years
4536,26915,0.801714285714281,0.8571428571428571,0.4641898418233511,35 to 39 years
4537,26468,0.8159999999999953,1.0,0.4306830008147644,35 to 39 years
4538,28569,0.7302857142857095,0.14285714285714285,0.012421832994708337,35 to 39 years
4539,21171,0.7588571428571381,0.42857142857142855,0.3637595751964682,35 to 39 years
4540,25926,0.801714285714281,0.8571428571428571,0.34173350863027313,35 to 39 years
4541,27550,0.3612283856043723,0.2857142857142857,0.2605541755471033,35 to 39 years
4542,29274,0.7731428571428525,0.5714285714285714,0.7443052902878314,35 to 39 years
4543,28590,0.7302857142857095,0.14285714285714285,0.316038630379383,35 to 39 years
4544,25138,0.7731428571428525,0.5714285714285714,0.5093117776683136,35 to 39 years
4545,29221,0.7445714285714239,0.2857142857142857,0.7069973342842637,35 to 39 years
4546,24679,0.7445714285714239,0.2857142857142857,0.030431308694072623,35 to 39 years
4547,29253,0.7731428571428525,0.5714285714285714,0.5483675714025491,35 to 39 years
4548,27731,0.8159999999999953,1.0,0.08105257103970759,35 to 39 years
4549,22177,0.7731428571428525,0.5714285714285714,0.05946580777832383,35 to 39 years
4550,26383,0.801714285714281,0.8571428571428571,0.824353484010613,35 to 39 years
4551,23600,0.7445714285714239,0.2857142857142857,0.4606767185055689,35 to 39 years
4552,23720,0.801714285714281,0.8571428571428571,0.9892985451779409,35 to 39 years
4553,27417,0.8159999999999953,1.0,0.20833275372291188,35 to 39 years
4554,25169,0.7302857142857095,0.14285714285714285,0.06426741233735711,35 to 39 years
4555,23244,0.801714285714281,0.8571428571428571,0.7155805838494057,35 to 39 years
4556,26380,0.7731428571428525,0.5714285714285714,0.5875961443174571,35 to 39 years
4557,22726,0.7731428571428525,0.5714285714285714,0.4155149814133512,35 to 39 years
4558,20831,0.7731428571428525,0.5714285714285714,0.2307657805432265,35 to 39 years
4559,28619,0.7731428571428525,0.5714285714285714,0.27224774792135636,35 to 39 years
4560,20390,0.801714285714281,0.8571428571428571,0.5364004736564161,35 to 39 years
4561,26173,0.38970424477899807,0.14285714285714285,0.22674836562453965,35 to 39 years
4562,22706,0.801714285714281,0.8571428571428571,0.12994131359392969,35 to 39 years
4563,22469,0.801714285714281,0.8571428571428571,0.6722447211102682,35 to 39 years
4564,25269,0.7302857142857095,0.14285714285714285,0.11982012852510188,35 to 39 years
4565,29495,0.8159999999999953,1.0,0.9021744333939401,35 to 39 years
4566,20917,0.7731428571428525,0.5714285714285714,0.5450458311526296,35 to 39 years
4567,28511,0.7302857142857095,0.14285714285714285,0.4847820550837637,35 to 39 years
4568,28227,0.7644285714283888,0.7142857142857142,0.22313102239820143,40 to 44 years
4569,21382,0.7929999999998174,1.0,0.5980018180479255,40 to 44 years
4570,26189,0.3745674337351793,0.2857142857142857,0.20332016946657566,40 to 44 years
4571,24068,0.7072857142855317,0.14285714285714285,0.06343360173650381,40 to 44 years
4572,20981,0.721571428571246,0.2857142857142857,0.6767250792570798,40 to 44 years
4573,23752,0.7787142857141032,0.8571428571428571,0.1416565767765645,40 to 44 years
4574,21440,0.721571428571246,0.2857142857142857,0.6097910967587353,40 to 44 years
4575,24794,0.7929999999998174,1.0,0.11383338500870255,40 to 44 years
4576,23534,0.7929999999998174,1.0,0.6329336250593016,40 to 44 years
4577,29280,0.721571428571246,0.2857142857142857,0.7515810258964235,40 to 44 years
4578,25217,0.7644285714283888,0.7142857142857142,0.4588378455391547,40 to 44 years
4579,28648,0.22021313095040745,0.14285714285714285,0.04086057314676961,40 to 44 years
4580,22705,0.7072857142855317,0.14285714285714285,0.19532181546577854,40 to 44 years
4581,28020,0.721571428571246,0.2857142857142857,0.6048128540672174,40 to 44 years
4582,20807,0.7787142857141032,0.8571428571428571,0.482500159633216,40 to 44 years
4583,27999,0.721571428571246,0.2857142857142857,0.8937079979211535,40 to 44 years
4584,22687,0.7787142857141032,0.8571428571428571,0.19134413454338134,40 to 44 years
4585,27672,0.721571428571246,0.2857142857142857,0.59388119293459,40 to 44 years
4586,26647,0.7072857142855317,0.14285714285714285,0.3980548603758393,40 to 44 years
4587,29320,0.7929999999998174,1.0,0.38209161346548226,40 to 44 years
4588,20239,0.7787142857141032,0.8571428571428571,0.40605570735212315,40 to 44 years
4589,20772,0.2929626873042704,0.14285714285714285,0.56673317725252,40 to 44 years
4590,23629,0.47242462807229263,0.14285714285714285,0.1285212176899505,40 to 44 years
4591,22667,0.721571428571246,0.2857142857142857,0.6455169841791485,40 to 44 years
4592,20853,0.7787142857141032,0.8571428571428571,0.8119177256682688,40 to 44 years
4593,20298,0.7501428571426746,0.5714285714285714,0.6467430281341455,40 to 44 years
4594,24030,0.7929999999998174,1.0,0.8794931339965126,40 to 44 years
4595,23515,0.7644285714283888,0.7142857142857142,0.6949140666935926,40 to 44 years
4596,22923,0.7072857142855317,0.14285714285714285,0.5236032055265747,40 to 44 years
4597,28158,0.7072857142855317,0.14285714285714285,0.8134874337843081,40 to 44 years
4598,24482,0.4803976339893042,0.14285714285714285,0.11937968682867733,40 to 44 years
4599,25772,0.7072857142855317,0.14285714285714285,0.39752772831006905,40 to 44 years
4600,28494,0.7787142857141032,0.8571428571428571,0.6967260592137239,40 to 44 years
4601,20290,0.7501428571426746,0.5714285714285714,0.300787688992388,40 to 44 years
4602,20719,0.5327277083966571,0.2857142857142857,0.22658936996567375,40 to 44 years
4603,27829,0.7072857142855317,0.14285714285714285,0.8923191668358031,40 to 44 years
4604,22558,0.721571428571246,0.2857142857142857,0.3768608797704598,40 to 44 years
4605,29444,0.7072857142855317,0.14285714285714285,0.18991985334331757,40 to 44 years
4606,26854,0.7501428571426746,0.5714285714285714,0.5840209017394645,40 to 44 years
4607,23852,0.7787142857141032,0.8571428571428571,0.6801260934762772,40 to 44 years
4608,21181,0.7072857142855317,0.14285714285714285,0.8022880414020647,40 to 44 years
4609,21367,0.5594682921695994,1.0,0.0003887660884354105,40 to 44 years
4610,24382,0.7787142857141032,0.8571428571428571,0.6529246200106087,40 to 44 years
4611,22908,0.7929999999998174,1.0,0.29669338141147544,40 to 44 years
4612,26427,0.721571428571246,0.2857142857142857,0.5075681349170591,40 to 44 years
4613,25797,0.7501428571426746,0.5714285714285714,0.7639524004840279,40 to 44 years
4614,29961,0.7501428571426746,0.5714285714285714,0.5361058012409429,40 to 44 years
4615,26154,0.7787142857141032,0.8571428571428571,0.5487132531830196,40 to 44 years
4616,28819,0.7072857142855317,0.14285714285714285,0.4719394478158153,40 to 44 years
4617,27800,0.7787142857141032,0.8571428571428571,0.1042264109598407,40 to 44 years
4618,29008,0.12382581177255592,0.14285714285714285,0.8405259618407364,40 to 44 years
4619,21891,0.34221944170379426,0.2857142857142857,0.5427181807461233,40 to 44 years
4620,25341,0.7929999999998174,1.0,0.3370784678294526,40 to 44 years
4621,20032,0.7644285714283888,0.7142857142857142,0.41499507078100006,40 to 44 years
4622,21776,0.7072857142855317,0.14285714285714285,0.860789363160068,40 to 44 years
4623,25644,0.7072857142855317,0.14285714285714285,0.6661273813962404,40 to 44 years
4624,28839,0.7358571428569602,0.42857142857142855,0.3797675560281517,40 to 44 years
4625,28101,0.7501428571426746,0.5714285714285714,0.5367103741415611,40 to 44 years
4626,21532,0.7644285714283888,0.7142857142857142,0.4020668020423941,40 to 44 years
4627,25818,0.7358571428569602,0.42857142857142855,0.6790617660119359,40 to 44 years
4628,21710,0.7072857142855317,0.14285714285714285,0.6802097786007815,40 to 44 years
4629,24514,0.18979571397740985,0.14285714285714285,0.09512722258746009,40 to 44 years
4630,28183,0.7501428571426746,0.5714285714285714,0.09435284663773941,40 to 44 years
4631,26417,0.4326636118616612,0.2857142857142857,0.9099331495737115,40 to 44 years
4632,27439,0.721571428571246,0.2857142857142857,0.2767404465028657,40 to 44 years
4633,21741,0.7501428571426746,0.5714285714285714,0.6015947418161828,40 to 44 years
4634,28062,0.7787142857141032,0.8571428571428571,0.07821208702341803,40 to 44 years
4635,26192,0.7501428571426746,0.5714285714285714,0.40739522265904915,40 to 44 years
4636,29498,0.721571428571246,0.2857142857142857,0.10207657749971516,40 to 44 years
4637,21144,0.7644285714283888,0.7142857142857142,0.7480435509971155,40 to 44 years
4638,23644,0.7072857142855317,0.14285714285714285,0.23498658082232338,40 to 44 years
4639,24407,0.6381522284971635,0.14285714285714285,0.4422096073771417,40 to 44 years
4640,25640,0.7787142857141032,0.8571428571428571,0.3164559799355168,40 to 44 years
4641,27947,0.7644285714283888,0.7142857142857142,0.6883262110153374,40 to 44 years
4642,29182,0.721571428571246,0.2857142857142857,0.8891239657762384,40 to 44 years
4643,29425,0.7072857142855317,0.14285714285714285,0.9999706191961444,40 to 44 years
4644,29806,0.7929999999998174,1.0,0.3435735823021288,40 to 44 years
4645,27304,0.7501428571426746,0.5714285714285714,0.5193426613219622,40 to 44 years
4646,21831,0.7501428571426746,0.5714285714285714,0.3783315558687827,40 to 44 years
4647,22706,0.7787142857141032,0.8571428571428571,0.12994131359392969,40 to 44 years
4648,24573,0.7072857142855317,0.14285714285714285,0.8951535165644544,40 to 44 years
4649,23841,0.7358571428569602,0.42857142857142855,0.6290145005059392,40 to 44 years
4650,26890,0.7358571428569602,0.42857142857142855,0.7220361733406793,40 to 44 years
4651,23917,0.721571428571246,0.2857142857142857,0.6011971263762356,40 to 44 years
4652,25099,0.7929999999998174,1.0,0.19432210123272858,40 to 44 years
4653,24138,0.7072857142855317,0.14285714285714285,0.4314141859476489,40 to 44 years
4654,29545,0.2362389519286243,0.14285714285714285,0.2553104938078835,40 to 44 years
4655,23053,0.7787142857141032,0.8571428571428571,0.11178682164620118,40 to 44 years
4656,25034,0.721571428571246,0.2857142857142857,0.7365217968477922,40 to 44 years
4657,27193,0.3191355017540021,0.2857142857142857,0.016259700319670944,40 to 44 years
4658,22721,0.721571428571246,0.2857142857142857,0.4127024706632464,40 to 44 years
4659,27309,0.7358571428569602,0.42857142857142855,0.48230357902035415,40 to 44 years
4660,25987,0.19723738627155304,0.14285714285714285,0.5631901200852357,40 to 44 years
4661,21069,0.7787142857141032,0.8571428571428571,0.38670212839413487,40 to 44 years
4662,27040,0.721571428571246,0.2857142857142857,0.012247144583920622,40 to 44 years
4663,28144,0.721571428571246,0.2857142857142857,0.8949622421689291,40 to 44 years
4664,23081,0.7787142857141032,0.8571428571428571,0.3333495313395912,40 to 44 years
4665,28505,0.7358571428569602,0.42857142857142855,0.014898582761489365,40 to 44 years
4666,22412,0.7929999999998174,1.0,0.37348028345429296,40 to 44 years
4667,23131,0.721571428571246,0.2857142857142857,0.30432035062858454,40 to 44 years
4668,29157,0.721571428571246,0.2857142857142857,0.30825009770971495,40 to 44 years
4669,21528,0.7501428571426746,0.5714285714285714,0.8120168563768555,40 to 44 years
4670,29067,0.7501428571426746,0.5714285714285714,0.3732729754204904,40 to 44 years
4671,25678,0.721571428571246,0.2857142857142857,0.8371708369411888,40 to 44 years
4672,26006,0.7787142857141032,0.8571428571428571,0.3148917027693682,40 to 44 years
4673,27299,0.7072857142855317,0.14285714285714285,0.8087968502781215,40 to 44 years
4674,24995,0.721571428571246,0.2857142857142857,0.3420289506178405,40 to 44 years
4675,28757,0.7358571428569602,0.42857142857142855,0.04004773938828876,40 to 44 years
4676,28639,0.7929999999998174,1.0,0.0341351831444483,40 to 44 years
4677,23907,0.7787142857141032,0.8571428571428571,0.3128056573276325,40 to 44 years
4678,28543,0.7929999999998174,1.0,0.6314687222230304,40 to 44 years
4679,24220,0.7072857142855317,0.14285714285714285,0.7250165193698974,40 to 44 years
4680,25565,0.24183255307017673,0.14285714285714285,0.5887796308741411,40 to 44 years
4681,27293,0.28824394964466465,0.2857142857142857,0.11019565323620023,40 to 44 years
4682,28811,0.7358571428569602,0.42857142857142855,0.90159150056653,40 to 44 years
4683,22158,0.7072857142855317,0.14285714285714285,0.35630111231528316,40 to 44 years
4684,26516,0.7929999999998174,1.0,0.37889329819097833,40 to 44 years
4685,23474,0.721571428571246,0.2857142857142857,0.08147750784171742,40 to 44 years
4686,24990,0.7501428571426746,0.5714285714285714,0.15607568520152992,40 to 44 years
4687,23036,0.7929999999998174,1.0,0.13406743160827883,40 to 44 years
4688,27926,0.7787142857141032,0.8571428571428571,0.9954667539822708,40 to 44 years
4689,23573,0.7072857142855317,0.14285714285714285,0.2830228998011567,40 to 44 years
4690,29982,0.721571428571246,0.2857142857142857,0.6142853105385606,40 to 44 years
4691,20107,0.10888537782670853,0.42857142857142855,0.16046193740449638,40 to 44 years
4692,24304,0.7787142857141032,0.8571428571428571,0.9612823611979251,40 to 44 years
4693,26991,0.7929999999998174,1.0,0.6598331065930028,40 to 44 years
4694,29734,0.7072857142855317,0.14285714285714285,0.44119388151260774,40 to 44 years
4695,29030,0.005254934805352471,0.14285714285714285,0.013462122305256452,40 to 44 years
4696,28001,0.7501428571426746,0.5714285714285714,0.8989313149478291,40 to 44 years
4697,26480,0.40989709914333516,0.2857142857142857,0.9507178658711961,40 to 44 years
4698,21728,0.4063108516267358,0.2857142857142857,0.4337498122166889,40 to 44 years
4699,20320,0.7072857142855317,0.14285714285714285,0.24047048129898718,40 to 44 years
4700,27516,0.7644285714283888,0.7142857142857142,0.23538708315168216,40 to 44 years
4701,29930,0.7358571428569602,0.42857142857142855,0.7323660231449569,40 to 44 years
4702,27135,0.7501428571426746,0.5714285714285714,0.261320066983196,40 to 44 years
4703,26954,0.721571428571246,0.2857142857142857,0.956773049530389,40 to 44 years
4704,23795,0.7358571428569602,0.42857142857142855,0.3487040449265992,40 to 44 years
4705,25586,0.7929999999998174,1.0,0.9070115485820027,40 to 44 years
4706,25391,0.11720723859002764,0.14285714285714285,0.28997737442683924,40 to 44 years
4707,28532,0.5051068223673799,0.2857142857142857,0.5097285909092555,40 to 44 years
4708,25703,0.721571428571246,0.2857142857142857,0.38508365979990844,40 to 44 years
4709,27998,0.7644285714283888,0.7142857142857142,0.7914500692659315,40 to 44 years
4710,23042,0.7358571428569602,0.42857142857142855,0.5009476803020706,40 to 44 years
4711,23961,0.7644285714283888,0.7142857142857142,0.583903272663835,40 to 44 years
4712,27022,0.7501428571426746,0.5714285714285714,0.6081150923464064,40 to 44 years
4713,25657,0.721571428571246,0.2857142857142857,0.4478053998783059,40 to 44 years
4714,21080,0.7501428571426746,0.5714285714285714,0.6761756825605071,40 to 44 years
4715,24926,0.721571428571246,0.2857142857142857,0.8789300638696628,40 to 44 years
4716,25976,0.7501428571426746,0.5714285714285714,0.8330965813437998,40 to 44 years
4717,29154,0.7929999999998174,1.0,0.3377348774730533,40 to 44 years
4718,23372,0.7358571428569602,0.42857142857142855,0.22948076279883117,40 to 44 years
4719,21787,0.7501428571426746,0.5714285714285714,0.8193948265918211,40 to 44 years
4720,26459,0.721571428571246,0.2857142857142857,0.48289959499129176,40 to 44 years
4721,29298,0.7501428571426746,0.5714285714285714,0.9290192980590619,40 to 44 years
4722,21297,0.4437775710037432,0.42857142857142855,0.06404183394293012,40 to 44 years
4723,26981,0.7501428571426746,0.5714285714285714,0.6351630306964146,40 to 44 years
4724,22593,0.721571428571246,0.2857142857142857,0.8813961507606848,40 to 44 years
4725,26724,0.7787142857141032,0.8571428571428571,0.14030228837568898,40 to 44 years
4726,24183,0.7501428571426746,0.5714285714285714,0.44897353253011363,40 to 44 years
4727,24709,0.721571428571246,0.2857142857142857,0.6138513460874921,40 to 44 years
4728,25968,0.7358571428569602,0.42857142857142855,0.5400491396223454,40 to 44 years
4729,20848,0.721571428571246,0.2857142857142857,0.7407932208299073,40 to 44 years
4730,28824,0.7787142857141032,0.8571428571428571,0.3588319015257821,40 to 44 years
4731,28279,0.7501428571426746,0.5714285714285714,0.888685932055579,40 to 44 years
4732,28851,0.7072857142855317,0.14285714285714285,0.8935515232233904,40 to 44 years
4733,29235,0.7072857142855317,0.14285714285714285,0.5123707066363403,40 to 44 years
4734,28428,0.7787142857141032,0.8571428571428571,0.7712089496015517,40 to 44 years
4735,28593,0.7787142857141032,0.8571428571428571,0.08858551076591636,40 to 44 years
4736,21250,0.7644285714283888,0.7142857142857142,0.7406269291871845,40 to 44 years
4737,21837,0.7072857142855317,0.14285714285714285,0.35445639328309464,40 to 44 years
4738,29664,0.1398269522368635,0.14285714285714285,0.4507777036779774,40 to 44 years
4739,22521,0.7358571428569602,0.42857142857142855,0.666911167452976,40 to 44 years
4740,20716,0.7787142857141032,0.8571428571428571,0.2380631076547695,40 to 44 years
4741,28843,0.7501428571426746,0.5714285714285714,0.626856280945804,40 to 44 years
4742,22880,0.2710145554964583,0.2857142857142857,0.3941028507317418,40 to 44 years
4743,21570,0.721571428571246,0.2857142857142857,0.25574987056302245,40 to 44 years
4744,25916,0.721571428571246,0.2857142857142857,0.06816891878069048,40 to 44 years
4745,26542,0.721571428571246,0.2857142857142857,0.5347278178672408,40 to 44 years
4746,26782,0.16266309841456225,0.14285714285714285,0.20161199177416245,40 to 44 years
4747,28171,0.7501428571426746,0.5714285714285714,0.1534165600490745,40 to 44 years
4748,22606,0.7787142857141032,0.8571428571428571,0.8689102211028463,40 to 44 years
4749,23944,0.7501428571426746,0.5714285714285714,0.23587484355140625,40 to 44 years
4750,27287,0.7929999999998174,1.0,0.9047882566015595,40 to 44 years
4751,22841,0.721571428571246,0.2857142857142857,0.9261384389007343,40 to 44 years
4752,21679,0.721571428571246,0.2857142857142857,0.6665039166755049,40 to 44 years
4753,22281,0.721571428571246,0.2857142857142857,0.26604739361152924,40 to 44 years
4754,26600,0.7358571428569602,0.42857142857142855,0.7277759980317229,40 to 44 years
4755,22714,0.721571428571246,0.2857142857142857,0.2545158973462909,40 to 44 years
4756,24934,0.721571428571246,0.2857142857142857,0.06751181416716562,40 to 44 years
4757,21411,0.7644285714283888,0.7142857142857142,0.3961855244289003,40 to 44 years
4758,27175,0.7501428571426746,0.5714285714285714,0.6834952180867715,40 to 44 years
4759,23821,0.7072857142855317,0.14285714285714285,0.5524931122264914,40 to 44 years
4760,21110,0.7787142857141032,0.8571428571428571,0.6210917257468498,40 to 44 years
4761,28659,0.7787142857141032,0.8571428571428571,0.03057297926086544,40 to 44 years
4762,25515,0.7929999999998174,1.0,0.12126763984610361,40 to 44 years
4763,27692,0.7787142857141032,0.8571428571428571,0.32619665931698816,40 to 44 years
4764,25178,0.721571428571246,0.2857142857142857,0.21957314346299495,40 to 44 years
4765,28489,0.721571428571246,0.2857142857142857,0.5044172652354248,40 to 44 years
4766,29021,0.721571428571246,0.2857142857142857,0.7677078370165955,40 to 44 years
4767,29390,0.7501428571426746,0.5714285714285714,0.878870000811898,40 to 44 years
4768,22239,0.7501428571426746,0.5714285714285714,0.8292402084943568,40 to 44 years
4769,23047,0.7501428571426746,0.5714285714285714,0.3311984501431122,40 to 44 years
4770,29518,0.7787142857141032,0.8571428571428571,0.6546256029270435,40 to 44 years
4771,23516,0.7644285714283888,0.7142857142857142,0.33395437282564444,40 to 44 years
4772,25679,0.41769052070151796,0.2857142857142857,0.22022405894682284,40 to 44 years
4773,20798,0.721571428571246,0.2857142857142857,0.481261525791832,40 to 44 years
4774,28641,0.7072857142855317,0.14285714285714285,0.35241355824284537,40 to 44 years
4775,27619,0.7072857142855317,0.14285714285714285,0.29120342500050567,40 to 44 years
4776,26284,0.721571428571246,0.2857142857142857,0.9712593775849394,40 to 44 years
4777,21128,0.7358571428569602,0.42857142857142855,0.18718309232250835,40 to 44 years
4778,23802,0.7787142857141032,0.8571428571428571,0.3144695092880092,40 to 44 years
4779,27100,0.7929999999998174,1.0,0.6886246956998807,40 to 44 years
4780,26007,0.7787142857141032,0.8571428571428571,0.2690573196807293,40 to 44 years
4781,21430,0.7358571428569602,0.42857142857142855,0.8634505007207354,40 to 44 years
4782,25776,0.7072857142855317,0.14285714285714285,0.4959303240135698,40 to 44 years
4783,23538,0.721571428571246,0.2857142857142857,0.5347347884231383,40 to 44 years
4784,23475,0.721571428571246,0.2857142857142857,0.489849846416827,40 to 44 years
4785,29295,0.7644285714283888,0.7142857142857142,0.6610309255811344,40 to 44 years
4786,24417,0.7644285714283888,0.7142857142857142,0.18390899793182103,40 to 44 years
4787,24040,0.721571428571246,0.2857142857142857,0.899875715560692,40 to 44 years
4788,23373,0.7072857142855317,0.14285714285714285,0.26562649506922204,40 to 44 years
4789,25203,0.7072857142855317,0.14285714285714285,0.7910038069359189,40 to 44 years
4790,21796,0.7501428571426746,0.5714285714285714,0.42096772919977427,40 to 44 years
4791,24389,0.7501428571426746,0.5714285714285714,0.21203415898355904,40 to 44 years
4792,29262,0.721571428571246,0.2857142857142857,0.7994444705351812,40 to 44 years
4793,22820,0.7501428571426746,0.5714285714285714,0.4638754910509274,40 to 44 years
4794,26545,0.7929999999998174,1.0,0.17676841459073023,40 to 44 years
4795,22639,0.7787142857141032,0.8571428571428571,0.47810785725201516,40 to 44 years
4796,29002,0.721571428571246,0.2857142857142857,0.341021077855749,40 to 44 years
4797,21785,0.7929999999998174,1.0,0.522631182517383,40 to 44 years
4798,28619,0.7501428571426746,0.5714285714285714,0.27224774792135636,40 to 44 years
4799,20559,0.7787142857141032,0.8571428571428571,0.8607078877730414,40 to 44 years
4800,25269,0.7072857142855317,0.14285714285714285,0.11982012852510188,40 to 44 years
4801,25783,0.7072857142855317,0.14285714285714285,0.3044075712014137,40 to 44 years
4802,22215,0.7787142857141032,0.8571428571428571,0.3150951679893025,40 to 44 years
4803,22082,0.7072857142855317,0.14285714285714285,0.9802119372855899,40 to 44 years
4804,26115,0.7072857142855317,0.14285714285714285,0.662170582459551,40 to 44 years
4805,21223,0.7787142857141032,0.8571428571428571,0.8018148315534561,40 to 44 years
4806,28902,0.7787142857141032,0.8571428571428571,0.3591362667591599,40 to 44 years
4807,29549,0.3922702131213728,0.14285714285714285,0.5785392068087952,40 to 44 years
4808,26149,0.7072857142855317,0.14285714285714285,0.26705087572373304,40 to 44 years
4809,23720,0.7787142857141032,0.8571428571428571,0.9892985451779409,40 to 44 years
4810,21531,0.7358571428569602,0.42857142857142855,0.5308666236957453,40 to 44 years
4811,29382,0.7501428571426746,0.5714285714285714,0.7810347442292952,40 to 44 years
4812,26713,0.721571428571246,0.2857142857142857,0.33879024179625555,40 to 44 years
4813,27712,0.721571428571246,0.2857142857142857,0.9327468826501841,40 to 44 years
4814,25654,0.7501428571426746,0.5714285714285714,0.48753491991104364,40 to 44 years
4815,20144,0.7787142857141032,0.8571428571428571,0.028404011593901934,40 to 44 years
4816,28867,0.7501428571426746,0.5714285714285714,0.17741402757857272,40 to 44 years
4817,27987,0.7501428571426746,0.5714285714285714,0.30561969216209917,40 to 44 years
4818,25829,0.7787142857141032,0.8571428571428571,0.06930344168281932,40 to 44 years
4819,21697,0.721571428571246,0.2857142857142857,0.9853590581779835,40 to 44 years
4820,20385,0.7358571428569602,0.42857142857142855,0.6220655159196711,40 to 44 years
4821,25117,0.7072857142855317,0.14285714285714285,0.6432483958042097,40 to 44 years
4822,26288,0.7501428571426746,0.5714285714285714,0.925377291666004,40 to 44 years
4823,29899,0.721571428571246,0.2857142857142857,0.7504436066185914,40 to 44 years
4824,25429,0.24261731598040648,0.14285714285714285,0.29184933079356423,40 to 44 years
4825,22892,0.7787142857141032,0.8571428571428571,0.3990565251974848,40 to 44 years
4826,29638,0.7787142857141032,0.8571428571428571,0.7285800294636733,40 to 44 years
4827,23810,0.721571428571246,0.2857142857142857,0.6864582636001746,40 to 44 years
4828,22088,0.33680461290693103,0.2857142857142857,0.0971639489959844,40 to 44 years
4829,27234,0.7929999999998174,1.0,0.7946613570860347,40 to 44 years
4830,23970,0.37391155251792885,0.2857142857142857,0.5371831513223506,40 to 44 years
4831,23598,0.721571428571246,0.2857142857142857,0.6228197218744823,40 to 44 years
4832,22345,0.4591489339713407,0.5714285714285714,0.07369543952608304,40 to 44 years
4833,29032,0.7072857142855317,0.14285714285714285,0.4912721054894612,40 to 44 years
4834,20425,0.5734242633270553,0.14285714285714285,0.7895972790535077,40 to 44 years
4835,23121,0.721571428571246,0.2857142857142857,0.33407627668559203,40 to 44 years
4836,23323,0.7929999999998174,1.0,0.34830130176688906,40 to 44 years
4837,28996,0.7358571428569602,0.42857142857142855,0.7593083975613836,40 to 44 years
4838,21660,0.7358571428569602,0.42857142857142855,0.8552732548015467,40 to 44 years
4839,23324,0.7072857142855317,0.14285714285714285,0.7828109468176365,40 to 44 years
4840,24351,0.7929999999998174,1.0,0.6214245822784711,40 to 44 years
4841,26162,0.3850879236147394,0.14285714285714285,0.1687813027490332,40 to 44 years
4842,28047,0.5171686791183279,0.2857142857142857,0.09098512484287857,40 to 44 years
4843,26731,0.7358571428569602,0.42857142857142855,0.8224964825112113,40 to 44 years
4844,28031,0.7644285714283888,0.7142857142857142,0.26719233998793723,40 to 44 years
4845,20060,0.7787142857141032,0.8571428571428571,0.6842939981257862,40 to 44 years
4846,22999,0.7072857142855317,0.14285714285714285,0.2814884413310736,40 to 44 years
4847,20878,0.7787142857141032,0.8571428571428571,0.6558650604002377,40 to 44 years
4848,28457,0.721571428571246,0.2857142857142857,0.4050074062787274,40 to 44 years
4849,20933,0.7787142857141032,0.8571428571428571,0.7959007396966088,40 to 44 years
4850,28172,0.7501428571426746,0.5714285714285714,0.19207126944321956,40 to 44 years
4851,23166,0.7358571428569602,0.42857142857142855,0.37925394688584446,40 to 44 years
4852,29041,0.721571428571246,0.2857142857142857,0.6749463499882815,40 to 44 years
4853,26073,0.7072857142855317,0.14285714285714285,0.7165532994241284,40 to 44 years
4854,29104,0.721571428571246,0.2857142857142857,0.5981287041030013,40 to 44 years
4855,20426,0.7644285714283888,0.7142857142857142,0.565041434141873,40 to 44 years
4856,27743,0.7358571428569602,0.42857142857142855,0.8389119284410786,40 to 44 years
4857,25379,0.7501428571426746,0.5714285714285714,0.49703193682192354,40 to 44 years
4858,29334,0.7072857142855317,0.14285714285714285,0.4883571447284037,40 to 44 years
4859,24976,0.7787142857141032,0.8571428571428571,0.9647456870844595,40 to 44 years
4860,25387,0.7787142857141032,0.8571428571428571,0.6454016221288587,40 to 44 years
4861,26497,0.4514330972049016,0.14285714285714285,0.3097802177359119,40 to 44 years
4862,27180,0.7501428571426746,0.5714285714285714,0.2567739980572801,40 to 44 years
4863,26773,0.7501428571426746,0.5714285714285714,0.6657292453989591,40 to 44 years
4864,21768,0.7787142857141032,0.8571428571428571,0.7668246328366738,40 to 44 years
4865,23213,0.7644285714283888,0.7142857142857142,0.694825807396811,40 to 44 years
4866,22993,0.721571428571246,0.2857142857142857,0.9473466918258266,40 to 44 years
4867,27723,0.7501428571426746,0.5714285714285714,0.7713375812001044,40 to 44 years
4868,27229,0.7072857142855317,0.14285714285714285,0.366533902635376,40 to 44 years
4869,21698,0.7072857142855317,0.14285714285714285,0.6093112177942275,40 to 44 years
4870,28517,0.721571428571246,0.2857142857142857,0.364134316362154,40 to 44 years
4871,21146,0.721571428571246,0.2857142857142857,0.04378816849906675,40 to 44 years
4872,26449,0.721571428571246,0.2857142857142857,0.3411866371600417,40 to 44 years
4873,22364,0.7787142857141032,0.8571428571428571,0.7383925083402455,40 to 44 years
4874,20728,0.7929999999998174,1.0,0.09580643493925156,40 to 44 years
4875,29557,0.7787142857141032,0.8571428571428571,0.6078471946290039,40 to 44 years
4876,28778,0.7358571428569602,0.42857142857142855,0.5589619997687998,40 to 44 years
4877,22786,0.7644285714283888,0.7142857142857142,0.39410897260605116,40 to 44 years
4878,26944,0.7787142857141032,0.8571428571428571,0.5625942486780409,40 to 44 years
4879,26641,0.6513636764147087,0.14285714285714285,0.20146371222029652,40 to 44 years
4880,26464,0.7501428571426746,0.5714285714285714,0.9704637615940921,40 to 44 years
4881,24924,0.7929999999998174,1.0,0.4570945426489275,40 to 44 years
4882,25320,0.721571428571246,0.2857142857142857,0.7183130409061774,40 to 44 years
4883,29132,0.6709356685627469,0.42857142857142855,0.4112408936518094,40 to 44 years
4884,22439,0.721571428571246,0.2857142857142857,0.6397295624464154,40 to 44 years
4885,21721,0.7929999999998174,1.0,0.40973686267105947,40 to 44 years
4886,29358,0.721571428571246,0.2857142857142857,0.09513556278914254,40 to 44 years
4887,21347,0.7072857142855317,0.14285714285714285,0.9145376709759944,40 to 44 years
4888,21151,0.721571428571246,0.2857142857142857,0.5243444835689912,40 to 44 years
4889,28026,0.721571428571246,0.2857142857142857,0.4181768689216147,40 to 44 years
4890,25820,0.7072857142855317,0.14285714285714285,0.6515248030457684,40 to 44 years
4891,23187,0.721571428571246,0.2857142857142857,0.8427990809218566,40 to 44 years
4892,20627,0.7358571428569602,0.42857142857142855,0.43882095506187246,40 to 44 years
4893,28602,0.7072857142855317,0.14285714285714285,0.09887925726834373,40 to 44 years
4894,24509,0.7929999999998174,1.0,0.5595315073259682,40 to 44 years
4895,20386,0.7072857142855317,0.14285714285714285,0.8617305170960659,40 to 44 years
4896,29336,0.721571428571246,0.2857142857142857,0.5397684261518155,40 to 44 years
4897,20282,0.34540320769842997,0.14285714285714285,0.8622604986915201,40 to 44 years
4898,25088,0.721571428571246,0.2857142857142857,0.26759176232799575,40 to 44 years
4899,27106,0.7787142857141032,0.8571428571428571,0.02378949793717533,40 to 44 years
4900,28174,0.7501428571426746,0.5714285714285714,0.924875892693375,40 to 44 years
4901,28622,0.17362151651508897,0.14285714285714285,0.6493558438039079,40 to 44 years
4902,21923,0.5858750479811901,0.14285714285714285,0.5862773020565855,40 to 44 years
4903,29284,0.35550786431775877,0.14285714285714285,0.5814225910883658,40 to 44 years
4904,20140,0.7072857142855317,0.14285714285714285,0.6886292534378675,40 to 44 years
4905,28594,0.7072857142855317,0.14285714285714285,0.7533493592782632,40 to 44 years
4906,23545,0.7787142857141032,0.8571428571428571,0.30023301492342247,40 to 44 years
4907,24652,0.7929999999998174,1.0,0.6691285715440671,40 to 44 years
4908,25300,0.7787142857141032,0.8571428571428571,0.25653844702158285,40 to 44 years
4909,27375,0.7072857142855317,0.14285714285714285,0.47916502110695336,40 to 44 years
4910,27660,0.7501428571426746,0.5714285714285714,0.4818247747488256,40 to 44 years
4911,22279,0.7644285714283888,0.7142857142857142,0.024120258558301577,40 to 44 years
4912,22562,0.7501428571426746,0.5714285714285714,0.524331253545366,40 to 44 years
4913,23636,0.25229320081930173,0.14285714285714285,0.2689830791045124,40 to 44 years
4914,21319,0.7072857142855317,0.14285714285714285,0.0064250055724327515,40 to 44 years
4915,20726,0.7787142857141032,0.8571428571428571,0.4823276764269935,40 to 44 years
4916,21937,0.721571428571246,0.2857142857142857,0.9141464825537772,40 to 44 years
4917,25913,0.7072857142855317,0.14285714285714285,0.254150572168993,40 to 44 years
4918,22846,0.7929999999998174,1.0,0.3474347315460028,40 to 44 years
4919,28114,0.721571428571246,0.2857142857142857,0.6383268231165824,40 to 44 years
4920,23651,0.721571428571246,0.2857142857142857,0.301110394973335,40 to 44 years
4921,28899,0.7787142857141032,0.8571428571428571,0.6434236188668417,40 to 44 years
4922,27122,0.721571428571246,0.2857142857142857,0.9339282247937931,40 to 44 years
4923,28215,0.721571428571246,0.2857142857142857,0.6395418797799195,40 to 44 years
4924,23563,0.7501428571426746,0.5714285714285714,0.9036394888857873,40 to 44 years
4925,28032,0.7929999999998174,1.0,0.7836741641973343,40 to 44 years
4926,29071,0.721571428571246,0.2857142857142857,0.44134896836779836,40 to 44 years
4927,21716,0.7358571428569602,0.42857142857142855,0.30112630528780804,40 to 44 years
4928,25291,0.7787142857141032,0.8571428571428571,0.5461649798193305,40 to 44 years
4929,24042,0.7787142857141032,0.8571428571428571,0.8743829851139311,40 to 44 years
4930,25070,0.7929999999998174,1.0,0.9666287312768059,40 to 44 years
4931,22869,0.721571428571246,0.2857142857142857,0.5996527453353229,40 to 44 years
4932,26198,0.7072857142855317,0.14285714285714285,0.6644973491590924,40 to 44 years
4933,25365,0.7787142857141032,0.8571428571428571,0.6432463305927496,40 to 44 years
4934,22049,0.721571428571246,0.2857142857142857,0.9936970957966558,40 to 44 years
4935,20434,0.7787142857141032,0.8571428571428571,0.6609296026467227,40 to 44 years
4936,21381,0.7501428571426746,0.5714285714285714,0.6532118448985919,40 to 44 years
4937,24889,0.7501428571426746,0.5714285714285714,0.17358849798869352,40 to 44 years
4938,28121,0.721571428571246,0.2857142857142857,0.5854538880827045,40 to 44 years
4939,23466,0.7358571428569602,0.42857142857142855,0.690950311843076,40 to 44 years
4940,20373,0.7501428571426746,0.5714285714285714,0.26398405723675733,40 to 44 years
4941,20578,0.7501428571426746,0.5714285714285714,0.6423645504301948,40 to 44 years
4942,27979,0.7358571428569602,0.42857142857142855,0.427700360576437,40 to 44 years
4943,27575,0.7358571428569602,0.42857142857142855,0.4414756528580546,40 to 44 years
4944,23483,0.721571428571246,0.2857142857142857,0.1530071983653254,40 to 44 years
4945,25229,0.7787142857141032,0.8571428571428571,0.1976740321849958,40 to 44 years
4946,22140,0.7358571428569602,0.42857142857142855,0.8974248153702944,40 to 44 years
4947,21523,0.7644285714283888,0.7142857142857142,0.27585953784504413,40 to 44 years
4948,24825,0.721571428571246,0.2857142857142857,0.8857060530057667,40 to 44 years
4949,22067,0.721571428571246,0.2857142857142857,0.5497389847842704,40 to 44 years
4950,29031,0.7072857142855317,0.14285714285714285,0.4343937877967742,40 to 44 years
4951,21632,0.7929999999998174,1.0,0.1764388070980673,40 to 44 years
4952,23396,0.7358571428569602,0.42857142857142855,0.29108283713695093,40 to 44 years
4953,22818,0.7501428571426746,0.5714285714285714,0.867933552321103,40 to 44 years
4954,28071,0.7072857142855317,0.14285714285714285,0.042331138524307865,40 to 44 years
4955,21186,0.10616380336284122,0.14285714285714285,0.9334295539756887,40 to 44 years
4956,21244,0.721571428571246,0.2857142857142857,0.6168782708348126,40 to 44 years
4957,23765,0.7501428571426746,0.5714285714285714,0.29009976387151803,40 to 44 years
4958,24365,0.7072857142855317,0.14285714285714285,0.5273005746018767,40 to 44 years
4959,20511,0.7501428571426746,0.5714285714285714,0.798179106457706,40 to 44 years
4960,20686,0.7501428571426746,0.5714285714285714,0.36973676476034345,40 to 44 years
4961,20839,0.7072857142855317,0.14285714285714285,0.6581535262590157,40 to 44 years
4962,27638,0.721571428571246,0.2857142857142857,0.8844386044967519,40 to 44 years
4963,20372,0.7072857142855317,0.14285714285714285,0.34829999043078985,40 to 44 years
4964,24938,0.7929999999998174,1.0,0.7089087315303991,40 to 44 years
4965,28596,0.2408708666120612,0.2857142857142857,0.6816586824927365,40 to 44 years
4966,23009,0.7358571428569602,0.42857142857142855,0.6779024138515968,40 to 44 years
4967,21107,0.721571428571246,0.2857142857142857,0.20941224686899063,40 to 44 years
4968,24039,0.721571428571246,0.2857142857142857,0.85948464593297,40 to 44 years
4969,27715,0.7787142857141032,0.8571428571428571,0.29396854857073484,40 to 44 years
4970,27340,0.7787142857141032,0.8571428571428571,0.4374944978154428,40 to 44 years
4971,25779,0.721571428571246,0.2857142857142857,0.20578224629718844,40 to 44 years
4972,27981,0.7358571428569602,0.42857142857142855,0.33992783568064744,40 to 44 years
4973,27940,0.7501428571426746,0.5714285714285714,0.39172645564716646,40 to 44 years
4974,24346,0.7358571428569602,0.42857142857142855,0.6182013622630499,40 to 44 years
4975,24080,0.721571428571246,0.2857142857142857,0.27235974465059476,40 to 44 years
4976,26654,0.7501428571426746,0.5714285714285714,0.9428679274502834,40 to 44 years
4977,23339,0.7501428571426746,0.5714285714285714,0.37476174651327776,40 to 44 years
4978,24007,0.7358571428569602,0.42857142857142855,0.8596195825769335,40 to 44 years
4979,24441,0.7358571428569602,0.42857142857142855,0.9901787195887362,40 to 44 years
4980,26621,0.4135464977342565,0.14285714285714285,0.09441934434386123,40 to 44 years
4981,26133,0.7072857142855317,0.14285714285714285,0.2415031731905916,40 to 44 years
4982,27038,0.7358571428569602,0.42857142857142855,0.783720798399213,40 to 44 years
4983,20529,0.721571428571246,0.2857142857142857,0.6140697261447281,40 to 44 years
4984,27460,0.7787142857141032,0.8571428571428571,0.41994429600483224,40 to 44 years
4985,28556,0.721571428571246,0.2857142857142857,0.49111759035654917,40 to 44 years
4986,26215,0.721571428571246,0.2857142857142857,0.7390258184892191,40 to 44 years
4987,29183,0.7358571428569602,0.42857142857142855,0.4072051979313519,40 to 44 years
4988,29304,0.7072857142855317,0.14285714285714285,0.13303204533687774,40 to 44 years
4989,23445,0.721571428571246,0.2857142857142857,0.17368937206319024,40 to 44 years
4990,25806,0.7501428571426746,0.5714285714285714,0.2669478808295399,40 to 44 years
4991,24623,0.7929999999998174,1.0,0.35394215501593307,40 to 44 years
4992,26580,0.7501428571426746,0.5714285714285714,0.6945641235391945,40 to 44 years
4993,28665,0.721571428571246,0.2857142857142857,0.505621582834443,40 to 44 years
4994,21694,0.7501428571426746,0.5714285714285714,0.46617073250949365,40 to 44 years
4995,25289,0.512763409230305,0.5714285714285714,0.11236315965728016,40 to 44 years
4996,25610,0.7501428571426746,0.5714285714285714,0.504519292406529,40 to 44 years
4997,24236,0.7787142857141032,0.8571428571428571,0.21275615765628103,40 to 44 years
4998,29663,0.4933213451536339,0.2857142857142857,0.2329538932807993,40 to 44 years
4999,25108,0.7358571428569602,0.42857142857142855,0.5632191458263642,40 to 44 years
5000,20412,0.4004714399269407,0.42857142857142855,0.32361047256590847,40 to 44 years
5001,20538,0.7787142857141032,0.8571428571428571,0.49429110594650816,40 to 44 years
5002,22260,0.7501428571426746,0.5714285714285714,0.1722990821626999,40 to 44 years
5003,24601,0.7501428571426746,0.5714285714285714,0.36149025573303517,40 to 44 years
5004,26939,0.7501428571426746,0.5714285714285714,0.6074525214794165,40 to 44 years
5005,22213,0.2852954374311738,0.14285714285714285,0.14413223880700787,40 to 44 years
5006,22530,0.7072857142855317,0.14285714285714285,0.1101768541993865,40 to 44 years
5007,28143,0.7358571428569602,0.42857142857142855,0.8894914201029895,40 to 44 years
5008,27099,0.721571428571246,0.2857142857142857,0.6177709983104329,40 to 44 years
5009,25878,0.7787142857141032,0.8571428571428571,0.6464697934331939,40 to 44 years
5010,22065,0.721571428571246,0.2857142857142857,0.6008583472160518,40 to 44 years
5011,21077,0.7787142857141032,0.8571428571428571,0.194097263322211,40 to 44 years
5012,28856,0.7072857142855317,0.14285714285714285,0.3516958756876033,40 to 44 years
5013,23867,0.7072857142855317,0.14285714285714285,0.6932187425967757,40 to 44 years
5014,22001,0.721571428571246,0.2857142857142857,0.46731499675317734,40 to 44 years
5015,26933,0.7929999999998174,1.0,0.14867578889174127,40 to 44 years
5016,23816,0.7501428571426746,0.5714285714285714,0.7513959587910397,40 to 44 years
5017,23604,0.7501428571426746,0.5714285714285714,0.8899483104335957,40 to 44 years
5018,28793,0.7501428571426746,0.5714285714285714,0.7624507986704321,40 to 44 years
5019,29957,0.7072857142855317,0.14285714285714285,0.589215846901203,40 to 44 years
5020,26691,0.7358571428569602,0.42857142857142855,0.3168414047635266,40 to 44 years
5021,23357,0.7501428571426746,0.5714285714285714,0.8260178864799688,40 to 44 years
5022,28743,0.721571428571246,0.2857142857142857,0.41905515994617104,40 to 44 years
5023,29845,0.7929999999998174,1.0,0.18846442127002982,40 to 44 years
5024,22512,0.721571428571246,0.2857142857142857,0.6464173993399587,40 to 44 years
5025,27189,0.7787142857141032,0.8571428571428571,0.7508394012345115,40 to 44 years
5026,26075,0.721571428571246,0.2857142857142857,0.8251881554902134,40 to 44 years
5027,25145,0.7501428571426746,0.5714285714285714,0.5090065246597866,40 to 44 years
5028,22420,0.7501428571426746,0.5714285714285714,0.1209400618967999,40 to 44 years
5029,28274,0.721571428571246,0.2857142857142857,0.6038803149152203,40 to 44 years
5030,24074,0.721571428571246,0.2857142857142857,0.4364928431582458,40 to 44 years
5031,21253,0.3506499740854272,0.14285714285714285,0.2637639971225779,40 to 44 years
5032,27240,0.7072857142855317,0.14285714285714285,0.8558062924281078,40 to 44 years
5033,20703,0.7929999999998174,1.0,0.6233780010699611,40 to 44 years
5034,27033,0.7787142857141032,0.8571428571428571,0.08615990996433365,40 to 44 years
5035,24300,0.7358571428569602,0.42857142857142855,0.4954101145379657,40 to 44 years
5036,24568,0.7501428571426746,0.5714285714285714,0.1481002631752421,40 to 44 years
5037,22344,0.7787142857141032,0.8571428571428571,0.9145535107563985,40 to 44 years
5038,25093,0.7929999999998174,1.0,0.49908852322538166,40 to 44 years
5039,27043,0.7358571428569602,0.42857142857142855,0.8343386745334579,40 to 44 years
5040,21030,0.7358571428569602,0.42857142857142855,0.9103401418378296,40 to 44 years
5041,24801,0.7072857142855317,0.14285714285714285,0.8251809885198094,40 to 44 years
5042,21230,0.7787142857141032,0.8571428571428571,0.9993597403564412,40 to 44 years
5043,20260,0.7501428571426746,0.5714285714285714,0.3081878664679953,40 to 44 years
5044,22248,0.7787142857141032,0.8571428571428571,0.5588827951757309,40 to 44 years
5045,22399,0.7358571428569602,0.42857142857142855,0.3117912326890529,40 to 44 years
5046,27513,0.721571428571246,0.2857142857142857,0.5870991567507534,40 to 44 years
5047,25691,0.7787142857141032,0.8571428571428571,0.20844093558583432,40 to 44 years
5048,26030,0.7501428571426746,0.5714285714285714,0.9761722260978889,40 to 44 years
5049,24928,0.21700006831991003,0.14285714285714285,0.17235555132177854,40 to 44 years
5050,29368,0.7072857142855317,0.14285714285714285,0.7416094608643782,40 to 44 years
5051,25611,0.7072857142855317,0.14285714285714285,0.5256950935401491,40 to 44 years
5052,20818,0.4033366899290753,0.2857142857142857,0.5211924896231038,40 to 44 years
5053,29648,0.7072857142855317,0.14285714285714285,0.9564881129093401,40 to 44 years
5054,20838,0.7501428571426746,0.5714285714285714,0.44741246062825407,40 to 44 years
5055,22752,0.7787142857141032,0.8571428571428571,0.20425947018153617,40 to 44 years
5056,25771,0.7501428571426746,0.5714285714285714,0.3690618137931217,40 to 44 years
5057,25506,0.7501428571426746,0.5714285714285714,0.07434065895897762,40 to 44 years
5058,20079,0.7358571428569602,0.42857142857142855,0.5178395066720729,40 to 44 years
5059,28857,0.7787142857141032,0.8571428571428571,0.8976380487541891,40 to 44 years
5060,23630,0.7787142857141032,0.8571428571428571,0.8177874788178936,40 to 44 years
5061,27868,0.7358571428569602,0.42857142857142855,0.49770240155821593,40 to 44 years
5062,26218,0.721571428571246,0.2857142857142857,0.1294296779456045,40 to 44 years
5063,25004,0.721571428571246,0.2857142857142857,0.9887039952368203,40 to 44 years
5064,21887,0.7072857142855317,0.14285714285714285,0.5057685698631901,40 to 44 years
5065,23431,0.721571428571246,0.2857142857142857,0.9445791081571026,40 to 44 years
5066,26323,0.7501428571426746,0.5714285714285714,0.02640544139930079,40 to 44 years
5067,24405,0.7358571428569602,0.42857142857142855,0.9951619028296192,40 to 44 years
5068,26779,0.29860888991598555,0.2857142857142857,0.46893568976806393,40 to 44 years
5069,29402,0.7501428571426746,0.5714285714285714,0.7697972212991789,40 to 44 years
5070,29283,0.17824546524885124,0.2857142857142857,0.18257019377024836,40 to 44 years
5071,28911,0.721571428571246,0.2857142857142857,0.6693715160575302,40 to 44 years
5072,27694,0.15026349274370834,0.14285714285714285,0.10446840719860256,40 to 44 years
5073,29728,0.7501428571426746,0.5714285714285714,0.3478973410939866,40 to 44 years
5074,29475,0.7501428571426746,0.5714285714285714,0.7810054206527669,40 to 44 years
5075,24460,0.7501428571426746,0.5714285714285714,0.846085820608429,40 to 44 years
5076,25694,0.7501428571426746,0.5714285714285714,0.23703716002405367,40 to 44 years
5077,22686,0.7929999999998174,1.0,0.8672420008758721,40 to 44 years
5078,23694,0.7501428571426746,0.5714285714285714,0.4207415642520342,40 to 44 years
5079,25541,0.7358571428569602,0.42857142857142855,0.42654879008998603,40 to 44 years
5080,29705,0.7072857142855317,0.14285714285714285,0.569020999361295,40 to 44 years
5081,25422,0.721571428571246,0.2857142857142857,0.1485704978622976,40 to 44 years
5082,23971,0.7501428571426746,0.5714285714285714,0.8019649276884085,40 to 44 years
5083,23172,0.7501428571426746,0.5714285714285714,0.3756019287389146,40 to 44 years
5084,28484,0.7501428571426746,0.5714285714285714,0.6340155264559194,40 to 44 years
5085,20375,0.19638527262829625,0.2857142857142857,0.6086697897643273,40 to 44 years
5086,27223,0.7501428571426746,0.5714285714285714,0.3616088553301209,40 to 44 years
5087,28057,0.7072857142855317,0.14285714285714285,0.6721187106960879,40 to 44 years
5088,23691,0.7929999999998174,1.0,0.5951070861826833,40 to 44 years
5089,25921,0.721571428571246,0.2857142857142857,0.5956511744333852,40 to 44 years
5090,28070,0.721571428571246,0.2857142857142857,0.01684135592936442,40 to 44 years
5091,22316,0.7501428571426746,0.5714285714285714,0.8869290068885216,40 to 44 years
5092,23317,0.7929999999998174,1.0,0.3361357053910267,40 to 44 years
5093,24751,0.7501428571426746,0.5714285714285714,0.8116983555908879,40 to 44 years
5094,29841,0.7644285714283888,0.7142857142857142,0.8205817150509254,40 to 44 years
5095,26123,0.721571428571246,0.2857142857142857,0.42541734234876966,40 to 44 years
5096,29750,0.721571428571246,0.2857142857142857,0.4040203787082759,40 to 44 years
5097,22131,0.721571428571246,0.2857142857142857,0.24507066491415797,40 to 44 years
5098,28060,0.7787142857141032,0.8571428571428571,0.45173999145315663,40 to 44 years
5099,25149,0.7072857142855317,0.14285714285714285,0.8689520900223836,40 to 44 years
5100,22087,0.7787142857141032,0.8571428571428571,0.20148383032897793,40 to 44 years
5101,28206,0.7501428571426746,0.5714285714285714,0.5868287533606402,40 to 44 years
5102,23145,0.721571428571246,0.2857142857142857,0.9058731069737304,40 to 44 years
5103,20122,0.7501428571426746,0.5714285714285714,0.38551446384969,40 to 44 years
5104,28406,0.7501428571426746,0.5714285714285714,0.8243263742098053,40 to 44 years
5105,25202,0.7072857142855317,0.14285714285714285,0.6788517518778564,40 to 44 years
5106,25769,0.7501428571426746,0.5714285714285714,0.6691422413531642,40 to 44 years
5107,29133,0.7501428571426746,0.5714285714285714,0.9484168704333462,40 to 44 years
5108,20498,0.7072857142855317,0.14285714285714285,0.6210709493579993,40 to 44 years
5109,23030,0.7787142857141032,0.8571428571428571,0.9599508913299416,40 to 44 years
5110,28866,0.7787142857141032,0.8571428571428571,0.26041935731036797,40 to 44 years
5111,29088,0.721571428571246,0.2857142857142857,0.34393777652303303,40 to 44 years
5112,25124,0.7358571428569602,0.42857142857142855,0.8426484031509769,40 to 44 years
5113,23820,0.721571428571246,0.2857142857142857,0.9527263722704569,40 to 44 years
5114,21055,0.7787142857141032,0.8571428571428571,0.03835297870474441,40 to 44 years
5115,27514,0.721571428571246,0.2857142857142857,0.263850432842652,40 to 44 years
5116,28072,0.7787142857141032,0.8571428571428571,0.6776750193186885,40 to 44 years
5117,20414,0.7787142857141032,0.8571428571428571,0.6382647755136295,40 to 44 years
5118,24560,0.721571428571246,0.2857142857142857,0.7900602617172835,40 to 44 years
5119,29572,0.7787142857141032,0.8571428571428571,0.7093071770440486,40 to 44 years
5120,28728,0.7929999999998174,1.0,0.11573892792031815,40 to 44 years
5121,28197,0.7929999999998174,1.0,0.982090435914982,40 to 44 years
5122,20462,0.7787142857141032,0.8571428571428571,0.7883462101988146,40 to 44 years
5123,21306,0.721571428571246,0.2857142857142857,0.3205766090726262,40 to 44 years
5124,24684,0.7501428571426746,0.5714285714285714,0.27333891083321893,40 to 44 years
5125,23105,0.7501428571426746,0.5714285714285714,0.46496488864549257,40 to 44 years
5126,22162,0.721571428571246,0.2857142857142857,0.5929767696338164,40 to 44 years
5127,28478,0.721571428571246,0.2857142857142857,0.6555508527201038,40 to 44 years
5128,29131,0.721571428571246,0.2857142857142857,0.2588539405344469,40 to 44 years
5129,24384,0.7358571428569602,0.42857142857142855,0.8266918312507421,40 to 44 years
5130,29637,0.721571428571246,0.2857142857142857,0.9014876620001266,40 to 44 years
5131,27316,0.7501428571426746,0.5714285714285714,0.6998114013451145,40 to 44 years
5132,28547,0.721571428571246,0.2857142857142857,0.1079704676030544,40 to 44 years
5133,20159,0.3650103480484494,0.14285714285714285,0.8679708159195638,40 to 44 years
5134,24250,0.7072857142855317,0.14285714285714285,0.5534109274818981,40 to 44 years
5135,25287,0.7501428571426746,0.5714285714285714,0.03949910116086697,40 to 44 years
5136,29655,0.7501428571426746,0.5714285714285714,0.8488205757407422,40 to 44 years
5137,21281,0.06007201891699006,0.14285714285714285,0.8899025130708087,40 to 44 years
5138,27556,0.721571428571246,0.2857142857142857,0.7673501883845606,40 to 44 years
5139,25549,0.7501428571426746,0.5714285714285714,0.35798425573518156,40 to 44 years
5140,26816,0.17775494906004932,0.14285714285714285,0.4790639896568654,40 to 44 years
5141,23761,0.7929999999998174,1.0,0.2893053042126556,40 to 44 years
5142,26962,0.7929999999998174,1.0,0.8651204435982365,40 to 44 years
5143,26572,0.7501428571426746,0.5714285714285714,0.7133636200897354,40 to 44 years
5144,20820,0.7501428571426746,0.5714285714285714,0.9469504421500518,40 to 44 years
5145,29830,0.721571428571246,0.2857142857142857,0.24688645546726273,40 to 44 years
5146,24115,0.7358571428569602,0.42857142857142855,0.6375370309394333,40 to 44 years
5147,23656,0.4573177084624801,0.14285714285714285,0.5811088047597797,40 to 44 years
5148,27318,0.7358571428569602,0.42857142857142855,0.6599826167537646,40 to 44 years
5149,20485,0.7358571428569602,0.42857142857142855,0.47857847090635575,40 to 44 years
5150,26057,0.7501428571426746,0.5714285714285714,0.178103933998074,40 to 44 years
5151,26610,0.7358571428569602,0.42857142857142855,0.816802250656474,40 to 44 years
5152,20152,0.7358571428569602,0.42857142857142855,0.8090405801188518,40 to 44 years
5153,20698,0.721571428571246,0.2857142857142857,0.3809574758568586,40 to 44 years
5154,25841,0.7644285714283888,0.7142857142857142,0.06620483545842154,40 to 44 years
5155,21296,0.7072857142855317,0.14285714285714285,0.594953016677529,40 to 44 years
5156,27074,0.6377375789224314,0.14285714285714285,0.8956984679910367,40 to 44 years
5157,28456,0.7501428571426746,0.5714285714285714,0.7358383321760927,40 to 44 years
5158,27289,0.7501428571426746,0.5714285714285714,0.5474043968372331,40 to 44 years
5159,28380,0.7787142857141032,0.8571428571428571,0.6394519235249267,40 to 44 years
5160,20822,0.7358571428569602,0.42857142857142855,0.9707232496600443,40 to 44 years
5161,20648,0.7072857142855317,0.14285714285714285,0.27360317352316593,40 to 44 years
5162,27176,0.721571428571246,0.2857142857142857,0.1612096939712967,40 to 44 years
5163,23001,0.7501428571426746,0.5714285714285714,0.618149126003922,40 to 44 years
5164,25686,0.7072857142855317,0.14285714285714285,0.5676914981098274,40 to 44 years
5165,26452,0.7072857142855317,0.14285714285714285,0.23419212595970257,40 to 44 years
5166,24212,0.7929999999998174,1.0,0.055018690729203124,40 to 44 years
5167,21777,0.7501428571426746,0.5714285714285714,0.5879559676762465,40 to 44 years
5168,27559,0.7072857142855317,0.14285714285714285,0.2892704946739123,40 to 44 years
5169,21071,0.7072857142855317,0.14285714285714285,0.3723677192077434,40 to 44 years
5170,27809,0.7358571428569602,0.42857142857142855,0.017675437141002837,40 to 44 years
5171,26513,0.7501428571426746,0.5714285714285714,0.2611862372594775,40 to 44 years
5172,24414,0.7501428571426746,0.5714285714285714,0.7139728428553125,40 to 44 years
5173,29737,0.21823535216453532,0.14285714285714285,0.3396490392759179,40 to 44 years
5174,24892,0.7787142857141032,0.8571428571428571,0.7176898880845862,40 to 44 years
5175,21818,0.7501428571426746,0.5714285714285714,0.3451677642932234,40 to 44 years
5176,23911,0.7501428571426746,0.5714285714285714,0.769896349741934,40 to 44 years
5177,28742,0.7501428571426746,0.5714285714285714,0.3268483634723805,40 to 44 years
5178,26032,0.721571428571246,0.2857142857142857,0.9064096222496452,40 to 44 years
5179,27956,0.24436169380973538,0.14285714285714285,0.08994443561069942,40 to 44 years
5180,20982,0.721571428571246,0.2857142857142857,0.09458424233670648,40 to 44 years
5181,22729,0.24690315586059555,0.14285714285714285,0.9175740267297234,40 to 44 years
5182,22078,0.721571428571246,0.2857142857142857,0.3621116140502931,40 to 44 years
5183,22471,0.7501428571426746,0.5714285714285714,0.21804906998798457,40 to 44 years
5184,22889,0.721571428571246,0.2857142857142857,0.905862241818032,40 to 44 years
5185,28286,0.721571428571246,0.2857142857142857,0.9006661205824826,40 to 44 years
5186,26576,0.7787142857141032,0.8571428571428571,0.04240309058866676,40 to 44 years
5187,27856,0.3716894889595672,0.14285714285714285,0.09800447188819483,40 to 44 years
5188,22418,0.30691396797588194,0.2857142857142857,0.3455087096971139,40 to 44 years
5189,20868,0.7929999999998174,1.0,0.7542150630659346,40 to 44 years
5190,26607,0.7787142857141032,0.8571428571428571,0.37493165461647515,40 to 44 years
5191,22237,0.7501428571426746,0.5714285714285714,0.573373364078407,40 to 44 years
5192,23548,0.7787142857141032,0.8571428571428571,0.1306033393059181,40 to 44 years
5193,24064,0.7929999999998174,1.0,0.7930538965887466,40 to 44 years
5194,23541,0.7072857142855317,0.14285714285714285,0.3963384911193721,40 to 44 years
5195,21543,0.7501428571426746,0.5714285714285714,0.1263380463174309,40 to 44 years
5196,20448,0.721571428571246,0.2857142857142857,0.6571087110112194,40 to 44 years
5197,29627,0.7072857142855317,0.14285714285714285,0.8287291714379785,40 to 44 years
5198,26892,0.7072857142855317,0.14285714285714285,0.9244619106276596,40 to 44 years
5199,28612,0.7929999999998174,1.0,0.20716226521408476,40 to 44 years
5200,26581,0.7787142857141032,0.8571428571428571,0.10264500858347769,40 to 44 years
5201,22755,0.721571428571246,0.2857142857142857,0.2722134403184273,40 to 44 years
5202,26129,0.7929999999998174,1.0,0.4577581764252534,40 to 44 years
5203,21912,0.7501428571426746,0.5714285714285714,0.3071847312952919,40 to 44 years
5204,20940,0.7787142857141032,0.8571428571428571,0.44890033920521505,40 to 44 years
5205,29615,0.7072857142855317,0.14285714285714285,0.5059304147926871,40 to 44 years
5206,23340,0.7787142857141032,0.8571428571428571,0.9553008424438968,40 to 44 years
5207,21711,0.7787142857141032,0.8571428571428571,0.6846020587747434,40 to 44 years
5208,28453,0.721571428571246,0.2857142857142857,0.47280329482265326,40 to 44 years
5209,27056,0.26139216519352515,0.14285714285714285,0.8884525709117997,40 to 44 years
5210,24232,0.7072857142855317,0.14285714285714285,0.17289431537703037,40 to 44 years
5211,24546,0.7072857142855317,0.14285714285714285,0.19401644473815433,40 to 44 years
5212,27427,0.7787142857141032,0.8571428571428571,0.6755802147590045,40 to 44 years
5213,25439,0.721571428571246,0.2857142857142857,0.9680596523154379,40 to 44 years
5214,26644,0.721571428571246,0.2857142857142857,0.5326305687064121,40 to 44 years
5215,29519,0.24094709863029634,0.2857142857142857,0.26608671949139173,40 to 44 years
5216,23314,0.7501428571426746,0.5714285714285714,0.3124732814098353,40 to 44 years
5217,27887,0.7501428571426746,0.5714285714285714,0.3550186269025497,40 to 44 years
5218,21200,0.7787142857141032,0.8571428571428571,0.31762575027725715,40 to 44 years
5219,20635,0.7787142857141032,0.8571428571428571,0.26135273775597667,40 to 44 years
5220,22373,0.16457110622236967,0.14285714285714285,0.6475728167923862,40 to 44 years
5221,20582,0.721571428571246,0.2857142857142857,0.3512597669995382,40 to 44 years
5222,22329,0.7358571428569602,0.42857142857142855,0.8671049652228626,40 to 44 years
5223,23782,0.721571428571246,0.2857142857142857,0.42175115011014136,40 to 44 years
5224,29623,0.7072857142855317,0.14285714285714285,0.3769499183579945,40 to 44 years
5225,29573,0.7358571428569602,0.42857142857142855,0.6367798650557884,40 to 44 years
5226,20609,0.721571428571246,0.2857142857142857,0.6836786639683947,40 to 44 years
5227,29109,0.7787142857141032,0.8571428571428571,0.8161605206380886,40 to 44 years
5228,25087,0.7072857142855317,0.14285714285714285,0.5006770236554428,40 to 44 years
5229,26712,0.1754367927471172,0.2857142857142857,0.06841210731668473,40 to 44 years
5230,23316,0.7072857142855317,0.14285714285714285,0.679997968481135,40 to 44 years
5231,26043,0.721571428571246,0.2857142857142857,0.8175380652044419,40 to 44 years
5232,20567,0.5081044355345089,0.2857142857142857,0.8049470834567986,40 to 44 years
5233,25264,0.721571428571246,0.2857142857142857,0.20933617458380543,40 to 44 years
5234,24597,0.7929999999998174,1.0,0.21868234165168,40 to 44 years
5235,27504,0.721571428571246,0.2857142857142857,0.1012136510789155,40 to 44 years
5236,20761,0.7787142857141032,0.8571428571428571,0.15400684089204608,40 to 44 years
5237,21362,0.7501428571426746,0.5714285714285714,0.9052807973249003,40 to 44 years
5238,21876,0.7358571428569602,0.42857142857142855,0.09822644966784339,40 to 44 years
5239,27265,0.721571428571246,0.2857142857142857,0.3129055275237557,40 to 44 years
5240,29736,0.7787142857141032,0.8571428571428571,0.20512352357808877,40 to 44 years
5241,22265,0.7501428571426746,0.5714285714285714,0.8655285321810529,40 to 44 years
5242,23514,0.7501428571426746,0.5714285714285714,0.592130361353464,40 to 44 years
5243,27298,0.5710383165957789,0.14285714285714285,0.6936238572097894,40 to 44 years
5244,21843,0.7358571428569602,0.42857142857142855,0.6192205446028427,40 to 44 years
5245,23499,0.721571428571246,0.2857142857142857,0.19298532089374498,40 to 44 years
5246,21431,0.7787142857141032,0.8571428571428571,0.6266991044847694,40 to 44 years
5247,27492,0.7787142857141032,0.8571428571428571,0.8929496154217337,40 to 44 years
5248,27082,0.24861800057942215,0.14285714285714285,0.3014763906368806,40 to 44 years
5249,26090,0.7929999999998174,1.0,0.6805336498225073,40 to 44 years
5250,21671,0.7787142857141032,0.8571428571428571,0.8986363225218127,40 to 44 years
5251,27813,0.7358571428569602,0.42857142857142855,0.5744487582315826,40 to 44 years
5252,21083,0.7501428571426746,0.5714285714285714,0.9246443415640078,40 to 44 years
5253,28343,0.721571428571246,0.2857142857142857,0.915369283495814,40 to 44 years
5254,25106,0.7501428571426746,0.5714285714285714,0.4188831010723573,40 to 44 years
5255,28091,0.721571428571246,0.2857142857142857,0.496398808690539,40 to 44 years
5256,23457,0.25799117124829724,0.14285714285714285,0.8130943144765878,45 to 49 years
5257,20544,0.6985714285647868,0.2857142857142857,0.6793131498043518,45 to 49 years
5258,26424,0.7414285714219296,0.7142857142857142,0.050882394027658207,45 to 49 years
5259,26917,0.7128571428505011,0.42857142857142855,0.26720097307078855,45 to 49 years
5260,28579,0.7699999999933582,1.0,0.31656483529544965,45 to 49 years
5261,25738,0.375696691991091,0.14285714285714285,0.9309764287266982,45 to 49 years
5262,20476,0.7271428571362154,0.5714285714285714,0.4012343246647002,45 to 49 years
5263,20221,0.755714285707644,0.8571428571428571,0.6120777918917392,45 to 49 years
5264,29224,0.6985714285647868,0.2857142857142857,0.5770854547042358,45 to 49 years
5265,24033,0.7271428571362154,0.5714285714285714,0.36334666493363643,45 to 49 years
5266,29866,0.6842857142790725,0.14285714285714285,0.5889613537184377,45 to 49 years
5267,29876,0.6985714285647868,0.2857142857142857,0.8220318355331165,45 to 49 years
5268,29091,0.7699999999933582,1.0,0.707655612485575,45 to 49 years
5269,27572,0.7128571428505011,0.42857142857142855,0.48455478863956525,45 to 49 years
5270,28309,0.7271428571362154,0.5714285714285714,0.31470364816432606,45 to 49 years
5271,26540,0.7271428571362154,0.5714285714285714,0.649986653989757,45 to 49 years
5272,26087,0.7128571428505011,0.42857142857142855,0.4553773853398845,45 to 49 years
5273,24961,0.7128571428505011,0.42857142857142855,0.11872435709326984,45 to 49 years
5274,29311,0.7271428571362154,0.5714285714285714,0.44413550364673443,45 to 49 years
5275,23221,0.6985714285647868,0.2857142857142857,0.9508853829030114,45 to 49 years
5276,24742,0.7271428571362154,0.5714285714285714,0.33441715118841997,45 to 49 years
5277,24190,0.7271428571362154,0.5714285714285714,0.34250462346646443,45 to 49 years
5278,27662,0.15240529105611567,0.2857142857142857,0.13959602488250938,45 to 49 years
5279,25477,0.6985714285647868,0.2857142857142857,0.92810802048864,45 to 49 years
5280,21418,0.755714285707644,0.8571428571428571,0.17579609689390036,45 to 49 years
5281,28087,0.6985714285647868,0.2857142857142857,0.7785746080713792,45 to 49 years
5282,25811,0.26906872093216894,0.2857142857142857,0.10938440914823966,45 to 49 years
5283,23604,0.7271428571362154,0.5714285714285714,0.8899483104335957,45 to 49 years
5284,27856,0.3486894889531081,0.14285714285714285,0.09800447188819483,45 to 49 years
5285,28864,0.7271428571362154,0.5714285714285714,0.4026904105175496,45 to 49 years
5286,26526,0.755714285707644,0.8571428571428571,0.34188897069619073,45 to 49 years
5287,21254,0.6985714285647868,0.2857142857142857,0.5504064765139751,45 to 49 years
5288,26295,0.7271428571362154,0.5714285714285714,0.8464206950685758,45 to 49 years
5289,21971,0.755714285707644,0.8571428571428571,0.12121331119576056,45 to 49 years
5290,26441,0.7414285714219296,0.7142857142857142,0.9906353852800278,45 to 49 years
5291,21325,0.6985714285647868,0.2857142857142857,0.6507208212842202,45 to 49 years
5292,27241,0.755714285707644,0.8571428571428571,0.7906432063522596,45 to 49 years
5293,22595,0.6985714285647868,0.2857142857142857,0.3247383311651243,45 to 49 years
5294,26681,0.6985714285647868,0.2857142857142857,0.6884544152764143,45 to 49 years
5295,29155,0.6985714285647868,0.2857142857142857,0.04979410615814911,45 to 49 years
5296,28881,0.7699999999933582,1.0,0.5808154307613902,45 to 49 years
5297,27293,0.2652439496382055,0.2857142857142857,0.11019565323620023,45 to 49 years
5298,28002,0.04236261528428381,0.14285714285714285,0.7510834064924026,45 to 49 years
5299,20780,0.755714285707644,0.8571428571428571,0.8648341346974808,45 to 49 years
5300,23259,0.755714285707644,0.8571428571428571,0.23555716645005975,45 to 49 years
5301,29682,0.6842857142790725,0.14285714285714285,0.23680703961323957,45 to 49 years
5302,22087,0.755714285707644,0.8571428571428571,0.20148383032897793,45 to 49 years
5303,20450,0.42031828950845745,0.14285714285714285,0.018069393599039918,45 to 49 years
5304,28327,0.6985714285647868,0.2857142857142857,0.46504867233298675,45 to 49 years
5305,24575,0.7271428571362154,0.5714285714285714,0.3030866070225456,45 to 49 years
5306,28858,0.755714285707644,0.8571428571428571,0.847098798350007,45 to 49 years
5307,24528,0.7271428571362154,0.5714285714285714,0.40621171462074596,45 to 49 years
5308,25206,0.26244442004944823,0.42857142857142855,0.0561062988283354,45 to 49 years
5309,27546,0.6985714285647868,0.2857142857142857,0.540041079540832,45 to 49 years
5310,21373,0.6985714285647868,0.2857142857142857,0.8884347231898146,45 to 49 years
5311,23419,0.7699999999933582,1.0,0.2646971611601749,45 to 49 years
5312,25583,0.6985714285647868,0.2857142857142857,0.8979010738520834,45 to 49 years
5313,21266,0.755714285707644,0.8571428571428571,0.40834954148931857,45 to 49 years
5314,28381,0.3705598794448678,0.14285714285714285,0.3916683044228469,45 to 49 years
5315,24415,0.7414285714219296,0.7142857142857142,0.33479296974758754,45 to 49 years
5316,24285,0.7271428571362154,0.5714285714285714,0.6730833729926375,45 to 49 years
5317,24176,0.36988899034965117,0.14285714285714285,0.4422795957730608,45 to 49 years
5318,20724,0.6985714285647868,0.2857142857142857,0.9010105097544044,45 to 49 years
5319,29043,0.7128571428505011,0.42857142857142855,0.8260983324921839,45 to 49 years
5320,26200,0.7128571428505011,0.42857142857142855,0.1304446173253736,45 to 49 years
5321,29596,0.471214147964432,0.14285714285714285,0.14311822837450783,45 to 49 years
5322,22250,0.6985714285647868,0.2857142857142857,0.47934853423469054,45 to 49 years
5323,21608,0.7271428571362154,0.5714285714285714,0.517588447192566,45 to 49 years
5324,23487,0.755714285707644,0.8571428571428571,0.04771782527015317,45 to 49 years
5325,26635,0.755714285707644,0.8571428571428571,0.39901608764760704,45 to 49 years
5326,21476,0.755714285707644,0.8571428571428571,0.6066685321805059,45 to 49 years
5327,29999,0.6985714285647868,0.2857142857142857,0.7322059308877952,45 to 49 years
5328,24095,0.27279324040200664,0.2857142857142857,0.7863831933124288,45 to 49 years
5329,23268,0.6985714285647868,0.2857142857142857,0.4689263895372319,45 to 49 years
5330,25313,0.6985714285647868,0.2857142857142857,0.7648873112170242,45 to 49 years
5331,29626,0.7271428571362154,0.5714285714285714,0.1223407102303421,45 to 49 years
5332,20835,0.755714285707644,0.8571428571428571,0.6596243412944909,45 to 49 years
5333,27925,0.7128571428505011,0.42857142857142855,0.9176241704390566,45 to 49 years
5334,26084,0.7271428571362154,0.5714285714285714,0.6388306643648373,45 to 49 years
5335,21285,0.2171700493598348,0.14285714285714285,0.6470179717199728,45 to 49 years
5336,27720,0.7128571428505011,0.42857142857142855,0.706729771954072,45 to 49 years
5337,23685,0.6985714285647868,0.2857142857142857,0.2996081684283644,45 to 49 years
5338,26697,0.755714285707644,0.8571428571428571,0.18705380732097715,45 to 49 years
5339,26598,0.6985714285647868,0.2857142857142857,0.6879024004480254,45 to 49 years
5340,27915,0.7414285714219296,0.7142857142857142,0.30367705783018173,45 to 49 years
5341,27224,0.7128571428505011,0.42857142857142855,0.1506740613347265,45 to 49 years
5342,25440,0.755714285707644,0.8571428571428571,0.8675995522942093,45 to 49 years
5343,21316,0.7128571428505011,0.42857142857142855,0.4196561433735936,45 to 49 years
5344,23000,0.6985714285647868,0.2857142857142857,0.4829679777890641,45 to 49 years
5345,28747,0.6985714285647868,0.2857142857142857,0.9843361660177737,45 to 49 years
5346,20990,0.6985714285647868,0.2857142857142857,0.23467575576556376,45 to 49 years
5347,23565,0.6985714285647868,0.2857142857142857,0.7819101735506621,45 to 49 years
5348,23347,0.755714285707644,0.8571428571428571,0.8066019592430469,45 to 49 years
5349,26985,0.6842857142790725,0.14285714285714285,0.675093553986631,45 to 49 years
5350,26536,0.7128571428505011,0.42857142857142855,0.9646933902996837,45 to 49 years
5351,28659,0.755714285707644,0.8571428571428571,0.03057297926086544,45 to 49 years
5352,24221,0.755714285707644,0.8571428571428571,0.46721979007499626,45 to 49 years
5353,20435,0.7271428571362154,0.5714285714285714,0.6744658287905629,45 to 49 years
5354,28033,0.755714285707644,0.8571428571428571,0.1612119712849539,45 to 49 years
5355,22311,0.7271428571362154,0.5714285714285714,0.3582309784688602,45 to 49 years
5356,25015,0.7271428571362154,0.5714285714285714,0.68856605958886,45 to 49 years
5357,28727,0.755714285707644,0.8571428571428571,0.8132838800945237,45 to 49 years
5358,29959,0.32575422475549554,0.42857142857142855,0.8663236050334729,45 to 49 years
5359,25787,0.6842857142790725,0.14285714285714285,0.8227358420152773,45 to 49 years
5360,28980,0.6842857142790725,0.14285714285714285,0.5399696451739383,45 to 49 years
5361,22622,0.6985714285647868,0.2857142857142857,0.38584781085214837,45 to 49 years
5362,24342,0.6985714285647868,0.2857142857142857,0.5136247777851289,45 to 49 years
5363,24950,0.6842857142790725,0.14285714285714285,0.3895796092154198,45 to 49 years
5364,25684,0.6985714285647868,0.2857142857142857,0.3842603653516283,45 to 49 years
5365,25714,0.7271428571362154,0.5714285714285714,0.5624445489648467,45 to 49 years
5366,25244,0.7271428571362154,0.5714285714285714,0.4894778199243718,45 to 49 years
5367,29359,0.6985714285647868,0.2857142857142857,0.6767408143469832,45 to 49 years
5368,20673,0.6842857142790725,0.14285714285714285,0.1321314521990779,45 to 49 years
5369,21342,0.7699999999933582,1.0,0.6338648227940893,45 to 49 years
5370,28905,0.6985714285647868,0.2857142857142857,0.6139067869212733,45 to 49 years
5371,26798,0.30306372088565847,0.14285714285714285,0.061674977414378884,45 to 49 years
5372,25586,0.7699999999933582,1.0,0.9070115485820027,45 to 49 years
5373,23231,0.6985714285647868,0.2857142857142857,0.8527094698672665,45 to 49 years
5374,20279,0.6842857142790725,0.14285714285714285,0.05707448036082269,45 to 49 years
5375,21337,0.6985714285647868,0.2857142857142857,0.7750151673320277,45 to 49 years
5376,20243,0.6842857142790725,0.14285714285714285,0.03564811234322962,45 to 49 years
5377,24882,0.7128571428505011,0.42857142857142855,0.6503620186702662,45 to 49 years
5378,22229,0.6985714285647868,0.2857142857142857,0.39325032278509253,45 to 49 years
5379,24295,0.6985714285647868,0.2857142857142857,0.2694364925837234,45 to 49 years
5380,29934,0.755714285707644,0.8571428571428571,0.5957030071969602,45 to 49 years
5381,25757,0.6985714285647868,0.2857142857142857,0.5040818349447338,45 to 49 years
5382,27633,0.755714285707644,0.8571428571428571,0.8188587548070674,45 to 49 years
5383,23390,0.3656616515568025,0.2857142857142857,0.9443966672820959,45 to 49 years
5384,24878,0.6985714285647868,0.2857142857142857,0.9445106989947761,45 to 49 years
5385,25566,0.7699999999933582,1.0,0.9902037189367963,45 to 49 years
5386,25157,0.6985714285647868,0.2857142857142857,0.8866786287086934,45 to 49 years
5387,29953,0.6985714285647868,0.2857142857142857,0.22159459287189281,45 to 49 years
5388,25532,0.7271428571362154,0.5714285714285714,0.7023071302544829,45 to 49 years
5389,21926,0.755714285707644,0.8571428571428571,0.7079572148828163,45 to 49 years
5390,27167,0.755714285707644,0.8571428571428571,0.3649126696754357,45 to 49 years
5391,23027,0.6842857142790725,0.14285714285714285,0.1688178307882125,45 to 49 years
5392,23589,0.6985714285647868,0.2857142857142857,0.09338003293630609,45 to 49 years
5393,26946,0.2087248061631751,0.2857142857142857,0.43621588093454233,45 to 49 years
5394,21005,0.755714285707644,0.8571428571428571,0.6948179969050123,45 to 49 years
5395,26988,0.6985714285647868,0.2857142857142857,0.6420542680468184,45 to 49 years
5396,28220,0.6985714285647868,0.2857142857142857,0.4487728721588352,45 to 49 years
5397,28753,0.6842857142790725,0.14285714285714285,0.6879864329755642,45 to 49 years
5398,23614,0.6842857142790725,0.14285714285714285,0.9685064309034135,45 to 49 years
5399,22042,0.6985714285647868,0.2857142857142857,0.28333177148553895,45 to 49 years
5400,25871,0.7271428571362154,0.5714285714285714,0.5246108488757965,45 to 49 years
5401,26566,0.7128571428505011,0.42857142857142855,0.4118461269326921,45 to 49 years
5402,25035,0.755714285707644,0.8571428571428571,0.9305726710232293,45 to 49 years
5403,26570,0.755714285707644,0.8571428571428571,0.2705520345814988,45 to 49 years
5404,20813,0.7271428571362154,0.5714285714285714,0.30461638587553436,45 to 49 years
5405,24622,0.3092236359339571,0.14285714285714285,0.21173759638837752,45 to 49 years
5406,23293,0.13087878296734012,0.14285714285714285,0.8674588932657288,45 to 49 years
5407,25272,0.6985714285647868,0.2857142857142857,0.038909912016922954,45 to 49 years
5408,23949,0.2646821695647589,0.14285714285714285,0.320788892438289,45 to 49 years
5409,28157,0.1464101325706077,0.14285714285714285,0.5038112621379097,45 to 49 years
5410,26670,0.7128571428505011,0.42857142857142855,0.33576005418888427,45 to 49 years
5411,20616,0.6985714285647868,0.2857142857142857,0.9837211425355987,45 to 49 years
5412,26076,0.6985714285647868,0.2857142857142857,0.5061167151613312,45 to 49 years
5413,25223,0.7128571428505011,0.42857142857142855,0.8620380464061577,45 to 49 years
5414,23125,0.6985714285647868,0.2857142857142857,0.38639035089278556,45 to 49 years
5415,28957,0.7128571428505011,0.42857142857142855,0.2612419716453341,45 to 49 years
5416,20957,0.6842857142790725,0.14285714285714285,0.9788247565507939,45 to 49 years
5417,26775,0.755714285707644,0.8571428571428571,0.6396967194089072,45 to 49 years
5418,24706,0.36077368353618766,0.14285714285714285,0.21744347272311088,45 to 49 years
5419,26651,0.755714285707644,0.8571428571428571,0.6509206225019748,45 to 49 years
5420,28133,0.755714285707644,0.8571428571428571,0.5837953403329086,45 to 49 years
5421,29263,0.6842857142790725,0.14285714285714285,0.5509175665069869,45 to 49 years
5422,28913,0.755714285707644,0.8571428571428571,0.3887356643024278,45 to 49 years
5423,27978,0.7128571428505011,0.42857142857142855,0.4109708600767764,45 to 49 years
5424,22783,0.7699999999933582,1.0,0.7694389535945513,45 to 49 years
5425,20898,0.7271428571362154,0.5714285714285714,0.39553646635870193,45 to 49 years
5426,29678,0.6985714285647868,0.2857142857142857,0.3165163745606312,45 to 49 years
5427,28006,0.7128571428505011,0.42857142857142855,0.7413412467648023,45 to 49 years
5428,23132,0.7128571428505011,0.42857142857142855,0.8702585959399143,45 to 49 years
5429,29330,0.6985714285647868,0.2857142857142857,0.24486270795706316,45 to 49 years
5430,21040,0.7414285714219296,0.7142857142857142,0.8420590037351572,45 to 49 years
5431,24431,0.7128571428505011,0.42857142857142855,0.32256161686428786,45 to 49 years
5432,27713,0.7699999999933582,1.0,0.5141056999538158,45 to 49 years
5433,24100,0.6985714285647868,0.2857142857142857,0.9571512225475483,45 to 49 years
5434,20735,0.755714285707644,0.8571428571428571,0.08868110735266826,45 to 49 years
5435,29868,0.755714285707644,0.8571428571428571,0.5521407065148596,45 to 49 years
5436,27420,0.28645356310794995,0.14285714285714285,0.49668842810901614,45 to 49 years
5437,29404,0.7271428571362154,0.5714285714285714,0.20104256789649605,45 to 49 years
5438,25518,0.7271428571362154,0.5714285714285714,0.7005717195733356,45 to 49 years
5439,20828,0.6842857142790725,0.14285714285714285,0.9712641455936993,45 to 49 years
5440,29315,0.7699999999933582,1.0,0.6500240349720726,45 to 49 years
5441,29136,0.6842857142790725,0.14285714285714285,0.6747022449852327,45 to 49 years
5442,20671,0.755714285707644,0.8571428571428571,0.34651843801603915,45 to 49 years
5443,22430,0.3703700731695041,0.7142857142857142,0.09750055185921747,45 to 49 years
5444,27861,0.7271428571362154,0.5714285714285714,0.28660394377478954,45 to 49 years
5445,21617,0.44773575375099284,0.5714285714285714,0.010517641495265906,45 to 49 years
5446,25297,0.6842857142790725,0.14285714285714285,0.7054097142843796,45 to 49 years
5447,24243,0.7271428571362154,0.5714285714285714,0.8788667659686129,45 to 49 years
5448,25568,0.7271428571362154,0.5714285714285714,0.5263235226825977,45 to 49 years
5449,20071,0.755714285707644,0.8571428571428571,0.47493063200848273,45 to 49 years
5450,20814,0.755714285707644,0.8571428571428571,0.6108926112221875,45 to 49 years
5451,29455,0.6842857142790725,0.14285714285714285,0.27872968626143557,45 to 49 years
5452,29247,0.7699999999933582,1.0,0.41513798585111633,45 to 49 years
5453,20827,0.6842857142790725,0.14285714285714285,0.5236593396076058,45 to 49 years
5454,20786,0.7128571428505011,0.42857142857142855,0.5240867192148134,45 to 49 years
5455,29792,0.7699999999933582,1.0,0.6285853638039528,45 to 49 years
5456,28134,0.7128571428505011,0.42857142857142855,0.37427974679348225,45 to 49 years
5457,21269,0.7271428571362154,0.5714285714285714,0.7001565801510977,45 to 49 years
5458,22769,0.6842857142790725,0.14285714285714285,0.6857867997894221,45 to 49 years
5459,29280,0.6985714285647868,0.2857142857142857,0.7515810258964235,45 to 49 years
5460,21967,0.7699999999933582,1.0,0.9078072514349236,45 to 49 years
5461,26405,0.2013642572299336,0.2857142857142857,0.08177981209661095,45 to 49 years
5462,25639,0.5461327885132847,0.2857142857142857,0.4741776362755129,45 to 49 years
5463,24870,0.7699999999933582,1.0,0.30007600140005053,45 to 49 years
5464,20458,0.7699999999933582,1.0,0.8141360568486069,45 to 49 years
5465,22858,0.7271428571362154,0.5714285714285714,0.33486555018566155,45 to 49 years
5466,21149,0.7271428571362154,0.5714285714285714,0.9517039826681695,45 to 49 years
5467,21065,0.7128571428505011,0.42857142857142855,0.31751623905763876,45 to 49 years
5468,21527,0.755714285707644,0.8571428571428571,0.6271928096175616,45 to 49 years
5469,22388,0.3024839879788977,0.2857142857142857,0.3307415672365021,45 to 49 years
5470,27083,0.7414285714219296,0.7142857142857142,0.7391730661066694,45 to 49 years
5471,23645,0.7271428571362154,0.5714285714285714,0.6098704006373266,45 to 49 years
5472,20090,0.7271428571362154,0.5714285714285714,0.7639735520898149,45 to 49 years
5473,22451,0.17151369002089792,0.14285714285714285,0.45324344134161454,45 to 49 years
5474,22329,0.7128571428505011,0.42857142857142855,0.8671049652228626,45 to 49 years
5475,24233,0.6985714285647868,0.2857142857142857,0.7592374964862795,45 to 49 years
5476,23797,0.755714285707644,0.8571428571428571,0.5862959076105763,45 to 49 years
5477,20526,0.6985714285647868,0.2857142857142857,0.8853444213776109,45 to 49 years
5478,29105,0.7699999999933582,1.0,0.5824707814647045,45 to 49 years
5479,23865,0.272688471141027,0.14285714285714285,0.2690859823262583,45 to 49 years
5480,26860,0.7699999999933582,1.0,0.42890822960491665,45 to 49 years
5481,29182,0.6985714285647868,0.2857142857142857,0.8891239657762384,45 to 49 years
5482,28834,0.2890848251997453,0.2857142857142857,0.1368812408364216,45 to 49 years
5483,28097,0.755714285707644,0.8571428571428571,0.25757039673984133,45 to 49 years
5484,24448,0.755714285707644,0.8571428571428571,0.6264193206325069,45 to 49 years
5485,26342,0.6985714285647868,0.2857142857142857,0.5129142624550146,45 to 49 years
5486,21699,0.6985714285647868,0.2857142857142857,0.16872942948844843,45 to 49 years
5487,21085,0.7128571428505011,0.42857142857142855,0.1132171581572623,45 to 49 years
5488,24020,0.7271428571362154,0.5714285714285714,0.2702511341376574,45 to 49 years
5489,20646,0.6985714285647868,0.2857142857142857,0.8760625181600001,45 to 49 years
5490,24834,0.7699999999933582,1.0,0.8196989205330958,45 to 49 years
5491,27203,0.7271428571362154,0.5714285714285714,0.9220903183232477,45 to 49 years
5492,29747,0.7271428571362154,0.5714285714285714,0.13585411695001903,45 to 49 years
5493,29421,0.6985714285647868,0.2857142857142857,0.874982424052082,45 to 49 years
5494,28901,0.755714285707644,0.8571428571428571,0.6989386621495457,45 to 49 years
5495,25801,0.6842857142790725,0.14285714285714285,0.6405455088848002,45 to 49 years
5496,24840,0.6526994597082527,0.2857142857142857,0.924269183453652,45 to 49 years
5497,24378,0.755714285707644,0.8571428571428571,0.3957264464614453,45 to 49 years
5498,29586,0.7271428571362154,0.5714285714285714,0.5157511336479951,45 to 49 years
5499,25887,0.6985714285647868,0.2857142857142857,0.6335196957662426,45 to 49 years
5500,21787,0.7271428571362154,0.5714285714285714,0.8193948265918211,45 to 49 years
5501,24292,0.6985714285647868,0.2857142857142857,0.791080273917031,45 to 49 years
5502,23455,0.7128571428505011,0.42857142857142855,0.42938828855886474,45 to 49 years
5503,21931,0.7271428571362154,0.5714285714285714,0.6834049543070967,45 to 49 years
5504,21279,0.7271428571362154,0.5714285714285714,0.724021970539883,45 to 49 years
5505,27701,0.7271428571362154,0.5714285714285714,0.9444209249737779,45 to 49 years
5506,27005,0.755714285707644,0.8571428571428571,0.6547458046952492,45 to 49 years
5507,27193,0.006827653753797885,0.2857142857142857,0.016259700319670944,45 to 49 years
5508,27654,0.755714285707644,0.8571428571428571,0.24868823135452606,45 to 49 years
5509,27365,0.6842857142790725,0.14285714285714285,0.43560787525828903,45 to 49 years
5510,21092,0.6985714285647868,0.2857142857142857,0.2664146118155002,45 to 49 years
5511,21151,0.6985714285647868,0.2857142857142857,0.5243444835689912,45 to 49 years
5512,24529,0.755714285707644,0.8571428571428571,0.4565079007733722,45 to 49 years
5513,20013,0.7699999999933582,1.0,0.29142666433948433,45 to 49 years
5514,20101,0.7414285714219296,0.7142857142857142,0.45250713476976406,45 to 49 years
5515,24998,0.7271428571362154,0.5714285714285714,0.9170814274414982,45 to 49 years
5516,24256,0.7699999999933582,1.0,0.37134357128446555,45 to 49 years
5517,27115,0.29460838431061115,0.14285714285714285,0.28104665292423164,45 to 49 years
5518,29688,0.5993353014109006,0.14285714285714285,0.04377248393456157,45 to 49 years
5519,20008,0.24357001594775712,0.14285714285714285,0.6554552503423439,45 to 49 years
5520,28218,0.7271428571362154,0.5714285714285714,0.1913965908655194,45 to 49 years
5521,27402,0.7271428571362154,0.5714285714285714,0.9229870891469225,45 to 49 years
5522,23290,0.7271428571362154,0.5714285714285714,0.798430819033445,45 to 49 years
5523,20084,0.7414285714219296,0.7142857142857142,0.7403192376563681,45 to 49 years
5524,24570,0.18480096652033542,0.14285714285714285,0.14133213151447516,45 to 49 years
5525,27015,0.6842857142790725,0.14285714285714285,0.7581219512157302,45 to 49 years
5526,25316,0.7271428571362154,0.5714285714285714,0.6638287739549827,45 to 49 years
5527,27201,0.755714285707644,0.8571428571428571,0.2652442085637855,45 to 49 years
5528,21305,0.6842857142790725,0.14285714285714285,0.2916165232913393,45 to 49 years
5529,20507,0.755714285707644,0.8571428571428571,0.50465804717663,45 to 49 years
5530,28777,0.7699999999933582,1.0,0.6517111057268477,45 to 49 years
5531,28533,0.7128571428505011,0.42857142857142855,0.7823950180203061,45 to 49 years
5532,21830,0.755714285707644,0.8571428571428571,0.9484598213683764,45 to 49 years
5533,27760,0.7699999999933582,1.0,0.8661674888978286,45 to 49 years
5534,25204,0.5224793941723614,0.14285714285714285,0.8775338488988067,45 to 49 years
5535,27409,0.6985714285647868,0.2857142857142857,0.35520439079157895,45 to 49 years
5536,21231,0.755714285707644,0.8571428571428571,0.09614004734476178,45 to 49 years
5537,29941,0.7271428571362154,0.5714285714285714,0.5124422776225538,45 to 49 years
5538,26704,0.7414285714219296,0.7142857142857142,0.45380019535663146,45 to 49 years
5539,22439,0.6985714285647868,0.2857142857142857,0.6397295624464154,45 to 49 years
5540,25645,0.6985714285647868,0.2857142857142857,0.10500454107681079,45 to 49 years
5541,25314,0.755714285707644,0.8571428571428571,0.5124842518300926,45 to 49 years
5542,23980,0.755714285707644,0.8571428571428571,0.6917251881739395,45 to 49 years
5543,25478,0.7271428571362154,0.5714285714285714,0.6449852884942981,45 to 49 years
5544,24958,0.7271428571362154,0.5714285714285714,0.596437994798599,45 to 49 years
5545,29031,0.6842857142790725,0.14285714285714285,0.4343937877967742,45 to 49 years
5546,20466,0.6985714285647868,0.2857142857142857,0.36944958291227137,45 to 49 years
5547,21725,0.755714285707644,0.8571428571428571,0.31240713812774307,45 to 49 years
5548,28728,0.7699999999933582,1.0,0.11573892792031815,45 to 49 years
5549,29228,0.7271428571362154,0.5714285714285714,0.6421001462303846,45 to 49 years
5550,23510,0.755714285707644,0.8571428571428571,0.1905060837864213,45 to 49 years
5551,27540,0.7271428571362154,0.5714285714285714,0.9067097658115753,45 to 49 years
5552,26550,0.7271428571362154,0.5714285714285714,0.5848817738284555,45 to 49 years
5553,22064,0.6985714285647868,0.2857142857142857,0.1300062959818677,45 to 49 years
5554,21858,0.7699999999933582,1.0,0.30106668197663955,45 to 49 years
5555,29397,0.3643016587431903,0.2857142857142857,0.2586183930503667,45 to 49 years
5556,20297,0.38565645132727505,0.42857142857142855,0.2501611789251224,45 to 49 years
5557,27113,0.26193383870765,0.14285714285714285,0.6997616632424002,45 to 49 years
5558,20063,0.755714285707644,0.8571428571428571,0.23067395417119535,45 to 49 years
5559,27173,0.6985714285647868,0.2857142857142857,0.09029173266963775,45 to 49 years
5560,28792,0.6985714285647868,0.2857142857142857,0.6640743704829974,45 to 49 years
5561,27617,0.755714285707644,0.8571428571428571,0.4508541127680903,45 to 49 years
5562,20181,0.7271428571362154,0.5714285714285714,0.07070868045452694,45 to 49 years
5563,28412,0.6985714285647868,0.2857142857142857,0.05575279189177468,45 to 49 years
5564,24356,0.6985714285647868,0.2857142857142857,0.8648466554027323,45 to 49 years
5565,26083,0.755714285707644,0.8571428571428571,0.7110103934340641,45 to 49 years
5566,23857,0.19022086768475352,0.2857142857142857,0.3774315984861154,45 to 49 years
5567,27819,0.5270299397581142,0.14285714285714285,0.019289867420500095,45 to 49 years
5568,26263,0.7271428571362154,0.5714285714285714,0.15065579802143236,45 to 49 years
5569,26750,0.7128571428505011,0.42857142857142855,0.16565988249559632,45 to 49 years
5570,25399,0.7128571428505011,0.42857142857142855,0.73947047338924,45 to 49 years
5571,27101,0.6842857142790725,0.14285714285714285,0.5374197763455513,45 to 49 years
5572,28376,0.7271428571362154,0.5714285714285714,0.640628146856085,45 to 49 years
5573,23115,0.34815916660082785,0.14285714285714285,0.6274025742778603,45 to 49 years
5574,24187,0.7271428571362154,0.5714285714285714,0.4927835940554425,45 to 49 years
5575,23277,0.755714285707644,0.8571428571428571,0.7118046374429908,45 to 49 years
5576,27491,0.7414285714219296,0.7142857142857142,0.9067201155101943,45 to 49 years
5577,21719,0.7271428571362154,0.5714285714285714,0.9752453571638482,45 to 49 years
5578,20908,0.7271428571362154,0.5714285714285714,0.6379124180967848,45 to 49 years
5579,29413,0.755714285707644,0.8571428571428571,0.5727165156117922,45 to 49 years
5580,28507,0.4284253110568351,0.14285714285714285,0.12550085233148633,45 to 49 years
5581,23196,0.7271428571362154,0.5714285714285714,0.8108054400955277,45 to 49 years
5582,25122,0.755714285707644,0.8571428571428571,0.8480941205019374,45 to 49 years
5583,28453,0.6985714285647868,0.2857142857142857,0.47280329482265326,45 to 49 years
5584,25831,0.7699999999933582,1.0,0.6336894369176432,45 to 49 years
5585,21323,0.755714285707644,0.8571428571428571,0.4267661992487358,45 to 49 years
5586,25707,0.31133756421101166,0.2857142857142857,0.7066666700914493,45 to 49 years
5587,27054,0.3919379437409805,0.14285714285714285,0.5744201533850367,45 to 49 years
5588,20808,0.6842857142790725,0.14285714285714285,0.8061500676076393,45 to 49 years
5589,28054,0.6985714285647868,0.2857142857142857,0.527769797790091,45 to 49 years
5590,24079,0.6985714285647868,0.2857142857142857,0.6865895036403769,45 to 49 years
5591,25977,0.6985714285647868,0.2857142857142857,0.5873507162840426,45 to 49 years
5592,20659,0.755714285707644,0.8571428571428571,0.9332061363085713,45 to 49 years
5593,23320,0.6842857142790725,0.14285714285714285,0.6362536734785205,45 to 49 years
5594,29211,0.7271428571362154,0.5714285714285714,0.7836424113607274,45 to 49 years
5595,28163,0.6842857142790725,0.14285714285714285,0.8267332331614459,45 to 49 years
5596,26805,0.6186898245489753,0.42857142857142855,0.18645820014041609,45 to 49 years
5597,28751,0.6985714285647868,0.2857142857142857,0.5295728384155683,45 to 49 years
5598,29497,0.7699999999933582,1.0,0.008711342115271692,45 to 49 years
5599,27177,0.6985714285647868,0.2857142857142857,0.20597399461796767,45 to 49 years
5600,26131,0.7271428571362154,0.5714285714285714,0.60224612338549,45 to 49 years
5601,20651,0.49346830792422874,0.14285714285714285,0.4428921818127899,45 to 49 years
5602,26530,0.755714285707644,0.8571428571428571,0.4765097222817381,45 to 49 years
5603,20229,0.755714285707644,0.8571428571428571,0.8698796110411608,45 to 49 years
5604,22431,0.6985714285647868,0.2857142857142857,0.6984437939641597,45 to 49 years
5605,22474,0.755714285707644,0.8571428571428571,0.3467364183292058,45 to 49 years
5606,22831,0.7271428571362154,0.5714285714285714,0.2857337547710965,45 to 49 years
5607,24935,0.755714285707644,0.8571428571428571,0.5835586376693481,45 to 49 years
5608,21676,0.7414285714219296,0.7142857142857142,0.013153438661879457,45 to 49 years
5609,21061,0.7699999999933582,1.0,0.6566221324895939,45 to 49 years
5610,27066,0.6842857142790725,0.14285714285714285,0.45824012091788474,45 to 49 years
5611,27802,0.7128571428505011,0.42857142857142855,0.5165369579005663,45 to 49 years
5612,26038,0.7271428571362154,0.5714285714285714,0.433402829215474,45 to 49 years
5613,21726,0.6842857142790725,0.14285714285714285,0.5327077642355929,45 to 49 years
5614,29212,0.7128571428505011,0.42857142857142855,0.8193971919819258,45 to 49 years
5615,25715,0.7699999999933582,1.0,0.7875572935221443,45 to 49 years
5616,22396,0.7271428571362154,0.5714285714285714,0.25719379264798486,45 to 49 years
5617,24310,0.755714285707644,0.8571428571428571,0.8982469773408136,45 to 49 years
5618,24371,0.26976747834655296,0.14285714285714285,0.5692245569578775,45 to 49 years
5619,23730,0.7271428571362154,0.5714285714285714,0.9434258003513424,45 to 49 years
5620,24830,0.7128571428505011,0.42857142857142855,0.15553615534157078,45 to 49 years
5621,23012,0.6842857142790725,0.14285714285714285,0.792573487997666,45 to 49 years
5622,21768,0.755714285707644,0.8571428571428571,0.7668246328366738,45 to 49 years
5623,25558,0.755714285707644,0.8571428571428571,0.9496665970881444,45 to 49 years
5624,20148,0.7699999999933582,1.0,0.8429299515403137,45 to 49 years
5625,26082,0.755714285707644,0.8571428571428571,0.18636662737996068,45 to 49 years
5626,28183,0.7271428571362154,0.5714285714285714,0.09435284663773941,45 to 49 years
5627,27263,0.6985714285647868,0.2857142857142857,0.5631800703057527,45 to 49 years
5628,21427,0.7271428571362154,0.5714285714285714,0.6828356758975892,45 to 49 years
5629,21677,0.6985714285647868,0.2857142857142857,0.40654171755819857,45 to 49 years
5630,20592,0.7271428571362154,0.5714285714285714,0.3631998307521454,45 to 49 years
5631,22207,0.6985714285647868,0.2857142857142857,0.9391632393478939,45 to 49 years
5632,24214,0.7271428571362154,0.5714285714285714,0.8079145359925146,45 to 49 years
5633,26355,0.7699999999933582,1.0,0.5796160158096795,45 to 49 years
5634,22228,0.7128571428505011,0.42857142857142855,0.2050672644028722,45 to 49 years
5635,25465,0.1647354124783259,0.14285714285714285,0.4627897463490105,45 to 49 years
5636,26277,0.7271428571362154,0.5714285714285714,0.7764074082389381,45 to 49 years
5637,27763,0.755714285707644,0.8571428571428571,0.8505543067109752,45 to 49 years
5638,27768,0.09233732051258278,0.14285714285714285,0.8285961756283231,45 to 49 years
5639,29884,0.7271428571362154,0.5714285714285714,0.26370655942967114,45 to 49 years
5640,24986,0.7271428571362154,0.5714285714285714,0.7418545001878374,45 to 49 years
5641,29710,0.755714285707644,0.8571428571428571,0.5003115825906976,45 to 49 years
5642,22943,0.755714285707644,0.8571428571428571,0.8729697537895975,45 to 49 years
5643,20165,0.7699999999933582,1.0,0.8130710855875981,45 to 49 years
5644,29925,0.21840271265222397,0.14285714285714285,0.24016510418005083,45 to 49 years
5645,23926,0.7271428571362154,0.5714285714285714,0.42177562398331353,45 to 49 years
5646,26034,0.6842857142790725,0.14285714285714285,0.22313862114997512,45 to 49 years
5647,27753,0.7271428571362154,0.5714285714285714,0.05534766756297638,45 to 49 years
5648,28739,0.2820471746124753,0.14285714285714285,0.31399420835359315,45 to 49 years
5649,25377,0.6985714285647868,0.2857142857142857,0.9081811317486791,45 to 49 years
5650,28776,0.7271428571362154,0.5714285714285714,0.46652942474069037,45 to 49 years
5651,20645,0.6985714285647868,0.2857142857142857,0.9967020073357671,45 to 49 years
5652,29388,0.6985714285647868,0.2857142857142857,0.7899718762747014,45 to 49 years
5653,20845,0.6985714285647868,0.2857142857142857,0.6746610401125935,45 to 49 years
5654,25128,0.6985714285647868,0.2857142857142857,0.33739882306529867,45 to 49 years
5655,25554,0.7271428571362154,0.5714285714285714,0.077614728565633,45 to 49 years
5656,20183,0.7271428571362154,0.5714285714285714,0.36670441846106816,45 to 49 years
5657,20192,0.7128571428505011,0.42857142857142855,0.7343634942238787,45 to 49 years
5658,22129,0.7128571428505011,0.42857142857142855,0.4318430437981535,45 to 49 years
5659,26351,0.7271428571362154,0.5714285714285714,0.42909382838200444,45 to 49 years
5660,23478,0.6985714285647868,0.2857142857142857,0.3641443280743733,45 to 49 years
5661,26575,0.7271428571362154,0.5714285714285714,0.8034858227043458,45 to 49 years
5662,29971,0.6985714285647868,0.2857142857142857,0.24047104807663783,45 to 49 years
5663,22929,0.015198398501281189,0.14285714285714285,0.11300659256540513,45 to 49 years
5664,28482,0.6842857142790725,0.14285714285714285,0.2698123635250192,45 to 49 years
5665,26900,0.7128571428505011,0.42857142857142855,0.913525995795526,45 to 49 years
5666,24258,0.7128571428505011,0.42857142857142855,0.9571295739843336,45 to 49 years
5667,24799,0.7271428571362154,0.5714285714285714,0.06999257910669926,45 to 49 years
5668,29594,0.7414285714219296,0.7142857142857142,0.8653724957628366,45 to 49 years
5669,29841,0.7414285714219296,0.7142857142857142,0.8205817150509254,45 to 49 years
5670,25332,0.755714285707644,0.8571428571428571,0.037569831247420304,45 to 49 years
5671,24638,0.6842857142790725,0.14285714285714285,0.30801979835239646,45 to 49 years
5672,27100,0.7699999999933582,1.0,0.6886246956998807,45 to 49 years
5673,29083,0.6985714285647868,0.2857142857142857,0.5322768586629113,45 to 49 years
5674,20052,0.3547916901734549,0.2857142857142857,0.4335027379881242,45 to 49 years
5675,21043,0.6985714285647868,0.2857142857142857,0.47787269664641635,45 to 49 years
5676,24096,0.755714285707644,0.8571428571428571,0.07536326265092286,45 to 49 years
5677,29010,0.6985714285647868,0.2857142857142857,0.48079639895250864,45 to 49 years
5678,24499,0.7414285714219296,0.7142857142857142,0.27170360244985076,45 to 49 years
5679,27853,0.755714285707644,0.8571428571428571,0.4632967862676583,45 to 49 years
5680,24419,0.6985714285647868,0.2857142857142857,0.25268752350743634,45 to 49 years
5681,20494,0.7271428571362154,0.5714285714285714,0.9377035642409037,45 to 49 years
5682,21765,0.6985714285647868,0.2857142857142857,0.47810527084125837,45 to 49 years
5683,28101,0.7271428571362154,0.5714285714285714,0.5367103741415611,45 to 49 years
5684,27104,0.7128571428505011,0.42857142857142855,0.8728523183711383,45 to 49 years
5685,22529,0.7128571428505011,0.42857142857142855,0.7845536775185493,45 to 49 years
5686,27043,0.7128571428505011,0.42857142857142855,0.8343386745334579,45 to 49 years
5687,28680,0.6985714285647868,0.2857142857142857,0.43149606211853336,45 to 49 years
5688,24365,0.6842857142790725,0.14285714285714285,0.5273005746018767,45 to 49 years
5689,23474,0.6985714285647868,0.2857142857142857,0.08147750784171742,45 to 49 years
5690,29444,0.6842857142790725,0.14285714285714285,0.18991985334331757,45 to 49 years
5691,27212,0.755714285707644,0.8571428571428571,0.3455593502776249,45 to 49 years
5692,26837,0.6842857142790725,0.14285714285714285,0.957920824315958,45 to 49 years
5693,27384,0.6985714285647868,0.2857142857142857,0.8247030866673335,45 to 49 years
5694,23256,0.7271428571362154,0.5714285714285714,0.06714848913202176,45 to 49 years
5695,20329,0.7271428571362154,0.5714285714285714,0.6297602851272841,45 to 49 years
5696,24857,0.7699999999933582,1.0,0.16798320543265355,45 to 49 years
5697,21939,0.7271428571362154,0.5714285714285714,0.49690167726579204,45 to 49 years
5698,22997,0.5252817468576486,0.2857142857142857,0.05602110274542854,45 to 49 years
5699,28418,0.14327342424827627,0.2857142857142857,0.014290551971729237,45 to 49 years
5700,21127,0.7271428571362154,0.5714285714285714,0.32230103702162427,45 to 49 years
5701,27620,0.6842857142790725,0.14285714285714285,0.6956911944349302,45 to 49 years
5702,29449,0.7271428571362154,0.5714285714285714,0.780061775028858,45 to 49 years
5703,26605,0.7271428571362154,0.5714285714285714,0.18253622169278633,45 to 49 years
5704,25443,0.7271428571362154,0.5714285714285714,0.1041839012302137,45 to 49 years
5705,23671,0.7128571428505011,0.42857142857142855,0.6349338582963168,45 to 49 years
5706,29334,0.34255785556726964,0.14285714285714285,0.4883571447284037,45 to 49 years
5707,22186,0.7271428571362154,0.5714285714285714,0.8254956111522906,45 to 49 years
5708,25996,0.7271428571362154,0.5714285714285714,0.33249576155180915,45 to 49 years
5709,29708,0.755714285707644,0.8571428571428571,0.22915835892042885,45 to 49 years
5710,29420,0.2114562955330144,0.2857142857142857,0.028933580824733518,45 to 49 years
5711,28802,0.04541041621889389,0.2857142857142857,0.31895246790991005,45 to 49 years
5712,28128,0.755714285707644,0.8571428571428571,0.06590153564644441,45 to 49 years
5713,23815,0.6842857142790725,0.14285714285714285,0.8390851745152911,45 to 49 years
5714,21395,0.6842857142790725,0.14285714285714285,0.8266559681770491,45 to 49 years
5715,22221,0.7271428571362154,0.5714285714285714,0.1955824134498435,45 to 49 years
5716,20294,0.7271428571362154,0.5714285714285714,0.8600320562813176,45 to 49 years
5717,20411,0.16429533789908515,0.14285714285714285,0.12407635701056585,45 to 49 years
5718,28609,0.7271428571362154,0.5714285714285714,0.1895114505124122,45 to 49 years
5719,27397,0.7699999999933582,1.0,0.1985389280733154,45 to 49 years
5720,25884,0.755714285707644,0.8571428571428571,0.8521787189197589,45 to 49 years
5721,24605,0.13460126420530255,0.2857142857142857,0.21373023289264037,45 to 49 years
5722,29340,0.6985714285647868,0.2857142857142857,0.08103978997749273,45 to 49 years
5723,27773,0.6985714285647868,0.2857142857142857,0.2814121279131169,45 to 49 years
5724,29000,0.6985714285647868,0.2857142857142857,0.010639103571421171,45 to 49 years
5725,26306,0.7271428571362154,0.5714285714285714,0.5941491740317085,45 to 49 years
5726,27974,0.6985714285647868,0.2857142857142857,0.21901375565210712,45 to 49 years
5727,27882,0.7271428571362154,0.5714285714285714,0.2845999218970377,45 to 49 years
5728,27184,0.6985714285647868,0.2857142857142857,0.27311080728793974,45 to 49 years
5729,24679,0.6985714285647868,0.2857142857142857,0.030431308694072623,45 to 49 years
5730,20841,0.6985714285647868,0.2857142857142857,0.9250555912092642,45 to 49 years
5731,21848,0.6985714285647868,0.2857142857142857,0.34761455310109585,45 to 49 years
5732,21928,0.6985714285647868,0.2857142857142857,0.7671075130023441,45 to 49 years
5733,29154,0.7699999999933582,1.0,0.3377348774730533,45 to 49 years
5734,29672,0.755714285707644,0.8571428571428571,0.45730374793175443,45 to 49 years
5735,23834,0.6985714285647868,0.2857142857142857,0.165695673851799,45 to 49 years
5736,20355,0.7128571428505011,0.42857142857142855,0.7710051998024676,45 to 49 years
5737,21363,0.7128571428505011,0.42857142857142855,0.14898620522992206,45 to 49 years
5738,29830,0.6985714285647868,0.2857142857142857,0.24688645546726273,45 to 49 years
5739,26646,0.7271428571362154,0.5714285714285714,0.5443393694714302,45 to 49 years
5740,24718,0.6985714285647868,0.2857142857142857,0.5286144361836388,45 to 49 years
5741,26359,0.7271428571362154,0.5714285714285714,0.9306207627503529,45 to 49 years
5742,28370,0.7128571428505011,0.42857142857142855,0.4350068846836523,45 to 49 years
5743,20055,0.7699999999933582,1.0,0.5789241073513864,45 to 49 years
5744,28447,0.6985714285647868,0.2857142857142857,0.20382383698417528,45 to 49 years
5745,22299,0.6842857142790725,0.14285714285714285,0.3603243822684927,45 to 49 years
5746,29468,0.7699999999933582,1.0,0.45083088600945753,45 to 49 years
5747,26242,0.6842857142790725,0.14285714285714285,0.3300966651282338,45 to 49 years
5748,23235,0.7128571428505011,0.42857142857142855,0.8634985915809161,45 to 49 years
5749,29754,0.7271428571362154,0.5714285714285714,0.6579249324224388,45 to 49 years
5750,24064,0.7699999999933582,1.0,0.7930538965887466,45 to 49 years
5751,20975,0.755714285707644,0.8571428571428571,0.1331530297061172,45 to 49 years
5752,25039,0.7271428571362154,0.5714285714285714,0.45272406503557827,45 to 49 years
5753,26914,0.7699999999933582,1.0,0.44920341374478084,45 to 49 years
5754,29478,0.7128571428505011,0.42857142857142855,0.08908690431743027,45 to 49 years
5755,23623,0.3296883716001701,0.14285714285714285,0.30224992070122453,45 to 49 years
5756,27848,0.7271428571362154,0.5714285714285714,0.3262851350059132,45 to 49 years
5757,20244,0.7414285714219296,0.7142857142857142,0.630030735614676,45 to 49 years
5758,24810,0.6985714285647868,0.2857142857142857,0.5164537207532162,45 to 49 years
5759,24478,0.4988918060546953,0.14285714285714285,0.09446542703094563,45 to 49 years
5760,29050,0.7699999999933582,1.0,0.44786707644686147,45 to 49 years
5761,24440,0.7128571428505011,0.42857142857142855,0.029072701195001494,45 to 49 years
5762,22487,0.6985714285647868,0.2857142857142857,0.9611951505570089,45 to 49 years
5763,21896,0.755714285707644,0.8571428571428571,0.6849480607670646,45 to 49 years
5764,27051,0.7699999999933582,1.0,0.6651024453257637,45 to 49 years
5765,28872,0.7414285714219296,0.7142857142857142,0.36902850825393024,45 to 49 years
5766,24970,0.755714285707644,0.8571428571428571,0.9063763101838951,45 to 49 years
5767,23621,0.6985714285647868,0.2857142857142857,0.6707894118261193,45 to 49 years
5768,20988,0.755714285707644,0.8571428571428571,0.2238276046652774,45 to 49 years
5769,29423,0.6985714285647868,0.2857142857142857,0.1723663337104025,45 to 49 years
5770,21300,0.6842857142790725,0.14285714285714285,0.5170424193889419,45 to 49 years
5771,20400,0.5024185140727818,0.2857142857142857,0.5311990279698815,45 to 49 years
5772,23127,0.7128571428505011,0.42857142857142855,0.7349257417487148,45 to 49 years
5773,24350,0.5918888845404842,0.2857142857142857,0.39668249080954904,45 to 49 years
5774,29824,0.41828097739167475,0.14285714285714285,0.7033337676493092,45 to 49 years
5775,24747,0.755714285707644,0.8571428571428571,0.06505577499034731,45 to 49 years
5776,22810,0.7128571428505011,0.42857142857142855,0.3527733440884563,45 to 49 years
5777,20128,0.755714285707644,0.8571428571428571,0.5154151999795582,45 to 49 years
5778,23923,0.7271428571362154,0.5714285714285714,0.6853776247896051,45 to 49 years
5779,27170,0.7128571428505011,0.42857142857142855,0.4797200188860492,45 to 49 years
5780,27931,0.6985714285647868,0.2857142857142857,0.27587915233360616,45 to 49 years
5781,25631,0.6842857142790725,0.14285714285714285,0.5797096163108479,45 to 49 years
5782,22308,0.7271428571362154,0.5714285714285714,0.08013020858147257,45 to 49 years
5783,25816,0.6985714285647868,0.2857142857142857,0.8475606006993298,45 to 49 years
5784,28605,0.7271428571362154,0.5714285714285714,0.7644718708627413,45 to 49 years
5785,29539,0.6039680529239594,0.2857142857142857,0.06266255146909788,45 to 49 years
5786,29832,0.5295070023480732,0.2857142857142857,0.3100244316757622,45 to 49 years
5787,23897,0.7271428571362154,0.5714285714285714,0.8727960818456919,45 to 49 years
5788,23787,0.6842857142790725,0.14285714285714285,0.14814391967831564,45 to 49 years
5789,22735,0.6985714285647868,0.2857142857142857,0.6850676703309282,45 to 49 years
5790,24876,0.7271428571362154,0.5714285714285714,0.7349978722126259,45 to 49 years
5791,23422,0.755714285707644,0.8571428571428571,0.47468832317202364,45 to 49 years
5792,29898,0.6842857142790725,0.14285714285714285,0.5213812101761606,45 to 49 years
5793,22754,0.6985714285647868,0.2857142857142857,0.75204301681077,45 to 49 years
5794,26840,0.7271428571362154,0.5714285714285714,0.21613200616705885,45 to 49 years
5795,26659,0.755714285707644,0.8571428571428571,0.2992092736286942,45 to 49 years
5796,26299,0.7271428571362154,0.5714285714285714,0.24761744241834516,45 to 49 years
5797,21687,0.6985714285647868,0.2857142857142857,0.4378331299682497,45 to 49 years
5798,25762,0.6985714285647868,0.2857142857142857,0.5231342475687627,45 to 49 years
5799,24943,0.7271428571362154,0.5714285714285714,0.986571277814262,45 to 49 years
5800,24738,0.755714285707644,0.8571428571428571,0.16255847967376674,45 to 49 years
5801,21571,0.6985714285647868,0.2857142857142857,0.552875465057032,45 to 49 years
5802,22886,0.7271428571362154,0.5714285714285714,0.3700255232718088,45 to 49 years
5803,23160,0.6842857142790725,0.14285714285714285,0.9769482098477202,45 to 49 years
5804,29419,0.6985714285647868,0.2857142857142857,0.39412081702665624,45 to 49 years
5805,27690,0.7271428571362154,0.5714285714285714,0.2227280518286901,45 to 49 years
5806,23402,0.755714285707644,0.8571428571428571,0.8112847509415828,45 to 49 years
5807,23492,0.6985714285647868,0.2857142857142857,0.26154440038961857,45 to 49 years
5808,27981,0.7128571428505011,0.42857142857142855,0.33992783568064744,45 to 49 years
5809,24145,0.7699999999933582,1.0,0.3623789503587888,45 to 49 years
5810,20899,0.6985714285647868,0.2857142857142857,0.09841375884459219,45 to 49 years
5811,25880,0.7271428571362154,0.5714285714285714,0.9473814015780944,45 to 49 years
5812,20171,0.7128571428505011,0.42857142857142855,0.7198605653794055,45 to 49 years
5813,24654,0.7271428571362154,0.5714285714285714,0.2549939582649203,45 to 49 years
5814,25480,0.755714285707644,0.8571428571428571,0.2862674819202547,45 to 49 years
5815,23408,0.7414285714219296,0.7142857142857142,0.4758039909720166,45 to 49 years
5816,24847,0.6985714285647868,0.2857142857142857,0.42590826315674213,45 to 49 years
5817,22242,0.6985714285647868,0.2857142857142857,0.304388194360153,45 to 49 years
5818,25868,0.6985714285647868,0.2857142857142857,0.8005034661466748,45 to 49 years
5819,25449,0.7699999999933582,1.0,0.863677605642975,45 to 49 years
5820,27391,0.6985714285647868,0.2857142857142857,0.8211284245350066,45 to 49 years
5821,25911,0.6985714285647868,0.2857142857142857,0.7084107416464959,45 to 49 years
5822,21501,0.755714285707644,0.8571428571428571,0.590631425359368,45 to 49 years
5823,26133,0.6842857142790725,0.14285714285714285,0.2415031731905916,45 to 49 years
5824,27696,0.7271428571362154,0.5714285714285714,0.6259838154032413,45 to 49 years
5825,20767,0.6985714285647868,0.2857142857142857,0.6690926665934401,45 to 49 years
5826,24284,0.755714285707644,0.8571428571428571,0.8480959847598224,45 to 49 years
5827,29987,0.7699999999933582,1.0,0.6797842133498463,45 to 49 years
5828,20193,0.755714285707644,0.8571428571428571,0.41726615376665666,45 to 49 years
5829,21210,0.7271428571362154,0.5714285714285714,0.4479991027724312,45 to 49 years
5830,27070,0.7271428571362154,0.5714285714285714,0.19424134237580115,45 to 49 years
5831,23697,0.755714285707644,0.8571428571428571,0.6732646660809507,45 to 49 years
5832,26309,0.7699999999933582,1.0,0.04777921960406961,45 to 49 years
5833,22982,0.7699999999933582,1.0,0.6830927548873651,45 to 49 years
5834,24339,0.755714285707644,0.8571428571428571,0.6978283170692572,45 to 49 years
5835,24515,0.755714285707644,0.8571428571428571,0.4759510406166733,45 to 49 years
5836,20467,0.121170630986116,0.2857142857142857,0.662555111500628,45 to 49 years
5837,28699,0.755714285707644,0.8571428571428571,0.3602606399069097,45 to 49 years
5838,28180,0.7271428571362154,0.5714285714285714,0.478894935110138,45 to 49 years
5839,27859,0.755714285707644,0.8571428571428571,0.7545708087011738,45 to 49 years
5840,29071,0.6985714285647868,0.2857142857142857,0.44134896836779836,45 to 49 years
5841,25777,0.6985714285647868,0.2857142857142857,0.6006619164574772,45 to 49 years
5842,24853,0.7128571428505011,0.42857142857142855,0.024872470812867475,45 to 49 years
5843,27286,0.6985714285647868,0.2857142857142857,0.379076128319726,45 to 49 years
5844,27136,0.7128571428505011,0.42857142857142855,0.012175969030808087,45 to 49 years
5845,24668,0.16189690057449088,0.2857142857142857,0.30481607335343786,45 to 49 years
5846,26400,0.755714285707644,0.8571428571428571,0.20840166920290149,45 to 49 years
5847,24996,0.7271428571362154,0.5714285714285714,0.15865859443703667,45 to 49 years
5848,21125,0.6842857142790725,0.14285714285714285,0.4376643546360591,45 to 49 years
5849,28400,0.7414285714219296,0.7142857142857142,0.8917096311635682,45 to 49 years
5850,29237,0.6985714285647868,0.2857142857142857,0.5980037546258651,45 to 49 years
5851,26008,0.7128571428505011,0.42857142857142855,0.5406498083541599,45 to 49 years
5852,24110,0.7271428571362154,0.5714285714285714,0.04048664433972665,45 to 49 years
5853,22053,0.4175957979046771,0.5714285714285714,0.027235682343951573,45 to 49 years
5854,22685,0.6985714285647868,0.2857142857142857,0.1605871816484461,45 to 49 years
5855,21701,0.6842857142790725,0.14285714285714285,0.28121373234529146,45 to 49 years
5856,21779,0.3953454165455798,0.2857142857142857,0.5155978364490091,45 to 49 years
5857,20045,0.755714285707644,0.8571428571428571,0.3552604948583896,45 to 49 years
5858,22758,0.7271428571362154,0.5714285714285714,0.020267241127832625,45 to 49 years
5859,26572,0.7271428571362154,0.5714285714285714,0.7133636200897354,45 to 49 years
5860,24721,0.11228834745373548,0.2857142857142857,0.11799618558437619,45 to 49 years
5861,24299,0.6985714285647868,0.2857142857142857,0.6276199477872627,45 to 49 years
5862,29146,0.6985714285647868,0.2857142857142857,0.8020038368100741,45 to 49 years
5863,21422,0.7414285714219296,0.7142857142857142,0.6100967456985262,45 to 49 years
5864,27789,0.7699999999933582,1.0,0.8938455307825689,45 to 49 years
5865,26928,0.7699999999933582,1.0,0.7381617852736242,45 to 49 years
5866,29975,0.6985714285647868,0.2857142857142857,0.9359102175384382,45 to 49 years
5867,27842,0.755714285707644,0.8571428571428571,0.6534822561340362,45 to 49 years
5868,27190,0.6842857142790725,0.14285714285714285,0.6696827623574582,45 to 49 years
5869,27560,0.6985714285647868,0.2857142857142857,0.39015342605061887,45 to 49 years
5870,23880,0.7271428571362154,0.5714285714285714,0.23443485767692063,45 to 49 years
5871,21946,0.6985714285647868,0.2857142857142857,0.41106517641691986,45 to 49 years
5872,26760,0.7699999999933582,1.0,0.7539553275390911,45 to 49 years
5873,28057,0.6842857142790725,0.14285714285714285,0.6721187106960879,45 to 49 years
5874,26809,0.755714285707644,0.8571428571428571,0.04142910944103484,45 to 49 years
5875,29060,0.6842857142790725,0.14285714285714285,0.5324932812451993,45 to 49 years
5876,22762,0.6985714285647868,0.2857142857142857,0.6987069483283891,45 to 49 years
5877,25771,0.7271428571362154,0.5714285714285714,0.3690618137931217,45 to 49 years
5878,29818,0.6842857142790725,0.14285714285714285,0.9116340681284276,45 to 49 years
5879,21311,0.6985714285647868,0.2857142857142857,0.9777322075594402,45 to 49 years
5880,29809,0.9539999999999995,1.0,0.8214579266380286,5 to 9 years
5881,27154,0.9397142857142853,0.8571428571428571,0.8999503427381866,5 to 9 years
5882,23566,0.9111428571428567,0.5714285714285714,0.45355615807917127,5 to 9 years
5883,20208,0.8682857142857138,0.14285714285714285,0.729736520332118,5 to 9 years
5884,22972,0.8825714285714281,0.2857142857142857,0.266817980601921,5 to 9 years
5885,21254,0.8825714285714281,0.2857142857142857,0.5504064765139751,5 to 9 years
5886,28019,0.8825714285714281,0.2857142857142857,0.6471627146133527,5 to 9 years
5887,21683,0.8825714285714281,0.2857142857142857,0.4405094442394623,5 to 9 years
5888,27148,0.8825714285714281,0.2857142857142857,0.823273723086968,5 to 9 years
5889,27532,0.8968571428571424,0.42857142857142855,0.6699515883705327,5 to 9 years
5890,24853,0.8968571428571424,0.42857142857142855,0.024872470812867475,5 to 9 years
5891,23592,0.9539999999999995,1.0,0.6489114940611275,5 to 9 years
5892,26685,0.8825714285714281,0.2857142857142857,0.5643491017769223,5 to 9 years
5893,22143,0.8825714285714281,0.2857142857142857,0.5272758619101635,5 to 9 years
5894,28570,0.8682857142857138,0.14285714285714285,0.6501535807441206,5 to 9 years
5895,28134,0.8968571428571424,0.42857142857142855,0.37427974679348225,5 to 9 years
5896,23822,0.8825714285714281,0.2857142857142857,0.46466551014192453,5 to 9 years
5897,28967,0.9111428571428567,0.5714285714285714,0.2585425739837439,5 to 9 years
5898,26923,0.9111428571428567,0.5714285714285714,0.5802388189796795,5 to 9 years
5899,25567,0.8968571428571424,0.42857142857142855,0.9116700665439222,5 to 9 years
5900,21086,0.9111428571428567,0.5714285714285714,0.21081944569058464,5 to 9 years
5901,20160,0.9397142857142853,0.8571428571428571,0.8233349546312572,5 to 9 years
5902,29288,0.8825714285714281,0.2857142857142857,0.5119033167015355,5 to 9 years
5903,29054,0.8682857142857138,0.14285714285714285,0.5467984532089151,5 to 9 years
5904,25048,0.8968571428571424,0.42857142857142855,0.9517040602114581,5 to 9 years
5905,21443,0.8825714285714281,0.2857142857142857,0.5659255087772261,5 to 9 years
5906,25122,0.9397142857142853,0.8571428571428571,0.8480941205019374,5 to 9 years
5907,22905,0.8682857142857138,0.14285714285714285,0.710229647437437,5 to 9 years
5908,20632,0.8825714285714281,0.2857142857142857,0.3800109422144423,5 to 9 years
5909,25800,0.8682857142857138,0.14285714285714285,0.17342648623322476,5 to 9 years
5910,21082,0.8825714285714281,0.2857142857142857,0.9601842792852799,5 to 9 years
5911,22583,0.9539999999999995,1.0,0.5093806069484711,5 to 9 years
5912,26181,0.8682857142857138,0.14285714285714285,0.6355954232258743,5 to 9 years
5913,20461,0.8682857142857138,0.14285714285714285,0.6725136289612644,5 to 9 years
5914,21325,0.8825714285714281,0.2857142857142857,0.6507208212842202,5 to 9 years
5915,22732,0.8825714285714281,0.2857142857142857,0.3612172089994753,5 to 9 years
5916,22581,0.9111428571428567,0.5714285714285714,0.35986726371951727,5 to 9 years
5917,29211,0.9111428571428567,0.5714285714285714,0.7836424113607274,5 to 9 years
5918,28237,0.8825714285714281,0.2857142857142857,0.9510909499203395,5 to 9 years
5919,20920,0.8968571428571424,0.42857142857142855,0.6981611792153142,5 to 9 years
5920,20333,0.8682857142857138,0.14285714285714285,0.8411269304350095,5 to 9 years
5921,27024,0.8825714285714281,0.2857142857142857,0.005726549967394412,5 to 9 years
5922,22411,0.9397142857142853,0.8571428571428571,0.5517897608727877,5 to 9 years
5923,23056,0.9397142857142853,0.8571428571428571,0.6868674559064011,5 to 9 years
5924,24283,0.8825714285714281,0.2857142857142857,0.3926636100092221,5 to 9 years
5925,28006,0.8968571428571424,0.42857142857142855,0.7413412467648023,5 to 9 years
5926,29917,0.9539999999999995,1.0,0.19465708921417635,5 to 9 years
5927,22085,0.8968571428571424,0.42857142857142855,0.5283097327907806,5 to 9 years
5928,21126,0.9397142857142853,0.8571428571428571,0.48399790403548265,5 to 9 years
5929,29799,0.8682857142857138,0.14285714285714285,0.7532254596401602,5 to 9 years
5930,25770,0.9111428571428567,0.5714285714285714,0.7329658717857891,5 to 9 years
5931,28138,0.9397142857142853,0.8571428571428571,0.6666883487785866,5 to 9 years
5932,24144,0.9111428571428567,0.5714285714285714,0.8359644767195867,5 to 9 years
5933,27276,0.9539999999999995,1.0,0.725363673983668,5 to 9 years
5934,26854,0.9111428571428567,0.5714285714285714,0.5840209017394645,5 to 9 years
5935,24729,0.9539999999999995,1.0,0.40236484553986007,5 to 9 years
5936,21971,0.9397142857142853,0.8571428571428571,0.12121331119576056,5 to 9 years
5937,21789,0.8968571428571424,0.42857142857142855,0.3044148637928039,5 to 9 years
5938,24002,0.9111428571428567,0.5714285714285714,0.4737600828823686,5 to 9 years
5939,28933,0.8825714285714281,0.2857142857142857,0.24813909221891317,5 to 9 years
5940,28363,0.9397142857142853,0.8571428571428571,0.9227869626357765,5 to 9 years
5941,22553,0.8825714285714281,0.2857142857142857,0.4483182310318832,5 to 9 years
5942,22499,0.9254285714285709,0.7142857142857142,0.02617520316010591,5 to 9 years
5943,21546,0.9111428571428567,0.5714285714285714,0.6179949323826912,5 to 9 years
5944,26240,0.9254285714285709,0.7142857142857142,0.190381278311896,5 to 9 years
5945,27515,0.8682857142857138,0.14285714285714285,0.8242747442682778,5 to 9 years
5946,25486,0.8825714285714281,0.2857142857142857,0.976314714688935,5 to 9 years
5947,21278,0.8682857142857138,0.14285714285714285,0.3237659062054956,5 to 9 years
5948,21435,0.9111428571428567,0.5714285714285714,0.9994894415300175,5 to 9 years
5949,20849,0.9254285714285709,0.7142857142857142,0.042978477308317886,5 to 9 years
5950,20515,0.9111428571428567,0.5714285714285714,0.1284412458506905,5 to 9 years
5951,26964,0.8825714285714281,0.2857142857142857,0.5458191228336751,5 to 9 years
5952,26087,0.8968571428571424,0.42857142857142855,0.4553773853398845,5 to 9 years
5953,25793,0.9111428571428567,0.5714285714285714,0.8918145449391084,5 to 9 years
5954,29941,0.9111428571428567,0.5714285714285714,0.5124422776225538,5 to 9 years
5955,22505,0.8682857142857138,0.14285714285714285,0.26196562449339367,5 to 9 years
5956,27265,0.8825714285714281,0.2857142857142857,0.3129055275237557,5 to 9 years
5957,23241,0.9397142857142853,0.8571428571428571,0.5765836225378276,5 to 9 years
5958,20672,0.8968571428571424,0.42857142857142855,0.07313947588667108,5 to 9 years
5959,21230,0.9397142857142853,0.8571428571428571,0.9993597403564412,5 to 9 years
5960,21549,0.8968571428571424,0.42857142857142855,0.9268171974033244,5 to 9 years
5961,26261,0.9397142857142853,0.8571428571428571,0.45817742652203647,5 to 9 years
5962,22563,0.9111428571428567,0.5714285714285714,0.12143727402131421,5 to 9 years
5963,21247,0.9111428571428567,0.5714285714285714,0.664686128993754,5 to 9 years
5964,22818,0.9111428571428567,0.5714285714285714,0.867933552321103,5 to 9 years
5965,29964,0.8825714285714281,0.2857142857142857,0.39341160751414894,5 to 9 years
5966,23977,0.9111428571428567,0.5714285714285714,0.2821841954879551,5 to 9 years
5967,23680,0.8825714285714281,0.2857142857142857,0.1872840131655934,5 to 9 years
5968,28374,0.8682857142857138,0.14285714285714285,0.7934427605039764,5 to 9 years
5969,21950,0.8825714285714281,0.2857142857142857,0.9831350077065151,5 to 9 years
5970,25996,0.9111428571428567,0.5714285714285714,0.33249576155180915,5 to 9 years
5971,27708,0.9111428571428567,0.5714285714285714,0.7044652094344203,5 to 9 years
5972,25207,0.8682857142857138,0.14285714285714285,0.48236338119897965,5 to 9 years
5973,27918,0.8825714285714281,0.2857142857142857,0.030148538227023458,5 to 9 years
5974,26069,0.9397142857142853,0.8571428571428571,0.8536512456457049,5 to 9 years
5975,21848,0.8825714285714281,0.2857142857142857,0.34761455310109585,5 to 9 years
5976,28463,0.9397142857142853,0.8571428571428571,0.26807096733829455,5 to 9 years
5977,22206,0.8968571428571424,0.42857142857142855,0.8020921590862863,5 to 9 years
5978,24184,0.8682857142857138,0.14285714285714285,0.058254244523530174,5 to 9 years
5979,20526,0.8825714285714281,0.2857142857142857,0.8853444213776109,5 to 9 years
5980,27350,0.9397142857142853,0.8571428571428571,0.38714533460676637,5 to 9 years
5981,21520,0.9254285714285709,0.7142857142857142,0.7258174406546881,5 to 9 years
5982,29620,0.9539999999999995,1.0,0.4201783519040459,5 to 9 years
5983,24656,0.8682857142857138,0.14285714285714285,0.2968857337322611,5 to 9 years
5984,27060,0.8968571428571424,0.42857142857142855,0.30289410849454856,5 to 9 years
5985,21996,0.8682857142857138,0.14285714285714285,0.4621062229894865,5 to 9 years
5986,24287,0.8682857142857138,0.14285714285714285,0.24204819814694428,5 to 9 years
5987,20975,0.9397142857142853,0.8571428571428571,0.1331530297061172,5 to 9 years
5988,28795,0.8682857142857138,0.14285714285714285,0.6807529140103459,5 to 9 years
5989,24829,0.9397142857142853,0.8571428571428571,0.2582173014066654,5 to 9 years
5990,29996,0.8825714285714281,0.2857142857142857,0.3329957228575973,5 to 9 years
5991,28306,0.9397142857142853,0.8571428571428571,0.23106163068752245,5 to 9 years
5992,25985,0.9397142857142853,0.8571428571428571,0.7774718512466817,5 to 9 years
5993,23394,0.9111428571428567,0.5714285714285714,0.13087874795639204,5 to 9 years
5994,26846,0.8682857142857138,0.14285714285714285,0.6703618096262949,5 to 9 years
5995,26354,0.9111428571428567,0.5714285714285714,0.09108820530183259,5 to 9 years
5996,22521,0.8968571428571424,0.42857142857142855,0.666911167452976,5 to 9 years
5997,24751,0.9111428571428567,0.5714285714285714,0.8116983555908879,5 to 9 years
5998,21975,0.8825714285714281,0.2857142857142857,0.026680572510168532,5 to 9 years
5999,28025,0.8682857142857138,0.14285714285714285,0.7474716673676634,5 to 9 years
6000,20516,0.9397142857142853,0.8571428571428571,0.04174836889265904,5 to 9 years
6001,25670,0.8825714285714281,0.2857142857142857,0.20139490955553951,5 to 9 years
6002,28452,0.9397142857142853,0.8571428571428571,0.7515535494750789,5 to 9 years
6003,24450,0.8968571428571424,0.42857142857142855,0.5322961891771354,5 to 9 years
6004,29788,0.9539999999999995,1.0,0.766575164961842,5 to 9 years
6005,26671,0.9111428571428567,0.5714285714285714,0.1385839106871798,5 to 9 years
6006,26862,0.9397142857142853,0.8571428571428571,0.35859233752415387,5 to 9 years
6007,20709,0.8825714285714281,0.2857142857142857,0.5016499226648614,5 to 9 years
6008,23918,0.9111428571428567,0.5714285714285714,0.8022887317641527,5 to 9 years
6009,25182,0.9111428571428567,0.5714285714285714,0.15562793003171538,5 to 9 years
6010,24544,0.8682857142857138,0.14285714285714285,0.6138333064657575,5 to 9 years
6011,29666,0.8825714285714281,0.2857142857142857,0.5808974925576998,5 to 9 years
6012,21935,0.9397142857142853,0.8571428571428571,0.11693343531603184,5 to 9 years
6013,22046,0.8968571428571424,0.42857142857142855,0.6716713138325019,5 to 9 years
6014,28216,0.8682857142857138,0.14285714285714285,0.875926283636892,5 to 9 years
6015,20502,0.9111428571428567,0.5714285714285714,0.5750842039696922,5 to 9 years
6016,21382,0.9539999999999995,1.0,0.5980018180479255,5 to 9 years
6017,28149,0.8825714285714281,0.2857142857142857,0.17936628593646575,5 to 9 years
6018,26912,0.8682857142857138,0.14285714285714285,0.820123700616676,5 to 9 years
6019,27615,0.9111428571428567,0.5714285714285714,0.9068218292268617,5 to 9 years
6020,23482,0.8825714285714281,0.2857142857142857,0.6528427829463386,5 to 9 years
6021,24304,0.9397142857142853,0.8571428571428571,0.9612823611979251,5 to 9 years
6022,28093,0.8825714285714281,0.2857142857142857,0.12606974748334265,5 to 9 years
6023,24404,0.9254285714285709,0.7142857142857142,0.3241451009249269,5 to 9 years
6024,23823,0.8968571428571424,0.42857142857142855,0.31538609889855534,5 to 9 years
6025,25031,0.8825714285714281,0.2857142857142857,0.5813565501999833,5 to 9 years
6026,26310,0.8682857142857138,0.14285714285714285,0.2761073505968366,5 to 9 years
6027,29171,0.8825714285714281,0.2857142857142857,0.6818865293781091,5 to 9 years
6028,26853,0.9397142857142853,0.8571428571428571,0.09703700986545444,5 to 9 years
6029,24628,0.8825714285714281,0.2857142857142857,0.5609229948450623,5 to 9 years
6030,25161,0.8825714285714281,0.2857142857142857,0.8335955951811844,5 to 9 years
6031,25020,0.9539999999999995,1.0,0.570086747356611,5 to 9 years
6032,27018,0.9539999999999995,1.0,0.3823792793873827,5 to 9 years
6033,26324,0.9254285714285709,0.7142857142857142,0.20582256733118742,5 to 9 years
6034,26981,0.9111428571428567,0.5714285714285714,0.6351630306964146,5 to 9 years
6035,21062,0.8682857142857138,0.14285714285714285,0.6563180784642334,5 to 9 years
6036,22161,0.8825714285714281,0.2857142857142857,0.19372944927958552,5 to 9 years
6037,29317,0.8968571428571424,0.42857142857142855,0.7926348108232183,5 to 9 years
6038,21257,0.9111428571428567,0.5714285714285714,0.11914824825693715,5 to 9 years
6039,20005,0.8825714285714281,0.2857142857142857,0.8493130743635601,5 to 9 years
6040,21264,0.9254285714285709,0.7142857142857142,0.5295558746188171,5 to 9 years
6041,20989,0.8682857142857138,0.14285714285714285,0.2639988262471036,5 to 9 years
6042,27352,0.9111428571428567,0.5714285714285714,0.7893882013332544,5 to 9 years
6043,20194,0.8825714285714281,0.2857142857142857,0.817919429808363,5 to 9 years
6044,22768,0.8825714285714281,0.2857142857142857,0.07975580275682848,5 to 9 years
6045,22318,0.8825714285714281,0.2857142857142857,0.1736140642314018,5 to 9 years
6046,24471,0.9397142857142853,0.8571428571428571,0.6840082276443242,5 to 9 years
6047,26661,0.8682857142857138,0.14285714285714285,0.19274266944378726,5 to 9 years
6048,24439,0.9539999999999995,1.0,0.029487013932678274,5 to 9 years
6049,20578,0.9111428571428567,0.5714285714285714,0.6423645504301948,5 to 9 years
6050,20565,0.9254285714285709,0.7142857142857142,0.5294302182890238,5 to 9 years
6051,21597,0.8682857142857138,0.14285714285714285,0.6896933336603882,5 to 9 years
6052,20540,0.9397142857142853,0.8571428571428571,0.36636302915074304,5 to 9 years
6053,22354,0.8682857142857138,0.14285714285714285,0.4638452087218495,5 to 9 years
6054,23298,0.9397142857142853,0.8571428571428571,0.006775995362237275,5 to 9 years
6055,25609,0.9254285714285709,0.7142857142857142,0.3748132086215855,5 to 9 years
6056,26300,0.9397142857142853,0.8571428571428571,0.7812335599662935,5 to 9 years
6057,22691,0.8682857142857138,0.14285714285714285,0.06506139790371385,5 to 9 years
6058,24826,0.8682857142857138,0.14285714285714285,0.36865980637424944,5 to 9 years
6059,26481,0.8825714285714281,0.2857142857142857,0.33235812228846473,5 to 9 years
6060,23671,0.8968571428571424,0.42857142857142855,0.6349338582963168,5 to 9 years
6061,22115,0.8825714285714281,0.2857142857142857,0.27397311070807656,5 to 9 years
6062,27334,0.8825714285714281,0.2857142857142857,0.5039283529992816,5 to 9 years
6063,26163,0.8968571428571424,0.42857142857142855,0.22404611104408167,5 to 9 years
6064,24413,0.8682857142857138,0.14285714285714285,0.8044395306726959,5 to 9 years
6065,21976,0.9111428571428567,0.5714285714285714,0.3959036167913268,5 to 9 years
6066,20589,0.9111428571428567,0.5714285714285714,0.25934942900653074,5 to 9 years
6067,27823,0.8682857142857138,0.14285714285714285,0.6553195525138166,5 to 9 years
6068,22475,0.9397142857142853,0.8571428571428571,0.7103749110107593,5 to 9 years
6069,24156,0.9111428571428567,0.5714285714285714,0.6737524525829095,5 to 9 years
6070,27759,0.9397142857142853,0.8571428571428571,0.41045575091492903,5 to 9 years
6071,20797,0.8825714285714281,0.2857142857142857,0.1018948543410994,5 to 9 years
6072,22566,0.8825714285714281,0.2857142857142857,0.9063987482680045,5 to 9 years
6073,20498,0.8682857142857138,0.14285714285714285,0.6210709493579993,5 to 9 years
6074,22868,0.9397142857142853,0.8571428571428571,0.8642223677468412,5 to 9 years
6075,28264,0.9397142857142853,0.8571428571428571,0.7938201407442624,5 to 9 years
6076,28425,0.8825714285714281,0.2857142857142857,0.08446815769413318,5 to 9 years
6077,21039,0.8968571428571424,0.42857142857142855,0.5864191762964214,5 to 9 years
6078,25203,0.8682857142857138,0.14285714285714285,0.7910038069359189,5 to 9 years
6079,29890,0.9111428571428567,0.5714285714285714,0.6843915121677657,5 to 9 years
6080,26531,0.9397142857142853,0.8571428571428571,0.054571114149455424,5 to 9 years
6081,20673,0.8682857142857138,0.14285714285714285,0.1321314521990779,5 to 9 years
6082,24401,0.9397142857142853,0.8571428571428571,0.7291544899288813,5 to 9 years
6083,21769,0.8825714285714281,0.2857142857142857,0.30094606250281364,5 to 9 years
6084,22880,0.8825714285714281,0.2857142857142857,0.3941028507317418,5 to 9 years
6085,25429,0.8682857142857138,0.14285714285714285,0.29184933079356423,5 to 9 years
6086,22258,0.8682857142857138,0.14285714285714285,0.4246607547082789,5 to 9 years
6087,21796,0.9111428571428567,0.5714285714285714,0.42096772919977427,5 to 9 years
6088,27303,0.8825714285714281,0.2857142857142857,0.17595094227599384,5 to 9 years
6089,28048,0.8825714285714281,0.2857142857142857,0.872080303753018,5 to 9 years
6090,26552,0.8682857142857138,0.14285714285714285,0.5410953636346273,5 to 9 years
6091,29343,0.8682857142857138,0.14285714285714285,0.27021695676106633,5 to 9 years
6092,28171,0.9111428571428567,0.5714285714285714,0.1534165600490745,5 to 9 years
6093,22929,0.8682857142857138,0.14285714285714285,0.11300659256540513,5 to 9 years
6094,26279,0.8968571428571424,0.42857142857142855,0.708633051022447,5 to 9 years
6095,20973,0.8682857142857138,0.14285714285714285,0.085703548559527,5 to 9 years
6096,21361,0.9111428571428567,0.5714285714285714,0.4397559534308683,5 to 9 years
6097,24500,0.8682857142857138,0.14285714285714285,0.48766246349444925,5 to 9 years
6098,24633,0.8682857142857138,0.14285714285714285,0.5312396130993632,5 to 9 years
6099,21103,0.8825714285714281,0.2857142857142857,0.518821810140858,5 to 9 years
6100,23384,0.9111428571428567,0.5714285714285714,0.44985961780310846,5 to 9 years
6101,22033,0.9111428571428567,0.5714285714285714,0.9240632464555898,5 to 9 years
6102,21119,0.9111428571428567,0.5714285714285714,0.44090621544095127,5 to 9 years
6103,27642,0.9111428571428567,0.5714285714285714,0.998444709817109,5 to 9 years
6104,20821,0.9397142857142853,0.8571428571428571,0.6532833819566715,5 to 9 years
6105,25612,0.8825714285714281,0.2857142857142857,0.6987053108654538,5 to 9 years
6106,28995,0.9111428571428567,0.5714285714285714,0.3417275758148397,5 to 9 years
6107,20593,0.9397142857142853,0.8571428571428571,0.6568051845294404,5 to 9 years
6108,25616,0.9397142857142853,0.8571428571428571,0.7652474586057564,5 to 9 years
6109,21681,0.8682857142857138,0.14285714285714285,0.5393242338179229,5 to 9 years
6110,27664,0.9111428571428567,0.5714285714285714,0.06398798030869124,5 to 9 years
6111,23902,0.8825714285714281,0.2857142857142857,0.6467948447553108,5 to 9 years
6112,20025,0.8682857142857138,0.14285714285714285,0.2526474283159234,5 to 9 years
6113,23815,0.8682857142857138,0.14285714285714285,0.8390851745152911,5 to 9 years
6114,21410,0.9111428571428567,0.5714285714285714,0.6089160263257741,5 to 9 years
6115,22527,0.9397142857142853,0.8571428571428571,0.527277900093042,5 to 9 years
6116,24877,0.9111428571428567,0.5714285714285714,0.35552845548051865,5 to 9 years
6117,28391,0.9111428571428567,0.5714285714285714,0.5026823944006767,5 to 9 years
6118,23308,0.9111428571428567,0.5714285714285714,0.23110662795808679,5 to 9 years
6119,28658,0.9397142857142853,0.8571428571428571,0.1277007288186971,5 to 9 years
6120,22821,0.9539999999999995,1.0,0.30300199643166226,5 to 9 years
6121,28668,0.9397142857142853,0.8571428571428571,0.2819583429817373,5 to 9 years
6122,23780,0.8682857142857138,0.14285714285714285,0.8763718105495866,5 to 9 years
6123,29443,0.9111428571428567,0.5714285714285714,0.32750317361743797,5 to 9 years
6124,25352,0.8825714285714281,0.2857142857142857,0.46504427147568456,5 to 9 years
6125,26022,0.8825714285714281,0.2857142857142857,0.8534221135232589,5 to 9 years
6126,21949,0.9539999999999995,1.0,0.11900612029343022,5 to 9 years
6127,24936,0.8825714285714281,0.2857142857142857,0.7167920205590779,5 to 9 years
6128,20824,0.8968571428571424,0.42857142857142855,0.8714316621332265,5 to 9 years
6129,23024,0.8825714285714281,0.2857142857142857,0.2016700164023173,5 to 9 years
6130,22407,0.9397142857142853,0.8571428571428571,0.5480787005161937,5 to 9 years
6131,25034,0.8825714285714281,0.2857142857142857,0.7365217968477922,5 to 9 years
6132,24180,0.8825714285714281,0.2857142857142857,0.5674490643023566,5 to 9 years
6133,25436,0.9111428571428567,0.5714285714285714,0.8691391661348751,5 to 9 years
6134,26926,0.8825714285714281,0.2857142857142857,0.7457690393148496,5 to 9 years
6135,28471,0.8682857142857138,0.14285714285714285,0.4444439238754774,5 to 9 years
6136,29201,0.8825714285714281,0.2857142857142857,0.019573333055497022,5 to 9 years
6137,24998,0.9111428571428567,0.5714285714285714,0.9170814274414982,5 to 9 years
6138,29616,0.8825714285714281,0.2857142857142857,0.8542805229553623,5 to 9 years
6139,24331,0.8968571428571424,0.42857142857142855,0.38288886093429597,5 to 9 years
6140,21081,0.8825714285714281,0.2857142857142857,0.6108785352004128,5 to 9 years
6141,21270,0.9397142857142853,0.8571428571428571,0.6180104139343223,5 to 9 years
6142,29408,0.9111428571428567,0.5714285714285714,0.6729083854970218,5 to 9 years
6143,22506,0.3651259441404365,0.14285714285714285,0.3484247171539789,5 to 9 years
6144,22216,0.8825714285714281,0.2857142857142857,0.31271541323486374,5 to 9 years
6145,25833,0.8682857142857138,0.14285714285714285,0.6357513820701214,5 to 9 years
6146,25322,0.8682857142857138,0.14285714285714285,0.4834975672985223,5 to 9 years
6147,22948,0.9111428571428567,0.5714285714285714,0.41780517918458626,5 to 9 years
6148,25879,0.8682857142857138,0.14285714285714285,0.16214041659188766,5 to 9 years
6149,21415,0.8682857142857138,0.14285714285714285,0.15388826990057386,5 to 9 years
6150,25254,0.9254285714285709,0.7142857142857142,0.26637716997287847,5 to 9 years
6151,22872,0.8825714285714281,0.2857142857142857,0.3469514612935187,5 to 9 years
6152,20676,0.9397142857142853,0.8571428571428571,0.5514515617589004,5 to 9 years
6153,26558,0.8968571428571424,0.42857142857142855,0.48377619311860687,5 to 9 years
6154,29653,0.8682857142857138,0.14285714285714285,0.4227453357532316,5 to 9 years
6155,26900,0.8968571428571424,0.42857142857142855,0.913525995795526,5 to 9 years
6156,28389,0.8825714285714281,0.2857142857142857,0.8309209067229775,5 to 9 years
6157,27728,0.8968571428571424,0.42857142857142855,0.390153572096847,5 to 9 years
6158,20334,0.9111428571428567,0.5714285714285714,0.3748240439701932,5 to 9 years
6159,21336,0.9254285714285709,0.7142857142857142,0.8408879044296147,5 to 9 years
6160,27275,0.8682857142857138,0.14285714285714285,0.5747653354984851,5 to 9 years
6161,29524,0.8682857142857138,0.14285714285714285,0.6427074358092628,5 to 9 years
6162,21775,0.8968571428571424,0.42857142857142855,0.6617703404351276,5 to 9 years
6163,28598,0.8682857142857138,0.14285714285714285,0.9769389734824037,5 to 9 years
6164,25557,0.9111428571428567,0.5714285714285714,0.8959726424346606,5 to 9 years
6165,25256,0.8825714285714281,0.2857142857142857,0.2834319961872804,5 to 9 years
6166,25180,0.9397142857142853,0.8571428571428571,0.7376280219169068,5 to 9 years
6167,25412,0.9111428571428567,0.5714285714285714,0.633140452772355,5 to 9 years
6168,29119,0.8825714285714281,0.2857142857142857,0.4368038228892083,5 to 9 years
6169,25187,0.8968571428571424,0.42857142857142855,0.5189921229852106,5 to 9 years
6170,29427,0.9111428571428567,0.5714285714285714,0.5777745981297615,5 to 9 years
6171,22365,0.8825714285714281,0.2857142857142857,0.3676924595626714,5 to 9 years
6172,26288,0.9111428571428567,0.5714285714285714,0.925377291666004,5 to 9 years
6173,20490,0.8968571428571424,0.42857142857142855,0.1101451394619099,5 to 9 years
6174,21245,0.9539999999999995,1.0,0.8829627635537747,5 to 9 years
6175,20542,0.8682857142857138,0.14285714285714285,0.4067504826739591,5 to 9 years
6176,29493,0.8968571428571424,0.42857142857142855,0.3531165098277048,5 to 9 years
6177,27641,0.8682857142857138,0.14285714285714285,0.4507476457607392,5 to 9 years
6178,28804,0.9397142857142853,0.8571428571428571,0.49867352067264964,5 to 9 years
6179,27095,0.8825714285714281,0.2857142857142857,0.11049662573528829,5 to 9 years
6180,22139,0.9111428571428567,0.5714285714285714,0.6852053479280087,5 to 9 years
6181,22649,0.8825714285714281,0.2857142857142857,0.4029819889295931,5 to 9 years
6182,20352,0.9111428571428567,0.5714285714285714,0.14236778129355016,5 to 9 years
6183,27179,0.8968571428571424,0.42857142857142855,0.6143004622444969,5 to 9 years
6184,25654,0.9111428571428567,0.5714285714285714,0.48753491991104364,5 to 9 years
6185,29722,0.8825714285714281,0.2857142857142857,0.5918735813262297,5 to 9 years
6186,26304,0.8825714285714281,0.2857142857142857,0.8848616425839235,5 to 9 years
6187,28109,0.8682857142857138,0.14285714285714285,0.39744780102710964,5 to 9 years
6188,23867,0.8682857142857138,0.14285714285714285,0.6932187425967757,5 to 9 years
6189,26079,0.8968571428571424,0.42857142857142855,0.7237431110886401,5 to 9 years
6190,24455,0.9397142857142853,0.8571428571428571,0.5476884822032771,5 to 9 years
6191,20163,0.9397142857142853,0.8571428571428571,0.2761372419439876,5 to 9 years
6192,24636,0.9397142857142853,0.8571428571428571,0.5004643694669184,5 to 9 years
6193,27351,0.8682857142857138,0.14285714285714285,0.4458178009815492,5 to 9 years
6194,23561,0.9539999999999995,1.0,0.4959927697741472,5 to 9 years
6195,20916,0.8825714285714281,0.2857142857142857,0.5861480090900788,5 to 9 years
6196,23787,0.8682857142857138,0.14285714285714285,0.14814391967831564,5 to 9 years
6197,24486,0.9111428571428567,0.5714285714285714,0.15213844926605236,5 to 9 years
6198,27985,0.8682857142857138,0.14285714285714285,0.054053433044482735,5 to 9 years
6199,25882,0.9397142857142853,0.8571428571428571,0.6175256832750727,5 to 9 years
6200,27622,0.8825714285714281,0.2857142857142857,0.5119384716156358,5 to 9 years
6201,20356,0.8682857142857138,0.14285714285714285,0.8824389975548903,5 to 9 years
6202,23713,0.9539999999999995,1.0,0.890672769153267,5 to 9 years
6203,21856,0.8968571428571424,0.42857142857142855,0.06613429305365981,5 to 9 years
6204,20020,0.8825714285714281,0.2857142857142857,0.1473146363454389,5 to 9 years
6205,29671,0.9397142857142853,0.8571428571428571,0.20648599565380454,5 to 9 years
6206,27619,0.8682857142857138,0.14285714285714285,0.29120342500050567,5 to 9 years
6207,27127,0.8682857142857138,0.14285714285714285,0.7079842323221315,5 to 9 years
6208,25913,0.8682857142857138,0.14285714285714285,0.254150572168993,5 to 9 years
6209,22685,0.8825714285714281,0.2857142857142857,0.1605871816484461,5 to 9 years
6210,29861,0.9254285714285709,0.7142857142857142,0.6467980681323672,5 to 9 years
6211,25894,0.8682857142857138,0.14285714285714285,0.27330082284266394,5 to 9 years
6212,20496,0.9397142857142853,0.8571428571428571,0.7437764820684556,5 to 9 years
6213,29690,0.9111428571428567,0.5714285714285714,0.5200542262596553,5 to 9 years
6214,20093,0.9254285714285709,0.7142857142857142,0.5165507990275173,5 to 9 years
6215,21537,0.9254285714285709,0.7142857142857142,0.7303484216273344,5 to 9 years
6216,22934,0.9397142857142853,0.8571428571428571,0.3966996062900248,5 to 9 years
6217,26599,0.8825714285714281,0.2857142857142857,0.8278025248412632,5 to 9 years
6218,20119,0.9254285714285709,0.7142857142857142,0.6321557457446731,5 to 9 years
6219,28157,0.3304101325772477,0.14285714285714285,0.5038112621379097,5 to 9 years
6220,28478,0.8825714285714281,0.2857142857142857,0.6555508527201038,5 to 9 years
6221,20562,0.9111428571428567,0.5714285714285714,0.2818227710600916,5 to 9 years
6222,28887,0.8825714285714281,0.2857142857142857,0.11816952263280478,5 to 9 years
6223,21046,0.8825714285714281,0.2857142857142857,0.42436636927210464,5 to 9 years
6224,22323,0.8968571428571424,0.42857142857142855,0.2920173924371665,5 to 9 years
6225,26174,0.9397142857142853,0.8571428571428571,0.15969366444270378,5 to 9 years
6226,20687,0.9397142857142853,0.8571428571428571,0.9212150206591652,5 to 9 years
6227,29797,0.8825714285714281,0.2857142857142857,0.8444008437139567,5 to 9 years
6228,28892,0.8968571428571424,0.42857142857142855,0.9895836700873917,5 to 9 years
6229,20153,0.8682857142857138,0.14285714285714285,0.4499094307597045,5 to 9 years
6230,21376,0.9397142857142853,0.8571428571428571,0.8273832659331557,5 to 9 years
6231,29020,0.9111428571428567,0.5714285714285714,0.4929636239976223,5 to 9 years
6232,22927,0.8682857142857138,0.14285714285714285,0.14718606512065002,5 to 9 years
6233,23270,0.8968571428571424,0.42857142857142855,0.3843064862079216,5 to 9 years
6234,26616,0.8825714285714281,0.2857142857142857,0.7394588007984317,5 to 9 years
6235,28557,0.9539999999999995,1.0,0.6347891554841376,5 to 9 years
6236,22547,0.9111428571428567,0.5714285714285714,0.1930714256145103,5 to 9 years
6237,25518,0.9111428571428567,0.5714285714285714,0.7005717195733356,5 to 9 years
6238,23580,0.9111428571428567,0.5714285714285714,0.6121900027107783,5 to 9 years
6239,20050,0.8682857142857138,0.14285714285714285,0.8973422494076151,5 to 9 years
6240,26501,0.9397142857142853,0.8571428571428571,0.027090980481211502,5 to 9 years
6241,27924,0.9111428571428567,0.5714285714285714,0.9714056734453415,5 to 9 years
6242,26475,0.8825714285714281,0.2857142857142857,0.6409853525246312,5 to 9 years
6243,24151,0.8682857142857138,0.14285714285714285,0.6195690199968436,5 to 9 years
6244,25409,0.9254285714285709,0.7142857142857142,0.612612171750631,5 to 9 years
6245,27977,0.9397142857142853,0.8571428571428571,0.53761522440931,5 to 9 years
6246,23753,0.8825714285714281,0.2857142857142857,0.2171622226744515,5 to 9 years
6247,26873,0.8825714285714281,0.2857142857142857,0.000591736071833493,5 to 9 years
6248,29419,0.8825714285714281,0.2857142857142857,0.39412081702665624,5 to 9 years
6249,25929,0.9397142857142853,0.8571428571428571,0.7840704428888275,5 to 9 years
6250,21624,0.8968571428571424,0.42857142857142855,0.7457991959889245,5 to 9 years
6251,29063,0.8825714285714281,0.2857142857142857,0.9321905092907183,5 to 9 years
6252,20746,0.8682857142857138,0.14285714285714285,0.4303545352544519,5 to 9 years
6253,24247,0.9397142857142853,0.8571428571428571,0.4315183737799405,5 to 9 years
6254,20952,0.8825714285714281,0.2857142857142857,0.23445812097889657,5 to 9 years
6255,23013,0.8682857142857138,0.14285714285714285,0.5941840815568126,5 to 9 years
6256,27670,0.9397142857142853,0.8571428571428571,0.3351946425407444,5 to 9 years
6257,21324,0.9397142857142853,0.8571428571428571,0.13439857662111232,5 to 9 years
6258,24857,0.9539999999999995,1.0,0.16798320543265355,5 to 9 years
6259,28523,0.8968571428571424,0.42857142857142855,0.28740685808626304,5 to 9 years
6260,21140,0.9111428571428567,0.5714285714285714,0.5283793502596551,5 to 9 years
6261,22261,0.8825714285714281,0.2857142857142857,0.15863697879923144,5 to 9 years
6262,21428,0.9539999999999995,1.0,0.5159545198494379,5 to 9 years
6263,27318,0.8968571428571424,0.42857142857142855,0.6599826167537646,5 to 9 years
6264,23491,0.8682857142857138,0.14285714285714285,0.7727642663041125,5 to 9 years
6265,23160,0.8682857142857138,0.14285714285714285,0.9769482098477202,5 to 9 years
6266,21271,0.8682857142857138,0.14285714285714285,0.7158855127759375,5 to 9 years
6267,20829,0.9111428571428567,0.5714285714285714,0.3993406736680404,5 to 9 years
6268,27849,0.8968571428571424,0.42857142857142855,0.37727888849766733,5 to 9 years
6269,29457,0.8682857142857138,0.14285714285714285,0.8061850724941011,5 to 9 years
6270,21481,0.9111428571428567,0.5714285714285714,0.07658506323948827,5 to 9 years
6271,23853,0.9111428571428567,0.5714285714285714,0.38300055104165953,5 to 9 years
6272,25535,0.8968571428571424,0.42857142857142855,0.5443886538376949,5 to 9 years
6273,27851,0.8682857142857138,0.14285714285714285,0.04799232976848855,5 to 9 years
6274,21644,0.8825714285714281,0.2857142857142857,0.4267653654973548,5 to 9 years
6275,21795,0.8682857142857138,0.14285714285714285,0.3258558880609191,5 to 9 years
6276,20370,0.8825714285714281,0.2857142857142857,0.6444078924357536,5 to 9 years
6277,24765,0.9397142857142853,0.8571428571428571,0.7098980252922547,5 to 9 years
6278,21559,0.8825714285714281,0.2857142857142857,0.8969769045025895,5 to 9 years
6279,21882,0.9397142857142853,0.8571428571428571,0.44060433056604764,5 to 9 years
6280,28548,0.8682857142857138,0.14285714285714285,0.891288638302469,5 to 9 years
6281,21311,0.8825714285714281,0.2857142857142857,0.9777322075594402,5 to 9 years
6282,26376,0.8682857142857138,0.14285714285714285,0.43865737285002043,5 to 9 years
6283,27093,0.9539999999999995,1.0,0.8935273992919601,5 to 9 years
6284,24011,0.9397142857142853,0.8571428571428571,0.6923456105976723,5 to 9 years
6285,22609,0.8825714285714281,0.2857142857142857,0.5330054031169335,5 to 9 years
6286,26215,0.8825714285714281,0.2857142857142857,0.7390258184892191,5 to 9 years
6287,28653,0.8825714285714281,0.2857142857142857,0.41924650445401346,5 to 9 years
6288,24535,0.8968571428571424,0.42857142857142855,0.6996160789280086,5 to 9 years
6289,20485,0.8968571428571424,0.42857142857142855,0.47857847090635575,5 to 9 years
6290,25698,0.9397142857142853,0.8571428571428571,0.1915728753249556,5 to 9 years
6291,28874,0.8968571428571424,0.42857142857142855,0.01439956313133639,5 to 9 years
6292,23193,0.9111428571428567,0.5714285714285714,0.5803734756136952,5 to 9 years
6293,23618,0.9397142857142853,0.8571428571428571,0.2757908324972853,5 to 9 years
6294,26720,0.9111428571428567,0.5714285714285714,0.6783367508101339,5 to 9 years
6295,24595,0.9397142857142853,0.8571428571428571,0.9579264836597867,5 to 9 years
6296,21514,0.8682857142857138,0.14285714285714285,0.7168055592949953,5 to 9 years
6297,22422,0.8682857142857138,0.14285714285714285,0.3376526386936368,5 to 9 years
6298,24949,0.8825714285714281,0.2857142857142857,0.26221859040933176,5 to 9 years
6299,24055,0.9111428571428567,0.5714285714285714,0.5925077718303143,5 to 9 years
6300,28024,0.8825714285714281,0.2857142857142857,0.4829500589893174,5 to 9 years
6301,28426,0.9111428571428567,0.5714285714285714,0.45960133686618726,5 to 9 years
6302,25136,0.9539999999999995,1.0,0.22753316605270768,5 to 9 years
6303,28554,0.8825714285714281,0.2857142857142857,0.6508751987032022,5 to 9 years
6304,21794,0.8682857142857138,0.14285714285714285,0.8107769517532624,5 to 9 years
6305,25904,0.8968571428571424,0.42857142857142855,0.9501547504908507,5 to 9 years
6306,20190,0.8825714285714281,0.2857142857142857,0.5494556146380816,5 to 9 years
6307,24739,0.9111428571428567,0.5714285714285714,0.6438971301353761,5 to 9 years
6308,29216,0.9111428571428567,0.5714285714285714,0.51732280869813,5 to 9 years
6309,25213,0.8682857142857138,0.14285714285714285,0.42887539726947094,5 to 9 years
6310,20579,0.8825714285714281,0.2857142857142857,0.07442627482116165,5 to 9 years
6311,28116,0.9111428571428567,0.5714285714285714,0.9794163863351961,5 to 9 years
6312,29204,0.9397142857142853,0.8571428571428571,0.508394908248996,5 to 9 years
6313,22223,0.9111428571428567,0.5714285714285714,0.7847764968495259,5 to 9 years
6314,26641,0.8682857142857138,0.14285714285714285,0.20146371222029652,5 to 9 years
6315,20398,0.8825714285714281,0.2857142857142857,0.0337214221066352,5 to 9 years
6316,25021,0.8682857142857138,0.14285714285714285,0.9421899261411822,5 to 9 years
6317,23729,0.8682857142857138,0.14285714285714285,0.40862863776087827,5 to 9 years
6318,25278,0.8682857142857138,0.14285714285714285,0.11635012466825562,5 to 9 years
6319,27370,0.8682857142857138,0.14285714285714285,0.2635414934750414,5 to 9 years
6320,28436,0.8682857142857138,0.14285714285714285,0.44772402612463896,5 to 9 years
6321,24256,0.9539999999999995,1.0,0.37134357128446555,5 to 9 years
6322,24650,0.8682857142857138,0.14285714285714285,0.6160386326588108,5 to 9 years
6323,23831,0.9111428571428567,0.5714285714285714,0.4749857585617365,5 to 9 years
6324,25095,0.9111428571428567,0.5714285714285714,0.2111345824275,5 to 9 years
6325,20881,0.9539999999999995,1.0,0.16577259399412453,5 to 9 years
6326,22681,0.8682857142857138,0.14285714285714285,0.0901243730264022,5 to 9 years
6327,27201,0.9397142857142853,0.8571428571428571,0.2652442085637855,5 to 9 years
6328,28555,0.9539999999999995,1.0,0.6802931275386128,5 to 9 years
6329,24824,0.9397142857142853,0.8571428571428571,0.753006295194625,5 to 9 years
6330,21874,0.8968571428571424,0.42857142857142855,0.9269873260527061,5 to 9 years
6331,29047,0.9111428571428567,0.5714285714285714,0.06771630436685744,5 to 9 years
6332,29012,0.8825714285714281,0.2857142857142857,0.7508501400747053,5 to 9 years
6333,24271,0.9539999999999995,1.0,0.8614860349454323,5 to 9 years
6334,21334,0.9397142857142853,0.8571428571428571,0.2992500885357626,5 to 9 years
6335,22332,0.8825714285714281,0.2857142857142857,0.2002055172209828,5 to 9 years
6336,28971,0.8825714285714281,0.2857142857142857,0.8592182215417423,5 to 9 years
6337,26798,0.8682857142857138,0.14285714285714285,0.061674977414378884,5 to 9 years
6338,29989,0.9111428571428567,0.5714285714285714,0.18656616721534897,5 to 9 years
6339,20925,0.9539999999999995,1.0,0.3717711341069805,5 to 9 years
6340,25377,0.8825714285714281,0.2857142857142857,0.9081811317486791,5 to 9 years
6341,28527,0.9111428571428567,0.5714285714285714,0.04001145509577064,5 to 9 years
6342,23609,0.8968571428571424,0.42857142857142855,0.28891582319355696,5 to 9 years
6343,24626,0.8825714285714281,0.2857142857142857,0.36091167317128403,5 to 9 years
6344,23928,0.9254285714285709,0.7142857142857142,0.9775667294454314,5 to 9 years
6345,27737,0.9111428571428567,0.5714285714285714,0.36238593331689717,5 to 9 years
6346,21951,0.9111428571428567,0.5714285714285714,0.6439205652883618,5 to 9 years
6347,21411,0.9254285714285709,0.7142857142857142,0.3961855244289003,5 to 9 years
6348,24583,0.8968571428571424,0.42857142857142855,0.0436177076423232,5 to 9 years
6349,24303,0.9539999999999995,1.0,0.18304755356938213,5 to 9 years
6350,29290,0.9111428571428567,0.5714285714285714,0.5850253305232312,5 to 9 years
6351,25108,0.8968571428571424,0.42857142857142855,0.5632191458263642,5 to 9 years
6352,20087,0.9111428571428567,0.5714285714285714,0.7159168265723064,5 to 9 years
6353,24976,0.9397142857142853,0.8571428571428571,0.9647456870844595,5 to 9 years
6354,20708,0.9111428571428567,0.5714285714285714,0.500997824297468,5 to 9 years
6355,29395,0.8825714285714281,0.2857142857142857,0.9148397839083608,5 to 9 years
6356,25123,0.8682857142857138,0.14285714285714285,0.6545462087541671,5 to 9 years
6357,22817,0.8825714285714281,0.2857142857142857,0.19323526397685692,5 to 9 years
6358,21745,0.9111428571428567,0.5714285714285714,0.21744936167920587,5 to 9 years
6359,27263,0.8825714285714281,0.2857142857142857,0.5631800703057527,5 to 9 years
6360,27459,0.9397142857142853,0.8571428571428571,0.6804312251672772,5 to 9 years
6361,26414,0.9111428571428567,0.5714285714285714,0.9577911320945683,5 to 9 years
6362,21604,0.8682857142857138,0.14285714285714285,0.3287671834794515,5 to 9 years
6363,25327,0.9397142857142853,0.8571428571428571,0.28444056690616654,5 to 9 years
6364,27956,0.8682857142857138,0.14285714285714285,0.08994443561069942,5 to 9 years
6365,24624,0.9397142857142853,0.8571428571428571,0.689423235051401,5 to 9 years
6366,27893,0.8825714285714281,0.2857142857142857,0.9134328513840883,5 to 9 years
6367,25360,0.8825714285714281,0.2857142857142857,0.3387735838303736,5 to 9 years
6368,20558,0.9397142857142853,0.8571428571428571,0.21899387775558327,5 to 9 years
6369,21420,0.9539999999999995,1.0,0.7645429998198388,5 to 9 years
6370,28086,0.8682857142857138,0.14285714285714285,0.2541060539641861,5 to 9 years
6371,20089,0.8682857142857138,0.14285714285714285,0.4040397403734113,5 to 9 years
6372,27200,0.9111428571428567,0.5714285714285714,0.43107274716092386,5 to 9 years
6373,23804,0.8825714285714281,0.2857142857142857,0.9307148701096108,5 to 9 years
6374,25137,0.8825714285714281,0.2857142857142857,0.39196954266167466,5 to 9 years
6375,25705,0.9111428571428567,0.5714285714285714,0.8738155591716255,5 to 9 years
6376,21859,0.9397142857142853,0.8571428571428571,0.6099182366039546,5 to 9 years
6377,26705,0.8825714285714281,0.2857142857142857,0.5065286640860087,5 to 9 years
6378,28179,0.8968571428571424,0.42857142857142855,0.2689973184899082,5 to 9 years
6379,27863,0.9539999999999995,1.0,0.12302750528173823,5 to 9 years
6380,24212,0.9539999999999995,1.0,0.055018690729203124,5 to 9 years
6381,27279,0.9397142857142853,0.8571428571428571,0.8123703127147219,5 to 9 years
6382,20560,0.9254285714285709,0.7142857142857142,0.6990024451480931,5 to 9 years
6383,24099,0.9254285714285709,0.7142857142857142,0.5531216099440324,5 to 9 years
6384,21441,0.8968571428571424,0.42857142857142855,0.756040135561348,5 to 9 years
6385,22738,0.9539999999999995,1.0,0.9660719028610717,5 to 9 years
6386,22316,0.9111428571428567,0.5714285714285714,0.8869290068885216,5 to 9 years
6387,23150,0.8682857142857138,0.14285714285714285,0.9418422732645715,5 to 9 years
6388,21148,0.9111428571428567,0.5714285714285714,0.8613778249285611,5 to 9 years
6389,29397,0.8825714285714281,0.2857142857142857,0.2586183930503667,5 to 9 years
6390,20027,0.9111428571428567,0.5714285714285714,0.5672683337555715,5 to 9 years
6391,27866,0.8825714285714281,0.2857142857142857,0.08947539654066711,5 to 9 years
6392,28710,0.9111428571428567,0.5714285714285714,0.21056996793488209,5 to 9 years
6393,22339,0.9111428571428567,0.5714285714285714,0.57796894519818,5 to 9 years
6394,29939,0.8825714285714281,0.2857142857142857,0.4887057555735181,5 to 9 years
6395,24131,0.9397142857142853,0.8571428571428571,0.25684778354211607,5 to 9 years
6396,26333,0.8825714285714281,0.2857142857142857,0.5798447992837262,5 to 9 years
6397,27623,0.8968571428571424,0.42857142857142855,0.27937650754953236,5 to 9 years
6398,28794,0.8825714285714281,0.2857142857142857,0.11003875958618492,5 to 9 years
6399,27832,0.9111428571428567,0.5714285714285714,0.12567810880643887,5 to 9 years
6400,26393,0.8682857142857138,0.14285714285714285,0.6814747379566617,5 to 9 years
6401,25465,0.8682857142857138,0.14285714285714285,0.4627897463490105,5 to 9 years
6402,23458,0.8968571428571424,0.42857142857142855,0.8309014562229742,5 to 9 years
6403,28329,0.9111428571428567,0.5714285714285714,0.8301153259864555,5 to 9 years
6404,29068,0.8825714285714281,0.2857142857142857,0.5790292323069695,5 to 9 years
6405,26949,0.8825714285714281,0.2857142857142857,0.9712695830083147,5 to 9 years
6406,22377,0.8682857142857138,0.14285714285714285,0.8916223076680272,5 to 9 years
6407,27059,0.8682857142857138,0.14285714285714285,0.5308101983258635,5 to 9 years
6408,20813,0.9111428571428567,0.5714285714285714,0.30461638587553436,5 to 9 years
6409,24652,0.9539999999999995,1.0,0.6691285715440671,5 to 9 years
6410,27965,0.8825714285714281,0.2857142857142857,0.4377478478541912,5 to 9 years
6411,25927,0.9397142857142853,0.8571428571428571,0.19829760188627316,5 to 9 years
6412,21426,0.9111428571428567,0.5714285714285714,0.6935782453108168,5 to 9 years
6413,23205,0.8825714285714281,0.2857142857142857,0.6528864992288239,5 to 9 years
6414,28605,0.9111428571428567,0.5714285714285714,0.7644718708627413,5 to 9 years
6415,23915,0.8825714285714281,0.2857142857142857,0.7272566546817909,5 to 9 years
6416,23383,0.9397142857142853,0.8571428571428571,0.466285759684416,5 to 9 years
6417,21008,0.9111428571428567,0.5714285714285714,0.8916966385088472,5 to 9 years
6418,27765,0.8968571428571424,0.42857142857142855,0.4751112527239611,5 to 9 years
6419,27884,0.8968571428571424,0.42857142857142855,0.7528163036112973,5 to 9 years
6420,26482,0.9539999999999995,1.0,0.30429067861169135,5 to 9 years
6421,22719,0.8825714285714281,0.2857142857142857,0.3657463790377655,5 to 9 years
6422,24111,0.8682857142857138,0.14285714285714285,0.6971292285918504,5 to 9 years
6423,21472,0.8825714285714281,0.2857142857142857,0.6265029124391539,5 to 9 years
6424,26418,0.9111428571428567,0.5714285714285714,0.8710021938829917,5 to 9 years
6425,24734,0.9111428571428567,0.5714285714285714,0.1337035644580964,5 to 9 years
6426,27638,0.8825714285714281,0.2857142857142857,0.8844386044967519,5 to 9 years
6427,21744,0.9397142857142853,0.8571428571428571,0.7723475396442105,5 to 9 years
6428,20466,0.8825714285714281,0.2857142857142857,0.36944958291227137,5 to 9 years
6429,24062,0.8682857142857138,0.14285714285714285,0.7262958197386401,5 to 9 years
6430,25464,0.9397142857142853,0.8571428571428571,0.6462965550081363,5 to 9 years
6431,26060,0.8825714285714281,0.2857142857142857,0.3217651227487489,5 to 9 years
6432,24337,0.7469999998383318,1.0,0.5907274289816016,50 to 54 years
6433,20661,0.6898571426954746,0.42857142857142855,0.4302087710829061,50 to 54 years
6434,20991,0.010858550656128212,0.14285714285714285,0.9100513065170126,50 to 54 years
6435,28278,0.7327142855526175,0.8571428571428571,0.7356413911510343,50 to 54 years
6436,22949,0.704142856981189,0.5714285714285714,0.7681848952405672,50 to 54 years
6437,29578,0.704142856981189,0.5714285714285714,0.2973616054015125,50 to 54 years
6438,22771,0.661285714124046,0.14285714285714285,0.2861399980526578,50 to 54 years
6439,27187,0.704142856981189,0.5714285714285714,0.735666777957257,50 to 54 years
6440,24376,0.6898571426954746,0.42857142857142855,0.788526110272268,50 to 54 years
6441,20632,0.6755714284097604,0.2857142857142857,0.3800109422144423,50 to 54 years
6442,21596,0.704142856981189,0.5714285714285714,0.46911269147619383,50 to 54 years
6443,23363,0.7469999998383318,1.0,0.24878427073740156,50 to 54 years
6444,26655,0.704142856981189,0.5714285714285714,0.9310694941576652,50 to 54 years
6445,20668,0.6898571426954746,0.42857142857142855,0.6656341944601757,50 to 54 years
6446,26552,0.661285714124046,0.14285714285714285,0.5410953636346273,50 to 54 years
6447,24350,0.5688888843854577,0.2857142857142857,0.39668249080954904,50 to 54 years
6448,27121,0.3172417363191045,0.2857142857142857,0.925524710247351,50 to 54 years
6449,20289,0.3942915875055047,0.42857142857142855,0.4466650063366808,50 to 54 years
6450,20519,0.6755714284097604,0.2857142857142857,0.3940417505976791,50 to 54 years
6451,28262,0.6898571426954746,0.42857142857142855,0.5296300029625876,50 to 54 years
6452,26429,0.37946712697412577,0.14285714285714285,0.5060658264603475,50 to 54 years
6453,29149,0.6755714284097604,0.2857142857142857,0.7092542288864214,50 to 54 years
6454,21091,0.6898571426954746,0.42857142857142855,0.5101586169846882,50 to 54 years
6455,27498,0.39910255954994195,0.2857142857142857,0.22141288105271878,50 to 54 years
6456,28475,0.7327142855526175,0.8571428571428571,0.7741442947450254,50 to 54 years
6457,28956,0.7184285712669032,0.7142857142857142,0.9582318980999545,50 to 54 years
6458,25675,0.704142856981189,0.5714285714285714,0.7649695955097934,50 to 54 years
6459,24960,0.20342349919453098,0.14285714285714285,0.567987000382668,50 to 54 years
6460,29809,0.7469999998383318,1.0,0.8214579266380286,50 to 54 years
6461,21299,0.2821887184810699,0.14285714285714285,0.836708711979347,50 to 54 years
6462,27419,0.704142856981189,0.5714285714285714,0.6203193188618351,50 to 54 years
6463,20842,0.7327142855526175,0.8571428571428571,0.24071631201600235,50 to 54 years
6464,23791,0.6898571426954746,0.42857142857142855,0.3720493492239572,50 to 54 years
6465,22164,0.704142856981189,0.5714285714285714,0.2834769201133702,50 to 54 years
6466,29852,0.704142856981189,0.5714285714285714,0.8223874911818354,50 to 54 years
6467,23919,0.704142856981189,0.5714285714285714,0.8924393711864369,50 to 54 years
6468,26748,0.7327142855526175,0.8571428571428571,0.00502225353522201,50 to 54 years
6469,24880,0.18043521949242178,0.2857142857142857,0.2258255198788155,50 to 54 years
6470,25219,0.661285714124046,0.14285714285714285,0.5010237017143566,50 to 54 years
6471,29319,0.704142856981189,0.5714285714285714,0.1683158446695408,50 to 54 years
6472,25265,0.7327142855526175,0.8571428571428571,0.6808265418733614,50 to 54 years
6473,25853,0.7469999998383318,1.0,0.5329526501525544,50 to 54 years
6474,23584,0.7327142855526175,0.8571428571428571,0.23326127592081658,50 to 54 years
6475,28245,0.7327142855526175,0.8571428571428571,0.6100524109400677,50 to 54 years
6476,21058,0.7327142855526175,0.8571428571428571,0.585256469016073,50 to 54 years
6477,21180,0.7327142855526175,0.8571428571428571,0.1901701046902251,50 to 54 years
6478,29526,0.661285714124046,0.14285714285714285,0.7981402618992097,50 to 54 years
6479,24018,0.23906668721005328,0.5714285714285714,0.020101740301614934,50 to 54 years
6480,23587,0.6755714284097604,0.2857142857142857,0.3390984238464955,50 to 54 years
6481,20826,0.704142856981189,0.5714285714285714,0.25827644004644223,50 to 54 years
6482,22676,0.7469999998383318,1.0,0.04671925022347112,50 to 54 years
6483,28867,0.704142856981189,0.5714285714285714,0.17741402757857272,50 to 54 years
6484,29327,0.09665827422130299,0.14285714285714285,0.45812434801192115,50 to 54 years
6485,27103,0.7469999998383318,1.0,0.9321341604782848,50 to 54 years
6486,23952,0.7469999998383318,1.0,0.9226430049945378,50 to 54 years
6487,26819,0.16364592236433936,0.2857142857142857,0.6498583271119808,50 to 54 years
6488,24586,0.7469999998383318,1.0,0.39079601068638503,50 to 54 years
6489,28810,0.704142856981189,0.5714285714285714,0.1809159458769375,50 to 54 years
6490,29921,0.6755714284097604,0.2857142857142857,0.652187434609474,50 to 54 years
6491,26554,0.7327142855526175,0.8571428571428571,0.024773354116936153,50 to 54 years
6492,28520,0.704142856981189,0.5714285714285714,0.9278541116227927,50 to 54 years
6493,27615,0.704142856981189,0.5714285714285714,0.9068218292268617,50 to 54 years
6494,24664,0.1305043884102069,0.14285714285714285,0.6209423115129364,50 to 54 years
6495,25650,0.6755714284097604,0.2857142857142857,0.6080236447964379,50 to 54 years
6496,27556,0.6755714284097604,0.2857142857142857,0.7673501883845606,50 to 54 years
6497,24149,0.6755714284097604,0.2857142857142857,0.9870285876727058,50 to 54 years
6498,28162,0.6755714284097604,0.2857142857142857,0.7801532313803097,50 to 54 years
6499,29275,0.35066385178293613,0.2857142857142857,0.9081873368145912,50 to 54 years
6500,20821,0.7327142855526175,0.8571428571428571,0.6532833819566715,50 to 54 years
6501,22888,0.661285714124046,0.14285714285714285,0.5791029502917621,50 to 54 years
6502,25915,0.661285714124046,0.14285714285714285,0.6595744295178625,50 to 54 years
6503,23531,0.6898571426954746,0.42857142857142855,0.5693701231079221,50 to 54 years
6504,22683,0.39140299869203843,0.14285714285714285,0.46068854536112064,50 to 54 years
6505,22361,0.704142856981189,0.5714285714285714,0.19626223556211037,50 to 54 years
6506,21778,0.704142856981189,0.5714285714285714,0.34531471234736955,50 to 54 years
6507,29807,0.6755714284097604,0.2857142857142857,0.3548808658248347,50 to 54 years
6508,21109,0.6898571426954746,0.42857142857142855,0.5044277427304974,50 to 54 years
6509,27888,0.704142856981189,0.5714285714285714,0.024659659034934278,50 to 54 years
6510,23830,0.2829918973826423,0.14285714285714285,0.23940148622432955,50 to 54 years
6511,29715,0.6755714284097604,0.2857142857142857,0.2678838624027947,50 to 54 years
6512,26313,0.6755714284097604,0.2857142857142857,0.44418272522169433,50 to 54 years
6513,23719,0.704142856981189,0.5714285714285714,0.8867617619314851,50 to 54 years
6514,23598,0.6755714284097604,0.2857142857142857,0.6228197218744823,50 to 54 years
6515,28738,0.661285714124046,0.14285714285714285,0.380832248165025,50 to 54 years
6516,21873,0.6755714284097604,0.2857142857142857,0.2620405998730943,50 to 54 years
6517,26949,0.6755714284097604,0.2857142857142857,0.9712695830083147,50 to 54 years
6518,25843,0.6755714284097604,0.2857142857142857,0.42949239990021676,50 to 54 years
6519,25433,0.6755714284097604,0.2857142857142857,0.06276011877853904,50 to 54 years
6520,20926,0.704142856981189,0.5714285714285714,0.6871851792729767,50 to 54 years
6521,26596,0.6755714284097604,0.2857142857142857,0.1549014709894977,50 to 54 years
6522,24203,0.7469999998383318,1.0,0.3438450096471334,50 to 54 years
6523,22961,0.7327142855526175,0.8571428571428571,0.6742466744378723,50 to 54 years
6524,24863,0.7327142855526175,0.8571428571428571,0.47738651093429013,50 to 54 years
6525,23696,0.7327142855526175,0.8571428571428571,0.6774082513501357,50 to 54 years
6526,24869,0.3679104982551929,0.2857142857142857,0.7022500256184585,50 to 54 years
6527,21836,0.5932498520361956,0.2857142857142857,0.7750678232514749,50 to 54 years
6528,24894,0.704142856981189,0.5714285714285714,0.7186008794091238,50 to 54 years
6529,24052,0.6755714284097604,0.2857142857142857,0.2518917217189156,50 to 54 years
6530,20718,0.6898571426954746,0.42857142857142855,0.35568865956540263,50 to 54 years
6531,27598,0.7327142855526175,0.8571428571428571,0.261100863494676,50 to 54 years
6532,23759,0.7469999998383318,1.0,0.37777025533440844,50 to 54 years
6533,20472,0.14211592214714122,0.14285714285714285,0.2933274975713763,50 to 54 years
6534,24251,0.6755714284097604,0.2857142857142857,0.9652991888809983,50 to 54 years
6535,29140,0.28723285088489536,0.14285714285714285,0.49130349884016067,50 to 54 years
6536,25911,0.29633256988848333,0.2857142857142857,0.7084107416464959,50 to 54 years
6537,25254,0.7184285712669032,0.7142857142857142,0.26637716997287847,50 to 54 years
6538,22593,0.6755714284097604,0.2857142857142857,0.8813961507606848,50 to 54 years
6539,26052,0.11932781155159097,0.2857142857142857,0.08964907553073898,50 to 54 years
6540,24519,0.6755714284097604,0.2857142857142857,0.6574519753580605,50 to 54 years
6541,27197,0.7327142855526175,0.8571428571428571,0.7365186807451873,50 to 54 years
6542,20641,0.704142856981189,0.5714285714285714,0.20476230285353036,50 to 54 years
6543,26287,0.7327142855526175,0.8571428571428571,0.32516702161251176,50 to 54 years
6544,21326,0.704142856981189,0.5714285714285714,0.07017847811236921,50 to 54 years
6545,22110,0.7327142855526175,0.8571428571428571,0.6904168049160169,50 to 54 years
6546,25842,0.704142856981189,0.5714285714285714,0.08298935938917373,50 to 54 years
6547,26539,0.13741768692949824,0.2857142857142857,0.32340372246873345,50 to 54 years
6548,22604,0.704142856981189,0.5714285714285714,0.22339694674776067,50 to 54 years
6549,27986,0.704142856981189,0.5714285714285714,0.718394060417827,50 to 54 years
6550,25599,0.7327142855526175,0.8571428571428571,0.13560676743333505,50 to 54 years
6551,20525,0.7469999998383318,1.0,0.8736574425773003,50 to 54 years
6552,24631,0.704142856981189,0.5714285714285714,0.11711180320140713,50 to 54 years
6553,20675,0.704142856981189,0.5714285714285714,0.7451762914044177,50 to 54 years
6554,25953,0.704142856981189,0.5714285714285714,0.3359068759101697,50 to 54 years
6555,26662,0.704142856981189,0.5714285714285714,0.2330680540728053,50 to 54 years
6556,23604,0.704142856981189,0.5714285714285714,0.8899483104335957,50 to 54 years
6557,28223,0.7327142855526175,0.8571428571428571,0.07606202927049449,50 to 54 years
6558,26395,0.7327142855526175,0.8571428571428571,0.6371379863102529,50 to 54 years
6559,29439,0.6898571426954746,0.42857142857142855,0.4531546371893896,50 to 54 years
6560,21410,0.704142856981189,0.5714285714285714,0.6089160263257741,50 to 54 years
6561,21065,0.31352006282942435,0.42857142857142855,0.31751623905763876,50 to 54 years
6562,21217,0.7469999998383318,1.0,0.41719214930756837,50 to 54 years
6563,28826,0.7327142855526175,0.8571428571428571,0.4718110976905253,50 to 54 years
6564,24819,0.5580753038732744,0.14285714285714285,0.6430341830069061,50 to 54 years
6565,26163,0.6898571426954746,0.42857142857142855,0.22404611104408167,50 to 54 years
6566,24540,0.7327142855526175,0.8571428571428571,0.1392079453488742,50 to 54 years
6567,21041,0.207140662433438,0.42857142857142855,0.27366454223843384,50 to 54 years
6568,24958,0.704142856981189,0.5714285714285714,0.596437994798599,50 to 54 years
6569,20996,0.2671353542721816,0.8571428571428571,0.04786266830581304,50 to 54 years
6570,29823,0.704142856981189,0.5714285714285714,0.192001928556925,50 to 54 years
6571,24150,0.661285714124046,0.14285714285714285,0.31267135786045586,50 to 54 years
6572,27748,0.7327142855526175,0.8571428571428571,0.3572664175399106,50 to 54 years
6573,25976,0.704142856981189,0.5714285714285714,0.8330965813437998,50 to 54 years
6574,28721,0.704142856981189,0.5714285714285714,0.3087213012552437,50 to 54 years
6575,20430,0.7184285712669032,0.7142857142857142,0.5069315189112432,50 to 54 years
6576,25134,0.6755714284097604,0.2857142857142857,0.6211647088210869,50 to 54 years
6577,26875,0.704142856981189,0.5714285714285714,0.9876806683005077,50 to 54 years
6578,27595,0.6755714284097604,0.2857142857142857,0.7888517141477966,50 to 54 years
6579,20180,0.6898571426954746,0.42857142857142855,0.48923287749277505,50 to 54 years
6580,21930,0.661285714124046,0.14285714285714285,0.9986936377183531,50 to 54 years
6581,23954,0.7327142855526175,0.8571428571428571,0.535361805136125,50 to 54 years
6582,22018,0.7327142855526175,0.8571428571428571,0.664151871863851,50 to 54 years
6583,29983,0.7469999998383318,1.0,0.9879642295544804,50 to 54 years
6584,28812,0.7327142855526175,0.8571428571428571,0.7539258925812743,50 to 54 years
6585,26829,0.6755714284097604,0.2857142857142857,0.9858558328574092,50 to 54 years
6586,27645,0.7327142855526175,0.8571428571428571,0.7499739851172789,50 to 54 years
6587,27246,0.7327142855526175,0.8571428571428571,0.5931774115090211,50 to 54 years
6588,20358,0.11770877350490819,0.14285714285714285,0.5776112979556284,50 to 54 years
6589,28039,0.704142856981189,0.5714285714285714,0.5571094511913217,50 to 54 years
6590,29172,0.6755714284097604,0.2857142857142857,0.5401840468509602,50 to 54 years
6591,24653,0.7327142855526175,0.8571428571428571,0.7612535275566593,50 to 54 years
6592,21040,0.7184285712669032,0.7142857142857142,0.8420590037351572,50 to 54 years
6593,21633,0.7469999998383318,1.0,0.2621180433746118,50 to 54 years
6594,21356,0.7327142855526175,0.8571428571428571,0.35251802258172193,50 to 54 years
6595,25710,0.7184285712669032,0.7142857142857142,0.0841403990725394,50 to 54 years
6596,21609,0.6755714284097604,0.2857142857142857,0.6322845381149752,50 to 54 years
6597,28664,0.704142856981189,0.5714285714285714,0.6374943692483869,50 to 54 years
6598,25181,0.6755714284097604,0.2857142857142857,0.36688276658218716,50 to 54 years
6599,20206,0.3620398521724132,0.14285714285714285,0.7960443753042981,50 to 54 years
6600,21274,0.704142856981189,0.5714285714285714,0.5446109157644281,50 to 54 years
6601,25296,0.661285714124046,0.14285714285714285,0.2545083874527796,50 to 54 years
6602,20732,0.17360203200996402,0.14285714285714285,0.7726016868696179,50 to 54 years
6603,25851,0.08091911886739303,0.2857142857142857,0.18665266327409707,50 to 54 years
6604,27618,0.1922349464552575,0.14285714285714285,0.8078153054593149,50 to 54 years
6605,25440,0.7327142855526175,0.8571428571428571,0.8675995522942093,50 to 54 years
6606,28911,0.6755714284097604,0.2857142857142857,0.6693715160575302,50 to 54 years
6607,25394,0.704142856981189,0.5714285714285714,0.7625688245171712,50 to 54 years
6608,21946,0.6755714284097604,0.2857142857142857,0.41106517641691986,50 to 54 years
6609,29363,0.6755714284097604,0.2857142857142857,0.28663844851724996,50 to 54 years
6610,25943,0.6755714284097604,0.2857142857142857,0.5684330441466511,50 to 54 years
6611,27393,0.704142856981189,0.5714285714285714,0.4374842324619982,50 to 54 years
6612,27914,0.6898571426954746,0.42857142857142855,0.8022820308742994,50 to 54 years
6613,27539,0.6898571426954746,0.42857142857142855,0.6984632593167811,50 to 54 years
6614,27808,0.704142856981189,0.5714285714285714,0.23382780242827428,50 to 54 years
6615,25262,0.6898571426954746,0.42857142857142855,0.5852031131551452,50 to 54 years
6616,25977,0.1770341385489264,0.2857142857142857,0.5873507162840426,50 to 54 years
6617,26900,0.5168710281635118,0.42857142857142855,0.913525995795526,50 to 54 years
6618,24452,0.704142856981189,0.5714285714285714,0.43514854022494576,50 to 54 years
6619,25475,0.704142856981189,0.5714285714285714,0.9988686931501947,50 to 54 years
6620,25481,0.6898571426954746,0.42857142857142855,0.3259004637049937,50 to 54 years
6621,26983,0.6755714284097604,0.2857142857142857,0.8793991500532117,50 to 54 years
6622,23844,0.661285714124046,0.14285714285714285,0.1010773607648941,50 to 54 years
6623,29357,0.704142856981189,0.5714285714285714,0.07299974119545377,50 to 54 years
6624,26917,0.6898571426954746,0.42857142857142855,0.26720097307078855,50 to 54 years
6625,21174,0.704142856981189,0.5714285714285714,0.4570809460726208,50 to 54 years
6626,24842,0.6755714284097604,0.2857142857142857,0.37187920085092163,50 to 54 years
6627,26698,0.704142856981189,0.5714285714285714,0.4600086972661604,50 to 54 years
6628,28022,0.7327142855526175,0.8571428571428571,0.2669516489427569,50 to 54 years
6629,28710,0.704142856981189,0.5714285714285714,0.21056996793488209,50 to 54 years
6630,27274,0.704142856981189,0.5714285714285714,0.7003718508375303,50 to 54 years
6631,21704,0.704142856981189,0.5714285714285714,0.1464282843773287,50 to 54 years
6632,23990,0.6755714284097604,0.2857142857142857,0.44706661575709794,50 to 54 years
6633,22698,0.6755714284097604,0.2857142857142857,0.5759522078808788,50 to 54 years
6634,23979,0.6898571426954746,0.42857142857142855,0.4861329336875321,50 to 54 years
6635,21775,0.6898571426954746,0.42857142857142855,0.6617703404351276,50 to 54 years
6636,20834,0.7327142855526175,0.8571428571428571,0.1001543130696948,50 to 54 years
6637,24546,0.661285714124046,0.14285714285714285,0.19401644473815433,50 to 54 years
6638,25293,0.6755714284097604,0.2857142857142857,0.11983195355701415,50 to 54 years
6639,23675,0.24791861720311636,0.2857142857142857,0.7563957294609414,50 to 54 years
6640,23021,0.6898571426954746,0.42857142857142855,0.28913341928732483,50 to 54 years
6641,23644,0.661285714124046,0.14285714285714285,0.23498658082232338,50 to 54 years
6642,28929,0.6755714284097604,0.2857142857142857,0.5619946950601817,50 to 54 years
6643,25470,0.704142856981189,0.5714285714285714,0.28449407404043736,50 to 54 years
6644,24538,0.7469999998383318,1.0,0.8023438926002329,50 to 54 years
6645,24063,0.7469999998383318,1.0,0.4611004860392201,50 to 54 years
6646,23689,0.537866223396051,0.14285714285714285,0.25467137106758986,50 to 54 years
6647,29277,0.7184285712669032,0.7142857142857142,0.20977515788461182,50 to 54 years
6648,28853,0.6755714284097604,0.2857142857142857,0.5944133290828985,50 to 54 years
6649,29848,0.02284684851900906,0.14285714285714285,0.7306564311065621,50 to 54 years
6650,21226,0.661285714124046,0.14285714285714285,0.7839852339691133,50 to 54 years
6651,27802,0.6898571426954746,0.42857142857142855,0.5165369579005663,50 to 54 years
6652,24485,0.2773560479549411,0.14285714285714285,0.7650743149446659,50 to 54 years
6653,22336,0.704142856981189,0.5714285714285714,0.9890669296508428,50 to 54 years
6654,22490,0.704142856981189,0.5714285714285714,0.2222026587993624,50 to 54 years
6655,20346,0.6755714284097604,0.2857142857142857,0.2709933384645717,50 to 54 years
6656,27034,0.6898571426954746,0.42857142857142855,0.580374813479071,50 to 54 years
6657,27269,0.7327142855526175,0.8571428571428571,0.5325662985256953,50 to 54 years
6658,24683,0.13293537645513284,0.14285714285714285,0.1706365698289392,50 to 54 years
6659,26538,0.704142856981189,0.5714285714285714,0.17631381965437037,50 to 54 years
6660,28724,0.704142856981189,0.5714285714285714,0.021052918793963205,50 to 54 years
6661,25483,0.661285714124046,0.14285714285714285,0.5322779533450569,50 to 54 years
6662,25045,0.661285714124046,0.14285714285714285,0.40521186278400756,50 to 54 years
6663,20322,0.704142856981189,0.5714285714285714,0.08256251467954678,50 to 54 years
6664,29492,0.704142856981189,0.5714285714285714,0.30014678838893516,50 to 54 years
6665,21381,0.704142856981189,0.5714285714285714,0.6532118448985919,50 to 54 years
6666,27810,0.6755714284097604,0.2857142857142857,0.19782496731416366,50 to 54 years
6667,24262,0.661285714124046,0.14285714285714285,0.683739041249696,50 to 54 years
6668,21912,0.704142856981189,0.5714285714285714,0.3071847312952919,50 to 54 years
6669,29227,0.704142856981189,0.5714285714285714,0.06703717863399888,50 to 54 years
6670,27452,0.23570631051800764,0.2857142857142857,0.3663580179685547,50 to 54 years
6671,23908,0.661285714124046,0.14285714285714285,0.6583184271278776,50 to 54 years
6672,27113,0.23893383855262365,0.14285714285714285,0.6997616632424002,50 to 54 years
6673,25261,0.6755714284097604,0.2857142857142857,0.7364673818176861,50 to 54 years
6674,26868,0.704142856981189,0.5714285714285714,0.28578457179146094,50 to 54 years
6675,26082,0.7327142855526175,0.8571428571428571,0.18636662737996068,50 to 54 years
6676,22553,0.6755714284097604,0.2857142857142857,0.4483182310318832,50 to 54 years
6677,20404,0.7327142855526175,0.8571428571428571,0.20586450315396332,50 to 54 years
6678,27725,0.23208325480533346,0.2857142857142857,0.8292861996697476,50 to 54 years
6679,26468,0.7469999998383318,1.0,0.4306830008147644,50 to 54 years
6680,21834,0.23139092658972463,0.2857142857142857,0.19112797557571537,50 to 54 years
6681,24649,0.1863997333929839,0.14285714285714285,0.37438668667487834,50 to 54 years
6682,23131,0.6755714284097604,0.2857142857142857,0.30432035062858454,50 to 54 years
6683,22298,0.7327142855526175,0.8571428571428571,0.268324359434672,50 to 54 years
6684,22135,0.3905710691151863,0.14285714285714285,0.613869647584695,50 to 54 years
6685,27547,0.6755714284097604,0.2857142857142857,0.47333133050554776,50 to 54 years
6686,25155,0.704142856981189,0.5714285714285714,0.49554387292885155,50 to 54 years
6687,20805,0.6755714284097604,0.2857142857142857,0.9324361923903193,50 to 54 years
6688,28948,0.704142856981189,0.5714285714285714,0.5438011196228093,50 to 54 years
6689,20712,0.49361617794878737,0.14285714285714285,0.1331510022465266,50 to 54 years
6690,26311,0.704142856981189,0.5714285714285714,0.49977729817876204,50 to 54 years
6691,28392,0.6755714284097604,0.2857142857142857,0.34628854036451473,50 to 54 years
6692,24851,0.7327142855526175,0.8571428571428571,0.7532697325276724,50 to 54 years
6693,29451,0.7184285712669032,0.7142857142857142,0.1620207908498283,50 to 54 years
6694,22195,0.6755714284097604,0.2857142857142857,0.3529289401563072,50 to 54 years
6695,29186,0.6755714284097604,0.2857142857142857,0.15170243602441508,50 to 54 years
6696,25784,0.6755714284097604,0.2857142857142857,0.22131678362433993,50 to 54 years
6697,29637,0.3588210769939088,0.2857142857142857,0.9014876620001266,50 to 54 years
6698,24048,0.6755714284097604,0.2857142857142857,0.27168527964848077,50 to 54 years
6699,28487,0.661285714124046,0.14285714285714285,0.4064580252723537,50 to 54 years
6700,22009,0.6898571426954746,0.42857142857142855,0.6164929935146523,50 to 54 years
6701,20015,0.704142856981189,0.5714285714285714,0.9400198911809998,50 to 54 years
6702,28237,0.2478268643753968,0.2857142857142857,0.9510909499203395,50 to 54 years
6703,20100,0.7327142855526175,0.8571428571428571,0.766103995842029,50 to 54 years
6704,23503,0.7469999998383318,1.0,0.7639419594012784,50 to 54 years
6705,24619,0.704142856981189,0.5714285714285714,0.44728293664955776,50 to 54 years
6706,25892,0.3258334781775574,0.2857142857142857,0.07192777976379072,50 to 54 years
6707,26489,0.6755714284097604,0.2857142857142857,0.9074490916254807,50 to 54 years
6708,20908,0.704142856981189,0.5714285714285714,0.6379124180967848,50 to 54 years
6709,24556,0.6898571426954746,0.42857142857142855,0.49686877500209947,50 to 54 years
6710,25899,0.31636978059138554,0.2857142857142857,0.8145447098914465,50 to 54 years
6711,28477,0.6898571426954746,0.42857142857142855,0.018474220795990703,50 to 54 years
6712,26006,0.7327142855526175,0.8571428571428571,0.3148917027693682,50 to 54 years
6713,24148,0.6755714284097604,0.2857142857142857,0.4048719346386858,50 to 54 years
6714,23718,0.661285714124046,0.14285714285714285,0.6517663905656689,50 to 54 years
6715,20994,0.7469999998383318,1.0,0.8694287918755457,50 to 54 years
6716,28971,0.6755714284097604,0.2857142857142857,0.8592182215417423,50 to 54 years
6717,23732,0.6755714284097604,0.2857142857142857,0.8960663548713732,50 to 54 years
6718,27779,0.6755714284097604,0.2857142857142857,0.49998869815817737,50 to 54 years
6719,24258,0.6898571426954746,0.42857142857142855,0.9571295739843336,50 to 54 years
6720,22567,0.6755714284097604,0.2857142857142857,0.3673213939129976,50 to 54 years
6721,20196,0.704142856981189,0.5714285714285714,0.07922130833741897,50 to 54 years
6722,25357,0.33079201724333834,0.14285714285714285,0.9040698017821636,50 to 54 years
6723,20478,0.6755714284097604,0.2857142857142857,0.8184047667752874,50 to 54 years
6724,29861,0.7184285712669032,0.7142857142857142,0.6467980681323672,50 to 54 years
6725,21804,0.7327142855526175,0.8571428571428571,0.13711309661863685,50 to 54 years
6726,22902,0.13847825261942245,0.2857142857142857,0.3495268236508487,50 to 54 years
6727,22672,0.6898571426954746,0.42857142857142855,0.4679538751177463,50 to 54 years
6728,29704,0.7469999998383318,1.0,0.7578555113897176,50 to 54 years
6729,29625,0.7327142855526175,0.8571428571428571,0.38292868762893056,50 to 54 years
6730,29841,0.7184285712669032,0.7142857142857142,0.8205817150509254,50 to 54 years
6731,29790,0.6755714284097604,0.2857142857142857,0.32132321646003914,50 to 54 years
6732,29436,0.661285714124046,0.14285714285714285,0.7327778931030893,50 to 54 years
6733,25954,0.3411890459942339,0.14285714285714285,0.7309195387509454,50 to 54 years
6734,27640,0.6755714284097604,0.2857142857142857,0.6599659765658812,50 to 54 years
6735,25511,0.6755714284097604,0.2857142857142857,0.44407676109308325,50 to 54 years
6736,23882,0.29082609633983836,0.14285714285714285,0.6064211408622291,50 to 54 years
6737,22271,0.7469999998383318,1.0,0.7379842494922004,50 to 54 years
6738,21976,0.704142856981189,0.5714285714285714,0.3959036167913268,50 to 54 years
6739,20657,0.6755714284097604,0.2857142857142857,0.6774436282940824,50 to 54 years
6740,21978,0.6755714284097604,0.2857142857142857,0.29612091403880936,50 to 54 years
6741,21741,0.704142856981189,0.5714285714285714,0.6015947418161828,50 to 54 years
6742,29976,0.704142856981189,0.5714285714285714,0.5005339086261769,50 to 54 years
6743,29966,0.6755714284097604,0.2857142857142857,0.4674703535337018,50 to 54 years
6744,26998,0.26315988038423543,0.14285714285714285,0.438424482055094,50 to 54 years
6745,27693,0.7327142855526175,0.8571428571428571,0.3843247362391106,50 to 54 years
6746,22117,0.704142856981189,0.5714285714285714,0.4544648380911719,50 to 54 years
6747,21393,0.6755714284097604,0.2857142857142857,0.37167830517270983,50 to 54 years
6748,29758,0.7327142855526175,0.8571428571428571,0.39154777545975905,50 to 54 years
6749,21570,0.410092717573094,0.2857142857142857,0.25574987056302245,50 to 54 years
6750,25738,0.35269669183606467,0.14285714285714285,0.9309764287266982,50 to 54 years
6751,25938,0.6755714284097604,0.2857142857142857,0.49247127604322277,50 to 54 years
6752,23321,0.704142856981189,0.5714285714285714,0.831252552341954,50 to 54 years
6753,22799,0.7327142855526175,0.8571428571428571,0.2005610129925297,50 to 54 years
6754,27793,0.704142856981189,0.5714285714285714,0.5118474232727462,50 to 54 years
6755,24288,0.6755714284097604,0.2857142857142857,0.23752369448002092,50 to 54 years
6756,25073,0.7327142855526175,0.8571428571428571,0.8449652515194681,50 to 54 years
6757,23202,0.661285714124046,0.14285714285714285,0.8759478019278429,50 to 54 years
6758,26899,0.7327142855526175,0.8571428571428571,0.47674772893882655,50 to 54 years
6759,26252,0.6755714284097604,0.2857142857142857,0.22120392874506783,50 to 54 years
6760,29900,0.704142856981189,0.5714285714285714,0.743211470430404,50 to 54 years
6761,28737,0.29327950458111307,0.14285714285714285,0.27619316173438446,50 to 54 years
6762,20578,0.704142856981189,0.5714285714285714,0.6423645504301948,50 to 54 years
6763,21848,0.6755714284097604,0.2857142857142857,0.34761455310109585,50 to 54 years
6764,21328,0.704142856981189,0.5714285714285714,0.7105070105453875,50 to 54 years
6765,21877,0.704142856981189,0.5714285714285714,0.5606534725736333,50 to 54 years
6766,20924,0.7327142855526175,0.8571428571428571,0.7840467434276941,50 to 54 years
6767,29924,0.7184285712669032,0.7142857142857142,0.5069026119711149,50 to 54 years
6768,22525,0.7184285712669032,0.7142857142857142,0.888509404796359,50 to 54 years
6769,22855,0.661285714124046,0.14285714285714285,0.5157766728237745,50 to 54 years
6770,24254,0.661285714124046,0.14285714285714285,0.3896309425684405,50 to 54 years
6771,23366,0.7327142855526175,0.8571428571428571,0.9631425378677354,50 to 54 years
6772,24891,0.6755714284097604,0.2857142857142857,0.4248083869160911,50 to 54 years
6773,23478,0.6755714284097604,0.2857142857142857,0.3641443280743733,50 to 54 years
6774,23336,0.6898571426954746,0.42857142857142855,0.08752570527781911,50 to 54 years
6775,20142,0.7469999998383318,1.0,0.40617849189802124,50 to 54 years
6776,23868,0.661285714124046,0.14285714285714285,0.915942450168778,50 to 54 years
6777,26042,0.704142856981189,0.5714285714285714,0.2849456169812155,50 to 54 years
6778,21970,0.7327142855526175,0.8571428571428571,0.6819715183897476,50 to 54 years
6779,22385,0.704142856981189,0.5714285714285714,0.4697095092146526,50 to 54 years
6780,20229,0.7327142855526175,0.8571428571428571,0.8698796110411608,50 to 54 years
6781,26857,0.661285714124046,0.14285714285714285,0.05831592189183338,50 to 54 years
6782,28621,0.6755714284097604,0.2857142857142857,0.45059098877203885,50 to 54 years
6783,27315,0.704142856981189,0.5714285714285714,0.7967756453493939,50 to 54 years
6784,26519,0.6755714284097604,0.2857142857142857,0.9096053806550891,50 to 54 years
6785,28128,0.7327142855526175,0.8571428571428571,0.06590153564644441,50 to 54 years
6786,24323,0.18202656814836268,0.14285714285714285,0.3528081865432709,50 to 54 years
6787,26139,0.7327142855526175,0.8571428571428571,0.2704799283172845,50 to 54 years
6788,28980,0.661285714124046,0.14285714285714285,0.5399696451739383,50 to 54 years
6789,28328,0.7184285712669032,0.7142857142857142,0.09877454600758068,50 to 54 years
6790,23632,0.704142856981189,0.5714285714285714,0.9344404264458055,50 to 54 years
6791,26929,0.7327142855526175,0.8571428571428571,0.5408659800839181,50 to 54 years
6792,29470,0.13543611667702166,0.42857142857142855,0.32641373939597773,50 to 54 years
6793,20433,0.661285714124046,0.14285714285714285,0.611981345187151,50 to 54 years
6794,23627,0.704142856981189,0.5714285714285714,0.6046948928154109,50 to 54 years
6795,24916,0.704142856981189,0.5714285714285714,0.7934572507326951,50 to 54 years
6796,22852,0.7184285712669032,0.7142857142857142,0.3638009178458178,50 to 54 years
6797,29980,0.7469999998383318,1.0,0.8244029399209748,50 to 54 years
6798,25507,0.6898571426954746,0.42857142857142855,0.8496349813731633,50 to 54 years
6799,23422,0.7327142855526175,0.8571428571428571,0.47468832317202364,50 to 54 years
6800,25456,0.6755714284097604,0.2857142857142857,0.3401899211880915,50 to 54 years
6801,24174,0.6898571426954746,0.42857142857142855,0.13994386287048177,50 to 54 years
6802,23818,0.2504685459333817,0.14285714285714285,0.7215550744992154,50 to 54 years
6803,25141,0.1708723333844024,0.14285714285714285,0.7125197295681369,50 to 54 years
6804,24961,0.6898571426954746,0.42857142857142855,0.11872435709326984,50 to 54 years
6805,20144,0.7327142855526175,0.8571428571428571,0.028404011593901934,50 to 54 years
6806,26635,0.7327142855526175,0.8571428571428571,0.39901608764760704,50 to 54 years
6807,20262,0.6898571426954746,0.42857142857142855,0.7097602583432461,50 to 54 years
6808,29252,0.6898571426954746,0.42857142857142855,0.5945954026563927,50 to 54 years
6809,26928,0.7469999998383318,1.0,0.7381617852736242,50 to 54 years
6810,27952,0.7327142855526175,0.8571428571428571,0.5440235848738985,50 to 54 years
6811,24330,0.704142856981189,0.5714285714285714,0.9123986201568328,50 to 54 years
6812,26838,0.704142856981189,0.5714285714285714,0.48038579168490003,50 to 54 years
6813,21204,0.704142856981189,0.5714285714285714,0.5568471144387165,50 to 54 years
6814,20412,0.3544714397654552,0.42857142857142855,0.32361047256590847,50 to 54 years
6815,25387,0.7327142855526175,0.8571428571428571,0.6454016221288587,50 to 54 years
6816,25500,0.7184285712669032,0.7142857142857142,0.20593494888437336,50 to 54 years
6817,23320,0.661285714124046,0.14285714285714285,0.6362536734785205,50 to 54 years
6818,22127,0.6898571426954746,0.42857142857142855,0.9509336944328473,50 to 54 years
6819,24316,0.6755714284097604,0.2857142857142857,0.4907905089709721,50 to 54 years
6820,20997,0.7327142855526175,0.8571428571428571,0.4146764733974938,50 to 54 years
6821,24029,0.6898571426954746,0.42857142857142855,0.8468014582471954,50 to 54 years
6822,23778,0.6755714284097604,0.2857142857142857,0.69711968761108,50 to 54 years
6823,29250,0.6755714284097604,0.2857142857142857,0.4700178413133499,50 to 54 years
6824,26120,0.6898571426954746,0.42857142857142855,0.8507504430363516,50 to 54 years
6825,23740,0.7327142855526175,0.8571428571428571,0.08347248840874033,50 to 54 years
6826,27839,0.7327142855526175,0.8571428571428571,0.12590598482293985,50 to 54 years
6827,28802,0.02241041606386751,0.2857142857142857,0.31895246790991005,50 to 54 years
6828,20839,0.661285714124046,0.14285714285714285,0.6581535262590157,50 to 54 years
6829,28547,0.6755714284097604,0.2857142857142857,0.1079704676030544,50 to 54 years
6830,21302,0.704142856981189,0.5714285714285714,0.7842605534872761,50 to 54 years
6831,26126,0.6755714284097604,0.2857142857142857,0.3453543586309564,50 to 54 years
6832,28648,0.1742131307889219,0.14285714285714285,0.04086057314676961,50 to 54 years
6833,27421,0.7327142855526175,0.8571428571428571,0.314602808943739,50 to 54 years
6834,24925,0.7327142855526175,0.8571428571428571,0.19402645834352267,50 to 54 years
6835,23206,0.6755714284097604,0.2857142857142857,0.06339726585285049,50 to 54 years
6836,28212,0.6898571426954746,0.42857142857142855,0.6892293127558923,50 to 54 years
6837,21126,0.7327142855526175,0.8571428571428571,0.48399790403548265,50 to 54 years
6838,29099,0.704142856981189,0.5714285714285714,0.7360616571986096,50 to 54 years
6839,20524,0.23024830988910053,0.14285714285714285,0.4136235162743808,50 to 54 years
6840,20455,0.6755714284097604,0.2857142857142857,0.618246262703762,50 to 54 years
6841,29053,0.7469999998383318,1.0,0.1863318223417451,50 to 54 years
6842,20398,0.23189822793654966,0.2857142857142857,0.0337214221066352,50 to 54 years
6843,21029,0.704142856981189,0.5714285714285714,0.3923699212778873,50 to 54 years
6844,24277,0.661285714124046,0.14285714285714285,0.4104620446776702,50 to 54 years
6845,27458,0.31709383698506977,0.2857142857142857,0.19579386747703664,50 to 54 years
6846,26920,0.704142856981189,0.5714285714285714,0.8822199341231362,50 to 54 years
6847,29392,0.11441754443508764,0.2857142857142857,0.2845167484422025,50 to 54 years
6848,20383,0.704142856981189,0.5714285714285714,0.43606452249380767,50 to 54 years
6849,23734,0.6755714284097604,0.2857142857142857,0.7253065896700165,50 to 54 years
6850,21666,0.704142856981189,0.5714285714285714,0.7219980330202551,50 to 54 years
6851,26392,0.704142856981189,0.5714285714285714,0.2699068733603868,50 to 54 years
6852,21022,0.7327142855526175,0.8571428571428571,0.3865395250587502,50 to 54 years
6853,26023,0.7327142855526175,0.8571428571428571,0.7913226450910011,50 to 54 years
6854,25353,0.6755714284097604,0.2857142857142857,0.7234189791553733,50 to 54 years
6855,28054,0.6755714284097604,0.2857142857142857,0.527769797790091,50 to 54 years
6856,20801,0.7327142855526175,0.8571428571428571,0.7647087260318521,50 to 54 years
6857,23007,0.704142856981189,0.5714285714285714,0.41516221450605084,50 to 54 years
6858,22632,0.661285714124046,0.14285714285714285,0.6289147898477103,50 to 54 years
6859,23090,0.6755714284097604,0.2857142857142857,0.2428968903994132,50 to 54 years
6860,25983,0.6755714284097604,0.2857142857142857,0.6969985737297273,50 to 54 years
6861,26579,0.704142856981189,0.5714285714285714,0.5892286772716296,50 to 54 years
6862,27424,0.6755714284097604,0.2857142857142857,0.3917366090630787,50 to 54 years
6863,28207,0.7327142855526175,0.8571428571428571,0.0974259772230126,50 to 54 years
6864,21712,0.7184285712669032,0.7142857142857142,0.2818515745036335,50 to 54 years
6865,27477,0.7184285712669032,0.7142857142857142,0.6608803638776385,50 to 54 years
6866,22208,0.7469999998383318,1.0,0.8354151988004748,50 to 54 years
6867,23424,0.7469999998383318,1.0,0.5269665930902276,50 to 54 years
6868,21825,0.704142856981189,0.5714285714285714,0.11595089860206709,50 to 54 years
6869,24423,0.704142856981189,0.5714285714285714,0.2427586786558178,50 to 54 years
6870,24604,0.6898571426954746,0.42857142857142855,0.6604722014598087,50 to 54 years
6871,20539,0.11052067737364119,0.14285714285714285,0.13848794487897736,50 to 54 years
6872,22429,0.6898571426954746,0.42857142857142855,0.6686721797191237,50 to 54 years
6873,26049,0.7469999998383318,1.0,0.2816522918170427,50 to 54 years
6874,27471,0.6755714284097604,0.2857142857142857,0.3239963395597852,50 to 54 years
6875,26522,0.359882620306621,0.5714285714285714,0.12891564010125184,50 to 54 years
6876,20720,0.7327142855526175,0.8571428571428571,0.15747889644315693,50 to 54 years
6877,20432,0.22505142269274186,0.2857142857142857,0.022677128719865602,50 to 54 years
6878,29724,0.7327142855526175,0.8571428571428571,0.31154603827815674,50 to 54 years
6879,29877,0.7327142855526175,0.8571428571428571,0.6954100760359855,50 to 54 years
6880,29085,0.7327142855526175,0.8571428571428571,0.36399075628261346,50 to 54 years
6881,29411,0.6755714284097604,0.2857142857142857,0.10943568145772864,50 to 54 years
6882,25891,0.661285714124046,0.14285714285714285,0.8225712908750282,50 to 54 years
6883,24400,0.6755714284097604,0.2857142857142857,0.15804353670726073,50 to 54 years
6884,22978,0.6898571426954746,0.42857142857142855,0.5183823301267919,50 to 54 years
6885,20165,0.7469999998383318,1.0,0.8130710855875981,50 to 54 years
6886,22030,0.6755714284097604,0.2857142857142857,0.9099358295332103,50 to 54 years
6887,27996,0.661285714124046,0.14285714285714285,0.90241079858746,50 to 54 years
6888,20882,0.7469999998383318,1.0,0.026325237784267985,50 to 54 years
6889,24379,0.704142856981189,0.5714285714285714,0.9982530412265272,50 to 54 years
6890,25146,0.1325706284039326,0.14285714285714285,0.8717166570614402,50 to 54 years
6891,25759,0.704142856981189,0.5714285714285714,0.987299493145344,50 to 54 years
6892,24550,0.661285714124046,0.14285714285714285,0.6627831874102769,50 to 54 years
6893,28727,0.7327142855526175,0.8571428571428571,0.8132838800945237,50 to 54 years
6894,27460,0.7327142855526175,0.8571428571428571,0.41994429600483224,50 to 54 years
6895,28599,0.7469999998383318,1.0,0.7024581703338941,50 to 54 years
6896,23060,0.661285714124046,0.14285714285714285,0.6890380408002603,50 to 54 years
6897,20995,0.6755714284097604,0.2857142857142857,0.595270032201047,50 to 54 years
6898,23893,0.6755714284097604,0.2857142857142857,0.26869885982155844,50 to 54 years
6899,20538,0.7327142855526175,0.8571428571428571,0.49429110594650816,50 to 54 years
6900,21038,0.6755714284097604,0.2857142857142857,0.6605061943786048,50 to 54 years
6901,28729,0.704142856981189,0.5714285714285714,0.3854701033420226,50 to 54 years
6902,27984,0.704142856981189,0.5714285714285714,0.4753239172477001,50 to 54 years
6903,28900,0.661285714124046,0.14285714285714285,0.47377668663986733,50 to 54 years
6904,21399,0.704142856981189,0.5714285714285714,0.8519589215991039,50 to 54 years
6905,23450,0.6755714284097604,0.2857142857142857,0.8649986783820769,50 to 54 years
6906,22404,0.704142856981189,0.5714285714285714,0.322977632147125,50 to 54 years
6907,26103,0.7469999998383318,1.0,0.17171215628467285,50 to 54 years
6908,24046,0.7469999998383318,1.0,0.5272457074387875,50 to 54 years
6909,24878,0.6755714284097604,0.2857142857142857,0.9445106989947761,50 to 54 years
6910,21289,0.704142856981189,0.5714285714285714,0.7386905238618281,50 to 54 years
6911,25914,0.6755714284097604,0.2857142857142857,0.7232857289212546,50 to 54 years
6912,27876,0.704142856981189,0.5714285714285714,0.13889013471093148,50 to 54 years
6913,21133,0.1971841309687569,0.14285714285714285,0.9616596896676773,50 to 54 years
6914,26677,0.6898571426954746,0.42857142857142855,0.12140633942786738,50 to 54 years
6915,27492,0.7327142855526175,0.8571428571428571,0.8929496154217337,50 to 54 years
6916,26227,0.704142856981189,0.5714285714285714,0.29022971886306304,50 to 54 years
6917,25646,0.704142856981189,0.5714285714285714,0.08376554589941682,50 to 54 years
6918,25488,0.704142856981189,0.5714285714285714,0.2992903287953494,50 to 54 years
6919,23399,0.704142856981189,0.5714285714285714,0.5436785764163026,50 to 54 years
6920,29009,0.6755714284097604,0.2857142857142857,0.6394992716314737,50 to 54 years
6921,29456,0.6755714284097604,0.2857142857142857,0.6476563841217293,50 to 54 years
6922,26741,0.704142856981189,0.5714285714285714,0.9407033123098419,50 to 54 years
6923,26331,0.6755714284097604,0.2857142857142857,0.4834854516393733,50 to 54 years
6924,29670,0.6755714284097604,0.2857142857142857,0.5390020567566407,50 to 54 years
6925,22359,0.6755714284097604,0.2857142857142857,0.6152390083024829,50 to 54 years
6926,24190,0.704142856981189,0.5714285714285714,0.34250462346646443,50 to 54 years
6927,28686,0.6755714284097604,0.2857142857142857,0.275481799051301,50 to 54 years
6928,25074,0.704142856981189,0.5714285714285714,0.8028792335345569,50 to 54 years
6929,22923,0.5514630350496718,0.14285714285714285,0.5236032055265747,50 to 54 years
6930,22808,0.6898571426954746,0.42857142857142855,0.5465406271843691,50 to 54 years
6931,27014,0.6755714284097604,0.2857142857142857,0.23556689394704372,50 to 54 years
6932,22788,0.661285714124046,0.14285714285714285,0.6291815540558013,50 to 54 years
6933,24084,0.704142856981189,0.5714285714285714,0.31448145548038153,50 to 54 years
6934,23344,0.704142856981189,0.5714285714285714,0.4779890807443931,50 to 54 years
6935,20074,0.704142856981189,0.5714285714285714,0.24709934241394144,50 to 54 years
6936,22245,0.6755714284097604,0.2857142857142857,0.5443260634295571,50 to 54 years
6937,20172,0.6755714284097604,0.2857142857142857,0.8455643502299326,50 to 54 years
6938,26167,0.7327142855526175,0.8571428571428571,0.449109724754434,50 to 54 years
6939,24015,0.661285714124046,0.14285714285714285,0.28013321982316874,50 to 54 years
6940,25875,0.7469999998383318,1.0,0.31809505738208643,50 to 54 years
6941,29071,0.6755714284097604,0.2857142857142857,0.44134896836779836,50 to 54 years
6942,21803,0.7327142855526175,0.8571428571428571,0.6990945682709842,50 to 54 years
6943,24154,0.7327142855526175,0.8571428571428571,0.4416931289560975,50 to 54 years
6944,21665,0.7469999998383318,1.0,0.9769670569142632,50 to 54 years
6945,25590,0.7469999998383318,1.0,0.9841424030390774,50 to 54 years
6946,24304,0.7327142855526175,0.8571428571428571,0.9612823611979251,50 to 54 years
6947,22667,0.6755714284097604,0.2857142857142857,0.6455169841791485,50 to 54 years
6948,23851,0.020230877868162002,0.2857142857142857,0.005819969769019773,50 to 54 years
6949,25932,0.7327142855526175,0.8571428571428571,0.4403889091979063,50 to 54 years
6950,27792,0.704142856981189,0.5714285714285714,0.688016846686167,50 to 54 years
6951,21924,0.661285714124046,0.14285714285714285,0.647126699004636,50 to 54 years
6952,29977,0.6755714284097604,0.2857142857142857,0.14419001302836254,50 to 54 years
6953,27523,0.6755714284097604,0.2857142857142857,0.6709689257749974,50 to 54 years
6954,21707,0.6755714284097604,0.2857142857142857,0.5883663458015921,50 to 54 years
6955,26144,0.6755714284097604,0.2857142857142857,0.4487425995095572,50 to 54 years
6956,21336,0.7184285712669032,0.7142857142857142,0.8408879044296147,50 to 54 years
6957,25546,0.15254673153538548,0.14285714285714285,0.48133791564190587,50 to 54 years
6958,21816,0.6898571426954746,0.42857142857142855,0.29431777913412127,50 to 54 years
6959,22882,0.1541965743231358,0.14285714285714285,0.35976149523989365,50 to 54 years
6960,23001,0.704142856981189,0.5714285714285714,0.618149126003922,50 to 54 years
6961,22067,0.6755714284097604,0.2857142857142857,0.5497389847842704,50 to 54 years
6962,20125,0.7327142855526175,0.8571428571428571,0.996682890343543,50 to 54 years
6963,29014,0.6755714284097604,0.2857142857142857,0.264716153261666,50 to 54 years
6964,29004,0.704142856981189,0.5714285714285714,0.7562359490944712,50 to 54 years
6965,24496,0.6898571426954746,0.42857142857142855,0.4921014787977625,50 to 54 years
6966,21856,0.6898571426954746,0.42857142857142855,0.06613429305365981,50 to 54 years
6967,29869,0.18576010841753274,0.14285714285714285,0.4834560811912263,50 to 54 years
6968,28323,0.14906951764117468,0.42857142857142855,0.38886127387647784,50 to 54 years
6969,21445,0.6898571426954746,0.42857142857142855,0.9456087653548382,50 to 54 years
6970,21376,0.7327142855526175,0.8571428571428571,0.8273832659331557,50 to 54 years
6971,24544,0.4521899230981509,0.14285714285714285,0.6138333064657575,50 to 54 years
6972,25239,0.704142856981189,0.5714285714285714,0.9374050249225849,50 to 54 years
6973,28777,0.7469999998383318,1.0,0.6517111057268477,50 to 54 years
6974,21129,0.704142856981189,0.5714285714285714,0.21474511263220641,50 to 54 years
6975,21169,0.7327142855526175,0.8571428571428571,0.19385052370548744,50 to 54 years
6976,22936,0.7327142855526175,0.8571428571428571,0.6850022205611213,50 to 54 years
6977,22121,0.661285714124046,0.14285714285714285,0.474449836870576,50 to 54 years
6978,21531,0.6898571426954746,0.42857142857142855,0.5308666236957453,50 to 54 years
6979,27079,0.3081606083820548,0.2857142857142857,0.2499116802544064,50 to 54 years
6980,27593,0.7327142855526175,0.8571428571428571,0.42843218744171613,50 to 54 years
6981,24871,0.6755714284097604,0.2857142857142857,0.975085984181012,50 to 54 years
6982,20764,0.6755714284097604,0.2857142857142857,0.5383303247030327,50 to 54 years
6983,29423,0.5882194314984642,0.2857142857142857,0.1723663337104025,50 to 54 years
6984,24764,0.704142856981189,0.5714285714285714,0.5736105185865967,50 to 54 years
6985,27582,0.1671041450008359,0.42857142857142855,0.613033250171966,50 to 54 years
6986,29819,0.704142856981189,0.5714285714285714,0.46063458429453263,50 to 54 years
6987,22760,0.704142856981189,0.5714285714285714,0.5964243983414937,50 to 54 years
6988,22076,0.6898571426954746,0.42857142857142855,0.5117163425283134,50 to 54 years
6989,25460,0.6755714284097604,0.2857142857142857,0.4872916662900078,50 to 54 years
6990,26684,0.6898571426954746,0.42857142857142855,0.6639776837349072,50 to 54 years
6991,21280,0.10750368889058834,0.2857142857142857,0.37529499449195236,50 to 54 years
6992,27192,0.7184285712669032,0.7142857142857142,0.7952696918257781,50 to 54 years
6993,28681,0.4384714224508448,0.14285714285714285,0.22534961087230554,50 to 54 years
6994,20964,0.6755714284097604,0.2857142857142857,0.8679518380975535,50 to 54 years
6995,25928,0.704142856981189,0.5714285714285714,0.4107111733229324,50 to 54 years
6996,25115,0.21631836989947434,0.2857142857142857,0.35109660625525185,50 to 54 years
6997,21808,0.7327142855526175,0.8571428571428571,0.5981789720628502,50 to 54 years
6998,26008,0.6898571426954746,0.42857142857142855,0.5406498083541599,50 to 54 years
6999,24105,0.45912761890725384,0.2857142857142857,0.36742968033958967,50 to 54 years
7000,21320,0.661285714124046,0.14285714285714285,0.1404922361721171,50 to 54 years
7001,22862,0.704142856981189,0.5714285714285714,0.29935871894216154,50 to 54 years
7002,24398,0.6898571426954746,0.42857142857142855,0.5505649630080438,50 to 54 years
7003,23189,0.7469999998383318,1.0,0.6566137493992533,50 to 54 years
7004,21428,0.7469999998383318,1.0,0.5159545198494379,50 to 54 years
7005,23298,0.4623396973583956,0.8571428571428571,0.006775995362237275,50 to 54 years
7006,27293,0.24224394948317918,0.2857142857142857,0.11019565323620023,50 to 54 years
7007,28677,0.6898571426954746,0.42857142857142855,0.4690926165229769,50 to 54 years
7008,22172,0.7184285712669032,0.7142857142857142,0.8152622306912449,50 to 54 years
7009,26738,0.7327142855526175,0.8571428571428571,0.061502142895732914,50 to 54 years
7010,29022,0.7184285712669032,0.7142857142857142,0.41187522936305065,50 to 54 years
7011,28095,0.7327142855526175,0.8571428571428571,0.11758455538356571,50 to 54 years
7012,29985,0.7327142855526175,0.8571428571428571,0.8928417475541173,50 to 54 years
7013,25438,0.3703459558493899,0.14285714285714285,0.17016877010871484,50 to 54 years
7014,27166,0.7469999998383318,1.0,0.6281031249966627,50 to 54 years
7015,20164,0.6755714284097604,0.2857142857142857,0.9517070244811905,50 to 54 years
7016,20588,0.6755714284097604,0.2857142857142857,0.2557318997849858,50 to 54 years
7017,27552,0.661285714124046,0.14285714285714285,0.7377853456515158,50 to 54 years
7018,21806,0.704142856981189,0.5714285714285714,0.9425939051057197,50 to 54 years
7019,29799,0.1825245359524728,0.14285714285714285,0.7532254596401602,50 to 54 years
7020,28198,0.7327142855526175,0.8571428571428571,0.6903854168833347,50 to 54 years
7021,21351,0.661285714124046,0.14285714285714285,0.9375993578844903,50 to 54 years
7022,25129,0.661285714124046,0.14285714285714285,0.3100900535683839,50 to 54 years
7023,26005,0.7327142855526175,0.8571428571428571,0.9582572924869172,50 to 54 years
7024,29180,0.6755714284097604,0.2857142857142857,0.8286037846842602,50 to 54 years
7025,25405,0.661285714124046,0.14285714285714285,0.7863423909777518,50 to 54 years
7026,25210,0.661285714124046,0.14285714285714285,0.6080676571454873,50 to 54 years
7027,26435,0.7327142855526175,0.8571428571428571,0.3635634112982758,50 to 54 years
7028,25756,0.22518985514219442,0.14285714285714285,0.056449802241736624,50 to 54 years
7029,27848,0.704142856981189,0.5714285714285714,0.3262851350059132,50 to 54 years
7030,23454,0.6755714284097604,0.2857142857142857,0.898653311112674,50 to 54 years
7031,25356,0.7097142829734105,0.8571428571428571,0.8460213237132217,55 to 59 years
7032,29133,0.681142854401982,0.5714285714285714,0.9484168704333462,55 to 59 years
7033,29118,0.39077380517639154,0.2857142857142857,0.5432760877747905,55 to 59 years
7034,21157,0.6525714258305534,0.2857142857142857,0.8906878028918823,55 to 59 years
7035,25639,0.5001327857790513,0.2857142857142857,0.4741776362755129,55 to 59 years
7036,21072,0.6525714258305534,0.2857142857142857,0.43885572811233975,55 to 59 years
7037,22056,0.7097142829734105,0.8571428571428571,0.4760478107257845,55 to 59 years
7038,21899,0.681142854401982,0.5714285714285714,0.8076104867428366,55 to 59 years
7039,27850,0.6668571401162676,0.42857142857142855,0.635374630433115,55 to 59 years
7040,27594,0.6525714258305534,0.2857142857142857,0.5362993007871426,55 to 59 years
7041,21505,0.6525714258305534,0.2857142857142857,0.40232587975612133,55 to 59 years
7042,25432,0.32579640647989794,0.42857142857142855,0.3094679094661734,55 to 59 years
7043,29747,0.681142854401982,0.5714285714285714,0.13585411695001903,55 to 59 years
7044,25694,0.681142854401982,0.5714285714285714,0.23703716002405367,55 to 59 years
7045,20843,0.6954285686876962,0.7142857142857142,0.7789874044488907,55 to 59 years
7046,24297,0.7097142829734105,0.8571428571428571,0.4364693481826564,55 to 59 years
7047,23092,0.4763564906076599,0.14285714285714285,0.5811897880424217,55 to 59 years
7048,20620,0.05268221725407002,0.14285714285714285,0.2430398701400363,55 to 59 years
7049,21496,0.681142854401982,0.5714285714285714,0.9713251686862416,55 to 59 years
7050,29288,0.21137559564244074,0.2857142857142857,0.5119033167015355,55 to 59 years
7051,24637,0.1902026545605321,0.5714285714285714,0.47128342041357035,55 to 59 years
7052,24618,0.6668571401162676,0.42857142857142855,0.1844420285179748,55 to 59 years
7053,27674,0.681142854401982,0.5714285714285714,0.20615900408054422,55 to 59 years
7054,27098,0.32944984752597717,0.2857142857142857,0.17050550560776628,55 to 59 years
7055,20064,0.681142854401982,0.5714285714285714,0.3912320017906074,55 to 59 years
7056,24451,0.681142854401982,0.5714285714285714,0.2977782806060367,55 to 59 years
7057,24461,0.7097142829734105,0.8571428571428571,0.25741386466077265,55 to 59 years
7058,24253,0.7097142829734105,0.8571428571428571,0.40028873352496797,55 to 59 years
7059,23073,0.7097142829734105,0.8571428571428571,0.8802113485391626,55 to 59 years
7060,27574,0.7097142829734105,0.8571428571428571,0.814298288695156,55 to 59 years
7061,20924,0.7097142829734105,0.8571428571428571,0.7840467434276941,55 to 59 years
7062,25640,0.7097142829734105,0.8571428571428571,0.3164559799355168,55 to 59 years
7063,25230,0.7097142829734105,0.8571428571428571,0.6945109043893649,55 to 59 years
7064,24149,0.6525714258305534,0.2857142857142857,0.9870285876727058,55 to 59 years
7065,22460,0.681142854401982,0.5714285714285714,0.5197656956667324,55 to 59 years
7066,29087,0.7239999972591248,1.0,0.9703997752100753,55 to 59 years
7067,21610,0.3484181406284589,0.42857142857142855,0.1555725941941538,55 to 59 years
7068,29024,0.681142854401982,0.5714285714285714,0.9762618816100368,55 to 59 years
7069,24784,0.6525714258305534,0.2857142857142857,0.4352758360073287,55 to 59 years
7070,25916,0.6525714258305534,0.2857142857142857,0.06816891878069048,55 to 59 years
7071,25686,0.638285711544839,0.14285714285714285,0.5676914981098274,55 to 59 years
7072,25461,0.681142854401982,0.5714285714285714,0.8836790698904713,55 to 59 years
7073,24457,0.6668571401162676,0.42857142857142855,0.3050545652222678,55 to 59 years
7074,21029,0.681142854401982,0.5714285714285714,0.3923699212778873,55 to 59 years
7075,28288,0.6525714258305534,0.2857142857142857,0.5773831486495198,55 to 59 years
7076,26612,0.7239999972591248,1.0,0.4562262649522733,55 to 59 years
7077,27545,0.08698470355694292,0.14285714285714285,0.9465910271462581,55 to 59 years
7078,21067,0.681142854401982,0.5714285714285714,0.8145858113146677,55 to 59 years
7079,27679,0.681142854401982,0.5714285714285714,0.10550617899825382,55 to 59 years
7080,28505,0.6668571401162676,0.42857142857142855,0.014898582761489365,55 to 59 years
7081,29993,0.6525714258305534,0.2857142857142857,0.9373706743142063,55 to 59 years
7082,24564,0.7239999972591248,1.0,0.5638820258507455,55 to 59 years
7083,22717,0.7097142829734105,0.8571428571428571,0.30244303743365575,55 to 59 years
7084,27940,0.681142854401982,0.5714285714285714,0.39172645564716646,55 to 59 years
7085,23030,0.7097142829734105,0.8571428571428571,0.9599508913299416,55 to 59 years
7086,28808,0.7239999972591248,1.0,0.9074271757886312,55 to 59 years
7087,29312,0.6525714258305534,0.2857142857142857,0.6472803194105805,55 to 59 years
7088,21120,0.6525714258305534,0.2857142857142857,0.5180214993376342,55 to 59 years
7089,29792,0.7239999972591248,1.0,0.6285853638039528,55 to 59 years
7090,21986,0.7239999972591248,1.0,0.5676789016068804,55 to 59 years
7091,25802,0.6668571401162676,0.42857142857142855,0.567449479593978,55 to 59 years
7092,29857,0.638285711544839,0.14285714285714285,0.9517912341994975,55 to 59 years
7093,26686,0.681142854401982,0.5714285714285714,0.2641962806648089,55 to 59 years
7094,20202,0.6525714258305534,0.2857142857142857,0.7545667471435984,55 to 59 years
7095,23007,0.05405030208653215,0.5714285714285714,0.41516221450605084,55 to 59 years
7096,26992,0.3445781344092126,0.14285714285714285,0.8207823404134005,55 to 59 years
7097,27778,0.681142854401982,0.5714285714285714,0.33796611275068855,55 to 59 years
7098,22529,0.6668571401162676,0.42857142857142855,0.7845536775185493,55 to 59 years
7099,27793,0.681142854401982,0.5714285714285714,0.5118474232727462,55 to 59 years
7100,21776,0.09303759780129132,0.14285714285714285,0.860789363160068,55 to 59 years
7101,27608,0.7239999972591248,1.0,0.237764002153093,55 to 59 years
7102,22212,0.7097142829734105,0.8571428571428571,0.6334056621615497,55 to 59 years
7103,27704,0.7097142829734105,0.8571428571428571,0.11770966199920108,55 to 59 years
7104,27912,0.681142854401982,0.5714285714285714,0.09920598331895869,55 to 59 years
7105,27966,0.10303343100297212,0.2857142857142857,0.8817141109243269,55 to 59 years
7106,27780,0.681142854401982,0.5714285714285714,0.3318681128597719,55 to 59 years
7107,23457,0.2119911685140639,0.14285714285714285,0.8130943144765878,55 to 59 years
7108,24949,0.09679077577034893,0.2857142857142857,0.26221859040933176,55 to 59 years
7109,24486,0.3813877134798,0.5714285714285714,0.15213844926605236,55 to 59 years
7110,25838,0.681142854401982,0.5714285714285714,0.3758630331567343,55 to 59 years
7111,22877,0.6668571401162676,0.42857142857142855,0.38251304475315073,55 to 59 years
7112,28442,0.681142854401982,0.5714285714285714,0.5427880224242635,55 to 59 years
7113,29742,0.6668571401162676,0.42857142857142855,0.02697335147096358,55 to 59 years
7114,21786,0.7097142829734105,0.8571428571428571,0.8337219215767887,55 to 59 years
7115,25643,0.5754414813563029,0.42857142857142855,0.13761397700197142,55 to 59 years
7116,28336,0.6525714258305534,0.2857142857142857,0.46998747084977516,55 to 59 years
7117,26401,0.32581744971147836,0.2857142857142857,0.46477602421841885,55 to 59 years
7118,21236,0.7097142829734105,0.8571428571428571,0.6704702354706285,55 to 59 years
7119,28830,0.6668571401162676,0.42857142857142855,0.4521401561022067,55 to 59 years
7120,27895,0.638285711544839,0.14285714285714285,0.6950557247187011,55 to 59 years
7121,24853,0.6668571401162676,0.42857142857142855,0.024872470812867475,55 to 59 years
7122,20896,0.638285711544839,0.14285714285714285,0.8425591383410453,55 to 59 years
7123,28194,0.2475231575443347,0.2857142857142857,0.31569777205461586,55 to 59 years
7124,20945,0.6525714258305534,0.2857142857142857,0.6257139660345061,55 to 59 years
7125,28323,0.12606951506196773,0.42857142857142855,0.38886127387647784,55 to 59 years
7126,27967,0.681142854401982,0.5714285714285714,0.4623621456670834,55 to 59 years
7127,27394,0.7097142829734105,0.8571428571428571,0.5774577808354824,55 to 59 years
7128,23633,0.4564694381989307,0.2857142857142857,0.5216282568514499,55 to 59 years
7129,23702,0.7239999972591248,1.0,0.6137518653703792,55 to 59 years
7130,29793,0.4586739541061075,0.2857142857142857,0.698381127836694,55 to 59 years
7131,28352,0.7097142829734105,0.8571428571428571,0.6701255456070909,55 to 59 years
7132,22727,0.6525714258305534,0.2857142857142857,0.32719676857006164,55 to 59 years
7133,21879,0.7097142829734105,0.8571428571428571,0.8075557890379659,55 to 59 years
7134,21283,0.6525714258305534,0.2857142857142857,0.18077075121831748,55 to 59 years
7135,28313,0.681142854401982,0.5714285714285714,0.7306981099683848,55 to 59 years
7136,26414,0.681142854401982,0.5714285714285714,0.9577911320945683,55 to 59 years
7137,28246,0.7097142829734105,0.8571428571428571,0.41390892866616474,55 to 59 years
7138,27743,0.6668571401162676,0.42857142857142855,0.8389119284410786,55 to 59 years
7139,24630,0.1336817208308673,0.2857142857142857,0.9078466668841899,55 to 59 years
7140,24981,0.6525714258305534,0.2857142857142857,0.6330594559934922,55 to 59 years
7141,22716,0.638285711544839,0.14285714285714285,0.8281000107675982,55 to 59 years
7142,29610,0.6668571401162676,0.42857142857142855,0.9186238490683958,55 to 59 years
7143,29259,0.6525714258305534,0.2857142857142857,0.8439807403210888,55 to 59 years
7144,28408,0.7239999972591248,1.0,0.5745511840685835,55 to 59 years
7145,23117,0.7239999972591248,1.0,0.9885013316964573,55 to 59 years
7146,22595,0.6525714258305534,0.2857142857142857,0.3247383311651243,55 to 59 years
7147,23530,0.6668571401162676,0.42857142857142855,0.46191511957944104,55 to 59 years
7148,22875,0.638285711544839,0.14285714285714285,0.444002868208017,55 to 59 years
7149,24383,0.7239999972591248,1.0,0.01981137470571137,55 to 59 years
7150,21902,0.681142854401982,0.5714285714285714,0.9594598019362626,55 to 59 years
7151,20300,0.513399859559609,0.2857142857142857,0.6302554896095403,55 to 59 years
7152,24597,0.7239999972591248,1.0,0.21868234165168,55 to 59 years
7153,25127,0.2789858586566959,0.2857142857142857,0.5768026745117242,55 to 59 years
7154,22579,0.681142854401982,0.5714285714285714,0.4110932166912676,55 to 59 years
7155,29172,0.6525714258305534,0.2857142857142857,0.5401840468509602,55 to 59 years
7156,23911,0.681142854401982,0.5714285714285714,0.769896349741934,55 to 59 years
7157,28544,0.7097142829734105,0.8571428571428571,0.6820225027525996,55 to 59 years
7158,29804,0.2690490385899437,0.2857142857142857,0.6055685546988884,55 to 59 years
7159,20878,0.7097142829734105,0.8571428571428571,0.6558650604002377,55 to 59 years
7160,22302,0.25998214373476297,0.2857142857142857,0.07391827873605844,55 to 59 years
7161,24866,0.681142854401982,0.5714285714285714,0.2173043707529978,55 to 59 years
7162,22637,0.638285711544839,0.14285714285714285,0.9155209293902805,55 to 59 years
7163,29364,0.6525714258305534,0.2857142857142857,0.7218882387387726,55 to 59 years
7164,22470,0.681142854401982,0.5714285714285714,0.3561107041640116,55 to 59 years
7165,25936,0.6525714258305534,0.2857142857142857,0.6472136444250532,55 to 59 years
7166,25728,0.3136294385473722,0.2857142857142857,0.49516917538145655,55 to 59 years
7167,28067,0.681142854401982,0.5714285714285714,0.455561491931437,55 to 59 years
7168,20490,0.6668571401162676,0.42857142857142855,0.1101451394619099,55 to 59 years
7169,24027,0.6525714258305534,0.2857142857142857,0.287378997025228,55 to 59 years
7170,23075,0.7239999972591248,1.0,0.7046824528564698,55 to 59 years
7171,27598,0.7097142829734105,0.8571428571428571,0.261100863494676,55 to 59 years
7172,27929,0.6525714258305534,0.2857142857142857,0.2499064865158367,55 to 59 years
7173,28268,0.7239999972591248,1.0,0.26755668575443,55 to 59 years
7174,21425,0.6668571401162676,0.42857142857142855,0.974132197010015,55 to 59 years
7175,20627,0.6668571401162676,0.42857142857142855,0.43882095506187246,55 to 59 years
7176,24748,0.681142854401982,0.5714285714285714,0.07185609654767461,55 to 59 years
7177,27733,0.6954285686876962,0.7142857142857142,0.2543797851627169,55 to 59 years
7178,26412,0.681142854401982,0.5714285714285714,0.534554446955087,55 to 59 years
7179,21590,0.6668571401162676,0.42857142857142855,0.9335270051701701,55 to 59 years
7180,21891,0.2732194389631019,0.2857142857142857,0.5427181807461233,55 to 59 years
7181,23690,0.27552286516773655,0.2857142857142857,0.5389081149705829,55 to 59 years
7182,29043,0.6668571401162676,0.42857142857142855,0.8260983324921839,55 to 59 years
7183,29254,0.6525714258305534,0.2857142857142857,0.6151911328111171,55 to 59 years
7184,20302,0.3413561557615548,0.14285714285714285,0.12157230404742014,55 to 59 years
7185,23750,0.6525714258305534,0.2857142857142857,0.6535848160561737,55 to 59 years
7186,27413,0.6525714258305534,0.2857142857142857,0.7924325094585329,55 to 59 years
7187,24274,0.6668571401162676,0.42857142857142855,0.6406091143030548,55 to 59 years
7188,29127,0.681142854401982,0.5714285714285714,0.6184539095649699,55 to 59 years
7189,22433,0.28878472608701544,0.2857142857142857,0.37984908655263644,55 to 59 years
7190,21057,0.5815590848667973,0.14285714285714285,0.5691790625179599,55 to 59 years
7191,29104,0.6525714258305534,0.2857142857142857,0.5981287041030013,55 to 59 years
7192,23540,0.6668571401162676,0.42857142857142855,0.29506440788081134,55 to 59 years
7193,24808,0.6525714258305534,0.2857142857142857,0.5694049765750623,55 to 59 years
7194,29452,0.7097142829734105,0.8571428571428571,0.7783210265371746,55 to 59 years
7195,21071,0.638285711544839,0.14285714285714285,0.3723677192077434,55 to 59 years
7196,26894,0.681142854401982,0.5714285714285714,0.08960140951417578,55 to 59 years
7197,24825,0.6525714258305534,0.2857142857142857,0.8857060530057667,55 to 59 years
7198,22921,0.6525714258305534,0.2857142857142857,0.3637805597376139,55 to 59 years
7199,29495,0.7239999972591248,1.0,0.9021744333939401,55 to 59 years
7200,21174,0.681142854401982,0.5714285714285714,0.4570809460726208,55 to 59 years
7201,21255,0.681142854401982,0.5714285714285714,0.8060544762418149,55 to 59 years
7202,22941,0.6668571401162676,0.42857142857142855,0.29703288145880313,55 to 59 years
7203,24835,0.681142854401982,0.5714285714285714,0.3921856884797651,55 to 59 years
7204,29077,0.7239999972591248,1.0,0.5247095163477223,55 to 59 years
7205,29427,0.681142854401982,0.5714285714285714,0.5777745981297615,55 to 59 years
7206,24363,0.6525714258305534,0.2857142857142857,0.6424141379992352,55 to 59 years
7207,29191,0.681142854401982,0.5714285714285714,0.6583326254130034,55 to 59 years
7208,25979,0.6954285686876962,0.7142857142857142,0.6121028584964862,55 to 59 years
7209,29886,0.681142854401982,0.5714285714285714,0.47901004066188463,55 to 59 years
7210,29466,0.7097142829734105,0.8571428571428571,0.5894211059603018,55 to 59 years
7211,26142,0.681142854401982,0.5714285714285714,0.4340116448799761,55 to 59 years
7212,20765,0.3013264667948144,0.14285714285714285,0.3740602676119321,55 to 59 years
7213,24072,0.7097142829734105,0.8571428571428571,0.29640124711940696,55 to 59 years
7214,22931,0.7097142829734105,0.8571428571428571,0.16489022421263155,55 to 59 years
7215,28927,0.6668571401162676,0.42857142857142855,0.6823404327491249,55 to 59 years
7216,23426,0.6525714258305534,0.2857142857142857,0.8946496291988664,55 to 59 years
7217,29850,0.6525714258305534,0.2857142857142857,0.8855199970161514,55 to 59 years
7218,28063,0.6525714258305534,0.2857142857142857,0.1288567005513201,55 to 59 years
7219,26317,0.7097142829734105,0.8571428571428571,0.6976007608236701,55 to 59 years
7220,29502,0.7097142829734105,0.8571428571428571,0.5246517431448993,55 to 59 years
7221,23809,0.7097142829734105,0.8571428571428571,0.9188624926526451,55 to 59 years
7222,24364,0.019947049967163386,0.14285714285714285,0.6164373141488556,55 to 59 years
7223,22057,0.12414735600090017,0.2857142857142857,0.7250057663711251,55 to 59 years
7224,21345,0.6525714258305534,0.2857142857142857,0.8300071754088194,55 to 59 years
7225,29523,0.6525714258305534,0.2857142857142857,0.7862181338328239,55 to 59 years
7226,26963,0.4537223522924941,0.5714285714285714,0.023361615976883576,55 to 59 years
7227,29451,0.6954285686876962,0.7142857142857142,0.1620207908498283,55 to 59 years
7228,28710,0.681142854401982,0.5714285714285714,0.21056996793488209,55 to 59 years
7229,28052,0.681142854401982,0.5714285714285714,0.3711648185382952,55 to 59 years
7230,24324,0.06814568524463903,0.2857142857142857,0.1311271155480906,55 to 59 years
7231,22581,0.681142854401982,0.5714285714285714,0.35986726371951727,55 to 59 years
7232,22619,0.6668571401162676,0.42857142857142855,0.504137956670174,55 to 59 years
7233,20321,0.20946913774763054,0.2857142857142857,0.038900822507143884,55 to 59 years
7234,26150,0.05105790319773554,0.14285714285714285,0.6535346978573875,55 to 59 years
7235,22356,0.6525714258305534,0.2857142857142857,0.39148305111581916,55 to 59 years
7236,24458,0.681142854401982,0.5714285714285714,0.17314928656520617,55 to 59 years
7237,23146,0.6668571401162676,0.42857142857142855,0.3844787351389052,55 to 59 years
7238,21422,0.6954285686876962,0.7142857142857142,0.6100967456985262,55 to 59 years
7239,28300,0.681142854401982,0.5714285714285714,0.5161390901060614,55 to 59 years
7240,29125,0.6525714258305534,0.2857142857142857,0.4596659776079566,55 to 59 years
7241,25775,0.46593793504261094,0.14285714285714285,0.6945945893744205,55 to 59 years
7242,21647,0.681142854401982,0.5714285714285714,0.3107372780308116,55 to 59 years
7243,27951,0.6668571401162676,0.42857142857142855,0.17447707069466523,55 to 59 years
7244,29631,0.7097142829734105,0.8571428571428571,0.10929860159207022,55 to 59 years
7245,29772,0.08697573069614213,0.14285714285714285,0.24820216386361377,55 to 59 years
7246,25014,0.681142854401982,0.5714285714285714,0.4408960550757046,55 to 59 years
7247,24045,0.6525714258305534,0.2857142857142857,0.6433479456256083,55 to 59 years
7248,20251,0.7097142829734105,0.8571428571428571,0.42046878911765817,55 to 59 years
7249,23812,0.7097142829734105,0.8571428571428571,0.34307963168654987,55 to 59 years
7250,23972,0.6954285686876962,0.7142857142857142,0.6235989333296691,55 to 59 years
7251,26779,0.22960888717529312,0.2857142857142857,0.46893568976806393,55 to 59 years
7252,29652,0.3521274475123692,0.2857142857142857,0.9269537839814036,55 to 59 years
7253,29231,0.6525714258305534,0.2857142857142857,0.6530526301178267,55 to 59 years
7254,23039,0.7097142829734105,0.8571428571428571,0.5450124385358579,55 to 59 years
7255,23012,0.10401642496741793,0.14285714285714285,0.792573487997666,55 to 59 years
7256,29301,0.2152298813367687,0.2857142857142857,0.008276925753295417,55 to 59 years
7257,24208,0.681142854401982,0.5714285714285714,0.7831144886830678,55 to 59 years
7258,24424,0.1308951922427534,0.2857142857142857,0.17816603703070766,55 to 59 years
7259,25675,0.681142854401982,0.5714285714285714,0.7649695955097934,55 to 59 years
7260,23398,0.681142854401982,0.5714285714285714,0.02091316037002766,55 to 59 years
7261,23870,0.681142854401982,0.5714285714285714,0.6496747239934928,55 to 59 years
7262,25722,0.6668571401162676,0.42857142857142855,0.9443138541839893,55 to 59 years
7263,28096,0.1385517660030906,0.14285714285714285,0.7698213197866595,55 to 59 years
7264,25088,0.6525714258305534,0.2857142857142857,0.26759176232799575,55 to 59 years
7265,20875,0.638285711544839,0.14285714285714285,0.5267255681312544,55 to 59 years
7266,27337,0.638285711544839,0.14285714285714285,0.6593231878747231,55 to 59 years
7267,27824,0.7097142829734105,0.8571428571428571,0.7578019630106742,55 to 59 years
7268,29633,0.7239999972591248,1.0,0.3557527183836693,55 to 59 years
7269,27530,0.7239999972591248,1.0,0.38060267207889503,55 to 59 years
7270,29139,0.29775942309348613,0.2857142857142857,0.26113855308403944,55 to 59 years
7271,24685,0.681142854401982,0.5714285714285714,0.9483084816681375,55 to 59 years
7272,20358,0.09470877092570128,0.14285714285714285,0.5776112979556284,55 to 59 years
7273,20824,0.6668571401162676,0.42857142857142855,0.8714316621332265,55 to 59 years
7274,26708,0.11078404893379748,0.14285714285714285,0.7287072900901307,55 to 59 years
7275,26409,0.24472291181515834,0.2857142857142857,0.6994325536924669,55 to 59 years
7276,26426,0.681142854401982,0.5714285714285714,0.7196708763243548,55 to 59 years
7277,25652,0.7097142829734105,0.8571428571428571,0.20275268974133476,55 to 59 years
7278,27606,0.20886931455596464,0.14285714285714285,0.7750732166588173,55 to 59 years
7279,28773,0.6668571401162676,0.42857142857142855,0.5674333675485418,55 to 59 years
7280,27845,0.7097142829734105,0.8571428571428571,0.21279042645740215,55 to 59 years
7281,29726,0.5352063603434395,0.2857142857142857,0.9090427301009254,55 to 59 years
7282,23794,0.6668571401162676,0.42857142857142855,0.7720281632819819,55 to 59 years
7283,24111,0.638285711544839,0.14285714285714285,0.6971292285918504,55 to 59 years
7284,22081,0.6668571401162676,0.42857142857142855,0.8216665771697097,55 to 59 years
7285,20635,0.7097142829734105,0.8571428571428571,0.26135273775597667,55 to 59 years
7286,26665,0.681142854401982,0.5714285714285714,0.8934724609683233,55 to 59 years
7287,24782,0.6525714258305534,0.2857142857142857,0.16024892930657791,55 to 59 years
7288,27701,0.681142854401982,0.5714285714285714,0.9444209249737779,55 to 59 years
7289,23240,0.6668571401162676,0.42857142857142855,0.44482616126223046,55 to 59 years
7290,26586,0.21387753095619677,0.5714285714285714,0.08051408659155218,55 to 59 years
7291,21900,0.1928749809002028,0.14285714285714285,0.3030088979328131,55 to 59 years
7292,21049,0.7097142829734105,0.8571428571428571,0.1627376314596597,55 to 59 years
7293,27294,0.44923427827700246,0.14285714285714285,0.6693370793651023,55 to 59 years
7294,29422,0.7097142829734105,0.8571428571428571,0.3918083452794975,55 to 59 years
7295,25489,0.6668571401162676,0.42857142857142855,0.6693144621799308,55 to 59 years
7296,20626,0.7097142829734105,0.8571428571428571,0.3510168381020579,55 to 59 years
7297,25742,0.681142854401982,0.5714285714285714,0.7758466038068129,55 to 59 years
7298,28496,0.01673272819917693,0.14285714285714285,0.04555411147759697,55 to 59 years
7299,20459,0.7239999972591248,1.0,0.17834116272174538,55 to 59 years
7300,22835,0.7097142829734105,0.8571428571428571,0.4186962174754239,55 to 59 years
7301,21089,0.6525714258305534,0.2857142857142857,0.6065307047398698,55 to 59 years
7302,26272,0.6525714258305534,0.2857142857142857,0.9345297106743513,55 to 59 years
7303,27591,0.6525714258305534,0.2857142857142857,0.8934118718946259,55 to 59 years
7304,24244,0.6525714258305534,0.2857142857142857,0.5739798417303995,55 to 59 years
7305,26355,0.7239999972591248,1.0,0.5796160158096795,55 to 59 years
7306,27031,0.681142854401982,0.5714285714285714,0.6848931549979014,55 to 59 years
7307,28616,0.638285711544839,0.14285714285714285,0.3726914998961551,55 to 59 years
7308,23098,0.10765860096467499,0.14285714285714285,0.5563802484714458,55 to 59 years
7309,21077,0.7097142829734105,0.8571428571428571,0.194097263322211,55 to 59 years
7310,23651,0.6525714258305534,0.2857142857142857,0.301110394973335,55 to 59 years
7311,21370,0.5454530098191511,0.2857142857142857,0.42978589247008026,55 to 59 years
7312,27658,0.6668571401162676,0.42857142857142855,0.459942016314779,55 to 59 years
7313,24849,0.6525714258305534,0.2857142857142857,0.8465562178850333,55 to 59 years
7314,23668,0.681142854401982,0.5714285714285714,0.4422357660111249,55 to 59 years
7315,21794,0.5361399068601985,0.14285714285714285,0.8107769517532624,55 to 59 years
7316,27166,0.7239999972591248,1.0,0.6281031249966627,55 to 59 years
7317,29716,0.25039616589192704,0.14285714285714285,0.17429473062796486,55 to 59 years
7318,24393,0.7097142829734105,0.8571428571428571,0.637395361140971,55 to 59 years
7319,23183,0.6668571401162676,0.42857142857142855,0.7512684288394315,55 to 59 years
7320,28119,0.12433698680427228,0.14285714285714285,0.6639030039761522,55 to 59 years
7321,24252,0.7097142829734105,0.8571428571428571,0.36048825160496045,55 to 59 years
7322,20600,0.638285711544839,0.14285714285714285,0.5236864830359437,55 to 59 years
7323,28826,0.7097142829734105,0.8571428571428571,0.4718110976905253,55 to 59 years
7324,20855,0.7239999972591248,1.0,0.40878639538283157,55 to 59 years
7325,20020,0.24347981550425205,0.2857142857142857,0.1473146363454389,55 to 59 years
7326,23321,0.681142854401982,0.5714285714285714,0.831252552341954,55 to 59 years
7327,21670,0.681142854401982,0.5714285714285714,0.5795066837242624,55 to 59 years
7328,24377,0.09667858158616043,0.14285714285714285,0.6786597215086885,55 to 59 years
7329,22357,0.7239999972591248,1.0,0.2981613501739391,55 to 59 years
7330,24976,0.7097142829734105,0.8571428571428571,0.9647456870844595,55 to 59 years
7331,23927,0.7097142829734105,0.8571428571428571,0.6197937050439106,55 to 59 years
7332,22682,0.7097142829734105,0.8571428571428571,0.04175891239623475,55 to 59 years
7333,21073,0.5444872735626568,0.2857142857142857,0.08475690314171641,55 to 59 years
7334,22908,0.7239999972591248,1.0,0.29669338141147544,55 to 59 years
7335,25137,0.6525714258305534,0.2857142857142857,0.39196954266167466,55 to 59 years
7336,23681,0.6668571401162676,0.42857142857142855,0.9766914049621097,55 to 59 years
7337,29646,0.3711064079158735,0.42857142857142855,0.24996908349008878,55 to 59 years
7338,28526,0.7239999972591248,1.0,0.2882946671328086,55 to 59 years
7339,26965,0.14071355170014324,0.2857142857142857,0.2980469839550134,55 to 59 years
7340,21728,0.33731084888604346,0.2857142857142857,0.4337498122166889,55 to 59 years
7341,28315,0.6525714258305534,0.2857142857142857,0.8164565507454857,55 to 59 years
7342,20057,0.4749775447640769,0.14285714285714285,0.9847482761247123,55 to 59 years
7343,24776,0.6525714258305534,0.2857142857142857,0.6949329526066814,55 to 59 years
7344,26000,0.6525714258305534,0.2857142857142857,0.03745681938425138,55 to 59 years
7345,23582,0.681142854401982,0.5714285714285714,0.5706531972421736,55 to 59 years
7346,27171,0.681142854401982,0.5714285714285714,0.7770738366496501,55 to 59 years
7347,20450,0.03809764029986436,0.14285714285714285,0.018069393599039918,55 to 59 years
7348,26788,0.7097142829734105,0.8571428571428571,0.7835917246229099,55 to 59 years
7349,21564,0.681142854401982,0.5714285714285714,0.49671275977237467,55 to 59 years
7350,27957,0.538575932647897,0.42857142857142855,0.36657071038140476,55 to 59 years
7351,21847,0.681142854401982,0.5714285714285714,0.654609057950996,55 to 59 years
7352,24448,0.7097142829734105,0.8571428571428571,0.6264193206325069,55 to 59 years
7353,25544,0.27596678563304994,0.2857142857142857,0.4549109517565835,55 to 59 years
7354,20267,0.7097142829734105,0.8571428571428571,0.10046512539063279,55 to 59 years
7355,25416,0.6525714258305534,0.2857142857142857,0.4441765916669148,55 to 59 years
7356,24593,0.4504618488487736,0.14285714285714285,0.8760803036845087,55 to 59 years
7357,26528,0.7097142829734105,0.8571428571428571,0.33899625855415816,55 to 59 years
7358,26349,0.6668571401162676,0.42857142857142855,0.6597693201296239,55 to 59 years
7359,22555,0.6668571401162676,0.42857142857142855,0.7849999376866309,55 to 59 years
7360,25636,0.28447102196744173,0.42857142857142855,0.06390808044781426,55 to 59 years
7361,21278,0.638285711544839,0.14285714285714285,0.3237659062054956,55 to 59 years
7362,23396,0.6668571401162676,0.42857142857142855,0.29108283713695093,55 to 59 years
7363,29182,0.6525714258305534,0.2857142857142857,0.8891239657762384,55 to 59 years
7364,27949,0.6525714258305534,0.2857142857142857,0.573403659443693,55 to 59 years
7365,21187,0.3721368196800964,0.2857142857142857,0.46865568673824964,55 to 59 years
7366,27106,0.6531694442351796,0.8571428571428571,0.02378949793717533,55 to 59 years
7367,28018,0.21361730496584305,0.14285714285714285,0.5454908002726823,55 to 59 years
7368,22256,0.681142854401982,0.5714285714285714,0.651055202891007,55 to 59 years
7369,29613,0.6525714258305534,0.2857142857142857,0.21074035026173427,55 to 59 years
7370,21815,0.19036612046986565,0.14285714285714285,0.36747493725459046,55 to 59 years
7371,25618,0.4607669139743639,0.14285714285714285,0.8192751435942863,55 to 59 years
7372,25197,0.16957196164932933,0.2857142857142857,0.32865565064480806,55 to 59 years
7373,25858,0.7239999972591248,1.0,0.45285982590590235,55 to 59 years
7374,22994,0.681142854401982,0.5714285714285714,0.4871725532539023,55 to 59 years
7375,22585,0.681142854401982,0.5714285714285714,0.3998874314971258,55 to 59 years
7376,21873,0.6525714258305534,0.2857142857142857,0.2620405998730943,55 to 59 years
7377,28711,0.6668571401162676,0.42857142857142855,0.1691251562386868,55 to 59 years
7378,26904,0.681142854401982,0.5714285714285714,0.7181599000900813,55 to 59 years
7379,20921,0.6525714258305534,0.2857142857142857,0.43097023045996247,55 to 59 years
7380,21192,0.7097142829734105,0.8571428571428571,0.5767447083397684,55 to 59 years
7381,26688,0.6668571401162676,0.42857142857142855,0.38634734633424095,55 to 59 years
7382,22919,0.6525714258305534,0.2857142857142857,0.7171877524792536,55 to 59 years
7383,26470,0.6525714258305534,0.2857142857142857,0.7435281066786427,55 to 59 years
7384,29599,0.033569735537795825,0.14285714285714285,0.3899936596118548,55 to 59 years
7385,24889,0.681142854401982,0.5714285714285714,0.17358849798869352,55 to 59 years
7386,21863,0.7097142829734105,0.8571428571428571,0.6494279832754803,55 to 59 years
7387,28617,0.681142854401982,0.5714285714285714,0.7160309473246202,55 to 59 years
7388,20694,0.6954285686876962,0.7142857142857142,0.5001934610920515,55 to 59 years
7389,28104,0.6668571401162676,0.42857142857142855,0.8205048979631474,55 to 59 years
7390,21031,0.6525714258305534,0.2857142857142857,0.7757145062232831,55 to 59 years
7391,29833,0.681142854401982,0.5714285714285714,0.9648475708981159,55 to 59 years
7392,26985,0.638285711544839,0.14285714285714285,0.675093553986631,55 to 59 years
7393,22000,0.638285711544839,0.14285714285714285,0.9531115069833269,55 to 59 years
7394,20286,0.7239999972591248,1.0,0.601057640787167,55 to 59 years
7395,22749,0.681142854401982,0.5714285714285714,0.785009573972536,55 to 59 years
7396,20822,0.6668571401162676,0.42857142857142855,0.9707232496600443,55 to 59 years
7397,29419,0.6525714258305534,0.2857142857142857,0.39412081702665624,55 to 59 years
7398,27121,0.29424173373989765,0.2857142857142857,0.925524710247351,55 to 59 years
7399,26266,0.7097142829734105,0.8571428571428571,0.1345583826621773,55 to 59 years
7400,23161,0.7097142829734105,0.8571428571428571,0.9658586963015607,55 to 59 years
7401,25724,0.6525714258305534,0.2857142857142857,0.7399877150675999,55 to 59 years
7402,25282,0.7239999972591248,1.0,0.5769869292858675,55 to 59 years
7403,27549,0.638285711544839,0.14285714285714285,0.5253542446386136,55 to 59 years
7404,22861,0.7097142829734105,0.8571428571428571,0.9495241342472875,55 to 59 years
7405,26981,0.681142854401982,0.5714285714285714,0.6351630306964146,55 to 59 years
7406,24728,0.6525714258305534,0.2857142857142857,0.7097690020417768,55 to 59 years
7407,24855,0.681142854401982,0.5714285714285714,0.5586413639729645,55 to 59 years
7408,23471,0.681142854401982,0.5714285714285714,0.24187215148714136,55 to 59 years
7409,27268,0.7097142829734105,0.8571428571428571,0.8849157188368455,55 to 59 years
7410,20596,0.7097142829734105,0.8571428571428571,0.8350412996326351,55 to 59 years
7411,26734,0.6668571401162676,0.42857142857142855,0.6240650241597832,55 to 59 years
7412,24054,0.6525714258305534,0.2857142857142857,0.4285621671709776,55 to 59 years
7413,20782,0.6525714258305534,0.2857142857142857,0.8818622224920336,55 to 59 years
7414,24312,0.6525714258305534,0.2857142857142857,0.7518189704711127,55 to 59 years
7415,25428,0.638285711544839,0.14285714285714285,0.5598526204955566,55 to 59 years
7416,28593,0.7097142829734105,0.8571428571428571,0.08858551076591636,55 to 59 years
7417,27697,0.7239999972591248,1.0,0.3362404197015947,55 to 59 years
7418,27124,0.2931616859964981,0.14285714285714285,0.30922335356687214,55 to 59 years
7419,26588,0.681142854401982,0.5714285714285714,0.7568098483358502,55 to 59 years
7420,29934,0.7097142829734105,0.8571428571428571,0.5957030071969602,55 to 59 years
7421,21583,0.14266846216666493,0.14285714285714285,0.3836153074351255,55 to 59 years
7422,24639,0.681142854401982,0.5714285714285714,0.7713436254331536,55 to 59 years
7423,22437,0.7097142829734105,0.8571428571428571,0.2513840570022224,55 to 59 years
7424,26772,0.0049462247317925,0.2857142857142857,0.23546277059648474,55 to 59 years
7425,28576,0.6668571401162676,0.42857142857142855,0.2550498072139903,55 to 59 years
7426,27279,0.7097142829734105,0.8571428571428571,0.8123703127147219,55 to 59 years
7427,25516,0.638285711544839,0.14285714285714285,0.5689716187686522,55 to 59 years
7428,29170,0.6525714258305534,0.2857142857142857,0.14853031602748135,55 to 59 years
7429,23273,0.6525714258305534,0.2857142857142857,0.38061435996459214,55 to 59 years
7430,21003,0.681142854401982,0.5714285714285714,0.05342000730992896,55 to 59 years
7431,23254,0.11792069456361144,0.5714285714285714,0.1650741372406188,55 to 59 years
7432,26832,0.45373270507627694,0.5714285714285714,0.08316112261905856,55 to 59 years
7433,28165,0.7097142829734105,0.8571428571428571,0.24053237719542414,55 to 59 years
7434,20222,0.681142854401982,0.5714285714285714,0.37967741790634335,55 to 59 years
7435,24183,0.681142854401982,0.5714285714285714,0.44897353253011363,55 to 59 years
7436,28217,0.7239999972591248,1.0,0.431271753786207,55 to 59 years
7437,27423,0.30398753517650934,0.14285714285714285,0.4993304759322581,55 to 59 years
7438,28156,0.6954285686876962,0.7142857142857142,0.16153526078522745,55 to 59 years
7439,28210,0.7097142829734105,0.8571428571428571,0.9500684583230777,55 to 59 years
7440,22130,0.681142854401982,0.5714285714285714,0.8658656153689405,55 to 59 years
7441,23486,0.7097142829734105,0.8571428571428571,0.7037523432516735,55 to 59 years
7442,23388,0.681142854401982,0.5714285714285714,0.2746391652761005,55 to 59 years
7443,23761,0.7239999972591248,1.0,0.2893053042126556,55 to 59 years
7444,21329,0.638285711544839,0.14285714285714285,0.9910336939639168,55 to 59 years
7445,21061,0.7239999972591248,1.0,0.6566221324895939,55 to 59 years
7446,29668,0.6525714258305534,0.2857142857142857,0.6955113377043995,55 to 59 years
7447,25131,0.6668571401162676,0.42857142857142855,0.47903363652012027,55 to 59 years
7448,21127,0.681142854401982,0.5714285714285714,0.32230103702162427,55 to 59 years
7449,25550,0.7239999972591248,1.0,0.6657073218910818,55 to 59 years
7450,26456,0.6525714258305534,0.2857142857142857,0.8618187103262367,55 to 59 years
7451,21096,0.6525714258305534,0.2857142857142857,0.6119220373979688,55 to 59 years
7452,21044,0.6668571401162676,0.42857142857142855,0.07464234330933706,55 to 59 years
7453,22558,0.6525714258305534,0.2857142857142857,0.3768608797704598,55 to 59 years
7454,21138,0.6525714258305534,0.2857142857142857,0.09659103392107021,55 to 59 years
7455,20105,0.7097142829734105,0.8571428571428571,0.5049020839833046,55 to 59 years
7456,29038,0.01993560081367148,0.14285714285714285,0.6798974452744555,55 to 59 years
7457,22407,0.7097142829734105,0.8571428571428571,0.5480787005161937,55 to 59 years
7458,26857,0.638285711544839,0.14285714285714285,0.05831592189183338,55 to 59 years
7459,27517,0.6525714258305534,0.2857142857142857,0.10484174441067623,55 to 59 years
7460,29890,0.681142854401982,0.5714285714285714,0.6843915121677657,55 to 59 years
7461,26768,0.7097142829734105,0.8571428571428571,0.4359249112747902,55 to 59 years
7462,28263,0.6668571401162676,0.42857142857142855,0.7600333815172968,55 to 59 years
7463,25973,0.6668571401162676,0.42857142857142855,0.6334613483775745,55 to 59 years
7464,21655,0.11681748519532749,0.14285714285714285,0.25666719885444184,55 to 59 years
7465,27839,0.7097142829734105,0.8571428571428571,0.12590598482293985,55 to 59 years
7466,21115,0.6954285686876962,0.7142857142857142,0.7523601792097265,55 to 59 years
7467,20831,0.681142854401982,0.5714285714285714,0.2307657805432265,55 to 59 years
7468,23979,0.6668571401162676,0.42857142857142855,0.4861329336875321,55 to 59 years
7469,23238,0.6954285686876962,0.7142857142857142,0.13492651832223035,55 to 59 years
7470,25407,0.681142854401982,0.5714285714285714,0.8594772659279224,55 to 59 years
7471,22508,0.638285711544839,0.14285714285714285,0.902322792162496,55 to 59 years
7472,28531,0.6525714258305534,0.2857142857142857,0.06252728567703675,55 to 59 years
7473,23933,0.7097142829734105,0.8571428571428571,0.8493652298743326,55 to 59 years
7474,25777,0.6525714258305534,0.2857142857142857,0.6006619164574772,55 to 59 years
7475,27894,0.681142854401982,0.5714285714285714,0.631634026254369,55 to 59 years
7476,28725,0.11211026908435556,0.2857142857142857,0.5275324012248456,55 to 59 years
7477,26579,0.681142854401982,0.5714285714285714,0.5892286772716296,55 to 59 years
7478,23336,0.6668571401162676,0.42857142857142855,0.08752570527781911,55 to 59 years
7479,22257,0.4725689090732454,0.14285714285714285,0.04609884015522764,55 to 59 years
7480,26891,0.6525714258305534,0.2857142857142857,0.8069680074386937,55 to 59 years
7481,25268,0.681142854401982,0.5714285714285714,0.10092171762277169,55 to 59 years
7482,23799,0.7097142829734105,0.8571428571428571,0.5753725171809649,55 to 59 years
7483,25280,0.7097142829734105,0.8571428571428571,0.7499484036464171,55 to 59 years
7484,24230,0.5882424986721381,0.14285714285714285,0.28241599422718894,55 to 59 years
7485,25334,0.6525714258305534,0.2857142857142857,0.9641912741104983,55 to 59 years
7486,27557,0.15780059175872008,0.8571428571428571,0.0006917641695740606,55 to 59 years
7487,27441,0.681142854401982,0.5714285714285714,0.3397368074266981,55 to 59 years
7488,26036,0.7097142829734105,0.8571428571428571,0.5060613580272728,55 to 59 years
7489,24342,0.6525714258305534,0.2857142857142857,0.5136247777851289,55 to 59 years
7490,20559,0.7097142829734105,0.8571428571428571,0.8607078877730414,55 to 59 years
7491,23737,0.6525714258305534,0.2857142857142857,0.4300237763213296,55 to 59 years
7492,27382,0.6525714258305534,0.2857142857142857,0.33206552655359134,55 to 59 years
7493,22504,0.6525714258305534,0.2857142857142857,0.5476895739849136,55 to 59 years
7494,20021,0.6954285686876962,0.7142857142857142,0.07716468055011383,55 to 59 years
7495,22353,0.7097142829734105,0.8571428571428571,0.8651891910750782,55 to 59 years
7496,24507,0.638285711544839,0.14285714285714285,0.9254723184329038,55 to 59 years
7497,29146,0.6525714258305534,0.2857142857142857,0.8020038368100741,55 to 59 years
7498,22688,0.6525714258305534,0.2857142857142857,0.5996364528372891,55 to 59 years
7499,28846,0.3138486977675625,0.2857142857142857,0.1630222857410143,55 to 59 years
7500,24683,0.10993537387592593,0.14285714285714285,0.1706365698289392,55 to 59 years
7501,29404,0.681142854401982,0.5714285714285714,0.20104256789649605,55 to 59 years
7502,23464,0.6668571401162676,0.42857142857142855,0.5827009744688102,55 to 59 years
7503,29367,0.32874864755743016,0.2857142857142857,0.1984925753680546,55 to 59 years
7504,27928,0.638285711544839,0.14285714285714285,0.621347457264924,55 to 59 years
7505,28183,0.681142854401982,0.5714285714285714,0.09435284663773941,55 to 59 years
7506,20474,0.6668571401162676,0.42857142857142855,0.7234921105015717,55 to 59 years
7507,26194,0.6525714258305534,0.2857142857142857,0.37425484703389766,55 to 59 years
7508,21213,0.681142854401982,0.5714285714285714,0.7320271544554909,55 to 59 years
7509,22122,0.7239999972591248,1.0,0.5059370370632937,55 to 59 years
7510,22644,0.22836526029374044,0.14285714285714285,0.1711256953036035,55 to 59 years
7511,27357,0.6668571401162676,0.42857142857142855,0.9705519007736132,55 to 59 years
7512,22982,0.7239999972591248,1.0,0.6830927548873651,55 to 59 years
7513,29136,0.638285711544839,0.14285714285714285,0.6747022449852327,55 to 59 years
7514,25554,0.681142854401982,0.5714285714285714,0.077614728565633,55 to 59 years
7515,24495,0.6525714258305534,0.2857142857142857,0.46406060115332465,55 to 59 years
7516,25660,0.7239999972591248,1.0,0.3045372462165775,55 to 59 years
7517,23049,0.6525714258305534,0.2857142857142857,0.6405402500852113,55 to 59 years
7518,25597,0.638285711544839,0.14285714285714285,0.5466904836866058,55 to 59 years
7519,27187,0.681142854401982,0.5714285714285714,0.735666777957257,55 to 59 years
7520,21285,0.17117004662560148,0.14285714285714285,0.6470179717199728,55 to 59 years
7521,21901,0.6954285686876962,0.7142857142857142,0.6949064626541781,55 to 59 years
7522,22311,0.681142854401982,0.5714285714285714,0.3582309784688602,55 to 59 years
7523,21156,0.681142854401982,0.5714285714285714,0.28600744990633864,55 to 59 years
7524,27627,0.10596863033290392,0.14285714285714285,0.46335570309441454,55 to 59 years
7525,24205,0.6668571401162676,0.42857142857142855,0.4352545837277066,55 to 59 years
7526,27490,0.7239999972591248,1.0,0.2126054518780836,55 to 59 years
7527,25831,0.7239999972591248,1.0,0.6336894369176432,55 to 59 years
7528,24423,0.681142854401982,0.5714285714285714,0.2427586786558178,55 to 59 years
7529,26762,0.6525714258305534,0.2857142857142857,0.37220774465714335,55 to 59 years
7530,24730,0.638285711544839,0.14285714285714285,0.9995782039381176,55 to 59 years
7531,23705,0.22240079805134558,0.14285714285714285,0.4814128364834054,55 to 59 years
7532,28624,0.681142854401982,0.5714285714285714,0.8857669475934024,55 to 59 years
7533,25969,0.638285711544839,0.14285714285714285,0.8572423705320852,55 to 59 years
7534,27604,0.7239999972591248,1.0,0.8669370023852083,55 to 59 years
7535,26160,0.7239999972591248,1.0,0.20797782090872835,55 to 59 years
7536,22602,0.6525714258305534,0.2857142857142857,0.07940957754387529,55 to 59 years
7537,26725,0.7097142829734105,0.8571428571428571,0.5067327122057792,55 to 59 years
7538,28180,0.681142854401982,0.5714285714285714,0.478894935110138,55 to 59 years
7539,23825,0.6668571401162676,0.42857142857142855,0.5877958603181352,55 to 59 years
7540,28841,0.7097142829734105,0.8571428571428571,0.8704163442313684,55 to 59 years
7541,25104,0.681142854401982,0.5714285714285714,0.017918357718208933,55 to 59 years
7542,24805,0.681142854401982,0.5714285714285714,0.02689821363445699,55 to 59 years
7543,27481,0.7239999972591248,1.0,0.4521197465837304,55 to 59 years
7544,23037,0.6525714258305534,0.2857142857142857,0.5004820385821385,55 to 59 years
7545,20239,0.7097142829734105,0.8571428571428571,0.40605570735212315,55 to 59 years
7546,20119,0.6954285686876962,0.7142857142857142,0.6321557457446731,55 to 59 years
7547,23429,0.6668571401162676,0.42857142857142855,0.25183269927083335,55 to 59 years
7548,29653,0.1031255654838009,0.14285714285714285,0.4227453357532316,55 to 59 years
7549,21804,0.7097142829734105,0.8571428571428571,0.13711309661863685,55 to 59 years
7550,28095,0.7097142829734105,0.8571428571428571,0.11758455538356571,55 to 59 years
7551,20235,0.681142854401982,0.5714285714285714,0.10610549891991583,55 to 59 years
7552,22863,0.681142854401982,0.5714285714285714,0.9000238719895362,55 to 59 years
7553,24417,0.6954285686876962,0.7142857142857142,0.18390899793182103,55 to 59 years
7554,29722,0.6525714258305534,0.2857142857142857,0.5918735813262297,55 to 59 years
7555,24509,0.7239999972591248,1.0,0.5595315073259682,55 to 59 years
7556,25948,0.638285711544839,0.14285714285714285,0.6270663172580622,55 to 59 years
7557,22626,0.6525714258305534,0.2857142857142857,0.7207886132466638,55 to 59 years
7558,22238,0.7097142829734105,0.8571428571428571,0.13235600537164544,55 to 59 years
7559,23046,0.681142854401982,0.5714285714285714,0.4035778361486736,55 to 59 years
7560,26365,0.6668571401162676,0.42857142857142855,0.28874880783273815,55 to 59 years
7561,21159,0.6525714258305534,0.2857142857142857,0.8359279325294178,55 to 59 years
7562,24830,0.6668571401162676,0.42857142857142855,0.15553615534157078,55 to 59 years
7563,20933,0.7097142829734105,0.8571428571428571,0.7959007396966088,55 to 59 years
7564,24974,0.6668571401162676,0.42857142857142855,0.5394391643642824,55 to 59 years
7565,22866,0.6954285686876962,0.7142857142857142,0.7418462252694447,55 to 59 years
7566,24986,0.681142854401982,0.5714285714285714,0.7418545001878374,55 to 59 years
7567,27081,0.681142854401982,0.5714285714285714,0.5853438082875382,55 to 59 years
7568,27754,0.681142854401982,0.5714285714285714,0.8946718337520967,55 to 59 years
7569,23168,0.638285711544839,0.14285714285714285,0.5124592087814729,55 to 59 years
7570,20193,0.7097142829734105,0.8571428571428571,0.41726615376665666,55 to 59 years
7571,20674,0.681142854401982,0.5714285714285714,0.7419349323350029,55 to 59 years
7572,24929,0.6525714258305534,0.2857142857142857,0.8835386516963932,55 to 59 years
7573,29307,0.7239999972591248,1.0,0.45096828379214643,55 to 59 years
7574,25093,0.7239999972591248,1.0,0.49908852322538166,55 to 59 years
7575,24203,0.7239999972591248,1.0,0.3438450096471334,55 to 59 years
7576,23845,0.3390934189610814,0.2857142857142857,0.27717728150360527,55 to 59 years
7577,22210,0.7239999972591248,1.0,0.22565485545964925,55 to 59 years
7578,23252,0.681142854401982,0.5714285714285714,0.9059092665670478,55 to 59 years
7579,26132,0.18092487083316167,0.2857142857142857,0.24491577044168705,55 to 59 years
7580,25825,0.681142854401982,0.5714285714285714,0.5749982864317916,55 to 59 years
7581,22445,0.7239999972591248,1.0,0.23137189983694195,55 to 59 years
7582,21445,0.6668571401162676,0.42857142857142855,0.9456087653548382,55 to 59 years
7583,21101,0.6668571401162676,0.42857142857142855,0.2069076196536087,55 to 59 years
7584,24251,0.6525714258305534,0.2857142857142857,0.9652991888809983,55 to 59 years
7585,24347,0.638285711544839,0.14285714285714285,0.842506471159529,55 to 59 years
7586,27507,0.7097142829734105,0.8571428571428571,0.4081375605561359,55 to 59 years
7587,28155,0.681142854401982,0.5714285714285714,0.6810289620049635,55 to 59 years
7588,28136,0.6668571401162676,0.42857142857142855,0.768011548456397,55 to 59 years
7589,24735,0.681142854401982,0.5714285714285714,0.16228703282002233,55 to 59 years
7590,26168,0.6525714258305534,0.2857142857142857,0.6358138666098789,55 to 59 years
7591,24893,0.24801811003482818,0.14285714285714285,0.9394582108395098,55 to 59 years
7592,23424,0.7239999972591248,1.0,0.5269665930902276,55 to 59 years
7593,27785,0.6668571401162676,0.42857142857142855,0.6974750104911364,55 to 59 years
7594,27592,0.681142854401982,0.5714285714285714,0.4238815162531959,55 to 59 years
7595,23929,0.681142854401982,0.5714285714285714,0.3886474485326681,55 to 59 years
7596,24452,0.681142854401982,0.5714285714285714,0.43514854022494576,55 to 59 years
7597,24099,0.6954285686876962,0.7142857142857142,0.5531216099440324,55 to 59 years
7598,26983,0.43970200893880523,0.2857142857142857,0.8793991500532117,55 to 59 years
7599,20993,0.039360836116415235,0.2857142857142857,0.17265213875173463,55 to 59 years
7600,22575,0.638285711544839,0.14285714285714285,0.44130175853021636,55 to 59 years
7601,25002,0.12847804022653456,0.2857142857142857,0.4656231579908444,55 to 59 years
7602,26094,0.3051262101816156,0.2857142857142857,0.35956085765236395,55 to 59 years
7603,22758,0.681142854401982,0.5714285714285714,0.020267241127832625,55 to 59 years
7604,27531,0.6525714258305534,0.2857142857142857,0.9571471075007019,55 to 59 years
7605,27418,0.6525714258305534,0.2857142857142857,0.49240215056340575,55 to 59 years
7606,27920,0.7097142829734105,0.8571428571428571,0.5331766080081735,55 to 59 years
7607,20443,0.6525714258305534,0.2857142857142857,0.11307694049216621,55 to 59 years
7608,28947,0.681142854401982,0.5714285714285714,0.7001572991274455,55 to 59 years
7609,25092,0.681142854401982,0.5714285714285714,0.8060267600185576,55 to 59 years
7610,21397,0.6525714258305534,0.2857142857142857,0.7252237874315953,55 to 59 years
7611,21664,0.681142854401982,0.5714285714285714,0.26752046918770256,55 to 59 years
7612,22324,0.17726893532740323,0.14285714285714285,0.9275961056588407,55 to 59 years
7613,28837,0.7239999972591248,1.0,0.5327125672561072,55 to 59 years
7614,27984,0.681142854401982,0.5714285714285714,0.4753239172477001,55 to 59 years
7615,21888,0.23753877279958302,0.2857142857142857,0.6460970343839181,55 to 59 years
7616,24575,0.681142854401982,0.5714285714285714,0.3030866070225456,55 to 59 years
7617,21054,0.681142854401982,0.5714285714285714,0.21591659640482308,55 to 59 years
7618,27104,0.6668571401162676,0.42857142857142855,0.8728523183711383,55 to 59 years
7619,22847,0.7239999972591248,1.0,0.568027350037763,55 to 59 years
7620,24126,0.278958277251057,0.14285714285714285,0.5035184962959002,55 to 59 years
7621,23657,0.681142854401982,0.5714285714285714,0.6729628060074831,55 to 59 years
7622,21909,0.1384378223532018,0.2857142857142857,0.21262752917388056,55 to 59 years
7623,23097,0.681142854401982,0.5714285714285714,0.9135211521371779,55 to 59 years
7624,22520,0.681142854401982,0.5714285714285714,0.3234414706245025,55 to 59 years
7625,21624,0.6668571401162676,0.42857142857142855,0.7457991959889245,55 to 59 years
7626,23632,0.6581428233800852,0.5714285714285714,0.9344404264458055,60 to 64 years
7627,22329,0.6438571090943709,0.42857142857142855,0.8671049652228626,60 to 64 years
7628,26889,0.6295713948086566,0.2857142857142857,0.47702818190435736,60 to 64 years
7629,26934,0.6581428233800852,0.5714285714285714,0.7209439026515163,60 to 64 years
7630,25347,0.07222584793081652,0.14285714285714285,0.7155565656851017,60 to 64 years
7631,21597,0.22432856774608104,0.14285714285714285,0.6896933336603882,60 to 64 years
7632,20066,0.17929727897563705,0.5714285714285714,0.20663472810281458,60 to 64 years
7633,23063,0.6581428233800852,0.5714285714285714,0.38484213615211643,60 to 64 years
7634,20566,0.6867142519515138,0.8571428571428571,0.6737394626626723,60 to 64 years
7635,29991,0.6438571090943709,0.42857142857142855,0.30397372540930556,60 to 64 years
7636,27406,0.6581428233800852,0.5714285714285714,0.28394065346031844,60 to 64 years
7637,27574,0.6867142519515138,0.8571428571428571,0.814298288695156,60 to 64 years
7638,29943,0.6581428233800852,0.5714285714285714,0.863328429483823,60 to 64 years
7639,23103,0.6152856805229423,0.14285714285714285,0.29625481335496007,60 to 64 years
7640,29684,0.2556156180465338,0.14285714285714285,0.9399987348481982,60 to 64 years
7641,29819,0.6581428233800852,0.5714285714285714,0.46063458429453263,60 to 64 years
7642,29418,0.6867142519515138,0.8571428571428571,0.41618031882122697,60 to 64 years
7643,23542,0.6152856805229423,0.14285714285714285,0.30935052303285304,60 to 64 years
7644,28192,0.6867142519515138,0.8571428571428571,0.14226841159096648,60 to 64 years
7645,28819,0.6152856805229423,0.14285714285714285,0.4719394478158153,60 to 64 years
7646,25845,0.6724285376657995,0.7142857142857142,0.2638133397175178,60 to 64 years
7647,20166,0.6295713948086566,0.2857142857142857,0.6907659898047225,60 to 64 years
7648,27453,0.28459809503816785,0.14285714285714285,0.9065619366023163,60 to 64 years
7649,26179,0.6724285376657995,0.7142857142857142,0.3397202154541764,60 to 64 years
7650,23824,0.6867142519515138,0.8571428571428571,0.3812787897306534,60 to 64 years
7651,22275,0.6152856805229423,0.14285714285714285,0.5753839961105431,60 to 64 years
7652,27983,0.6867142519515138,0.8571428571428571,0.5099065418660966,60 to 64 years
7653,21037,0.6581428233800852,0.5714285714285714,0.6085521915447447,60 to 64 years
7654,21182,0.6295713948086566,0.2857142857142857,0.46338639812533067,60 to 64 years
7655,25825,0.6581428233800852,0.5714285714285714,0.5749982864317916,60 to 64 years
7656,27482,0.6581428233800852,0.5714285714285714,0.9182990436742788,60 to 64 years
7657,26549,0.6295713948086566,0.2857142857142857,0.8993851380045411,60 to 64 years
7658,26431,0.04795213200434524,0.14285714285714285,0.25819400434535916,60 to 64 years
7659,28407,0.6867142519515138,0.8571428571428571,0.3506451303479403,60 to 64 years
7660,21954,0.1285895819659308,0.2857142857142857,0.199853350500856,60 to 64 years
7661,25445,0.6152856805229423,0.14285714285714285,0.6307106656843003,60 to 64 years
7662,28089,0.6438571090943709,0.42857142857142855,0.6762202005290264,60 to 64 years
7663,26580,0.6581428233800852,0.5714285714285714,0.6945641235391945,60 to 64 years
7664,22727,0.6295713948086566,0.2857142857142857,0.32719676857006164,60 to 64 years
7665,23499,0.6295713948086566,0.2857142857142857,0.19298532089374498,60 to 64 years
7666,22109,0.6867142519515138,0.8571428571428571,0.6901919895399705,60 to 64 years
7667,29197,0.6867142519515138,0.8571428571428571,0.9786958746014447,60 to 64 years
7668,29388,0.18402970968289498,0.2857142857142857,0.7899718762747014,60 to 64 years
7669,27435,0.700999966237228,1.0,0.6541730168932243,60 to 64 years
7670,24355,0.6581428233800852,0.5714285714285714,0.19771011573189184,60 to 64 years
7671,25242,0.6438571090943709,0.42857142857142855,0.9728960548606793,60 to 64 years
7672,20504,0.700999966237228,1.0,0.5475129629760931,60 to 64 years
7673,28950,0.5463093325164663,0.5714285714285714,0.4880098734258678,60 to 64 years
7674,25339,0.6724285376657995,0.7142857142857142,0.2977888630948261,60 to 64 years
7675,21056,0.6295713948086566,0.2857142857142857,0.2099565050906843,60 to 64 years
7676,21120,0.3283150709003095,0.2857142857142857,0.5180214993376342,60 to 64 years
7677,21230,0.6867142519515138,0.8571428571428571,0.9993597403564412,60 to 64 years
7678,22319,0.6581428233800852,0.5714285714285714,0.9976960826699743,60 to 64 years
7679,24330,0.6581428233800852,0.5714285714285714,0.9123986201568328,60 to 64 years
7680,23738,0.6295713948086566,0.2857142857142857,0.9686807377021969,60 to 64 years
7681,25803,0.6438571090943709,0.42857142857142855,0.23253186404975057,60 to 64 years
7682,26044,0.700999966237228,1.0,0.4589333941102044,60 to 64 years
7683,26957,0.6581428233800852,0.5714285714285714,0.669540964895039,60 to 64 years
7684,26032,0.6295713948086566,0.2857142857142857,0.9064096222496452,60 to 64 years
7685,25155,0.6581428233800852,0.5714285714285714,0.49554387292885155,60 to 64 years
7686,21472,0.6295713948086566,0.2857142857142857,0.6265029124391539,60 to 64 years
7687,27241,0.6867142519515138,0.8571428571428571,0.7906432063522596,60 to 64 years
7688,28356,0.11874961546041664,0.2857142857142857,0.11816399427998436,60 to 64 years
7689,20423,0.47166826632742503,0.14285714285714285,0.7277866332017715,60 to 64 years
7690,28031,0.6724285376657995,0.7142857142857142,0.26719233998793723,60 to 64 years
7691,26996,0.25791181671230806,0.2857142857142857,0.18483577166621268,60 to 64 years
7692,23353,0.3006779744298756,0.2857142857142857,0.4932454013287126,60 to 64 years
7693,21486,0.6581428233800852,0.5714285714285714,0.9054984377694101,60 to 64 years
7694,22960,0.6867142519515138,0.8571428571428571,0.7479263598927932,60 to 64 years
7695,22206,0.6438571090943709,0.42857142857142855,0.8020921590862863,60 to 64 years
7696,22800,0.6867142519515138,0.8571428571428571,0.730292312198511,60 to 64 years
7697,20395,0.700999966237228,1.0,0.6682911618172324,60 to 64 years
7698,26325,0.6295713948086566,0.2857142857142857,0.9166427265260002,60 to 64 years
7699,23848,0.6295713948086566,0.2857142857142857,0.8018391733959027,60 to 64 years
7700,22272,0.6152856805229423,0.14285714285714285,0.8779345336738407,60 to 64 years
7701,23879,0.6295713948086566,0.2857142857142857,0.14323934481574524,60 to 64 years
7702,28613,0.16067009916438232,0.2857142857142857,0.42113377503211125,60 to 64 years
7703,20195,0.4976768746431278,0.2857142857142857,0.04416945122164295,60 to 64 years
7704,25057,0.6295713948086566,0.2857142857142857,0.5006875081264608,60 to 64 years
7705,29053,0.700999966237228,1.0,0.1863318223417451,60 to 64 years
7706,24644,0.6867142519515138,0.8571428571428571,0.1897827700663215,60 to 64 years
7707,29274,0.6581428233800852,0.5714285714285714,0.7443052902878314,60 to 64 years
7708,24224,0.6867142519515138,0.8571428571428571,0.2944300534952763,60 to 64 years
7709,28701,0.6867142519515138,0.8571428571428571,0.06663187945794558,60 to 64 years
7710,24916,0.6581428233800852,0.5714285714285714,0.7934572507326951,60 to 64 years
7711,23571,0.030731552437518513,0.14285714285714285,0.17161436494180077,60 to 64 years
7712,25293,0.6295713948086566,0.2857142857142857,0.11983195355701415,60 to 64 years
7713,23268,0.6295713948086566,0.2857142857142857,0.4689263895372319,60 to 64 years
7714,21189,0.6295713948086566,0.2857142857142857,0.48754804026174564,60 to 64 years
7715,24941,0.6581428233800852,0.5714285714285714,0.41825680169266166,60 to 64 years
7716,28346,0.6867142519515138,0.8571428571428571,0.9516161316920164,60 to 64 years
7717,29896,0.11465598306434821,0.2857142857142857,0.32448528541096844,60 to 64 years
7718,28991,0.700999966237228,1.0,0.05714827304244524,60 to 64 years
7719,20452,0.6867142519515138,0.8571428571428571,0.3191949520887647,60 to 64 years
7720,28256,0.6867142519515138,0.8571428571428571,0.3066940387514617,60 to 64 years
7721,22119,0.6581428233800852,0.5714285714285714,0.30228463181663545,60 to 64 years
7722,22981,0.19948139748551516,0.2857142857142857,0.16561697573226736,60 to 64 years
7723,22396,0.6581428233800852,0.5714285714285714,0.25719379264798486,60 to 64 years
7724,22139,0.6581428233800852,0.5714285714285714,0.6852053479280087,60 to 64 years
7725,28673,0.3259110949631185,0.2857142857142857,0.7907140257491536,60 to 64 years
7726,28144,0.6295713948086566,0.2857142857142857,0.8949622421689291,60 to 64 years
7727,24713,0.23008203682381903,1.0,0.005258397332698728,60 to 64 years
7728,21951,0.6581428233800852,0.5714285714285714,0.6439205652883618,60 to 64 years
7729,25350,0.6867142519515138,0.8571428571428571,0.509382895031135,60 to 64 years
7730,24970,0.6867142519515138,0.8571428571428571,0.9063763101838951,60 to 64 years
7731,20404,0.6867142519515138,0.8571428571428571,0.20586450315396332,60 to 64 years
7732,29735,0.6438571090943709,0.42857142857142855,0.893950931760495,60 to 64 years
7733,28863,0.6438571090943709,0.42857142857142855,0.5020643516555251,60 to 64 years
7734,29827,0.6867142519515138,0.8571428571428571,0.5476783966623345,60 to 64 years
7735,20033,0.10916469153644828,0.5714285714285714,0.06074229645519258,60 to 64 years
7736,27233,0.23469617665210205,0.5714285714285714,0.4244125962339524,60 to 64 years
7737,21091,0.6438571090943709,0.42857142857142855,0.5101586169846882,60 to 64 years
7738,29102,0.6438571090943709,0.42857142857142855,0.3229420427790264,60 to 64 years
7739,26809,0.4429335016250848,0.8571428571428571,0.04142910944103484,60 to 64 years
7740,26407,0.6581428233800852,0.5714285714285714,0.5677588472200382,60 to 64 years
7741,20899,0.2770266423663507,0.2857142857142857,0.09841375884459219,60 to 64 years
7742,28633,0.10710359550452642,0.14285714285714285,0.3074710385289558,60 to 64 years
7743,23209,0.6867142519515138,0.8571428571428571,0.3596043095880295,60 to 64 years
7744,27251,0.6438571090943709,0.42857142857142855,0.7678267621183724,60 to 64 years
7745,26404,0.6581428233800852,0.5714285714285714,0.9688817223331827,60 to 64 years
7746,26111,0.6867142519515138,0.8571428571428571,0.8662678267897979,60 to 64 years
7747,29536,0.6867142519515138,0.8571428571428571,0.995924507348709,60 to 64 years
7748,28564,0.6867142519515138,0.8571428571428571,0.7541059781878604,60 to 64 years
7749,23441,0.21613516286273424,0.2857142857142857,0.9841226654775015,60 to 64 years
7750,21986,0.700999966237228,1.0,0.5676789016068804,60 to 64 years
7751,23944,0.6581428233800852,0.5714285714285714,0.23587484355140625,60 to 64 years
7752,25282,0.700999966237228,1.0,0.5769869292858675,60 to 64 years
7753,29171,0.19698019283778936,0.2857142857142857,0.6818865293781091,60 to 64 years
7754,25330,0.6724285376657995,0.7142857142857142,0.64856181243495,60 to 64 years
7755,22817,0.09436538967898324,0.2857142857142857,0.19323526397685692,60 to 64 years
7756,21955,0.6295713948086566,0.2857142857142857,0.8836758363747106,60 to 64 years
7757,21022,0.6867142519515138,0.8571428571428571,0.3865395250587502,60 to 64 years
7758,20434,0.6867142519515138,0.8571428571428571,0.6609296026467227,60 to 64 years
7759,27940,0.6581428233800852,0.5714285714285714,0.39172645564716646,60 to 64 years
7760,21784,0.6581428233800852,0.5714285714285714,0.4189845452414983,60 to 64 years
7761,21126,0.6867142519515138,0.8571428571428571,0.48399790403548265,60 to 64 years
7762,27780,0.09102740636279169,0.5714285714285714,0.3318681128597719,60 to 64 years
7763,28098,0.6581428233800852,0.5714285714285714,0.23694182065303038,60 to 64 years
7764,27587,0.6295713948086566,0.2857142857142857,0.80843903617326,60 to 64 years
7765,27106,0.6301694132132829,0.8571428571428571,0.02378949793717533,60 to 64 years
7766,26953,0.4133505391014869,0.2857142857142857,0.4314687607292532,60 to 64 years
7767,22881,0.6867142519515138,0.8571428571428571,0.4910460769145591,60 to 64 years
7768,27680,0.6295713948086566,0.2857142857142857,0.6355029197617088,60 to 64 years
7769,23491,0.6152856805229423,0.14285714285714285,0.7727642663041125,60 to 64 years
7770,26545,0.700999966237228,1.0,0.17676841459073023,60 to 64 years
7771,23461,0.6867142519515138,0.8571428571428571,0.7682863336988834,60 to 64 years
7772,21491,0.6581428233800852,0.5714285714285714,0.26467955231596074,60 to 64 years
7773,26748,0.6867142519515138,0.8571428571428571,0.00502225353522201,60 to 64 years
7774,28658,0.6867142519515138,0.8571428571428571,0.1277007288186971,60 to 64 years
7775,28761,0.6867142519515138,0.8571428571428571,0.7987772929148511,60 to 64 years
7776,22485,0.12168437081243036,0.2857142857142857,0.3092691650547018,60 to 64 years
7777,24969,0.296144369356916,0.14285714285714285,0.18525343689106105,60 to 64 years
7778,28902,0.6867142519515138,0.8571428571428571,0.3591362667591599,60 to 64 years
7779,23959,0.6438571090943709,0.42857142857142855,0.4694554653354319,60 to 64 years
7780,29822,0.14127434195330046,0.42857142857142855,0.13002467597953155,60 to 64 years
7781,22361,0.6581428233800852,0.5714285714285714,0.19626223556211037,60 to 64 years
7782,23712,0.6581428233800852,0.5714285714285714,0.28416868917578697,60 to 64 years
7783,21244,0.6295713948086566,0.2857142857142857,0.6168782708348126,60 to 64 years
7784,29975,0.6295713948086566,0.2857142857142857,0.9359102175384382,60 to 64 years
7785,21343,0.6867142519515138,0.8571428571428571,0.8982237302013281,60 to 64 years
7786,20474,0.6438571090943709,0.42857142857142855,0.7234921105015717,60 to 64 years
7787,22093,0.6581428233800852,0.5714285714285714,0.6827814233692027,60 to 64 years
7788,20665,0.18512827326263384,0.14285714285714285,0.8902158283629066,60 to 64 years
7789,24977,0.4600071947794812,0.2857142857142857,0.31769722437422715,60 to 64 years
7790,21824,0.700999966237228,1.0,0.2563556547570802,60 to 64 years
7791,22609,0.6295713948086566,0.2857142857142857,0.5330054031169335,60 to 64 years
7792,28682,0.700999966237228,1.0,0.062932273958058,60 to 64 years
7793,28076,0.6438571090943709,0.42857142857142855,0.7927176367303661,60 to 64 years
7794,24849,0.3954175811318407,0.2857142857142857,0.8465562178850333,60 to 64 years
7795,23044,0.2184340448119457,0.42857142857142855,0.8373352542419473,60 to 64 years
7796,26942,0.700999966237228,1.0,0.48783777303487386,60 to 64 years
7797,22047,0.6581428233800852,0.5714285714285714,0.21309717452118077,60 to 64 years
7798,26746,0.6867142519515138,0.8571428571428571,0.8744332654388337,60 to 64 years
7799,20419,0.6438571090943709,0.42857142857142855,0.08515651172810584,60 to 64 years
7800,27686,0.6295713948086566,0.2857142857142857,0.2908618106452906,60 to 64 years
7801,29810,0.6438571090943709,0.42857142857142855,0.5933974903607596,60 to 64 years
7802,23845,0.3160933879391848,0.2857142857142857,0.27717728150360527,60 to 64 years
7803,28937,0.6295713948086566,0.2857142857142857,0.944243294345125,60 to 64 years
7804,23518,0.6581428233800852,0.5714285714285714,0.37987954956593395,60 to 64 years
7805,22777,0.001148769063218636,0.2857142857142857,0.23169658924701864,60 to 64 years
7806,20228,0.18757306459608084,0.2857142857142857,0.6401982675841279,60 to 64 years
7807,21069,0.6867142519515138,0.8571428571428571,0.38670212839413487,60 to 64 years
7808,25733,0.6295713948086566,0.2857142857142857,0.5942762322409142,60 to 64 years
7809,24262,0.6152856805229423,0.14285714285714285,0.683739041249696,60 to 64 years
7810,29900,0.6581428233800852,0.5714285714285714,0.743211470430404,60 to 64 years
7811,23020,0.6295713948086566,0.2857142857142857,0.9089286441778206,60 to 64 years
7812,22365,0.2810275489615743,0.2857142857142857,0.3676924595626714,60 to 64 years
7813,27200,0.2806595721061993,0.5714285714285714,0.43107274716092386,60 to 64 years
7814,24090,0.4091213376132832,0.2857142857142857,0.9609529955201002,60 to 64 years
7815,24616,0.6867142519515138,0.8571428571428571,0.2505197959489768,60 to 64 years
7816,24532,0.6867142519515138,0.8571428571428571,0.7191469276774688,60 to 64 years
7817,28127,0.6295713948086566,0.2857142857142857,0.935979022985225,60 to 64 years
7818,25640,0.6867142519515138,0.8571428571428571,0.3164559799355168,60 to 64 years
7819,27652,0.26172965665083,0.42857142857142855,0.9199744016398331,60 to 64 years
7820,26056,0.6438571090943709,0.42857142857142855,0.39444105403653884,60 to 64 years
7821,25138,0.6581428233800852,0.5714285714285714,0.5093117776683136,60 to 64 years
7822,28217,0.700999966237228,1.0,0.431271753786207,60 to 64 years
7823,29681,0.6867142519515138,0.8571428571428571,0.22204858906981645,60 to 64 years
7824,28373,0.1604607116795808,0.2857142857142857,0.9348748487709824,60 to 64 years
7825,26597,0.6867142519515138,0.8571428571428571,0.10985853137436963,60 to 64 years
7826,23793,0.6724285376657995,0.7142857142857142,0.78508524308443,60 to 64 years
7827,24278,0.6867142519515138,0.8571428571428571,0.10060648527965704,60 to 64 years
7828,29196,0.6295713948086566,0.2857142857142857,0.8516408078454705,60 to 64 years
7829,22923,0.505463001448568,0.14285714285714285,0.5236032055265747,60 to 64 years
7830,29032,0.12072486517655756,0.14285714285714285,0.4912721054894612,60 to 64 years
7831,28945,0.700999966237228,1.0,0.31417354226634164,60 to 64 years
7832,27081,0.6581428233800852,0.5714285714285714,0.5853438082875382,60 to 64 years
7833,28719,0.6581428233800852,0.5714285714285714,0.5718250584332201,60 to 64 years
7834,29516,0.6724285376657995,0.7142857142857142,0.5168312672001426,60 to 64 years
7835,22022,0.1734098064649081,0.2857142857142857,0.9879822838157891,60 to 64 years
7836,26499,0.6867142519515138,0.8571428571428571,0.3685489032458563,60 to 64 years
7837,21192,0.6867142519515138,0.8571428571428571,0.5767447083397684,60 to 64 years
7838,23196,0.6581428233800852,0.5714285714285714,0.8108054400955277,60 to 64 years
7839,25262,0.6438571090943709,0.42857142857142855,0.5852031131551452,60 to 64 years
7840,20891,0.6867142519515138,0.8571428571428571,0.9902563307800782,60 to 64 years
7841,28353,0.700999966237228,1.0,0.25290242544063035,60 to 64 years
7842,24476,0.6724285376657995,0.7142857142857142,0.8672473704097704,60 to 64 years
7843,23067,0.6867142519515138,0.8571428571428571,0.5801203136268643,60 to 64 years
7844,22370,0.19688865846819534,0.2857142857142857,0.23845550105804825,60 to 64 years
7845,22860,0.6867142519515138,0.8571428571428571,0.8895243658099199,60 to 64 years
7846,26084,0.6581428233800852,0.5714285714285714,0.6388306643648373,60 to 64 years
7847,27202,0.6581428233800852,0.5714285714285714,0.832947447980745,60 to 64 years
7848,21671,0.6867142519515138,0.8571428571428571,0.8986363225218127,60 to 64 years
7849,28198,0.6867142519515138,0.8571428571428571,0.6903854168833347,60 to 64 years
7850,21540,0.6581428233800852,0.5714285714285714,0.36091152162425855,60 to 64 years
7851,26518,0.6867142519515138,0.8571428571428571,0.8602256844683597,60 to 64 years
7852,23510,0.6867142519515138,0.8571428571428571,0.1905060837864213,60 to 64 years
7853,29429,0.6295713948086566,0.2857142857142857,0.7315895148350766,60 to 64 years
7854,29069,0.6867142519515138,0.8571428571428571,0.6329314760896304,60 to 64 years
7855,20834,0.6867142519515138,0.8571428571428571,0.1001543130696948,60 to 64 years
7856,21654,0.700999966237228,1.0,0.09622360209125819,60 to 64 years
7857,23038,0.6438571090943709,0.42857142857142855,0.2331272593387424,60 to 64 years
7858,24954,0.700999966237228,1.0,0.13817173330609228,60 to 64 years
7859,25782,0.700999966237228,1.0,0.20807121805830237,60 to 64 years
7860,26087,0.6438571090943709,0.42857142857142855,0.4553773853398845,60 to 64 years
7861,27727,0.17109686921398362,0.2857142857142857,0.8508916643004814,60 to 64 years
7862,20268,0.2702444912805413,0.2857142857142857,0.30224122021677524,60 to 64 years
7863,28548,0.011918890902094772,0.14285714285714285,0.891288638302469,60 to 64 years
7864,23118,0.27294737189097606,0.2857142857142857,0.986625563273472,60 to 64 years
7865,21371,0.6295713948086566,0.2857142857142857,0.2724880326183412,60 to 64 years
7866,23454,0.28539535827886325,0.2857142857142857,0.898653311112674,60 to 64 years
7867,25589,0.6581428233800852,0.5714285714285714,0.7893487808037962,60 to 64 years
7868,25174,0.22816577519044373,0.5714285714285714,0.13426754644574085,60 to 64 years
7869,28717,0.5008098170377593,0.2857142857142857,0.8157007168477235,60 to 64 years
7870,28711,0.6438571090943709,0.42857142857142855,0.1691251562386868,60 to 64 years
7871,25010,0.6295713948086566,0.2857142857142857,0.8729234765481544,60 to 64 years
7872,25301,0.6152856805229423,0.14285714285714285,0.928819554852081,60 to 64 years
7873,20498,0.28996098383711744,0.14285714285714285,0.6210709493579993,60 to 64 years
7874,22741,0.6581428233800852,0.5714285714285714,0.9309163605281137,60 to 64 years
7875,25931,0.6867142519515138,0.8571428571428571,0.3345949129592084,60 to 64 years
7876,20985,0.26552465611571086,0.2857142857142857,0.708303768292019,60 to 64 years
7877,20237,0.6867142519515138,0.8571428571428571,0.3574676638648161,60 to 64 years
7878,27632,0.1975329513764685,0.2857142857142857,0.6282657365352111,60 to 64 years
7879,22892,0.6867142519515138,0.8571428571428571,0.3990565251974848,60 to 64 years
7880,27862,0.6295713948086566,0.2857142857142857,0.2975307157395304,60 to 64 years
7881,24124,0.012590286886361688,0.14285714285714285,0.6962972479283708,60 to 64 years
7882,22991,0.700999966237228,1.0,0.19188683036586685,60 to 64 years
7883,26257,0.6295713948086566,0.2857142857142857,0.4621302168127745,60 to 64 years
7884,20759,0.25557021183077566,0.14285714285714285,0.29643018408784927,60 to 64 years
7885,25916,0.6295713948086566,0.2857142857142857,0.06816891878069048,60 to 64 years
7886,21194,0.10722574774428743,0.2857142857142857,0.9562533633343301,60 to 64 years
7887,21100,0.6867142519515138,0.8571428571428571,0.5966120472469912,60 to 64 years
7888,29669,0.6295713948086566,0.2857142857142857,0.79268851192076,60 to 64 years
7889,29241,0.6152856805229423,0.14285714285714285,0.7727749262044283,60 to 64 years
7890,21276,0.6438571090943709,0.42857142857142855,0.7984723594827072,60 to 64 years
7891,27488,0.6295713948086566,0.2857142857142857,0.7104020233191375,60 to 64 years
7892,28140,0.6438571090943709,0.42857142857142855,0.9144219551601004,60 to 64 years
7893,29460,0.6438571090943709,0.42857142857142855,0.14072211187191214,60 to 64 years
7894,25175,0.6581428233800852,0.5714285714285714,0.9748180712337503,60 to 64 years
7895,28054,0.6295713948086566,0.2857142857142857,0.527769797790091,60 to 64 years
7896,29464,0.02235706514654116,0.42857142857142855,0.36068060124538065,60 to 64 years
7897,20053,0.25294496755356033,0.2857142857142857,0.6509432181075241,60 to 64 years
7898,29695,0.3358736534118543,0.42857142857142855,0.3091853717217994,60 to 64 years
7899,23660,0.700999966237228,1.0,0.5703556275541412,60 to 64 years
7900,25197,0.1465719306274327,0.2857142857142857,0.32865565064480806,60 to 64 years
7901,26078,0.6438571090943709,0.42857142857142855,0.591232927845411,60 to 64 years
7902,26231,0.10515430270972811,0.5714285714285714,0.15690335521161558,60 to 64 years
7903,28799,0.6867142519515138,0.8571428571428571,0.9131287179752414,60 to 64 years
7904,27724,0.6295713948086566,0.2857142857142857,0.2468933030764714,60 to 64 years
7905,20285,0.6581428233800852,0.5714285714285714,0.22692121760029083,60 to 64 years
7906,29583,0.6867142519515138,0.8571428571428571,0.1981835763606135,60 to 64 years
7907,27195,0.6581428233800852,0.5714285714285714,0.929108361304321,60 to 64 years
7908,20880,0.6581428233800852,0.5714285714285714,0.9617272411339932,60 to 64 years
7909,29249,0.6295713948086566,0.2857142857142857,0.24167836298697393,60 to 64 years
7910,23540,0.6438571090943709,0.42857142857142855,0.29506440788081134,60 to 64 years
7911,29187,0.6581428233800852,0.5714285714285714,0.09025499521215868,60 to 64 years
7912,22771,0.15129764165921136,0.14285714285714285,0.2861399980526578,60 to 64 years
7913,24996,0.6581428233800852,0.5714285714285714,0.15865859443703667,60 to 64 years
7914,29506,0.6295713948086566,0.2857142857142857,0.17178984781647788,60 to 64 years
7915,29471,0.07848627437912081,0.2857142857142857,0.28419148189025556,60 to 64 years
7916,28012,0.554499290597788,0.14285714285714285,0.4351151638749621,60 to 64 years
7917,24562,0.6867142519515138,0.8571428571428571,0.6313994937478447,60 to 64 years
7918,25581,0.700999966237228,1.0,0.19241016971963099,60 to 64 years
7919,25304,0.6867142519515138,0.8571428571428571,0.5687823944024228,60 to 64 years
7920,27434,0.6295713948086566,0.2857142857142857,0.5356112760903717,60 to 64 years
7921,20270,0.6867142519515138,0.8571428571428571,0.9660473829404103,60 to 64 years
7922,24370,0.6867142519515138,0.8571428571428571,0.1875441059997205,60 to 64 years
7923,26386,0.027562183212205684,0.14285714285714285,0.6730514952961366,60 to 64 years
7924,26079,0.6438571090943709,0.42857142857142855,0.7237431110886401,60 to 64 years
7925,29149,0.6295713948086566,0.2857142857142857,0.7092542288864214,60 to 64 years
7926,25379,0.6581428233800852,0.5714285714285714,0.49703193682192354,60 to 64 years
7927,21611,0.6867142519515138,0.8571428571428571,0.7829156277892395,60 to 64 years
7928,29762,0.6581428233800852,0.5714285714285714,0.37990066507700715,60 to 64 years
7929,23366,0.6867142519515138,0.8571428571428571,0.9631425378677354,60 to 64 years
7930,28210,0.6867142519515138,0.8571428571428571,0.9500684583230777,60 to 64 years
7931,29344,0.6295713948086566,0.2857142857142857,0.9648085583881353,60 to 64 years
7932,22566,0.6295713948086566,0.2857142857142857,0.9063987482680045,60 to 64 years
7933,22133,0.6438571090943709,0.42857142857142855,0.4206344584417443,60 to 64 years
7934,28667,0.700999966237228,1.0,0.652919157522769,60 to 64 years
7935,28244,0.6867142519515138,0.8571428571428571,0.6209233189945504,60 to 64 years
7936,28118,0.6867142519515138,0.8571428571428571,0.37869523550403766,60 to 64 years
7937,26976,0.6867142519515138,0.8571428571428571,0.5731078409838413,60 to 64 years
7938,23486,0.6867142519515138,0.8571428571428571,0.7037523432516735,60 to 64 years
7939,21141,0.4109262364134942,0.2857142857142857,0.275272302849338,60 to 64 years
7940,20130,0.07728651575296269,0.2857142857142857,0.07482984900012529,60 to 64 years
7941,29679,0.6581428233800852,0.5714285714285714,0.9085940696777797,60 to 64 years
7942,22717,0.6867142519515138,0.8571428571428571,0.30244303743365575,60 to 64 years
7943,26895,0.6867142519515138,0.8571428571428571,0.4895675945573267,60 to 64 years
7944,27226,0.6867142519515138,0.8571428571428571,0.18056241211661894,60 to 64 years
7945,26012,0.6581428233800852,0.5714285714285714,0.045863971610849985,60 to 64 years
7946,24122,0.700999966237228,1.0,0.2635203159334106,60 to 64 years
7947,25868,0.6295713948086566,0.2857142857142857,0.8005034661466748,60 to 64 years
7948,21935,0.6867142519515138,0.8571428571428571,0.11693343531603184,60 to 64 years
7949,29964,0.2909337280614798,0.2857142857142857,0.39341160751414894,60 to 64 years
7950,26167,0.6867142519515138,0.8571428571428571,0.449109724754434,60 to 64 years
7951,22211,0.6581428233800852,0.5714285714285714,0.6149750517634196,60 to 64 years
7952,20800,0.6295713948086566,0.2857142857142857,0.6464762062650612,60 to 64 years
7953,25472,0.6581428233800852,0.5714285714285714,0.12058482084139965,60 to 64 years
7954,21242,0.6295713948086566,0.2857142857142857,0.6557601344160852,60 to 64 years
7955,29259,0.2062850495541587,0.2857142857142857,0.8439807403210888,60 to 64 years
7956,23774,0.6438571090943709,0.42857142857142855,0.49652244672062007,60 to 64 years
7957,23933,0.6867142519515138,0.8571428571428571,0.8493652298743326,60 to 64 years
7958,23387,0.6867142519515138,0.8571428571428571,0.9547784411441584,60 to 64 years
7959,22617,0.700999966237228,1.0,0.830089907724934,60 to 64 years
7960,23266,0.3210908230775116,0.14285714285714285,0.8236550710827841,60 to 64 years
7961,27230,0.6867142519515138,0.8571428571428571,0.021124168422209877,60 to 64 years
7962,25311,0.6867142519515138,0.8571428571428571,0.9629438213093899,60 to 64 years
7963,26160,0.700999966237228,1.0,0.20797782090872835,60 to 64 years
7964,22499,0.03251671601387909,0.7142857142857142,0.02617520316010591,60 to 64 years
7965,29088,0.21881771876965442,0.2857142857142857,0.34393777652303303,60 to 64 years
7966,23746,0.6581428233800852,0.5714285714285714,0.6056509868030843,60 to 64 years
7967,25123,0.20941275643913415,0.14285714285714285,0.6545462087541671,60 to 64 years
7968,28956,0.6724285376657995,0.7142857142857142,0.9582318980999545,60 to 64 years
7969,21045,0.5088895997756239,0.42857142857142855,0.8793859246935412,60 to 64 years
7970,20429,0.6581428233800852,0.5714285714285714,0.4109851128715303,60 to 64 years
7971,21136,0.6867142519515138,0.8571428571428571,0.6660204209568923,60 to 64 years
7972,28321,0.700999966237228,1.0,0.748087811021009,60 to 64 years
7973,23666,0.6724285376657995,0.7142857142857142,0.8121860511926857,60 to 64 years
7974,25323,0.700999966237228,1.0,0.15370499217872519,60 to 64 years
7975,21921,0.13387989496637764,0.14285714285714285,0.8725308903734581,60 to 64 years
7976,21050,0.700999966237228,1.0,0.4655038842610881,60 to 64 years
7977,28416,0.12012188375274822,0.2857142857142857,0.0600250672926162,60 to 64 years
7978,27674,0.18450779150181248,0.5714285714285714,0.20615900408054422,60 to 64 years
7979,27084,0.31229257909638364,0.14285714285714285,0.9877509330410392,60 to 64 years
7980,22268,0.22548083671759142,0.2857142857142857,0.11580129424339553,60 to 64 years
7981,22120,0.6295713948086566,0.2857142857142857,0.5342841165479202,60 to 64 years
7982,20938,0.6867142519515138,0.8571428571428571,0.2564147641641087,60 to 64 years
7983,23598,0.26234674118945145,0.2857142857142857,0.6228197218744823,60 to 64 years
7984,27338,0.6581428233800852,0.5714285714285714,0.6163499305378479,60 to 64 years
7985,29546,0.6724285376657995,0.7142857142857142,0.7306249159787965,60 to 64 years
7986,27707,0.700999966237228,1.0,0.5032462810229699,60 to 64 years
7987,27243,0.6581428233800852,0.5714285714285714,0.6441631075377663,60 to 64 years
7988,27350,0.6867142519515138,0.8571428571428571,0.38714533460676637,60 to 64 years
7989,22649,0.6295713948086566,0.2857142857142857,0.4029819889295931,60 to 64 years
7990,21800,0.6867142519515138,0.8571428571428571,0.6758768312679558,60 to 64 years
7991,21963,0.6867142519515138,0.8571428571428571,0.14377539978970366,60 to 64 years
7992,27599,0.6581428233800852,0.5714285714285714,0.4765214816321805,60 to 64 years
7993,25965,0.5594845936084963,0.2857142857142857,0.430717093500934,60 to 64 years
7994,26686,0.6581428233800852,0.5714285714285714,0.2641962806648089,60 to 64 years
7995,28208,0.700999966237228,1.0,0.5307046120027109,60 to 64 years
7996,20549,0.6581428233800852,0.5714285714285714,0.7479564158382036,60 to 64 years
7997,29883,0.700999966237228,1.0,0.7565449472416284,60 to 64 years
7998,20968,0.2044197815286922,0.14285714285714285,0.5977310747787593,60 to 64 years
7999,27013,0.700999966237228,1.0,0.8613679139435206,60 to 64 years
8000,29820,0.6295713948086566,0.2857142857142857,0.7445508554097056,60 to 64 years
8001,22233,0.6867142519515138,0.8571428571428571,0.4042131517571651,60 to 64 years
8002,24899,0.6581428233800852,0.5714285714285714,0.483183396511718,60 to 64 years
8003,26606,0.6867142519515138,0.8571428571428571,0.2813875896380724,60 to 64 years
8004,23508,0.5589929820454201,0.2857142857142857,0.7813070576840455,60 to 64 years
8005,24852,0.6581428233800852,0.5714285714285714,0.7393370875855503,60 to 64 years
8006,24111,0.6152856805229423,0.14285714285714285,0.6971292285918504,60 to 64 years
8007,24434,0.6581428233800852,0.5714285714285714,0.23200687990168967,60 to 64 years
8008,24879,0.6295713948086566,0.2857142857142857,0.8810350414063808,60 to 64 years
8009,21754,0.6295713948086566,0.2857142857142857,0.8046051043214992,60 to 64 years
8010,29256,0.6867142519515138,0.8571428571428571,0.4703635418474815,60 to 64 years
8011,26909,0.6867142519515138,0.8571428571428571,0.5511366043181923,60 to 64 years
8012,27708,0.6581428233800852,0.5714285714285714,0.7044652094344203,60 to 64 years
8013,28783,0.6581428233800852,0.5714285714285714,0.9632838021879659,60 to 64 years
8014,26477,0.6581428233800852,0.5714285714285714,0.1065958172356925,60 to 64 years
8015,29144,0.6295713948086566,0.2857142857142857,0.5647294526128512,60 to 64 years
8016,29774,0.6867142519515138,0.8571428571428571,0.5222947221583577,60 to 64 years
8017,24000,0.1683798879700054,0.42857142857142855,0.9824802508473875,60 to 64 years
8018,29511,0.6295713948086566,0.2857142857142857,0.3164925972442449,60 to 64 years
8019,27743,0.08843029787178666,0.42857142857142855,0.8389119284410786,60 to 64 years
8020,20726,0.6867142519515138,0.8571428571428571,0.4823276764269935,60 to 64 years
8021,28117,0.6438571090943709,0.42857142857142855,0.8093127765436987,60 to 64 years
8022,23472,0.6438571090943709,0.42857142857142855,0.6911544678476395,60 to 64 years
8023,29226,0.6867142519515138,0.8571428571428571,0.6843165757594293,60 to 64 years
8024,25452,0.6295713948086566,0.2857142857142857,0.9864142584707035,60 to 64 years
8025,21156,0.6581428233800852,0.5714285714285714,0.28600744990633864,60 to 64 years
8026,28051,0.3799110548347154,0.2857142857142857,0.7977722731991062,60 to 64 years
8027,21575,0.6581428233800852,0.5714285714285714,0.34435290813394703,60 to 64 years
8028,25086,0.6295713948086566,0.2857142857142857,0.9771682717337495,60 to 64 years
8029,21996,0.20287057542974032,0.14285714285714285,0.4621062229894865,60 to 64 years
8030,29009,0.6295713948086566,0.2857142857142857,0.6394992716314737,60 to 64 years
8031,27844,0.6295713948086566,0.2857142857142857,0.5730624830339592,60 to 64 years
8032,20273,0.700999966237228,1.0,0.6081619368499795,60 to 64 years
8033,23077,0.6867142519515138,0.8571428571428571,0.4662431750743816,60 to 64 years
8034,25214,0.6581428233800852,0.5714285714285714,0.7772001162071522,60 to 64 years
8035,29715,0.6295713948086566,0.2857142857142857,0.2678838624027947,60 to 64 years
8036,28048,0.6295713948086566,0.2857142857142857,0.872080303753018,60 to 64 years
8037,20528,0.3755832211491932,0.2857142857142857,0.7645457198037101,60 to 64 years
8038,29351,0.700999966237228,1.0,0.5042984747989849,60 to 64 years
8039,28612,0.700999966237228,1.0,0.20716226521408476,60 to 64 years
8040,29054,0.6152856805229423,0.14285714285714285,0.5467984532089151,60 to 64 years
8041,23244,0.6867142519515138,0.8571428571428571,0.7155805838494057,60 to 64 years
8042,28867,0.6581428233800852,0.5714285714285714,0.17741402757857272,60 to 64 years
8043,20103,0.3150185999199688,0.2857142857142857,0.34616378649329216,60 to 64 years
8044,21255,0.6581428233800852,0.5714285714285714,0.8060544762418149,60 to 64 years
8045,23619,0.23763189622596634,0.14285714285714285,0.5774851773033673,60 to 64 years
8046,24285,0.6581428233800852,0.5714285714285714,0.6730833729926375,60 to 64 years
8047,28177,0.6295713948086566,0.2857142857142857,0.2974889416683696,60 to 64 years
8048,25895,0.6295713948086566,0.2857142857142857,0.6451888605730693,60 to 64 years
8049,29097,0.27415703115891216,0.42857142857142855,0.30175468917042625,60 to 64 years
8050,21863,0.6867142519515138,0.8571428571428571,0.6494279832754803,60 to 64 years
8051,29446,0.3050391583602405,0.42857142857142855,0.7206769163595177,60 to 64 years
8052,21059,0.6295713948086566,0.2857142857142857,0.20085050989507847,60 to 64 years
8053,28313,0.6581428233800852,0.5714285714285714,0.7306981099683848,60 to 64 years
8054,25235,0.6581428233800852,0.5714285714285714,0.41124071554348385,60 to 64 years
8055,27863,0.700999966237228,1.0,0.12302750528173823,60 to 64 years
8056,24085,0.3801404800647807,0.5714285714285714,0.5367164525789622,60 to 64 years
8057,26311,0.3286981035921143,0.5714285714285714,0.49977729817876204,60 to 64 years
8058,27521,0.6581428233800852,0.5714285714285714,0.8829632561981879,60 to 64 years
8059,28273,0.700999966237228,1.0,0.16933739135435044,60 to 64 years
8060,21992,0.40926695820812337,0.14285714285714285,0.8872271282202218,60 to 64 years
8061,21362,0.6581428233800852,0.5714285714285714,0.9052807973249003,60 to 64 years
8062,29137,0.18213147787086845,0.7142857142857142,0.26234468927336746,60 to 64 years
8063,21494,0.700999966237228,1.0,0.8663594312120679,60 to 64 years
8064,23081,0.6867142519515138,0.8571428571428571,0.3333495313395912,60 to 64 years
8065,22738,0.700999966237228,1.0,0.9660719028610717,60 to 64 years
8066,22477,0.6295713948086566,0.2857142857142857,0.5946452276081134,60 to 64 years
8067,26219,0.700999966237228,1.0,0.6752143109526433,60 to 64 years
8068,26224,0.6295713948086566,0.2857142857142857,0.7634648140749166,60 to 64 years
8069,27362,0.6295713948086566,0.2857142857142857,0.6251263702803579,60 to 64 years
8070,29581,0.6867142519515138,0.8571428571428571,0.6569798126327652,60 to 64 years
8071,22620,0.6295713948086566,0.2857142857142857,0.43794468249076884,60 to 64 years
8072,21981,0.6152856805229423,0.14285714285714285,0.4974555107424049,60 to 64 years
8073,29108,0.0013255436909835007,1.0,0.00032671518968774294,60 to 64 years
8074,22868,0.6867142519515138,0.8571428571428571,0.8642223677468412,60 to 64 years
8075,25647,0.11588508914481667,0.14285714285714285,0.41702356819393605,60 to 64 years
8076,24093,0.2991081783731326,0.14285714285714285,0.4657610920887353,60 to 64 years
8077,21918,0.700999966237228,1.0,0.3026500760994887,60 to 64 years
8078,22188,0.6295713948086566,0.2857142857142857,0.8613335055340561,60 to 64 years
8079,29748,0.6867142519515138,0.8571428571428571,0.44735174208367845,60 to 64 years
8080,24221,0.6867142519515138,0.8571428571428571,0.46721979007499626,60 to 64 years
8081,27480,0.6581428233800852,0.5714285714285714,0.975651299638699,60 to 64 years
8082,21337,0.6295713948086566,0.2857142857142857,0.7750151673320277,60 to 64 years
8083,24281,0.6867142519515138,0.8571428571428571,0.12067038556702203,60 to 64 years
8084,21245,0.700999966237228,1.0,0.8829627635537747,60 to 64 years
8085,23087,0.6581428233800852,0.5714285714285714,0.7832075927886288,60 to 64 years
8086,21648,0.6867142519515138,0.8571428571428571,0.45653104018442264,60 to 64 years
8087,23252,0.6581428233800852,0.5714285714285714,0.9059092665670478,60 to 64 years
8088,26808,0.6724285376657995,0.7142857142857142,0.8590323891227796,60 to 64 years
8089,28466,0.6295713948086566,0.2857142857142857,0.11066802130903752,60 to 64 years
8090,22443,0.6724285376657995,0.7142857142857142,0.1705151341771034,60 to 64 years
8091,23121,0.10680510814994573,0.2857142857142857,0.33407627668559203,60 to 64 years
8092,21825,0.6581428233800852,0.5714285714285714,0.11595089860206709,60 to 64 years
8093,28832,0.700999966237228,1.0,0.5229001280840885,60 to 64 years
8094,25842,0.11020748531580846,0.5714285714285714,0.08298935938917373,60 to 64 years
8095,22553,0.6295713948086566,0.2857142857142857,0.4483182310318832,60 to 64 years
8096,26834,0.6867142519515138,0.8571428571428571,0.594155116595293,60 to 64 years
8097,23960,0.6581428233800852,0.5714285714285714,0.47622926670934257,60 to 64 years
8098,29159,0.6867142519515138,0.8571428571428571,0.8790333178274925,60 to 64 years
8099,25805,0.6581428233800852,0.5714285714285714,0.2919488379821189,60 to 64 years
8100,24067,0.6438571090943709,0.42857142857142855,0.5173139447804938,60 to 64 years
8101,28593,0.6867142519515138,0.8571428571428571,0.08858551076591636,60 to 64 years
8102,29823,0.4908026684137745,0.5714285714285714,0.192001928556925,60 to 64 years
8103,27289,0.6581428233800852,0.5714285714285714,0.5474043968372331,60 to 64 years
8104,22792,0.6581428233800852,0.5714285714285714,0.30277966619886193,60 to 64 years
8105,24835,0.6581428233800852,0.5714285714285714,0.3921856884797651,60 to 64 years
8106,22659,0.6438571090943709,0.42857142857142855,0.6286184135391553,60 to 64 years
8107,27789,0.700999966237228,1.0,0.8938455307825689,60 to 64 years
8108,22866,0.6724285376657995,0.7142857142857142,0.7418462252694447,60 to 64 years
8109,29864,0.700999966237228,1.0,0.28655438302848973,60 to 64 years
8110,27659,0.6724285376657995,0.7142857142857142,0.5506211712907385,60 to 64 years
8111,28362,0.6295713948086566,0.2857142857142857,0.8274870923716278,60 to 64 years
8112,20830,0.20740176934025914,0.2857142857142857,0.2903046883749026,60 to 64 years
8113,23683,0.6867142519515138,0.8571428571428571,0.4089000150005777,60 to 64 years
8114,20200,0.6581428233800852,0.5714285714285714,0.3807718755367935,60 to 64 years
8115,20577,0.6581428233800852,0.5714285714285714,0.0839154300927415,60 to 64 years
8116,29366,0.6581428233800852,0.5714285714285714,0.9911994531811013,60 to 64 years
8117,28000,0.6581428233800852,0.5714285714285714,0.3716970191986976,60 to 64 years
8118,28102,0.6581428233800852,0.5714285714285714,0.8095531839047123,60 to 64 years
8119,22085,0.6438571090943709,0.42857142857142855,0.5283097327907806,60 to 64 years
8120,29750,0.6295713948086566,0.2857142857142857,0.4040203787082759,60 to 64 years
8121,20416,0.6295713948086566,0.2857142857142857,0.20489390702830784,60 to 64 years
8122,20893,0.6867142519515138,0.8571428571428571,0.12420150789242862,60 to 64 years
8123,23781,0.6295713948086566,0.2857142857142857,0.8377992931630859,60 to 64 years
8124,22466,0.20769106358826775,1.0,0.003656522742290891,60 to 64 years
8125,26987,0.36178679805506303,0.5714285714285714,0.263134688280473,60 to 64 years
8126,25564,0.6867142519515138,0.8571428571428571,0.8883966613023964,60 to 64 years
8127,21355,0.6724285376657995,0.7142857142857142,0.5970452969622022,60 to 64 years
8128,24095,0.20379320664587672,0.2857142857142857,0.7863831933124288,60 to 64 years
8129,29237,0.06740395318626266,0.2857142857142857,0.5980037546258651,60 to 64 years
8130,20007,0.6867142519515138,0.8571428571428571,0.8905376953345937,60 to 64 years
8131,28266,0.6295713948086566,0.2857142857142857,0.7006883688348107,60 to 64 years
8132,23226,0.6295713948086566,0.2857142857142857,0.4678408940512184,60 to 64 years
8133,22056,0.6867142519515138,0.8571428571428571,0.4760478107257845,60 to 64 years
8134,23008,0.6867142519515138,0.8571428571428571,0.024821996409637892,60 to 64 years
8135,24945,0.2563204087997869,0.14285714285714285,0.46606254121501184,60 to 64 years
8136,24715,0.6724285376657995,0.7142857142857142,0.3602232887756617,60 to 64 years
8137,25600,0.6867142519515138,0.8571428571428571,0.46709333585376767,60 to 64 years
8138,22118,0.700999966237228,1.0,0.7781950234427297,60 to 64 years
8139,26039,0.6438571090943709,0.42857142857142855,0.15004362684704797,60 to 64 years
8140,22562,0.6581428233800852,0.5714285714285714,0.524331253545366,60 to 64 years
8141,29631,0.6867142519515138,0.8571428571428571,0.10929860159207022,60 to 64 years
8142,23671,0.6438571090943709,0.42857142857142855,0.6349338582963168,60 to 64 years
8143,22835,0.6867142519515138,0.8571428571428571,0.4186962174754239,60 to 64 years
8144,25628,0.6867142519515138,0.8571428571428571,0.8559629059074708,60 to 64 years
8145,24460,0.6581428233800852,0.5714285714285714,0.846085820608429,60 to 64 years
8146,22945,0.6295713948086566,0.2857142857142857,0.5345596403308642,60 to 64 years
8147,26007,0.6867142519515138,0.8571428571428571,0.2690573196807293,60 to 64 years
8148,29426,0.4978667856577189,0.2857142857142857,0.5775673088765092,60 to 64 years
8149,21243,0.6295713948086566,0.2857142857142857,0.6565935371438261,60 to 64 years
8150,25033,0.700999966237228,1.0,0.34659005352906236,60 to 64 years
8151,28967,0.6581428233800852,0.5714285714285714,0.2585425739837439,60 to 64 years
8152,27052,0.700999966237228,1.0,0.816738930075023,60 to 64 years
8153,22992,0.6867142519515138,0.8571428571428571,0.4902301455668222,60 to 64 years
8154,23083,0.6581428233800852,0.5714285714285714,0.4960851759076141,60 to 64 years
8155,29339,0.6295713948086566,0.2857142857142857,0.5345558092159806,60 to 64 years
8156,25072,0.6295713948086566,0.2857142857142857,0.4771610144414964,60 to 64 years
8157,25849,0.07666825941595147,0.14285714285714285,0.8158209020009234,60 to 64 years
8158,21191,0.6867142519515138,0.8571428571428571,0.5639437053434538,60 to 64 years
8159,21283,0.21065123441415065,0.2857142857142857,0.18077075121831748,60 to 64 years
8160,23223,0.6867142519515138,0.8571428571428571,0.5125448667381078,60 to 64 years
8161,20382,0.6867142519515138,0.8571428571428571,0.35837729241185856,60 to 64 years
8162,24117,0.5660507163123383,0.14285714285714285,0.8548088037025078,60 to 64 years
8163,20997,0.6867142519515138,0.8571428571428571,0.4146764733974938,60 to 64 years
8164,27695,0.6295713948086566,0.2857142857142857,0.8538575809127995,60 to 64 years
8165,21435,0.6581428233800852,0.5714285714285714,0.9994894415300175,60 to 64 years
8166,27399,0.6295713948086566,0.2857142857142857,0.6493586400674639,60 to 64 years
8167,27316,0.6581428233800852,0.5714285714285714,0.6998114013451145,60 to 64 years
8168,23961,0.6724285376657995,0.7142857142857142,0.583903272663835,60 to 64 years
8169,20446,0.6867142519515138,0.8571428571428571,0.7768760453247525,60 to 64 years
8170,23420,0.6438571090943709,0.42857142857142855,0.46695873124465687,60 to 64 years
8171,26358,0.6295713948086566,0.2857142857142857,0.7455230917127313,60 to 64 years
8172,22930,0.6295713948086566,0.2857142857142857,0.8957556296617681,60 to 64 years
8173,20936,0.6867142519515138,0.8571428571428571,0.018431178751653343,60 to 64 years
8174,22737,0.1374523892932827,0.5714285714285714,0.3801836098573147,60 to 64 years
8175,27360,0.18545005663153982,0.5714285714285714,0.01079140344255658,60 to 64 years
8176,21118,0.700999966237228,1.0,0.14690760810324083,60 to 64 years
8177,26293,0.6867142519515138,0.8571428571428571,0.43500218899048837,60 to 64 years
8178,21711,0.6867142519515138,0.8571428571428571,0.6846020587747434,60 to 64 years
8179,28150,0.2928176276645462,0.42857142857142855,0.6222075658004312,60 to 64 years
8180,20947,0.6295713948086566,0.2857142857142857,0.700177779962954,60 to 64 years
8181,28778,0.6438571090943709,0.42857142857142855,0.5589619997687998,60 to 64 years
8182,28219,0.6581428233800852,0.5714285714285714,0.9923058739903662,60 to 64 years
8183,26227,0.6581428233800852,0.5714285714285714,0.29022971886306304,60 to 64 years
8184,22571,0.6867142519515138,0.8571428571428571,0.35011788432497953,60 to 64 years
8185,28708,0.700999966237228,1.0,0.5120789384021978,60 to 64 years
8186,29112,0.6867142519515138,0.8571428571428571,0.39236719224958194,60 to 64 years
8187,27090,0.6152856805229423,0.14285714285714285,0.8109439869624416,60 to 64 years
8188,29370,0.6581428233800852,0.5714285714285714,0.9595687729610318,60 to 64 years
8189,20912,0.6295713948086566,0.2857142857142857,0.5303931888113834,60 to 64 years
8190,29128,0.6581428233800852,0.5714285714285714,0.743059514299303,60 to 64 years
8191,28464,0.6295713948086566,0.2857142857142857,0.8960310106191116,60 to 64 years
8192,21027,0.0925691693439015,0.5714285714285714,0.2532450047781288,60 to 64 years
8193,21020,0.6581428233800852,0.5714285714285714,0.25538469480904213,60 to 64 years
8194,26730,0.10155946718918626,0.5714285714285714,0.12372819610380287,60 to 64 years
8195,25027,0.6581428233800852,0.5714285714285714,0.616541429961394,60 to 64 years
8196,25807,0.17544161736600652,0.2857142857142857,0.6087835117878341,65 to 69 years
8197,22458,0.6351425434238108,0.5714285714285714,0.604214188291168,65 to 69 years
8198,27233,0.21169589669582753,0.5714285714285714,0.4244125962339524,65 to 69 years
8199,22802,0.3328515070121054,0.42857142857142855,0.7802803947681487,65 to 69 years
8200,22453,0.45854606273956633,0.5714285714285714,0.9467422458596784,65 to 69 years
8201,25403,0.6351425434238108,0.5714285714285714,0.42819781680839647,65 to 69 years
8202,20512,0.6351425434238108,0.5714285714285714,0.9979087306815183,65 to 69 years
8203,28276,0.532211183109766,0.5714285714285714,0.0045138131382542745,65 to 69 years
8204,29078,0.6351425434238108,0.5714285714285714,0.9689784016147673,65 to 69 years
8205,22579,0.6351425434238108,0.5714285714285714,0.4110932166912676,65 to 69 years
8206,20290,0.6351425434238108,0.5714285714285714,0.300787688992388,65 to 69 years
8207,28961,0.6351425434238108,0.5714285714285714,0.3832381779892461,65 to 69 years
8208,23898,0.22818281251383882,0.5714285714285714,0.47793412192188284,65 to 69 years
8209,21907,0.05699045062329197,0.2857142857142857,0.5756329219593568,65 to 69 years
8210,27237,0.3072821825562881,0.2857142857142857,0.2052433925450765,65 to 69 years
8211,25401,0.6208568291380965,0.42857142857142855,0.6656031683036954,65 to 69 years
8212,27934,0.2815846019449317,0.2857142857142857,0.3687849614453006,65 to 69 years
8213,21832,0.2813182049603102,0.8571428571428571,0.09318805381590534,65 to 69 years
8214,23731,0.14911624298402557,0.5714285714285714,0.32709277924131314,65 to 69 years
8215,23314,0.2437355240647567,0.5714285714285714,0.3124732814098353,65 to 69 years
8216,21171,0.3651708847241442,0.42857142857142855,0.3637595751964682,65 to 69 years
8217,22212,0.6637139719952394,0.8571428571428571,0.6334056621615497,65 to 69 years
8218,25854,0.6779996862809536,1.0,0.11384909465816678,65 to 69 years
8219,21140,0.6351425434238108,0.5714285714285714,0.5283793502596551,65 to 69 years
8220,28567,0.6779996862809536,1.0,0.8939136993756334,65 to 69 years
8221,29125,0.6065711148523822,0.2857142857142857,0.4596659776079566,65 to 69 years
8222,23578,0.20315967565796467,0.5714285714285714,0.6379439225562277,65 to 69 years
8223,26076,0.2312533101358803,0.2857142857142857,0.5061167151613312,65 to 69 years
8224,27256,0.6637139719952394,0.8571428571428571,0.24468783466104793,65 to 69 years
8225,22500,0.6351425434238108,0.5714285714285714,0.6689624001461292,65 to 69 years
8226,25596,0.2978590978045235,0.2857142857142857,0.775891113509684,65 to 69 years
8227,25712,0.6065711148523822,0.2857142857142857,0.701542567828658,65 to 69 years
8228,23158,0.11689151883650141,0.2857142857142857,0.6067849248111475,65 to 69 years
8229,25300,0.6637139719952394,0.8571428571428571,0.25653844702158285,65 to 69 years
8230,28807,0.6208568291380965,0.42857142857142855,0.7527452565569779,65 to 69 years
8231,26336,0.6065711148523822,0.2857142857142857,0.7597163931819314,65 to 69 years
8232,26577,0.6637139719952394,0.8571428571428571,0.4701086628484383,65 to 69 years
8233,26109,0.6208568291380965,0.42857142857142855,0.48202870136264697,65 to 69 years
8234,28845,0.6637139719952394,0.8571428571428571,0.7536015073973086,65 to 69 years
8235,22157,0.6351425434238108,0.5714285714285714,0.33214367902978037,65 to 69 years
8236,26593,0.26414699523654167,0.2857142857142857,0.29887397740874866,65 to 69 years
8237,22429,0.6208568291380965,0.42857142857142855,0.6686721797191237,65 to 69 years
8238,23223,0.6637139719952394,0.8571428571428571,0.5125448667381078,65 to 69 years
8239,27433,0.6351425434238108,0.5714285714285714,0.4575706196826995,65 to 69 years
8240,20824,0.6208568291380965,0.42857142857142855,0.8714316621332265,65 to 69 years
8241,29890,0.6351425434238108,0.5714285714285714,0.6843915121677657,65 to 69 years
8242,29540,0.6494282577095251,0.7142857142857142,0.533126017615137,65 to 69 years
8243,24580,0.19875835703022485,0.42857142857142855,0.39698065384908043,65 to 69 years
8244,25189,0.6779996862809536,1.0,0.6946427848365707,65 to 69 years
8245,29966,0.6065711148523822,0.2857142857142857,0.4674703535337018,65 to 69 years
8246,28449,0.6494282577095251,0.7142857142857142,0.14940227894751024,65 to 69 years
8247,22130,0.6351425434238108,0.5714285714285714,0.8658656153689405,65 to 69 years
8248,23176,0.6637139719952394,0.8571428571428571,0.21267554661122567,65 to 69 years
8249,23390,0.2736613378443981,0.2857142857142857,0.9443966672820959,65 to 69 years
8250,21160,0.11008355476589102,0.14285714285714285,0.9959406156820716,65 to 69 years
8251,22184,0.14495897484234913,0.5714285714285714,0.19868639449821196,65 to 69 years
8252,21676,0.6494282577095251,0.7142857142857142,0.013153438661879457,65 to 69 years
8253,20954,0.6779996862809536,1.0,0.7221937144277406,65 to 69 years
8254,28424,0.3675729440317858,0.5714285714285714,0.3104456086021941,65 to 69 years
8255,22170,0.6637139719952394,0.8571428571428571,0.6021595538272844,65 to 69 years
8256,21925,0.6779996862809536,1.0,0.4001028601537838,65 to 69 years
8257,27447,0.18806745889907808,0.2857142857142857,0.38139716822818515,65 to 69 years
8258,26948,0.6065711148523822,0.2857142857142857,0.8651585622239344,65 to 69 years
8259,27316,0.6351425434238108,0.5714285714285714,0.6998114013451145,65 to 69 years
8260,21991,0.6208568291380965,0.42857142857142855,0.6455457439846198,65 to 69 years
8261,21751,0.6351425434238108,0.5714285714285714,0.9366865699557831,65 to 69 years
8262,25899,0.2473694670340075,0.2857142857142857,0.8145447098914465,65 to 69 years
8263,24635,0.6351425434238108,0.5714285714285714,0.31942657016873816,65 to 69 years
8264,25965,0.5364843136522219,0.2857142857142857,0.430717093500934,65 to 69 years
8265,26680,0.6637139719952394,0.8571428571428571,0.7652605324221443,65 to 69 years
8266,28264,0.6637139719952394,0.8571428571428571,0.7938201407442624,65 to 69 years
8267,26718,0.6351425434238108,0.5714285714285714,0.9511434748066907,65 to 69 years
8268,29389,0.33579118756629756,0.5714285714285714,0.9191276494447616,65 to 69 years
8269,26181,0.07694790601143071,0.14285714285714285,0.6355954232258743,65 to 69 years
8270,23152,0.6637139719952394,0.8571428571428571,0.6330923599273681,65 to 69 years
8271,23506,0.31530673008879906,0.2857142857142857,0.9609194972346071,65 to 69 years
8272,27870,0.14007255640911412,0.42857142857142855,0.4377280241152275,65 to 69 years
8273,26620,0.24745440971343538,0.2857142857142857,0.49910366201239525,65 to 69 years
8274,25423,0.6208568291380965,0.42857142857142855,0.0813535716334785,65 to 69 years
8275,29208,0.6637139719952394,0.8571428571428571,0.4134898180553332,65 to 69 years
8276,29395,0.6065711148523822,0.2857142857142857,0.9148397839083608,65 to 69 years
8277,27799,0.6351425434238108,0.5714285714285714,0.42770836394667944,65 to 69 years
8278,23812,0.6637139719952394,0.8571428571428571,0.34307963168654987,65 to 69 years
8279,26327,0.22793596655150325,0.5714285714285714,0.5532307738530265,65 to 69 years
8280,23762,0.6208568291380965,0.42857142857142855,0.5257291798270531,65 to 69 years
8281,25618,0.4147666029961927,0.14285714285714285,0.8192751435942863,65 to 69 years
8282,23109,0.6637139719952394,0.8571428571428571,0.877289869232101,65 to 69 years
8283,26422,0.6637139719952394,0.8571428571428571,0.2505181002132597,65 to 69 years
8284,29703,0.6208568291380965,0.42857142857142855,0.06620431866666909,65 to 69 years
8285,23847,0.6351425434238108,0.5714285714285714,0.942705361930037,65 to 69 years
8286,20683,0.6351425434238108,0.5714285714285714,0.7819374985263301,65 to 69 years
8287,26046,0.6637139719952394,0.8571428571428571,0.31247133627909274,65 to 69 years
8288,27052,0.6779996862809536,1.0,0.816738930075023,65 to 69 years
8289,23239,0.12952953515046942,0.7142857142857142,0.2696207525768642,65 to 69 years
8290,20884,0.6779996862809536,1.0,0.7306207622641445,65 to 69 years
8291,28911,0.28978712493811704,0.2857142857142857,0.6693715160575302,65 to 69 years
8292,22725,0.30641859840764346,0.2857142857142857,0.5641642018259736,65 to 69 years
8293,28571,0.6351425434238108,0.5714285714285714,0.2665945049154799,65 to 69 years
8294,25182,0.6351425434238108,0.5714285714285714,0.15562793003171538,65 to 69 years
8295,20728,0.6779996862809536,1.0,0.09580643493925156,65 to 69 years
8296,26844,0.6351425434238108,0.5714285714285714,0.6658012627659811,65 to 69 years
8297,26391,0.15501376694927346,0.14285714285714285,0.9039028291517651,65 to 69 years
8298,22754,0.2917012664888126,0.2857142857142857,0.75204301681077,65 to 69 years
8299,24394,0.6351425434238108,0.5714285714285714,0.5037020644322592,65 to 69 years
8300,27797,0.25524913757498446,0.42857142857142855,0.7857066281036855,65 to 69 years
8301,23735,0.3968113030502987,0.14285714285714285,0.495209887114989,65 to 69 years
8302,27339,0.6065711148523822,0.2857142857142857,0.37286833866368085,65 to 69 years
8303,29438,0.6637139719952394,0.8571428571428571,0.5063739246267682,65 to 69 years
8304,23462,0.6779996862809536,1.0,0.6743966272393647,65 to 69 years
8305,21711,0.6637139719952394,0.8571428571428571,0.6846020587747434,65 to 69 years
8306,28683,0.6779996862809536,1.0,0.03661320907442012,65 to 69 years
8307,23627,0.6351425434238108,0.5714285714285714,0.6046948928154109,65 to 69 years
8308,28017,0.6208568291380965,0.42857142857142855,0.17995692811906622,65 to 69 years
8309,20814,0.6637139719952394,0.8571428571428571,0.6108926112221875,65 to 69 years
8310,23873,0.2898807736772523,0.42857142857142855,0.3766708352022916,65 to 69 years
8311,26484,0.6494282577095251,0.7142857142857142,0.3276348221778229,65 to 69 years
8312,25524,0.6637139719952394,0.8571428571428571,0.12210925506205189,65 to 69 years
8313,22710,0.18542025928504416,1.0,0.019672256907020458,65 to 69 years
8314,21433,0.3690092210634288,0.2857142857142857,0.5343085781257197,65 to 69 years
8315,25651,0.6208568291380965,0.42857142857142855,0.48378429677933316,65 to 69 years
8316,23806,0.6351425434238108,0.5714285714285714,0.1971415728683547,65 to 69 years
8317,23746,0.6351425434238108,0.5714285714285714,0.6056509868030843,65 to 69 years
8318,20050,0.5922854005666679,0.14285714285714285,0.8973422494076151,65 to 69 years
8319,26614,0.6637139719952394,0.8571428571428571,0.31194393381740426,65 to 69 years
8320,21510,0.6637139719952394,0.8571428571428571,0.46030494149164514,65 to 69 years
8321,23142,0.6208568291380965,0.42857142857142855,0.431969729886152,65 to 69 years
8322,27721,0.17154768966861425,0.2857142857142857,0.47189197294462304,65 to 69 years
8323,29486,0.6065711148523822,0.2857142857142857,0.646145944603711,65 to 69 years
8324,26304,0.2279357329493759,0.2857142857142857,0.8848616425839235,65 to 69 years
8325,27978,0.49464416219206664,0.42857142857142855,0.4109708600767764,65 to 69 years
8326,24744,0.6351425434238108,0.5714285714285714,0.36344762066161385,65 to 69 years
8327,25502,0.18873858907490523,0.2857142857142857,0.5409846735303492,65 to 69 years
8328,21898,0.5922854005666679,0.14285714285714285,0.764307906342964,65 to 69 years
8329,23258,0.6779996862809536,1.0,0.5484417340198605,65 to 69 years
8330,20106,0.6351425434238108,0.5714285714285714,0.31615481608773877,65 to 69 years
8331,23740,0.6637139719952394,0.8571428571428571,0.08347248840874033,65 to 69 years
8332,22391,0.6637139719952394,0.8571428571428571,0.7771948953080355,65 to 69 years
8333,21648,0.6637139719952394,0.8571428571428571,0.45653104018442264,65 to 69 years
8334,20193,0.6637139719952394,0.8571428571428571,0.41726615376665666,65 to 69 years
8335,22879,0.29520700282007234,0.42857142857142855,0.22285953671838532,65 to 69 years
8336,23990,0.1777016890264418,0.2857142857142857,0.44706661575709794,65 to 69 years
8337,21086,0.6351425434238108,0.5714285714285714,0.21081944569058464,65 to 69 years
8338,23014,0.6065711148523822,0.2857142857142857,0.9225188627614005,65 to 69 years
8339,20377,0.6351425434238108,0.5714285714285714,0.4402585301805723,65 to 69 years
8340,27033,0.6637139719952394,0.8571428571428571,0.08615990996433365,65 to 69 years
8341,28664,0.6351425434238108,0.5714285714285714,0.6374943692483869,65 to 69 years
8342,28246,0.6637139719952394,0.8571428571428571,0.41390892866616474,65 to 69 years
8343,28367,0.6065711148523822,0.2857142857142857,0.7086670763566376,65 to 69 years
8344,22817,0.07136510972270871,0.2857142857142857,0.19323526397685692,65 to 69 years
8345,20123,0.6637139719952394,0.8571428571428571,0.32591681346186296,65 to 69 years
8346,20817,0.6208568291380965,0.42857142857142855,0.2338563475478635,65 to 69 years
8347,22211,0.6351425434238108,0.5714285714285714,0.6149750517634196,65 to 69 years
8348,25289,0.39776309551144134,0.5714285714285714,0.11236315965728016,65 to 69 years
8349,23000,0.3176175304614935,0.2857142857142857,0.4829679777890641,65 to 69 years
8350,26457,0.40028649387604875,0.2857142857142857,0.7833494179192918,65 to 69 years
8351,26103,0.6779996862809536,1.0,0.17171215628467285,65 to 69 years
8352,27467,0.6065711148523822,0.2857142857142857,0.8018281752888547,65 to 69 years
8353,20823,0.4637305562833575,0.2857142857142857,0.30064818459299203,65 to 69 years
8354,24339,0.6637139719952394,0.8571428571428571,0.6978283170692572,65 to 69 years
8355,29801,0.33763797169932364,0.5714285714285714,0.29653098433910163,65 to 69 years
8356,23365,0.06078368591969319,0.2857142857142857,0.49891075060479995,65 to 69 years
8357,26629,0.6494282577095251,0.7142857142857142,0.8185415376165857,65 to 69 years
8358,25716,0.6351425434238108,0.5714285714285714,0.741148566129582,65 to 69 years
8359,24624,0.6637139719952394,0.8571428571428571,0.689423235051401,65 to 69 years
8360,20343,0.6637139719952394,0.8571428571428571,0.9221858087288131,65 to 69 years
8361,26995,0.24724509563228061,0.2857142857142857,0.9382442830706771,65 to 69 years
8362,22049,0.2477303285285273,0.2857142857142857,0.9936970957966558,65 to 69 years
8363,26752,0.6779996862809536,1.0,0.9139767353500898,65 to 69 years
8364,21075,0.6351425434238108,0.5714285714285714,0.5237976486854785,65 to 69 years
8365,28617,0.6351425434238108,0.5714285714285714,0.7160309473246202,65 to 69 years
8366,25220,0.6065711148523822,0.2857142857142857,0.6208813423347443,65 to 69 years
8367,21154,0.08989013543290755,0.2857142857142857,0.4515046509808671,65 to 69 years
8368,23482,0.3142162644460098,0.2857142857142857,0.6528427829463386,65 to 69 years
8369,23653,0.6779996862809536,1.0,0.9812608870071253,65 to 69 years
8370,28404,0.6351425434238108,0.5714285714285714,0.5205557374985695,65 to 69 years
8371,24063,0.6779996862809536,1.0,0.4611004860392201,65 to 69 years
8372,26251,0.6637139719952394,0.8571428571428571,0.13898251470805462,65 to 69 years
8373,20761,0.6637139719952394,0.8571428571428571,0.15400684089204608,65 to 69 years
8374,20601,0.0883835676323172,0.2857142857142857,0.2791449645398134,65 to 69 years
8375,29507,0.6779996862809536,1.0,0.7473601592048171,65 to 69 years
8376,21292,0.6065711148523822,0.2857142857142857,0.9661472296953181,65 to 69 years
8377,28785,0.6637139719952394,0.8571428571428571,0.2734786288089183,65 to 69 years
8378,22320,0.6637139719952394,0.8571428571428571,0.9498456791359028,65 to 69 years
8379,21212,0.6065711148523822,0.2857142857142857,0.45934657933657597,65 to 69 years
8380,22447,0.6637139719952394,0.8571428571428571,0.37032135126363397,65 to 69 years
8381,28058,0.04931280574126306,0.2857142857142857,0.9288542465380276,65 to 69 years
8382,26934,0.6351425434238108,0.5714285714285714,0.7209439026515163,65 to 69 years
8383,27792,0.6351425434238108,0.5714285714285714,0.688016846686167,65 to 69 years
8384,21198,0.13921172157269113,0.5714285714285714,0.01976558315542265,65 to 69 years
8385,29285,0.6351425434238108,0.5714285714285714,0.5147341836760942,65 to 69 years
8386,29442,0.6351425434238108,0.5714285714285714,0.6703484244684581,65 to 69 years
8387,21760,0.1407383085138864,0.2857142857142857,0.7837136858141266,65 to 69 years
8388,29037,0.6351425434238108,0.5714285714285714,0.7730148824270829,65 to 69 years
8389,24170,0.4376061453219642,0.14285714285714285,0.375633488353437,65 to 69 years
8390,25906,0.6351425434238108,0.5714285714285714,0.9940154358333491,65 to 69 years
8391,21456,0.24759985696215,0.2857142857142857,0.2289866694526203,65 to 69 years
8392,23514,0.6351425434238108,0.5714285714285714,0.592130361353464,65 to 69 years
8393,22057,0.07814704502272904,0.2857142857142857,0.7250057663711251,65 to 69 years
8394,29610,0.6208568291380965,0.42857142857142855,0.9186238490683958,65 to 69 years
8395,28186,0.6637139719952394,0.8571428571428571,0.051539793026184666,65 to 69 years
8396,29667,0.19131100822307323,0.2857142857142857,0.6408214387709152,65 to 69 years
8397,25071,0.15139609738278692,0.2857142857142857,0.2419964356884513,65 to 69 years
8398,28362,0.15932312803689808,0.2857142857142857,0.8274870923716278,65 to 69 years
8399,26185,0.6637139719952394,0.8571428571428571,0.2957629132740706,65 to 69 years
8400,20613,0.6351425434238108,0.5714285714285714,0.12146306106760196,65 to 69 years
8401,22864,0.6065711148523822,0.2857142857142857,0.7807133098784105,65 to 69 years
8402,27331,0.6637139719952394,0.8571428571428571,0.5711911639467434,65 to 69 years
8403,28803,0.6637139719952394,0.8571428571428571,0.5283028219441372,65 to 69 years
8404,21081,0.19136923877280462,0.2857142857142857,0.6108785352004128,65 to 69 years
8405,29676,0.6208568291380965,0.42857142857142855,0.9674203560245451,65 to 69 years
8406,29087,0.6779996862809536,1.0,0.9703997752100753,65 to 69 years
8407,24618,0.19888911388465277,0.42857142857142855,0.1844420285179748,65 to 69 years
8408,29275,0.28166353822555806,0.2857142857142857,0.9081873368145912,65 to 69 years
8409,25304,0.6637139719952394,0.8571428571428571,0.5687823944024228,65 to 69 years
8410,21982,0.6208568291380965,0.42857142857142855,0.4882772211009511,65 to 69 years
8411,25373,0.6208568291380965,0.42857142857142855,0.4991975956953945,65 to 69 years
8412,25926,0.6637139719952394,0.8571428571428571,0.34173350863027313,65 to 69 years
8413,27166,0.6779996862809536,1.0,0.6281031249966627,65 to 69 years
8414,25375,0.6637139719952394,0.8571428571428571,0.15560229090802696,65 to 69 years
8415,24438,0.6637139719952394,0.8571428571428571,0.5543797226473396,65 to 69 years
8416,23214,0.6637139719952394,0.8571428571428571,0.5193294045201009,65 to 69 years
8417,27276,0.6779996862809536,1.0,0.725363673983668,65 to 69 years
8418,27640,0.18822506382994053,0.2857142857142857,0.6599659765658812,65 to 69 years
8419,27105,0.6637139719952394,0.8571428571428571,0.8295316559676353,65 to 69 years
8420,23151,0.3557072511064644,0.5714285714285714,0.08812077659040446,65 to 69 years
8421,24076,0.19255388452366265,0.2857142857142857,0.9888689134108125,65 to 69 years
8422,26836,0.6065711148523822,0.2857142857142857,0.8222480491410098,65 to 69 years
8423,25205,0.6637139719952394,0.8571428571428571,0.33431871290762005,65 to 69 years
8424,25131,0.19106510215455141,0.42857142857142855,0.47903363652012027,65 to 69 years
8425,26038,0.6351425434238108,0.5714285714285714,0.433402829215474,65 to 69 years
8426,26044,0.6779996862809536,1.0,0.4589333941102044,65 to 69 years
8427,26793,0.015002983354536722,0.14285714285714285,0.6392242786027195,65 to 69 years
8428,29083,0.6065711148523822,0.2857142857142857,0.5322768586629113,65 to 69 years
8429,21626,0.2589065829798714,0.5714285714285714,0.8358544583971153,65 to 69 years
8430,25861,0.6065711148523822,0.2857142857142857,0.8506738960334519,65 to 69 years
8431,28351,0.12844421769387618,0.2857142857142857,0.539109439653017,65 to 69 years
8432,29777,0.6637139719952394,0.8571428571428571,0.39285070059213323,65 to 69 years
8433,21041,0.13814034887605992,0.42857142857142855,0.27366454223843384,65 to 69 years
8434,28280,0.3135286878478373,0.2857142857142857,0.5209904264505505,65 to 69 years
8435,26550,0.6351425434238108,0.5714285714285714,0.5848817738284555,65 to 69 years
8436,25640,0.6637139719952394,0.8571428571428571,0.3164559799355168,65 to 69 years
8437,20005,0.26029489578692033,0.2857142857142857,0.8493130743635601,65 to 69 years
8438,23231,0.6065711148523822,0.2857142857142857,0.8527094698672665,65 to 69 years
8439,29709,0.6351425434238108,0.5714285714285714,0.48176328608777735,65 to 69 years
8440,29725,0.6065711148523822,0.2857142857142857,0.5699297778762386,65 to 69 years
8441,27399,0.6065711148523822,0.2857142857142857,0.6493586400674639,65 to 69 years
8442,24455,0.6637139719952394,0.8571428571428571,0.5476884822032771,65 to 69 years
8443,24844,0.6351425434238108,0.5714285714285714,0.0559185579925221,65 to 69 years
8444,28413,0.20211931137369302,0.42857142857142855,0.4287192519071065,65 to 69 years
8445,24125,0.11464088823865065,0.42857142857142855,0.4607400275984771,65 to 69 years
8446,28172,0.6351425434238108,0.5714285714285714,0.19207126944321956,65 to 69 years
8447,21843,0.6208568291380965,0.42857142857142855,0.6192205446028427,65 to 69 years
8448,21926,0.6637139719952394,0.8571428571428571,0.7079572148828163,65 to 69 years
8449,28632,0.6637139719952394,0.8571428571428571,0.8810727240151519,65 to 69 years
8450,27512,0.6637139719952394,0.8571428571428571,0.823360845129216,65 to 69 years
8451,21678,0.6779996862809536,1.0,0.7175539271948286,65 to 69 years
8452,24651,0.6779996862809536,1.0,0.06528002014470952,65 to 69 years
8453,26705,0.14791453328955503,0.2857142857142857,0.5065286640860087,65 to 69 years
8454,28040,0.6779996862809536,1.0,0.7692965263796312,65 to 69 years
8455,23642,0.6208568291380965,0.42857142857142855,0.60655080405808,65 to 69 years
8456,29954,0.6351425434238108,0.5714285714285714,0.4575533765811406,65 to 69 years
8457,22553,0.6065711148523822,0.2857142857142857,0.4483182310318832,65 to 69 years
8458,28660,0.6065711148523822,0.2857142857142857,0.8418562512843921,65 to 69 years
8459,20104,0.6065711148523822,0.2857142857142857,0.9391889646104925,65 to 69 years
8460,29696,0.13760376165366137,0.42857142857142855,0.49622227191287865,65 to 69 years
8461,23060,0.040403399671612154,0.14285714285714285,0.6890380408002603,65 to 69 years
8462,20729,0.6351425434238108,0.5714285714285714,0.8869621213378354,65 to 69 years
8463,24410,0.6351425434238108,0.5714285714285714,0.7017897499181907,65 to 69 years
8464,29530,0.1930159126638167,0.2857142857142857,0.39410503564626376,65 to 69 years
8465,24962,0.6351425434238108,0.5714285714285714,0.6351210209237762,65 to 69 years
8466,29182,0.05589987773423552,0.2857142857142857,0.8891239657762384,65 to 69 years
8467,24667,0.29506376089942854,0.14285714285714285,0.8845228842209583,65 to 69 years
8468,20477,0.6779996862809536,1.0,0.5782246851952052,65 to 69 years
8469,24526,0.6351425434238108,0.5714285714285714,0.28388374149799117,65 to 69 years
8470,27215,0.6637139719952394,0.8571428571428571,0.41985545328953944,65 to 69 years
8471,25070,0.6779996862809536,1.0,0.9666287312768059,65 to 69 years
8472,29297,0.028693815260035747,0.42857142857142855,0.012646950229834308,65 to 69 years
8473,26001,0.1313088717646906,0.8571428571428571,0.027506136323910413,65 to 69 years
8474,23195,0.6065711148523822,0.2857142857142857,0.9379553648428007,65 to 69 years
8475,24644,0.6637139719952394,0.8571428571428571,0.1897827700663215,65 to 69 years
8476,24298,0.6065711148523822,0.2857142857142857,0.48525515359436017,65 to 69 years
8477,27633,0.6637139719952394,0.8571428571428571,0.8188587548070674,65 to 69 years
8478,21327,0.6351425434238108,0.5714285714285714,0.4364358346832592,65 to 69 years
8479,29889,0.6779996862809536,1.0,0.3566000305481184,65 to 69 years
8480,20090,0.6351425434238108,0.5714285714285714,0.7639735520898149,65 to 69 years
8481,23784,0.1655717878649232,0.42857142857142855,0.555464861758923,65 to 69 years
8482,25314,0.6637139719952394,0.8571428571428571,0.5124842518300926,65 to 69 years
8483,26056,0.6208568291380965,0.42857142857142855,0.39444105403653884,65 to 69 years
8484,26736,0.6779996862809536,1.0,0.8765160033277919,65 to 69 years
8485,21000,0.6637139719952394,0.8571428571428571,0.5162676028962934,65 to 69 years
8486,24274,0.6208568291380965,0.42857142857142855,0.6406091143030548,65 to 69 years
8487,29394,0.2694994061780908,0.42857142857142855,0.19705156977285815,65 to 69 years
8488,25332,0.228682294218103,0.8571428571428571,0.037569831247420304,65 to 69 years
8489,21919,0.6637139719952394,0.8571428571428571,0.6199551984522286,65 to 69 years
8490,29755,0.6065711148523822,0.2857142857142857,0.9727564239883755,65 to 69 years
8491,20706,0.6637139719952394,0.8571428571428571,0.5751082532472591,65 to 69 years
8492,23969,0.6065711148523822,0.2857142857142857,0.8214954025120524,65 to 69 years
8493,21977,0.6779996862809536,1.0,0.06862135335374192,65 to 69 years
8494,28328,0.6494282577095251,0.7142857142857142,0.09877454600758068,65 to 69 years
8495,24086,0.19454364823196538,0.2857142857142857,0.6681471409090666,65 to 69 years
8496,22498,0.6065711148523822,0.2857142857142857,0.574084499591613,65 to 69 years
8497,28759,0.6779996862809536,1.0,0.6446019099319844,65 to 69 years
8498,24492,0.6351425434238108,0.5714285714285714,0.22847976973263584,65 to 69 years
8499,24581,0.6637139719952394,0.8571428571428571,0.6596557174473088,65 to 69 years
8500,22386,0.6779996862809536,1.0,0.2826026288199852,65 to 69 years
8501,26465,0.15963800441866696,0.2857142857142857,0.45157427275348844,65 to 69 years
8502,20727,0.6637139719952394,0.8571428571428571,0.16340353055111662,65 to 69 years
8503,29308,0.052272953548064015,0.2857142857142857,0.36345214879415316,65 to 69 years
8504,27039,0.6637139719952394,0.8571428571428571,0.4903643609664904,65 to 69 years
8505,27482,0.6351425434238108,0.5714285714285714,0.9182990436742788,65 to 69 years
8506,20247,0.31583703908154104,0.5714285714285714,0.6051476008321939,65 to 69 years
8507,28289,0.11443241098710878,0.42857142857142855,0.9105558520497522,65 to 69 years
8508,25919,0.6065711148523822,0.2857142857142857,0.670225710093974,65 to 69 years
8509,23186,0.6779996862809536,1.0,0.6182646732303614,65 to 69 years
8510,28606,0.6779996862809536,1.0,0.6412949762603823,65 to 69 years
8511,29299,0.23044381460518548,0.14285714285714285,0.7303992874904593,65 to 69 years
8512,29187,0.6351425434238108,0.5714285714285714,0.09025499521215868,65 to 69 years
8513,20904,0.6637139719952394,0.8571428571428571,0.3648637696319928,65 to 69 years
8514,27028,0.6779996862809536,1.0,0.9816526403115907,65 to 69 years
8515,26928,0.6779996862809536,1.0,0.7381617852736242,65 to 69 years
8516,29809,0.6779996862809536,1.0,0.8214579266380286,65 to 69 years
8517,21245,0.6779996862809536,1.0,0.8829627635537747,65 to 69 years
8518,23923,0.11585565680239353,0.5714285714285714,0.6853776247896051,65 to 69 years
8519,25957,0.6637139719952394,0.8571428571428571,0.8714245276745014,65 to 69 years
8520,25719,0.6779996862809536,1.0,0.34257438458066813,65 to 69 years
8521,21283,0.18765095445787613,0.2857142857142857,0.18077075121831748,65 to 69 years
8522,20263,0.2614007488368106,0.14285714285714285,0.6714306563857904,65 to 69 years
8523,28975,0.6637139719952394,0.8571428571428571,0.11550308878928967,65 to 69 years
8524,24917,0.6351425434238108,0.5714285714285714,0.18100685094695806,65 to 69 years
8525,29104,0.6065711148523822,0.2857142857142857,0.5981287041030013,65 to 69 years
8526,24162,0.6779996862809536,1.0,0.9346570691854763,65 to 69 years
8527,28646,0.12653586110819812,0.5714285714285714,0.3998315443536222,65 to 69 years
8528,22350,0.6637139719952394,0.8571428571428571,0.7571642470205215,65 to 69 years
8529,23144,0.6351425434238108,0.5714285714285714,0.7224386027719175,65 to 69 years
8530,27780,0.06802712640651717,0.5714285714285714,0.3318681128597719,65 to 69 years
8531,22634,0.6351425434238108,0.5714285714285714,0.7493467658590454,65 to 69 years
8532,26006,0.6637139719952394,0.8571428571428571,0.3148917027693682,65 to 69 years
8533,26861,0.6065711148523822,0.2857142857142857,0.901084552933278,65 to 69 years
8534,20453,0.4962163788730816,0.42857142857142855,0.7019067517176836,65 to 69 years
8535,27387,0.6637139719952394,0.8571428571428571,0.75297383176296,65 to 69 years
8536,21183,0.6351425434238108,0.5714285714285714,0.7130757616103103,65 to 69 years
8537,22673,0.6065711148523822,0.2857142857142857,0.9095555057597751,65 to 69 years
8538,21537,0.6494282577095251,0.7142857142857142,0.7303484216273344,65 to 69 years
8539,28908,0.24164460464935025,0.2857142857142857,0.5179189918284284,65 to 69 years
8540,22756,0.6351425434238108,0.5714285714285714,0.5098645145839363,65 to 69 years
8541,20002,0.11203975295063569,0.2857142857142857,0.7916412818248747,65 to 69 years
8542,24634,0.6351425434238108,0.5714285714285714,0.23741406557262834,65 to 69 years
8543,24459,0.6637139719952394,0.8571428571428571,0.2741371190493218,65 to 69 years
8544,27842,0.6637139719952394,0.8571428571428571,0.6534822561340362,65 to 69 years
8545,29839,0.6779996862809536,1.0,0.5673035452022189,65 to 69 years
8546,20946,0.6351425434238108,0.5714285714285714,0.7581169851795773,65 to 69 years
8547,22961,0.6637139719952394,0.8571428571428571,0.6742466744378723,65 to 69 years
8548,24005,0.08098966996084092,0.2857142857142857,0.5440150170300604,65 to 69 years
8549,23131,0.6065711148523822,0.2857142857142857,0.30432035062858454,65 to 69 years
8550,23486,0.6637139719952394,0.8571428571428571,0.7037523432516735,65 to 69 years
8551,29992,0.6637139719952394,0.8571428571428571,0.06380295846011363,65 to 69 years
8552,27615,0.6351425434238108,0.5714285714285714,0.9068218292268617,65 to 69 years
8553,26281,0.6208568291380965,0.42857142857142855,0.9049632068935481,65 to 69 years
8554,24771,0.2749903490169641,0.42857142857142855,0.28824308653904224,65 to 69 years
8555,21675,0.6637139719952394,0.8571428571428571,0.8654363252625705,65 to 69 years
8556,28613,0.1376698192081078,0.2857142857142857,0.42113377503211125,65 to 69 years
8557,29552,0.2547581522480413,0.42857142857142855,0.16816460130562094,65 to 69 years
8558,20981,0.6065711148523822,0.2857142857142857,0.6767250792570798,65 to 69 years
8559,22665,0.1350694044660864,0.2857142857142857,0.7739468368880281,65 to 69 years
8560,21654,0.6779996862809536,1.0,0.09622360209125819,65 to 69 years
8561,28885,0.12328432687834696,0.5714285714285714,0.22093550761488973,65 to 69 years
8562,23752,0.2327477166086607,0.8571428571428571,0.1416565767765645,65 to 69 years
8563,28772,0.6065711148523822,0.2857142857142857,0.7392317762237836,65 to 69 years
8564,27779,0.6065711148523822,0.2857142857142857,0.49998869815817737,65 to 69 years
8565,28189,0.6065711148523822,0.2857142857142857,0.5600116343600752,65 to 69 years
8566,29575,0.6065711148523822,0.2857142857142857,0.5423723494822443,65 to 69 years
8567,21392,0.6351425434238108,0.5714285714285714,0.5453418422998058,65 to 69 years
8568,26755,0.6351425434238108,0.5714285714285714,0.6987218421579992,65 to 69 years
8569,20717,0.6351425434238108,0.5714285714285714,0.7107002910990752,65 to 69 years
8570,27676,0.6351425434238108,0.5714285714285714,0.3977799597155085,65 to 69 years
8571,22860,0.6637139719952394,0.8571428571428571,0.8895243658099199,65 to 69 years
8572,28809,0.6637139719952394,0.8571428571428571,0.9754706364303838,65 to 69 years
8573,21129,0.3557181973281978,0.5714285714285714,0.21474511263220641,65 to 69 years
8574,24610,0.6351425434238108,0.5714285714285714,0.06120710016211739,65 to 69 years
8575,21563,0.36878696116779447,0.5714285714285714,0.2975693962954309,65 to 69 years
8576,26447,0.6779996862809536,1.0,0.9708183715475995,65 to 69 years
8577,27852,0.6637139719952394,0.8571428571428571,0.2857486289298578,65 to 69 years
8578,28944,0.28695896519006847,0.5714285714285714,0.4086623071705106,65 to 69 years
8579,28916,0.6208568291380965,0.42857142857142855,0.408446120754405,65 to 69 years
8580,22344,0.6637139719952394,0.8571428571428571,0.9145535107563985,65 to 69 years
8581,21232,0.6637139719952394,0.8571428571428571,0.5700178838774967,65 to 69 years
8582,23935,0.6637139719952394,0.8571428571428571,0.3009310563027511,65 to 69 years
8583,26669,0.30522884165003694,0.2857142857142857,0.5023002907643351,65 to 69 years
8584,20625,0.6351425434238108,0.5714285714285714,0.27165630484792436,65 to 69 years
8585,21279,0.6351425434238108,0.5714285714285714,0.724021970539883,65 to 69 years
8586,27715,0.6637139719952394,0.8571428571428571,0.29396854857073484,65 to 69 years
8587,25514,0.6208568291380965,0.42857142857142855,0.536033378149964,65 to 69 years
8588,21465,0.6351425434238108,0.5714285714285714,0.5882674068877225,65 to 69 years
8589,26234,0.24543975993679765,0.42857142857142855,0.8097709247570934,65 to 69 years
8590,23236,0.6637139719952394,0.8571428571428571,0.24054322015647778,65 to 69 years
8591,24281,0.6637139719952394,0.8571428571428571,0.12067038556702203,65 to 69 years
8592,24471,0.6637139719952394,0.8571428571428571,0.6840082276443242,65 to 69 years
8593,28318,0.6065711148523822,0.2857142857142857,0.9055117172595006,65 to 69 years
8594,23447,0.6779996862809536,1.0,0.8615194721756453,65 to 69 years
8595,27826,0.6065711148523822,0.2857142857142857,0.5423011371413652,65 to 69 years
8596,27763,0.6637139719952394,0.8571428571428571,0.8505543067109752,65 to 69 years
8597,25224,0.6065711148523822,0.2857142857142857,0.30216103025400964,65 to 69 years
8598,20863,0.2647138833231396,0.2857142857142857,0.2581575609475327,65 to 69 years
8599,24684,0.6351425434238108,0.5714285714285714,0.27333891083321893,65 to 69 years
8600,26904,0.6351425434238108,0.5714285714285714,0.7181599000900813,65 to 69 years
8601,22360,0.6351425434238108,0.5714285714285714,0.4991275243134281,65 to 69 years
8602,24959,0.23137690954225354,0.2857142857142857,0.611208434539655,65 to 69 years
8603,24762,0.6779996862809536,1.0,0.6661484287297278,65 to 69 years
8604,24863,0.6637139719952394,0.8571428571428571,0.47738651093429013,65 to 69 years
8605,28636,0.6637139719952394,0.8571428571428571,0.25599012437589985,65 to 69 years
8606,26765,0.15185981196887596,0.8571428571428571,0.020535275432889355,65 to 69 years
8607,20464,0.6779996862809536,1.0,0.8953634279540463,65 to 69 years
8608,23310,0.6208568291380965,0.42857142857142855,0.3959692737887204,65 to 69 years
8609,21338,0.6065711148523822,0.2857142857142857,0.4296984065992396,65 to 69 years
8610,27855,0.6351425434238108,0.5714285714285714,0.6266831083403452,65 to 69 years
8611,22356,0.6065711148523822,0.2857142857142857,0.39148305111581916,65 to 69 years
8612,26819,0.09464560880696127,0.2857142857142857,0.6498583271119808,65 to 69 years
8613,29343,0.12518553815689723,0.14285714285714285,0.27021695676106633,65 to 69 years
8614,25495,0.6351425434238108,0.5714285714285714,0.2874438133728522,65 to 69 years
8615,20234,0.6637139719952394,0.8571428571428571,0.09267961392483726,65 to 69 years
8616,23220,0.6208568291380965,0.42857142857142855,0.9859787412110526,65 to 69 years
8617,20925,0.6779996862809536,1.0,0.3717711341069805,65 to 69 years
8618,23053,0.3387990050386206,0.8571428571428571,0.11178682164620118,65 to 69 years
8619,22478,0.6351425434238108,0.5714285714285714,0.9963309814042813,65 to 69 years
8620,26220,0.6351425434238108,0.5714285714285714,0.6538775831164128,65 to 69 years
8621,25866,0.6637139719952394,0.8571428571428571,0.521250795115987,65 to 69 years
8622,29207,0.6208568291380965,0.42857142857142855,0.24972825671378018,65 to 69 years
8623,27204,0.6351425434238108,0.5714285714285714,0.5784777429324086,65 to 69 years
8624,29978,0.6351425434238108,0.5714285714285714,0.7058802016733259,65 to 69 years
8625,21566,0.6208568291380965,0.42857142857142855,0.36517613033586405,65 to 69 years
8626,28564,0.6637139719952394,0.8571428571428571,0.7541059781878604,65 to 69 years
8627,27835,0.6351425434238108,0.5714285714285714,0.30140529409701866,65 to 69 years
8628,22185,0.6779996862809536,1.0,0.8421139460021698,65 to 69 years
8629,20662,0.6065711148523822,0.2857142857142857,0.5719969230763685,65 to 69 years
8630,22839,0.6208568291380965,0.42857142857142855,0.36973946250109047,65 to 69 years
8631,23986,0.6208568291380965,0.42857142857142855,0.46110069828507855,65 to 69 years
8632,28947,0.6351425434238108,0.5714285714285714,0.7001572991274455,65 to 69 years
8633,26898,0.6208568291380965,0.42857142857142855,0.38341673400545595,65 to 69 years
8634,22846,0.6779996862809536,1.0,0.3474347315460028,65 to 69 years
8635,22743,0.6637139719952394,0.8571428571428571,0.7157811498189934,65 to 69 years
8636,20200,0.6351425434238108,0.5714285714285714,0.3807718755367935,65 to 69 years
8637,24509,0.6779996862809536,1.0,0.5595315073259682,65 to 69 years
8638,28512,0.6779996862809536,1.0,0.40341058729259227,65 to 69 years
8639,29478,0.6208568291380965,0.42857142857142855,0.08908690431743027,65 to 69 years
8640,20006,0.6065711148523822,0.2857142857142857,0.5834623150067522,65 to 69 years
8641,28224,0.6121405844147148,0.5714285714285714,0.9668774260314605,70 to 74 years
8642,26829,0.45678513973556717,0.2857142857142857,0.9858558328574092,70 to 74 years
8643,26336,0.5835691558432862,0.2857142857142857,0.7597163931819314,70 to 74 years
8644,21591,0.5978548701290004,0.42857142857142855,0.6909145267367752,70 to 74 years
8645,29427,0.6121405844147148,0.5714285714285714,0.5777745981297615,70 to 74 years
8646,25624,0.6121405844147148,0.5714285714285714,0.6175729841434763,70 to 74 years
8647,23911,0.23718003270435625,0.5714285714285714,0.769896349741934,70 to 74 years
8648,23989,0.6121405844147148,0.5714285714285714,0.8563194754160692,70 to 74 years
8649,26525,0.6407120129861433,0.8571428571428571,0.6275943826149538,70 to 74 years
8650,24449,0.6407120129861433,0.8571428571428571,0.12589551272784227,70 to 74 years
8651,22223,0.2052577295609442,0.5714285714285714,0.7847764968495259,70 to 74 years
8652,26208,0.6121405844147148,0.5714285714285714,0.9182757750449646,70 to 74 years
8653,25187,0.4092559561802909,0.42857142857142855,0.5189921229852106,70 to 74 years
8654,28572,0.15520975132578493,0.2857142857142857,0.3802469774019483,70 to 74 years
8655,24162,0.6549977272718576,1.0,0.9346570691854763,70 to 74 years
8656,22255,0.25067223930650373,0.42857142857142855,0.15744667873580204,70 to 74 years
8657,20748,0.31007241994658236,0.5714285714285714,0.1552547922192848,70 to 74 years
8658,22822,0.6407120129861433,0.8571428571428571,0.16671857649106708,70 to 74 years
8659,23973,0.5978548701290004,0.42857142857142855,0.4751070602738646,70 to 74 years
8660,26333,0.5835691558432862,0.2857142857142857,0.5798447992837262,70 to 74 years
8661,23538,0.5835691558432862,0.2857142857142857,0.5347347884231383,70 to 74 years
8662,20087,0.6121405844147148,0.5714285714285714,0.7159168265723064,70 to 74 years
8663,20483,0.6549977272718576,1.0,0.207448871895468,70 to 74 years
8664,23582,0.6121405844147148,0.5714285714285714,0.5706531972421736,70 to 74 years
8665,29361,0.5978548701290004,0.42857142857142855,0.15790693979890758,70 to 74 years
8666,28365,0.6121405844147148,0.5714285714285714,0.5396364436193942,70 to 74 years
8667,23119,0.5835691558432862,0.2857142857142857,0.42068190403848954,70 to 74 years
8668,20501,0.6407120129861433,0.8571428571428571,0.15689698691498538,70 to 74 years
8669,20309,0.626426298700429,0.7142857142857142,0.333179223036385,70 to 74 years
8670,20237,0.6407120129861433,0.8571428571428571,0.3574676638648161,70 to 74 years
8671,23954,0.6407120129861433,0.8571428571428571,0.535361805136125,70 to 74 years
8672,28524,0.6549977272718576,1.0,0.6138508701312476,70 to 74 years
8673,20396,0.6549977272718576,1.0,0.8127811946103685,70 to 74 years
8674,28666,0.6121405844147148,0.5714285714285714,0.33221070903771127,70 to 74 years
8675,24196,0.6407120129861433,0.8571428571428571,0.35645809324294375,70 to 74 years
8676,20210,0.6549977272718576,1.0,0.25511941268382093,70 to 74 years
8677,27144,0.33792414113681657,0.8571428571428571,0.24443284642337032,70 to 74 years
8678,24750,0.6407120129861433,0.8571428571428571,0.6484040074139641,70 to 74 years
8679,23562,0.6121405844147148,0.5714285714285714,0.5271624099836077,70 to 74 years
8680,28040,0.6549977272718576,1.0,0.7692965263796312,70 to 74 years
8681,28394,0.6121405844147148,0.5714285714285714,0.49934704358089566,70 to 74 years
8682,25676,0.6407120129861433,0.8571428571428571,0.5272575801449839,70 to 74 years
8683,21858,0.6549977272718576,1.0,0.30106668197663955,70 to 74 years
8684,22707,0.6121405844147148,0.5714285714285714,0.9145735632600595,70 to 74 years
8685,21653,0.6407120129861433,0.8571428571428571,0.451049677195473,70 to 74 years
8686,25537,0.6121405844147148,0.5714285714285714,0.5332921763603096,70 to 74 years
8687,25481,0.5978548701290004,0.42857142857142855,0.3259004637049937,70 to 74 years
8688,21153,0.6407120129861433,0.8571428571428571,0.7709057098369924,70 to 74 years
8689,21951,0.6121405844147148,0.5714285714285714,0.6439205652883618,70 to 74 years
8690,26444,0.6407120129861433,0.8571428571428571,0.7906262565748043,70 to 74 years
8691,21427,0.6121405844147148,0.5714285714285714,0.6828356758975892,70 to 74 years
8692,24055,0.1892351914379153,0.5714285714285714,0.5925077718303143,70 to 74 years
8693,23377,0.19065964683193498,0.2857142857142857,0.7766368324907582,70 to 74 years
8694,20359,0.28117567290963635,0.8571428571428571,0.029820154820532907,70 to 74 years
8695,29870,0.5978548701290004,0.42857142857142855,0.48353787172796203,70 to 74 years
8696,21523,0.35293221794112667,0.7142857142857142,0.27585953784504413,70 to 74 years
8697,25281,0.6549977272718576,1.0,0.8674481324898011,70 to 74 years
8698,24935,0.6407120129861433,0.8571428571428571,0.5835586376693481,70 to 74 years
8699,22207,0.28445578478785827,0.2857142857142857,0.9391632393478939,70 to 74 years
8700,21696,0.5835691558432862,0.2857142857142857,0.5892587639913753,70 to 74 years
8701,24189,0.6407120129861433,0.8571428571428571,0.9851520452223702,70 to 74 years
8702,21850,0.6121405844147148,0.5714285714285714,0.9352293668407181,70 to 74 years
8703,23466,0.2580052827665704,0.42857142857142855,0.690950311843076,70 to 74 years
8704,29190,0.6121405844147148,0.5714285714285714,0.22017195506305415,70 to 74 years
8705,28659,0.26031512805588275,0.8571428571428571,0.03057297926086544,70 to 74 years
8706,20377,0.17029554566937327,0.5714285714285714,0.4402585301805723,70 to 74 years
8707,26495,0.6121405844147148,0.5714285714285714,0.6497556974988833,70 to 74 years
8708,24356,0.209022233435209,0.2857142857142857,0.8648466554027323,70 to 74 years
8709,24329,0.5978548701290004,0.42857142857142855,0.6251307304374897,70 to 74 years
8710,25904,0.5978548701290004,0.42857142857142855,0.9501547504908507,70 to 74 years
8711,25358,0.6121405844147148,0.5714285714285714,0.4217400739013511,70 to 74 years
8712,25254,0.626426298700429,0.7142857142857142,0.26637716997287847,70 to 74 years
8713,25610,0.1635076685020623,0.5714285714285714,0.504519292406529,70 to 74 years
8714,28430,0.6121405844147148,0.5714285714285714,0.5385500784856979,70 to 74 years
8715,23601,0.6121405844147148,0.5714285714285714,0.4188981540327945,70 to 74 years
8716,29125,0.5835691558432862,0.2857142857142857,0.4596659776079566,70 to 74 years
8717,27558,0.6407120129861433,0.8571428571428571,0.6739936727832088,70 to 74 years
8718,23018,0.6407120129861433,0.8571428571428571,0.4794507674292689,70 to 74 years
8719,20566,0.6407120129861433,0.8571428571428571,0.6737394626626723,70 to 74 years
8720,27593,0.6407120129861433,0.8571428571428571,0.42843218744171613,70 to 74 years
8721,23741,0.6407120129861433,0.8571428571428571,0.8028084126318935,70 to 74 years
8722,22862,0.6121405844147148,0.5714285714285714,0.29935871894216154,70 to 74 years
8723,26411,0.6407120129861433,0.8571428571428571,0.47502230800991957,70 to 74 years
8724,26100,0.6121405844147148,0.5714285714285714,0.4784416361795083,70 to 74 years
8725,28636,0.6407120129861433,0.8571428571428571,0.25599012437589985,70 to 74 years
8726,23544,0.5835691558432862,0.2857142857142857,0.8482179027479,70 to 74 years
8727,24221,0.6407120129861433,0.8571428571428571,0.46721979007499626,70 to 74 years
8728,24971,0.6549977272718576,1.0,0.4825289025381667,70 to 74 years
8729,24804,0.6549977272718576,1.0,0.6564909909811525,70 to 74 years
8730,20671,0.6407120129861433,0.8571428571428571,0.34651843801603915,70 to 74 years
8731,22986,0.6407120129861433,0.8571428571428571,0.34264909674510236,70 to 74 years
8732,20838,0.6121405844147148,0.5714285714285714,0.44741246062825407,70 to 74 years
8733,22142,0.6407120129861433,0.8571428571428571,0.890004995124079,70 to 74 years
8734,21670,0.6121405844147148,0.5714285714285714,0.5795066837242624,70 to 74 years
8735,21289,0.6121405844147148,0.5714285714285714,0.7386905238618281,70 to 74 years
8736,23159,0.017300442628496494,0.2857142857142857,0.8183196393004786,70 to 74 years
8737,28478,0.019126075906299944,0.2857142857142857,0.6555508527201038,70 to 74 years
8738,25936,0.5835691558432862,0.2857142857142857,0.6472136444250532,70 to 74 years
8739,21079,0.6121405844147148,0.5714285714285714,0.6588058781034617,70 to 74 years
8740,22219,0.6407120129861433,0.8571428571428571,0.45134289131531224,70 to 74 years
8741,21861,0.6121405844147148,0.5714285714285714,0.743352891519945,70 to 74 years
8742,23929,0.6121405844147148,0.5714285714285714,0.3886474485326681,70 to 74 years
8743,22447,0.6407120129861433,0.8571428571428571,0.37032135126363397,70 to 74 years
8744,26803,0.6549977272718576,1.0,0.7303214447296291,70 to 74 years
8745,23053,0.3157970460295245,0.8571428571428571,0.11178682164620118,70 to 74 years
8746,21511,0.42080276278133144,0.2857142857142857,0.9937823579959097,70 to 74 years
8747,22829,0.5978548701290004,0.42857142857142855,0.9073244162010123,70 to 74 years
8748,22274,0.5692834415575718,0.14285714285714285,0.8559706272545243,70 to 74 years
8749,22075,0.6407120129861433,0.8571428571428571,0.7233370131239517,70 to 74 years
8750,29333,0.5978548701290004,0.42857142857142855,0.31784339198526657,70 to 74 years
8751,24903,0.5978548701290004,0.42857142857142855,0.7029093628733206,70 to 74 years
8752,23368,0.6549977272718576,1.0,0.7182651722387433,70 to 74 years
8753,24676,0.6121405844147148,0.5714285714285714,0.680187645633069,70 to 74 years
8754,28893,0.6549977272718576,1.0,0.06694475842468595,70 to 74 years
8755,25986,0.2042376896941413,0.5714285714285714,0.3302774056398273,70 to 74 years
8756,24299,0.5835691558432862,0.2857142857142857,0.6276199477872627,70 to 74 years
8757,24271,0.6549977272718576,1.0,0.8614860349454323,70 to 74 years
8758,25502,0.1657366300658091,0.2857142857142857,0.5409846735303492,70 to 74 years
8759,29359,0.5835691558432862,0.2857142857142857,0.6767408143469832,70 to 74 years
8760,24266,0.1264718452262296,0.2857142857142857,0.41098509545900835,70 to 74 years
8761,21630,0.6407120129861433,0.8571428571428571,0.32155465006913364,70 to 74 years
8762,22027,0.6407120129861433,0.8571428571428571,0.2859697210724278,70 to 74 years
8763,25864,0.6407120129861433,0.8571428571428571,0.4503757991324495,70 to 74 years
8764,28949,0.6407120129861433,0.8571428571428571,0.7601275279959436,70 to 74 years
8765,20493,0.6407120129861433,0.8571428571428571,0.45491811176823393,70 to 74 years
8766,27167,0.6407120129861433,0.8571428571428571,0.3649126696754357,70 to 74 years
8767,26754,0.6407120129861433,0.8571428571428571,0.387379317991826,70 to 74 years
8768,22784,0.6121405844147148,0.5714285714285714,0.6242440408299904,70 to 74 years
8769,23038,0.25944376762551635,0.42857142857142855,0.2331272593387424,70 to 74 years
8770,26933,0.6549977272718576,1.0,0.14867578889174127,70 to 74 years
8771,27553,0.12690024784684936,0.5714285714285714,0.13916697677115714,70 to 74 years
8772,29914,0.6407120129861433,0.8571428571428571,0.2596035207700339,70 to 74 years
8773,29913,0.5835691558432862,0.2857142857142857,0.6732195114190265,70 to 74 years
8774,26353,0.6549977272718576,1.0,0.9598367837073896,70 to 74 years
8775,29638,0.6407120129861433,0.8571428571428571,0.7285800294636733,70 to 74 years
8776,21376,0.6407120129861433,0.8571428571428571,0.8273832659331557,70 to 74 years
8777,24758,0.6407120129861433,0.8571428571428571,0.4736994355979953,70 to 74 years
8778,22760,0.6121405844147148,0.5714285714285714,0.5964243983414937,70 to 74 years
8779,21513,0.6407120129861433,0.8571428571428571,0.8425619155605344,70 to 74 years
8780,23932,0.6407120129861433,0.8571428571428571,0.35642016911281926,70 to 74 years
8781,28945,0.6549977272718576,1.0,0.31417354226634164,70 to 74 years
8782,22111,0.14570890913717144,0.2857142857142857,0.7439351990051254,70 to 74 years
8783,23939,0.6121405844147148,0.5714285714285714,0.9391961444185613,70 to 74 years
8784,23811,0.626426298700429,0.7142857142857142,0.7163213053328388,70 to 74 years
8785,27998,0.626426298700429,0.7142857142857142,0.7914500692659315,70 to 74 years
8786,25520,0.35915955909963343,0.5714285714285714,0.7513269208046719,70 to 74 years
8787,26928,0.6549977272718576,1.0,0.7381617852736242,70 to 74 years
8788,24926,0.5835691558432862,0.2857142857142857,0.8789300638696628,70 to 74 years
8789,29332,0.03047463698860179,0.42857142857142855,0.5478180363085704,70 to 74 years
8790,21648,0.6407120129861433,0.8571428571428571,0.45653104018442264,70 to 74 years
8791,29785,0.28669853683197927,0.42857142857142855,0.423758011858294,70 to 74 years
8792,20735,0.6407120129861433,0.8571428571428571,0.08868110735266826,70 to 74 years
8793,23270,0.5978548701290004,0.42857142857142855,0.3843064862079216,70 to 74 years
8794,28583,0.17663069687340296,0.5714285714285714,0.2899274774338888,70 to 74 years
8795,20337,0.21963918143934702,0.5714285714285714,0.5007533849233412,70 to 74 years
8796,22818,0.6121405844147148,0.5714285714285714,0.867933552321103,70 to 74 years
8797,24556,0.5978548701290004,0.42857142857142855,0.49686877500209947,70 to 74 years
8798,27431,0.6407120129861433,0.8571428571428571,0.3315398821989185,70 to 74 years
8799,23779,0.6121405844147148,0.5714285714285714,0.5626511149862479,70 to 74 years
8800,22533,0.6549977272718576,1.0,0.9332748994915985,70 to 74 years
8801,20227,0.6549977272718576,1.0,0.25172768476138413,70 to 74 years
8802,29393,0.07416345379391794,0.5714285714285714,0.23863905198026453,70 to 74 years
8803,26061,0.5835691558432862,0.2857142857142857,0.5436570726312844,70 to 74 years
8804,23976,0.6407120129861433,0.8571428571428571,0.3971887755169186,70 to 74 years
8805,26304,0.20493377394027978,0.2857142857142857,0.8848616425839235,70 to 74 years
8806,25584,0.48750694652043547,0.5714285714285714,0.17182234882348757,70 to 74 years
8807,25616,0.6407120129861433,0.8571428571428571,0.7652474586057564,70 to 74 years
8808,24168,0.2350905412346234,0.2857142857142857,0.7467233693596416,70 to 74 years
8809,27763,0.6407120129861433,0.8571428571428571,0.8505543067109752,70 to 74 years
8810,20603,0.35082006434091584,0.8571428571428571,0.06715426058705298,70 to 74 years
8811,21827,0.6549977272718576,1.0,0.5579595827322724,70 to 74 years
8812,21371,0.2907691192803353,0.2857142857142857,0.2724880326183412,70 to 74 years
8813,29459,0.26449208868970714,0.8571428571428571,0.08985536723901838,70 to 74 years
8814,22730,0.6121405844147148,0.5714285714285714,0.8034327207377556,70 to 74 years
8815,29910,0.6121405844147148,0.5714285714285714,0.7193790850904178,70 to 74 years
8816,24473,0.6407120129861433,0.8571428571428571,0.9660473250837733,70 to 74 years
8817,25726,0.1298588099096791,0.2857142857142857,0.8511936495933643,70 to 74 years
8818,24046,0.6549977272718576,1.0,0.5272457074387875,70 to 74 years
8819,23005,0.5978548701290004,0.42857142857142855,0.3705434320137211,70 to 74 years
8820,25528,0.6121405844147148,0.5714285714285714,0.6694143726655889,70 to 74 years
8821,27208,0.31449919542833893,0.2857142857142857,0.8081617677000449,70 to 74 years
8822,20247,0.29283508007244496,0.5714285714285714,0.6051476008321939,70 to 74 years
8823,25340,0.5835691558432862,0.2857142857142857,0.4601852122881371,70 to 74 years
8824,21083,0.6121405844147148,0.5714285714285714,0.9246443415640078,70 to 74 years
8825,21061,0.6549977272718576,1.0,0.6566221324895939,70 to 74 years
8826,26293,0.6407120129861433,0.8571428571428571,0.43500218899048837,70 to 74 years
8827,20821,0.6407120129861433,0.8571428571428571,0.6532833819566715,70 to 74 years
8828,22544,0.6121405844147148,0.5714285714285714,0.9151034521802257,70 to 74 years
8829,21529,0.6121405844147148,0.5714285714285714,0.6546536997111607,70 to 74 years
8830,20618,0.6121405844147148,0.5714285714285714,0.4228860334146508,70 to 74 years
8831,27828,0.6407120129861433,0.8571428571428571,0.8545499920277055,70 to 74 years
8832,21483,0.6407120129861433,0.8571428571428571,0.7553661292372905,70 to 74 years
8833,26866,0.6549977272718576,1.0,0.45404033906873587,70 to 74 years
8834,28735,0.12171712166916847,0.2857142857142857,0.1348112619077338,70 to 74 years
8835,25086,0.17176154723813117,0.2857142857142857,0.9771682717337495,70 to 74 years
8836,29305,0.20628325732001027,0.8571428571428571,0.009714180717993015,70 to 74 years
8837,22015,0.6121405844147148,0.5714285714285714,0.4192420521972621,70 to 74 years
8838,25906,0.6121405844147148,0.5714285714285714,0.9940154358333491,70 to 74 years
8839,25883,0.28720776773065665,0.2857142857142857,0.2222944478314255,70 to 74 years
8840,25236,0.6407120129861433,0.8571428571428571,0.749876963617699,70 to 74 years
8841,22335,0.5978548701290004,0.42857142857142855,0.8904867505444554,70 to 74 years
8842,23458,0.5978548701290004,0.42857142857142855,0.8309014562229742,70 to 74 years
8843,21042,0.25722980566075787,0.5714285714285714,0.5676494978249838,70 to 74 years
8844,26722,0.5835691558432862,0.2857142857142857,0.38599745828649995,70 to 74 years
8845,21939,0.6121405844147148,0.5714285714285714,0.49690167726579204,70 to 74 years
8846,23794,0.25522779041558924,0.42857142857142855,0.7720281632819819,70 to 74 years
8847,26125,0.2003503087600508,0.5714285714285714,0.15174511116793432,70 to 74 years
8848,21822,0.6121405844147148,0.5714285714285714,0.18573896447641952,70 to 74 years
8849,23239,0.1065275761413733,0.7142857142857142,0.2696207525768642,70 to 74 years
8850,28337,0.6121405844147148,0.5714285714285714,0.4713347649665941,70 to 74 years
8851,21539,0.6407120129861433,0.8571428571428571,0.5998643105577057,70 to 74 years
8852,21479,0.23553800465720243,0.2857142857142857,0.8339135049268732,70 to 74 years
8853,28909,0.6407120129861433,0.8571428571428571,0.2636589704469003,70 to 74 years
8854,26079,0.5978548701290004,0.42857142857142855,0.7237431110886401,70 to 74 years
8855,21988,0.6407120129861433,0.8571428571428571,0.1738645924250931,70 to 74 years
8856,29983,0.6549977272718576,1.0,0.9879642295544804,70 to 74 years
8857,26145,0.24793223089296454,0.2857142857142857,0.323856813965706,70 to 74 years
8858,25120,0.11736429513120876,0.2857142857142857,0.3513269927606895,70 to 74 years
8859,27100,0.6549977272718576,1.0,0.6886246956998807,70 to 74 years
8860,29893,0.626426298700429,0.7142857142857142,0.13666401568577896,70 to 74 years
8861,23774,0.5978548701290004,0.42857142857142855,0.49652244672062007,70 to 74 years
8862,24100,0.5835691558432862,0.2857142857142857,0.9571512225475483,70 to 74 years
8863,20128,0.6407120129861433,0.8571428571428571,0.5154151999795582,70 to 74 years
8864,27400,0.6121405844147148,0.5714285714285714,0.1270444961053976,70 to 74 years
8865,27942,0.5835691558432862,0.2857142857142857,0.37606391409577306,70 to 74 years
8866,26277,0.6121405844147148,0.5714285714285714,0.7764074082389381,70 to 74 years
8867,23944,0.6121405844147148,0.5714285714285714,0.23587484355140625,70 to 74 years
8868,20429,0.6121405844147148,0.5714285714285714,0.4109851128715303,70 to 74 years
8869,21474,0.2545921902468444,0.2857142857142857,0.91712440698837,70 to 74 years
8870,24672,0.6407120129861433,0.8571428571428571,0.21253499756921912,70 to 74 years
8871,26947,0.6407120129861433,0.8571428571428571,0.3903651621593979,70 to 74 years
8872,23722,0.6121405844147148,0.5714285714285714,0.3549394883387779,70 to 74 years
8873,20751,0.6407120129861433,0.8571428571428571,0.42419504540904696,70 to 74 years
8874,29694,0.6407120129861433,0.8571428571428571,0.3926102895197009,70 to 74 years
8875,27958,0.6549977272718576,1.0,0.3495379709451717,70 to 74 years
8876,26003,0.6549977272718576,1.0,0.8851292860265558,70 to 74 years
8877,25074,0.6121405844147148,0.5714285714285714,0.8028792335345569,70 to 74 years
8878,22967,0.6121405844147148,0.5714285714285714,0.8915031807042479,70 to 74 years
8879,23144,0.6121405844147148,0.5714285714285714,0.7224386027719175,70 to 74 years
8880,26075,0.051515061028768204,0.2857142857142857,0.8251881554902134,70 to 74 years
8881,24764,0.6121405844147148,0.5714285714285714,0.5736105185865967,70 to 74 years
8882,23061,0.6407120129861433,0.8571428571428571,0.3888988815354389,70 to 74 years
8883,22689,0.05595244785049512,0.2857142857142857,0.46867225750710395,70 to 74 years
8884,27610,0.6407120129861433,0.8571428571428571,0.7559281388424499,70 to 74 years
8885,26851,0.06489247870760309,0.2857142857142857,0.8574194010571676,70 to 74 years
8886,26414,0.6121405844147148,0.5714285714285714,0.9577911320945683,70 to 74 years
8887,22765,0.6549977272718576,1.0,0.9113433770425154,70 to 74 years
8888,20026,0.6407120129861433,0.8571428571428571,0.42687439456095955,70 to 74 years
8889,20626,0.6407120129861433,0.8571428571428571,0.3510168381020579,70 to 74 years
8890,25630,0.6407120129861433,0.8571428571428571,0.2649164606353506,70 to 74 years
8891,24964,0.6121405844147148,0.5714285714285714,0.2850214110975657,70 to 74 years
8892,23584,0.6407120129861433,0.8571428571428571,0.23326127592081658,70 to 74 years
8893,28198,0.6407120129861433,0.8571428571428571,0.6903854168833347,70 to 74 years
8894,28863,0.5978548701290004,0.42857142857142855,0.5020643516555251,70 to 74 years
8895,26045,0.32163895426812267,0.2857142857142857,0.6277241334625314,70 to 74 years
8896,27241,0.6407120129861433,0.8571428571428571,0.7906432063522596,70 to 74 years
8897,28655,0.5835691558432862,0.2857142857142857,0.49631426172417287,70 to 74 years
8898,26325,0.0848837756391465,0.2857142857142857,0.9166427265260002,70 to 74 years
8899,26684,0.5978548701290004,0.42857142857142855,0.6639776837349072,70 to 74 years
8900,20529,0.5835691558432862,0.2857142857142857,0.6140697261447281,70 to 74 years
8901,29356,0.6121405844147148,0.5714285714285714,0.7798448522663525,70 to 74 years
8902,29006,0.16045374448491073,0.2857142857142857,0.9347622453773257,70 to 74 years
8903,29362,0.6407120129861433,0.8571428571428571,0.5251121368711046,70 to 74 years
8904,22630,0.2946939456200533,0.5714285714285714,0.4959369442797562,70 to 74 years
8905,22189,0.24721985521216802,0.42857142857142855,0.8352644228760375,70 to 74 years
8906,21131,0.6121405844147148,0.5714285714285714,0.9480778921565594,70 to 74 years
8907,28147,0.14647696423169398,0.2857142857142857,0.8165079710334446,70 to 74 years
8908,26965,0.07171128171287598,0.2857142857142857,0.2980469839550134,70 to 74 years
8909,25705,0.6121405844147148,0.5714285714285714,0.8738155591716255,70 to 74 years
8910,28191,0.6121405844147148,0.5714285714285714,0.739130012511036,70 to 74 years
8911,25090,0.6407120129861433,0.8571428571428571,0.9002031308676636,70 to 74 years
8912,20516,0.6407120129861433,0.8571428571428571,0.04174836889265904,70 to 74 years
8913,21545,0.6121405844147148,0.5714285714285714,0.44313027649113745,70 to 74 years
8914,21270,0.6407120129861433,0.8571428571428571,0.6180104139343223,70 to 74 years
8915,27324,0.6121405844147148,0.5714285714285714,0.7086056387277234,70 to 74 years
8916,25695,0.6121405844147148,0.5714285714285714,0.8398384873601932,70 to 74 years
8917,28135,0.5978548701290004,0.42857142857142855,0.8095010109255536,70 to 74 years
8918,27723,0.6121405844147148,0.5714285714285714,0.7713375812001044,70 to 74 years
8919,21457,0.10819485237751536,0.42857142857142855,0.5996129585735267,70 to 74 years
8920,26235,0.3801959518319727,0.5714285714285714,0.9218540726823554,70 to 74 years
8921,20815,0.6121405844147148,0.5714285714285714,0.6803196139154144,70 to 74 years
8922,24200,0.6549977272718576,1.0,0.9726548586571998,70 to 74 years
8923,22411,0.6407120129861433,0.8571428571428571,0.5517897608727877,70 to 74 years
8924,22498,0.24028029832121395,0.2857142857142857,0.574084499591613,70 to 74 years
8925,28969,0.5835691558432862,0.2857142857142857,0.4546055932768667,70 to 74 years
8926,20965,0.6549977272718576,1.0,0.631528317724957,70 to 74 years
8927,23217,0.6121405844147148,0.5714285714285714,0.5663383202010703,70 to 74 years
8928,26812,0.6121405844147148,0.5714285714285714,0.4998472230981589,70 to 74 years
8929,25764,0.3391940045243236,0.5714285714285714,0.11465919686388759,70 to 74 years
8930,29435,0.03790027645439382,0.42857142857142855,0.48428414132449005,70 to 74 years
8931,20877,0.6121405844147148,0.5714285714285714,0.48855428776165166,70 to 74 years
8932,29274,0.6121405844147148,0.5714285714285714,0.7443052902878314,70 to 74 years
8933,25691,0.6407120129861433,0.8571428571428571,0.20844093558583432,70 to 74 years
8934,26081,0.6121405844147148,0.5714285714285714,0.9471723928891922,70 to 74 years
8935,24852,0.6121405844147148,0.5714285714285714,0.7393370875855503,70 to 74 years
8936,26048,0.06624381781338944,0.42857142857142855,0.3284123620196793,70 to 74 years
8937,25708,0.6549977272718576,1.0,0.7552376045799014,70 to 74 years
8938,23836,0.6407120129861433,0.8571428571428571,0.5514706926977552,70 to 74 years
8939,26545,0.6549977272718576,1.0,0.17676841459073023,70 to 74 years
8940,28658,0.6407120129861433,0.8571428571428571,0.1277007288186971,70 to 74 years
8941,27987,0.24438097677734416,0.5714285714285714,0.30561969216209917,70 to 74 years
8942,20217,0.6549977272718576,1.0,0.7896590590201213,70 to 74 years
8943,27584,0.6407120129861433,0.8571428571428571,0.4827256956230645,70 to 74 years
8944,21492,0.10615794815746886,0.5714285714285714,0.5153385076484911,70 to 74 years
8945,23493,0.6121405844147148,0.5714285714285714,0.573015486644282,70 to 74 years
8946,26993,0.6549977272718576,1.0,0.3099996298612542,70 to 74 years
8947,23756,0.2729624698035011,0.5714285714285714,0.13261064914434256,70 to 74 years
8948,23348,0.6549977272718576,1.0,0.4158631056787494,70 to 74 years
8949,27947,0.626426298700429,0.7142857142857142,0.6883262110153374,70 to 74 years
8950,22606,0.6177010693573766,0.8571428571428571,0.8689102211028463,75 to 79 years
8951,28949,0.6177010693573766,0.8571428571428571,0.7601275279959436,75 to 79 years
8952,27750,0.6319867836430908,1.0,0.4470397925034076,75 to 79 years
8953,29405,0.6177010693573766,0.8571428571428571,0.2570722201632473,75 to 79 years
8954,21055,0.6177010693573766,0.8571428571428571,0.03835297870474441,75 to 79 years
8955,27194,0.6177010693573766,0.8571428571428571,0.636385320651632,75 to 79 years
8956,21434,0.23971956849834963,0.42857142857142855,0.6642773751978556,75 to 79 years
8957,20393,0.589129640785948,0.5714285714285714,0.4023096279074604,75 to 79 years
8958,28168,0.6034153550716622,0.7142857142857142,0.429026944501117,75 to 79 years
8959,27816,0.08673453966411823,0.2857142857142857,0.4285019468742003,75 to 79 years
8960,20100,0.6177010693573766,0.8571428571428571,0.766103995842029,75 to 79 years
8961,20910,0.589129640785948,0.5714285714285714,0.9176804231075899,75 to 79 years
8962,27599,0.589129640785948,0.5714285714285714,0.4765214816321805,75 to 79 years
8963,24691,0.5150124668038859,0.2857142857142857,0.25263443311283174,75 to 79 years
8964,27202,0.589129640785948,0.5714285714285714,0.832947447980745,75 to 79 years
8965,24064,0.6319867836430908,1.0,0.7930538965887466,75 to 79 years
8966,29351,0.6319867836430908,1.0,0.5042984747989849,75 to 79 years
8967,21831,0.08364225509726103,0.5714285714285714,0.3783315558687827,75 to 79 years
8968,29024,0.589129640785948,0.5714285714285714,0.9762618816100368,75 to 79 years
8969,24549,0.6177010693573766,0.8571428571428571,0.45914140379926227,75 to 79 years
8970,24452,0.48206839293121895,0.5714285714285714,0.43514854022494576,75 to 79 years
8971,23826,0.010518922757444964,0.2857142857142857,0.6097503142446206,75 to 79 years
8972,21136,0.6177010693573766,0.8571428571428571,0.6660204209568923,75 to 79 years
8973,26544,0.5605582122145194,0.2857142857142857,0.9278847839085695,75 to 79 years
8974,27953,0.4572382527485034,0.2857142857142857,0.5475124088907225,75 to 79 years
8975,28517,0.1325612787530382,0.2857142857142857,0.364134316362154,75 to 79 years
8976,28704,0.6319867836430908,1.0,0.30201326854333876,75 to 79 years
8977,27106,0.5611562306191457,0.8571428571428571,0.02378949793717533,75 to 79 years
8978,27180,0.589129640785948,0.5714285714285714,0.2567739980572801,75 to 79 years
8979,21030,0.11388620712438412,0.42857142857142855,0.9103401418378296,75 to 79 years
8980,21931,0.589129640785948,0.5714285714285714,0.6834049543070967,75 to 79 years
8981,27251,0.5748439265002336,0.42857142857142855,0.7678267621183724,75 to 79 years
8982,21374,0.6319867836430908,1.0,0.5480451654088575,75 to 79 years
8983,22037,0.07569745004471849,0.8571428571428571,0.40673276772808026,75 to 79 years
8984,28132,0.2443533639346634,0.42857142857142855,0.751678194364162,75 to 79 years
8985,26858,0.6177010693573766,0.8571428571428571,0.45242178163183017,75 to 79 years
8986,25215,0.6177010693573766,0.8571428571428571,0.688955704137526,75 to 79 years
8987,29990,0.2624481684824708,0.5714285714285714,0.5585985476788892,75 to 79 years
8988,24562,0.6177010693573766,0.8571428571428571,0.6313994937478447,75 to 79 years
8989,24639,0.14639292852656777,0.5714285714285714,0.7713436254331536,75 to 79 years
8990,24269,0.589129640785948,0.5714285714285714,0.7026883798010973,75 to 79 years
8991,24624,0.6177010693573766,0.8571428571428571,0.689423235051401,75 to 79 years
8992,21176,0.589129640785948,0.5714285714285714,0.9235432790033484,75 to 79 years
8993,21425,0.443997882339898,0.42857142857142855,0.974132197010015,75 to 79 years
8994,27191,0.2458624070720693,0.2857142857142857,0.7927989768302165,75 to 79 years
8995,23132,0.038972177930599955,0.42857142857142855,0.8702585959399143,75 to 79 years
8996,22581,0.30064722696554363,0.5714285714285714,0.35986726371951727,75 to 79 years
8997,23594,0.054986701398765936,0.2857142857142857,0.7736283847433196,75 to 79 years
8998,24304,0.6177010693573766,0.8571428571428571,0.9612823611979251,75 to 79 years
8999,22047,0.589129640785948,0.5714285714285714,0.21309717452118077,75 to 79 years
9000,28394,0.589129640785948,0.5714285714285714,0.49934704358089566,75 to 79 years
9001,25930,0.1410768494340205,0.5714285714285714,0.2898859660254929,75 to 79 years
9002,28090,0.22559045764867475,0.42857142857142855,0.23274065864142307,75 to 79 years
9003,20904,0.6177010693573766,0.8571428571428571,0.3648637696319928,75 to 79 years
9004,29019,0.11277661226018637,0.5714285714285714,0.7336080812194448,75 to 79 years
9005,27104,0.5748439265002336,0.42857142857142855,0.8728523183711383,75 to 79 years
9006,27925,0.5748439265002336,0.42857142857142855,0.9176241704390566,75 to 79 years
9007,26438,0.6177010693573766,0.8571428571428571,0.5699369139661107,75 to 79 years
9008,27773,0.5605582122145194,0.2857142857142857,0.2814121279131169,75 to 79 years
9009,29915,0.6177010693573766,0.8571428571428571,0.7927108725318616,75 to 79 years
9010,27585,0.6177010693573766,0.8571428571428571,0.879820558052832,75 to 79 years
9011,23956,0.6319867836430908,1.0,0.6291249011915584,75 to 79 years
9012,27174,0.589129640785948,0.5714285714285714,0.8258389196413229,75 to 79 years
9013,24128,0.6319867836430908,1.0,0.5319683285697755,75 to 79 years
9014,20660,0.0157699337456664,0.2857142857142857,0.26046153503217573,75 to 79 years
9015,27548,0.6319867836430908,1.0,0.7474212372529923,75 to 79 years
9016,22175,0.12948026053809014,0.8571428571428571,0.08640673473575788,75 to 79 years
9017,25001,0.5748439265002336,0.42857142857142855,0.4031992645535203,75 to 79 years
9018,27572,0.1318295497918609,0.42857142857142855,0.48455478863956525,75 to 79 years
9019,27528,0.17996516493586273,0.5714285714285714,0.20751333229843527,75 to 79 years
9020,28906,0.5748439265002336,0.42857142857142855,0.32865827280902093,75 to 79 years
9021,20634,0.589129640785948,0.5714285714285714,0.36471258828350717,75 to 79 years
9022,29375,0.10988509793759886,0.8571428571428571,0.37797168431075284,75 to 79 years
9023,28533,0.5748439265002336,0.42857142857142855,0.7823950180203061,75 to 79 years
9024,21943,0.6319867836430908,1.0,0.6936120739923017,75 to 79 years
9025,21612,0.589129640785948,0.5714285714285714,0.15924509606870046,75 to 79 years
9026,26224,0.5605582122145194,0.2857142857142857,0.7634648140749166,75 to 79 years
9027,23416,0.6177010693573766,0.8571428571428571,0.7054547350014242,75 to 79 years
9028,23669,0.6319867836430908,1.0,0.6606004002697538,75 to 79 years
9029,20474,0.5748439265002336,0.42857142857142855,0.7234921105015717,75 to 79 years
9030,27426,0.6177010693573766,0.8571428571428571,0.4958580365671508,75 to 79 years
9031,20860,0.5605582122145194,0.2857142857142857,0.2620032221116502,75 to 79 years
9032,23418,0.6177010693573766,0.8571428571428571,0.5439293980582536,75 to 79 years
9033,28524,0.6319867836430908,1.0,0.6138508701312476,75 to 79 years
9034,20088,0.589129640785948,0.5714285714285714,0.6944152005514501,75 to 79 years
9035,25759,0.589129640785948,0.5714285714285714,0.987299493145344,75 to 79 years
9036,24557,0.1032631645358886,0.42857142857142855,0.4641315410289215,75 to 79 years
9037,20270,0.6177010693573766,0.8571428571428571,0.9660473829404103,75 to 79 years
9038,20055,0.6319867836430908,1.0,0.5789241073513864,75 to 79 years
9039,24646,0.06991062079953068,0.2857142857142857,0.8051254383919542,75 to 79 years
9040,23709,0.26402167889049194,0.5714285714285714,0.43256698062580234,75 to 79 years
9041,20617,0.6177010693573766,0.8571428571428571,0.36575717576214517,75 to 79 years
9042,29862,0.6034153550716622,0.7142857142857142,0.5510831981758659,75 to 79 years
9043,28054,0.13246680830570257,0.2857142857142857,0.527769797790091,75 to 79 years
9044,24763,0.1016297492596582,0.5714285714285714,0.6831512198932747,75 to 79 years
9045,29089,0.09616106063854542,0.42857142857142855,0.8193196290953684,75 to 79 years
9046,27081,0.23136945308081425,0.5714285714285714,0.5853438082875382,75 to 79 years
9047,29072,0.6177010693573766,0.8571428571428571,0.34526460327086284,75 to 79 years
9048,29600,0.6177010693573766,0.8571428571428571,0.07852452999729548,75 to 79 years
9049,28270,0.14569715341280015,0.5714285714285714,0.25792235489572407,75 to 79 years
9050,25406,0.589129640785948,0.5714285714285714,0.7067170143886212,75 to 79 years
9051,26934,0.4169867165713174,0.5714285714285714,0.7209439026515163,75 to 79 years
9052,26684,0.5748439265002336,0.42857142857142855,0.6639776837349072,75 to 79 years
9053,29329,0.6177010693573766,0.8571428571428571,0.7880075852133241,75 to 79 years
9054,26778,0.5748439265002336,0.42857142857142855,0.8239300523219666,75 to 79 years
9055,28494,0.2129923631757371,0.8571428571428571,0.6967260592137239,75 to 79 years
9056,27822,0.0710442004179812,1.0,0.2882390648804487,75 to 79 years
9057,20733,0.6177010693573766,0.8571428571428571,0.9923256560037284,75 to 79 years
9058,25098,0.589129640785948,0.5714285714285714,0.16622925305208397,75 to 79 years
9059,23518,0.589129640785948,0.5714285714285714,0.37987954956593395,75 to 79 years
9060,23334,0.6319867836430908,1.0,0.5583014577826092,75 to 79 years
9061,25381,0.29960740103161754,0.42857142857142855,0.6097202130530396,75 to 79 years
9062,27527,0.506661470447676,0.5714285714285714,0.4783677808073087,75 to 79 years
9063,28165,0.6177010693573766,0.8571428571428571,0.24053237719542414,75 to 79 years
9064,28566,0.6319867836430908,1.0,0.5728381866504424,75 to 79 years
9065,27617,0.6177010693573766,0.8571428571428571,0.4508541127680903,75 to 79 years
9066,23899,0.589129640785948,0.5714285714285714,0.8907919082282594,75 to 79 years
9067,21144,0.6034153550716622,0.7142857142857142,0.7480435509971155,75 to 79 years
9068,26380,0.589129640785948,0.5714285714285714,0.5875961443174571,75 to 79 years
9069,23838,0.6177010693573766,0.8571428571428571,0.8440642391398676,75 to 79 years
9070,20833,0.1866248691633926,0.2857142857142857,0.6881739208829722,75 to 79 years
9071,26553,0.08393243790078916,0.8571428571428571,0.23797745954256505,75 to 79 years
9072,21984,0.589129640785948,0.5714285714285714,0.3977545557894953,75 to 79 years
9073,27260,0.21945849938972534,0.2857142857142857,0.7021271808095901,75 to 79 years
9074,27942,0.134506706393777,0.2857142857142857,0.37606391409577306,75 to 79 years
9075,25675,0.13924027268414574,0.5714285714285714,0.7649695955097934,75 to 79 years
9076,27801,0.6319867836430908,1.0,0.26275337200335475,75 to 79 years
9077,29579,0.12044716173349719,0.5714285714285714,0.12650488541955723,75 to 79 years
9078,26626,0.10847915310743124,0.5714285714285714,0.786532239315562,75 to 79 years
9079,24547,0.06021004370589454,0.2857142857142857,0.5466827646896757,75 to 79 years
9080,29638,0.6177010693573766,0.8571428571428571,0.7285800294636733,75 to 79 years
9081,25959,0.6319867836430908,1.0,0.4684845222042772,75 to 79 years
9082,26668,0.6177010693573766,0.8571428571428571,0.8393138897182115,75 to 79 years
9083,25267,0.08833627814264818,0.5714285714285714,0.9335896880740489,75 to 79 years
9084,22998,0.5748439265002336,0.42857142857142855,0.3295013886848881,75 to 79 years
9085,23785,0.6177010693573766,0.8571428571428571,0.3816768467771224,75 to 79 years
9086,28679,0.6177010693573766,0.8571428571428571,0.22251086609557774,75 to 79 years
9087,24561,0.6177010693573766,0.8571428571428571,0.5175626788103913,75 to 79 years
9088,24637,0.09818944094449798,0.5714285714285714,0.47128342041357035,75 to 79 years
9089,20518,0.589129640785948,0.5714285714285714,0.7240490252861592,75 to 79 years
9090,28138,0.6177010693573766,0.8571428571428571,0.6666883487785866,75 to 79 years
9091,28499,0.6319867836430908,1.0,0.4467013770818334,75 to 79 years
9092,23147,0.6034153550716622,0.7142857142857142,0.5095054967807843,75 to 79 years
9093,28515,0.589129640785948,0.5714285714285714,0.8075595099424235,75 to 79 years
9094,26976,0.6177010693573766,0.8571428571428571,0.5731078409838413,75 to 79 years
9095,29856,0.032001191599258016,0.14285714285714285,0.9062496334969437,75 to 79 years
9096,25501,0.6319867836430908,1.0,0.9597857143059683,75 to 79 years
9097,26478,0.589129640785948,0.5714285714285714,0.6312711097667205,75 to 79 years
9098,26960,0.6177010693573766,0.8571428571428571,0.8682466151239893,75 to 79 years
9099,21982,0.19760963408756432,0.42857142857142855,0.4882772211009511,75 to 79 years
9100,29782,0.6177010693573766,0.8571428571428571,0.6111736128388352,75 to 79 years
9101,21553,0.43615572143052045,0.2857142857142857,0.5128868131900071,75 to 79 years
9102,22951,0.6177010693573766,0.8571428571428571,0.3158498609463898,75 to 79 years
9103,28894,0.589129640785948,0.5714285714285714,0.906243980504406,75 to 79 years
9104,25244,0.589129640785948,0.5714285714285714,0.4894778199243718,75 to 79 years
9105,28996,0.5748439265002336,0.42857142857142855,0.7593083975613836,75 to 79 years
9106,25172,0.4014739348694543,0.8571428571428571,0.6191633053218634,75 to 79 years
9107,26871,0.2563724354832456,0.5714285714285714,0.5646371158562421,75 to 79 years
9108,28364,0.6177010693573766,0.8571428571428571,0.36156943636778593,75 to 79 years
9109,25404,0.11245705384175056,0.5714285714285714,0.4510506450365413,75 to 79 years
9110,20246,0.6034153550716622,0.7142857142857142,0.9695230415054759,75 to 79 years
9111,29518,0.6177010693573766,0.8571428571428571,0.6546256029270435,75 to 79 years
9112,20512,0.1627003400599919,0.5714285714285714,0.9979087306815183,75 to 79 years
9113,27544,0.1586396604237758,0.8571428571428571,0.19546996614115292,75 to 79 years
9114,25581,0.6319867836430908,1.0,0.19241016971963099,75 to 79 years
9115,21918,0.6319867836430908,1.0,0.3026500760994887,75 to 79 years
9116,24846,0.6177010693573766,0.8571428571428571,0.7475437129116207,75 to 79 years
9117,25750,0.6319867836430908,1.0,0.46764763228572703,75 to 79 years
9118,23913,0.1693785559146453,0.5714285714285714,0.6164619051401586,75 to 79 years
9119,21040,0.6034153550716622,0.7142857142857142,0.8420590037351572,75 to 79 years
9120,21295,0.03458223955772588,0.5714285714285714,0.588766818077862,75 to 79 years
9121,23955,0.5748439265002336,0.42857142857142855,0.9243403214747692,75 to 79 years
9122,27811,0.18258251880624926,0.2857142857142857,0.42671702952428003,75 to 79 years
9123,23932,0.6177010693573766,0.8571428571428571,0.35642016911281926,75 to 79 years
9124,25283,0.282524822461728,0.5714285714285714,0.640962321625024,75 to 79 years
9125,23089,0.6177010693573766,0.8571428571428571,0.7642024556563509,75 to 79 years
9126,23534,0.6319867836430908,1.0,0.6329336250593016,75 to 79 years
9127,20861,0.589129640785948,0.5714285714285714,0.5881497149146531,75 to 79 years
9128,24813,0.589129640785948,0.5714285714285714,0.6981975106318197,75 to 79 years
9129,25076,0.6177010693573766,0.8571428571428571,0.45446967209584466,75 to 79 years
9130,29602,0.07272815095117345,0.5714285714285714,0.8923230727703798,75 to 79 years
9131,22808,0.22610547168381223,0.42857142857142855,0.5465406271843691,75 to 79 years
9132,23640,0.6319867836430908,1.0,0.5720330323919596,75 to 79 years
9133,23677,0.6319867836430908,1.0,0.6234658443791783,75 to 79 years
9134,22538,0.6319867836430908,1.0,0.4738001680997169,75 to 79 years
9135,28244,0.6177010693573766,0.8571428571428571,0.6209233189945504,75 to 79 years
9136,21362,0.589129640785948,0.5714285714285714,0.9052807973249003,75 to 79 years
9137,22804,0.589129640785948,0.5714285714285714,0.727789542420896,75 to 79 years
9138,26026,0.589129640785948,0.5714285714285714,0.2731285926877585,75 to 79 years
9139,23761,0.6319867836430908,1.0,0.2893053042126556,75 to 79 years
9140,20838,0.589129640785948,0.5714285714285714,0.44741246062825407,75 to 79 years
9141,23836,0.6177010693573766,0.8571428571428571,0.5514706926977552,75 to 79 years
9142,20059,0.6177010693573766,0.8571428571428571,0.9091702423098529,75 to 79 years
9143,29338,0.6319867836430908,1.0,0.6757770559273183,75 to 79 years
9144,28986,0.6177010693573766,0.8571428571428571,0.8460680932381528,75 to 79 years
9145,27068,0.589129640785948,0.5714285714285714,0.7014617016682929,75 to 79 years
9146,21314,0.6319867836430908,1.0,0.3771217176840429,75 to 79 years
9147,27147,0.5605582122145194,0.2857142857142857,0.47040365632977676,75 to 79 years
