,id,health_score,circumstance_score,effort_score,time_bin
0,14981,0.9341428571428569,0.5714285714285714,0.8487588817768461,0 to 4 years
1,19072,0.891285714285714,0.14285714285714285,0.8718637987403812,0 to 4 years
2,12318,0.891285714285714,0.14285714285714285,0.4949358386969703,0 to 4 years
3,19849,0.9341428571428569,0.5714285714285714,0.8661669048179215,0 to 4 years
4,17492,0.9769999999999998,1.0,0.4641074238177341,0 to 4 years
5,10511,0.891285714285714,0.14285714285714285,0.6481364436686878,0 to 4 years
6,16148,0.9627142857142855,0.8571428571428571,0.57761664058629,0 to 4 years
7,19806,0.9055714285714284,0.2857142857142857,0.9146056184440123,0 to 4 years
8,15277,0.9627142857142855,0.8571428571428571,0.02826134948794201,0 to 4 years
9,15400,0.9627142857142855,0.8571428571428571,0.043480271992314634,0 to 4 years
10,19988,0.9627142857142855,0.8571428571428571,0.8404931378447726,0 to 4 years
11,13478,0.9627142857142855,0.8571428571428571,0.5507002399330416,0 to 4 years
12,11274,0.891285714285714,0.14285714285714285,0.7525012980806243,0 to 4 years
13,12125,0.9627142857142855,0.8571428571428571,0.05297029401124831,0 to 4 years
14,18658,0.9341428571428569,0.5714285714285714,0.9763131971355128,0 to 4 years
15,12733,0.9198571428571426,0.42857142857142855,0.08875674465276129,0 to 4 years
16,16109,0.891285714285714,0.14285714285714285,0.7216783855367219,0 to 4 years
17,11108,0.9484285714285712,0.7142857142857142,0.8397433916640915,0 to 4 years
18,17761,0.9341428571428569,0.5714285714285714,0.7254640916942224,0 to 4 years
19,15914,0.891285714285714,0.14285714285714285,0.47964871384190466,0 to 4 years
20,13966,0.891285714285714,0.14285714285714285,0.3717079003600546,0 to 4 years
21,13696,0.9055714285714284,0.2857142857142857,0.043883692168245614,0 to 4 years
22,15127,0.9769999999999998,1.0,0.34487892934986486,0 to 4 years
23,17527,0.9341428571428569,0.5714285714285714,0.6448548598906203,0 to 4 years
24,11752,0.9055714285714284,0.2857142857142857,0.6077172597746183,0 to 4 years
25,17542,0.9055714285714284,0.2857142857142857,0.5860257398029981,0 to 4 years
26,19076,0.9627142857142855,0.8571428571428571,0.8132438113849115,0 to 4 years
27,19304,0.9627142857142855,0.8571428571428571,0.347068925904527,0 to 4 years
28,11621,0.9627142857142855,0.8571428571428571,0.116665392756159,0 to 4 years
29,10028,0.9055714285714284,0.2857142857142857,0.4818451866116666,0 to 4 years
30,16111,0.9341428571428569,0.5714285714285714,0.4970594309847934,0 to 4 years
31,18412,0.9341428571428569,0.5714285714285714,0.8518818220023245,0 to 4 years
32,17341,0.9627142857142855,0.8571428571428571,0.8305449995538032,0 to 4 years
33,14004,0.9341428571428569,0.5714285714285714,0.4359777855050806,0 to 4 years
34,19376,0.9341428571428569,0.5714285714285714,0.6407100554099159,0 to 4 years
35,12286,0.9055714285714284,0.2857142857142857,0.9949381039575564,0 to 4 years
36,12803,0.9627142857142855,0.8571428571428571,0.6196313089582131,0 to 4 years
37,14428,0.9198571428571426,0.42857142857142855,0.9062755291359458,0 to 4 years
38,13314,0.891285714285714,0.14285714285714285,0.16764999010356868,0 to 4 years
39,13900,0.9055714285714284,0.2857142857142857,0.8659781520849775,0 to 4 years
40,15231,0.9341428571428569,0.5714285714285714,0.4752205584395034,0 to 4 years
41,18749,0.9769999999999998,1.0,0.9221242217243943,0 to 4 years
42,18055,0.891285714285714,0.14285714285714285,0.6352503338096207,0 to 4 years
43,17326,0.9341428571428569,0.5714285714285714,0.5639537138351732,0 to 4 years
44,18507,0.9341428571428569,0.5714285714285714,0.42107532521400126,0 to 4 years
45,16248,0.9627142857142855,0.8571428571428571,0.975036338043123,0 to 4 years
46,16444,0.9341428571428569,0.5714285714285714,0.9861852041928582,0 to 4 years
47,12833,0.9484285714285712,0.7142857142857142,0.4375955705092762,0 to 4 years
48,18485,0.9198571428571426,0.42857142857142855,0.5634022471120544,0 to 4 years
49,19601,0.9055714285714284,0.2857142857142857,0.07049134128265028,0 to 4 years
50,13914,0.891285714285714,0.14285714285714285,0.18549423195284176,0 to 4 years
51,13240,0.9769999999999998,1.0,0.20171045404506593,0 to 4 years
52,18208,0.9055714285714284,0.2857142857142857,0.508575997867726,0 to 4 years
53,16679,0.9627142857142855,0.8571428571428571,0.29115605829321134,0 to 4 years
54,15561,0.9627142857142855,0.8571428571428571,0.04708962976725051,0 to 4 years
55,17208,0.9769999999999998,1.0,0.1765812614451363,0 to 4 years
56,11477,0.9055714285714284,0.2857142857142857,0.763235656744769,0 to 4 years
57,12201,0.9341428571428569,0.5714285714285714,0.5523862488588559,0 to 4 years
58,12646,0.9484285714285712,0.7142857142857142,0.7393261132815395,0 to 4 years
59,16578,0.9627142857142855,0.8571428571428571,0.00032531936513513493,0 to 4 years
60,13908,0.9341428571428569,0.5714285714285714,0.6641472634797013,0 to 4 years
61,17243,0.891285714285714,0.14285714285714285,0.09169825105017809,0 to 4 years
62,18336,0.891285714285714,0.14285714285714285,0.9488837295756268,0 to 4 years
63,11974,0.891285714285714,0.14285714285714285,0.4237919667071478,0 to 4 years
64,15348,0.9055714285714284,0.2857142857142857,0.25881683206544676,0 to 4 years
65,11862,0.9484285714285712,0.7142857142857142,0.873593298196542,0 to 4 years
66,16497,0.9198571428571426,0.42857142857142855,0.6274343572709449,0 to 4 years
67,10654,0.9341428571428569,0.5714285714285714,0.1763961305143798,0 to 4 years
68,15937,0.9055714285714284,0.2857142857142857,0.5939049088012227,0 to 4 years
69,10123,0.9055714285714284,0.2857142857142857,0.6371139755624504,0 to 4 years
70,12164,0.9341428571428569,0.5714285714285714,0.32484656002010703,0 to 4 years
71,16826,0.9055714285714284,0.2857142857142857,0.8331246450368943,0 to 4 years
72,16905,0.891285714285714,0.14285714285714285,0.3314451467881876,0 to 4 years
73,14616,0.9055714285714284,0.2857142857142857,0.661909609613948,0 to 4 years
74,15796,0.9341428571428569,0.5714285714285714,0.8285802710983616,0 to 4 years
75,18214,0.9341428571428569,0.5714285714285714,0.5088744873454054,0 to 4 years
76,16194,0.9055714285714284,0.2857142857142857,0.651854121565228,0 to 4 years
77,14142,0.9055714285714284,0.2857142857142857,0.302558007889348,0 to 4 years
78,17112,0.9198571428571426,0.42857142857142855,0.8523928807903787,0 to 4 years
79,11718,0.9055714285714284,0.2857142857142857,0.6923154424303861,0 to 4 years
80,17234,0.9627142857142855,0.8571428571428571,0.16970892242547686,0 to 4 years
81,18650,0.9198571428571426,0.42857142857142855,0.6196618953440152,0 to 4 years
82,10200,0.9198571428571426,0.42857142857142855,0.7132554147129587,0 to 4 years
83,12701,0.9769999999999998,1.0,0.5991589971817436,0 to 4 years
84,19869,0.9055714285714284,0.2857142857142857,0.33803325581506627,0 to 4 years
85,10062,0.9055714285714284,0.2857142857142857,0.04912419279604702,0 to 4 years
86,15741,0.9627142857142855,0.8571428571428571,0.5990461880000221,0 to 4 years
87,16807,0.9055714285714284,0.2857142857142857,0.5243356601694394,0 to 4 years
88,19923,0.9627142857142855,0.8571428571428571,0.8529982296340033,0 to 4 years
89,16193,0.9198571428571426,0.42857142857142855,0.3662202672381917,0 to 4 years
90,10093,0.9627142857142855,0.8571428571428571,0.04762296198152616,0 to 4 years
91,15929,0.891285714285714,0.14285714285714285,0.08962750097500016,0 to 4 years
92,11952,0.0,0.14285714285714285,0.8360709888166888,0 to 4 years
93,14513,0.9627142857142855,0.8571428571428571,0.5831336970095066,0 to 4 years
94,17539,0.9055714285714284,0.2857142857142857,0.45666256612238937,0 to 4 years
95,12515,0.9055714285714284,0.2857142857142857,0.21769385812157066,0 to 4 years
96,19104,0.9055714285714284,0.2857142857142857,0.2362459978025127,0 to 4 years
97,17233,0.9627142857142855,0.8571428571428571,0.7033260886177652,0 to 4 years
98,17028,0.891285714285714,0.14285714285714285,0.4714384027231567,0 to 4 years
99,10679,0.9055714285714284,0.2857142857142857,0.5537323848110642,0 to 4 years
100,10779,0.9055714285714284,0.2857142857142857,0.5009689988353019,0 to 4 years
101,15866,0.891285714285714,0.14285714285714285,0.5239669536727598,0 to 4 years
102,14346,0.9055714285714284,0.2857142857142857,0.22195264341961263,0 to 4 years
103,13903,0.891285714285714,0.14285714285714285,0.3987110634491143,0 to 4 years
104,14384,0.9484285714285712,0.7142857142857142,0.4812394011374016,0 to 4 years
105,15315,0.9055714285714284,0.2857142857142857,0.37232615552160475,0 to 4 years
106,15130,0.9627142857142855,0.8571428571428571,0.48491909495150926,0 to 4 years
107,11926,0.9055714285714284,0.2857142857142857,0.09059088360002171,0 to 4 years
108,10108,0.9341428571428569,0.5714285714285714,0.6034713153660938,0 to 4 years
109,14966,0.9198571428571426,0.42857142857142855,0.8724389909677082,0 to 4 years
110,15567,0.9055714285714284,0.2857142857142857,0.3719068180717382,0 to 4 years
111,15272,0.9055714285714284,0.2857142857142857,0.808614262707403,0 to 4 years
112,11544,0.9055714285714284,0.2857142857142857,0.882147677059479,0 to 4 years
113,16097,0.9198571428571426,0.42857142857142855,0.33629305112061747,0 to 4 years
114,18765,0.891285714285714,0.14285714285714285,0.9608836593702812,0 to 4 years
115,19459,0.9055714285714284,0.2857142857142857,0.911732162908327,0 to 4 years
116,19828,0.9055714285714284,0.2857142857142857,0.4584377307784855,0 to 4 years
117,10399,0.891285714285714,0.14285714285714285,0.4793034406186445,0 to 4 years
118,14075,0.9198571428571426,0.42857142857142855,0.0861434820816882,0 to 4 years
119,13892,0.9055714285714284,0.2857142857142857,0.8625976369434747,0 to 4 years
120,15354,0.9055714285714284,0.2857142857142857,0.3489837638859497,0 to 4 years
121,13015,0.9055714285714284,0.2857142857142857,0.10925104868676533,0 to 4 years
122,14554,0.891285714285714,0.14285714285714285,0.5999980210004603,0 to 4 years
123,11934,0.9341428571428569,0.5714285714285714,0.8167061046261376,0 to 4 years
124,14113,0.9198571428571426,0.42857142857142855,0.14594687589228,0 to 4 years
125,11493,0.891285714285714,0.14285714285714285,0.9704523609805986,0 to 4 years
126,11436,0.9055714285714284,0.2857142857142857,0.9286298485965776,0 to 4 years
127,15728,0.9627142857142855,0.8571428571428571,0.76657873226322,0 to 4 years
128,14664,0.9198571428571426,0.42857142857142855,0.6471429025834095,0 to 4 years
129,18776,0.891285714285714,0.14285714285714285,0.40360411260240536,0 to 4 years
130,17658,0.9055714285714284,0.2857142857142857,0.8732982166463531,0 to 4 years
131,12765,0.9055714285714284,0.2857142857142857,0.5486927512121129,0 to 4 years
132,17675,0.9055714285714284,0.2857142857142857,0.5604332046790926,0 to 4 years
133,12994,0.9055714285714284,0.2857142857142857,0.6975476525246604,0 to 4 years
134,10046,0.48917979532589223,0.42857142857142855,0.574466512842127,0 to 4 years
135,18834,0.9341428571428569,0.5714285714285714,0.2863547146527767,0 to 4 years
136,16431,0.9055714285714284,0.2857142857142857,0.31569492125813964,0 to 4 years
137,16803,0.9198571428571426,0.42857142857142855,0.7318176138367808,0 to 4 years
138,15988,0.9769999999999998,1.0,0.4915110671952816,0 to 4 years
139,11123,0.891285714285714,0.14285714285714285,0.2297350990494585,0 to 4 years
140,13178,0.9055714285714284,0.2857142857142857,0.8719297610831621,0 to 4 years
141,12787,0.9198571428571426,0.42857142857142855,0.6085130134152621,0 to 4 years
142,18805,0.9198571428571426,0.42857142857142855,0.7871644810486036,0 to 4 years
143,14773,0.9055714285714284,0.2857142857142857,0.42661616531794294,0 to 4 years
144,16106,0.9055714285714284,0.2857142857142857,0.5769173609119638,0 to 4 years
145,11213,0.9341428571428569,0.5714285714285714,0.7133368780139256,0 to 4 years
146,15107,0.9055714285714284,0.2857142857142857,0.708783647304932,0 to 4 years
147,19879,0.9198571428571426,0.42857142857142855,0.2460697107747284,0 to 4 years
148,17952,0.9341428571428569,0.5714285714285714,0.7632099733828137,0 to 4 years
149,13788,0.9055714285714284,0.2857142857142857,0.6138697797645468,0 to 4 years
150,15263,0.9769999999999998,1.0,0.8744503860754871,0 to 4 years
151,19527,0.9769999999999998,1.0,0.2544160478915089,0 to 4 years
152,10409,0.9055714285714284,0.2857142857142857,0.6214292526636149,0 to 4 years
153,11937,0.891285714285714,0.14285714285714285,0.8304268085247029,0 to 4 years
154,13541,0.891285714285714,0.14285714285714285,0.26638663985211636,0 to 4 years
155,11709,0.9341428571428569,0.5714285714285714,0.5283084885654571,0 to 4 years
156,18766,0.9055714285714284,0.2857142857142857,0.7092834486290343,0 to 4 years
157,13875,0.9198571428571426,0.42857142857142855,0.5938215645240034,0 to 4 years
158,19952,0.9341428571428569,0.5714285714285714,0.31389751007990924,0 to 4 years
159,16945,0.9055714285714284,0.2857142857142857,0.6908344221844187,0 to 4 years
160,19321,0.891285714285714,0.14285714285714285,0.38630254003672343,0 to 4 years
161,18069,0.9198571428571426,0.42857142857142855,0.5696836405119461,0 to 4 years
162,16733,0.9198571428571426,0.42857142857142855,0.7493291396398244,0 to 4 years
163,17165,0.9055714285714284,0.2857142857142857,0.9452183377083554,0 to 4 years
164,14845,0.891285714285714,0.14285714285714285,0.5110587731051041,0 to 4 years
165,13662,0.9055714285714284,0.2857142857142857,0.31592504263861876,0 to 4 years
166,14509,0.9341428571428569,0.5714285714285714,0.35373075722089287,0 to 4 years
167,12289,0.9055714285714284,0.2857142857142857,0.3616638425601547,0 to 4 years
168,14626,0.891285714285714,0.14285714285714285,0.732915823369173,0 to 4 years
169,12477,0.9769999999999998,1.0,0.44818629283456946,0 to 4 years
170,12444,0.9341428571428569,0.5714285714285714,0.2824734267958382,0 to 4 years
171,10088,0.891285714285714,0.14285714285714285,0.38245546322242907,0 to 4 years
172,13203,0.9055714285714284,0.2857142857142857,0.7542527272004912,0 to 4 years
173,14721,0.9055714285714284,0.2857142857142857,0.14074062287629474,0 to 4 years
174,12416,0.9341428571428569,0.5714285714285714,0.8082773524094521,0 to 4 years
175,17260,0.9055714285714284,0.2857142857142857,0.4413988180060895,0 to 4 years
176,19146,0.9627142857142855,0.8571428571428571,0.3967878905877678,0 to 4 years
177,15913,0.9627142857142855,0.8571428571428571,0.4645569382168944,0 to 4 years
178,12860,0.9055714285714284,0.2857142857142857,0.10585554346490061,0 to 4 years
179,14910,0.9055714285714284,0.2857142857142857,0.5267113034495922,0 to 4 years
180,19978,0.9341428571428569,0.5714285714285714,0.46746350319387076,0 to 4 years
181,14090,0.0,0.5714285714285714,0.15373010997413084,0 to 4 years
182,19337,0.9055714285714284,0.2857142857142857,0.19648665099382312,0 to 4 years
183,19259,0.891285714285714,0.14285714285714285,0.4921422623234466,0 to 4 years
184,18424,0.9627142857142855,0.8571428571428571,0.9357662782076279,0 to 4 years
185,16290,0.9055714285714284,0.2857142857142857,0.6490883703561383,0 to 4 years
186,14497,0.9627142857142855,0.8571428571428571,0.1251910699396261,0 to 4 years
187,17329,0.9055714285714284,0.2857142857142857,0.7300719112394265,0 to 4 years
188,11421,0.9055714285714284,0.2857142857142857,0.5783220495085009,0 to 4 years
189,13099,0.891285714285714,0.14285714285714285,0.7038270032388256,0 to 4 years
190,19173,0.891285714285714,0.14285714285714285,0.2838106420549138,0 to 4 years
191,15932,0.9198571428571426,0.42857142857142855,0.7429578341790433,0 to 4 years
192,12609,0.9627142857142855,0.8571428571428571,0.8309808781702177,0 to 4 years
193,12336,0.9198571428571426,0.42857142857142855,0.6161647981353092,0 to 4 years
194,18587,0.9627142857142855,0.8571428571428571,0.7665138540253401,0 to 4 years
195,16098,0.9198571428571426,0.42857142857142855,0.4123954283968314,0 to 4 years
196,16771,0.891285714285714,0.14285714285714285,0.47360204698673647,0 to 4 years
197,13075,0.9341428571428569,0.5714285714285714,0.44923067819243656,0 to 4 years
198,16822,0.9055714285714284,0.2857142857142857,0.5009359376800029,0 to 4 years
199,15166,0.9341428571428569,0.5714285714285714,0.6300892371741659,0 to 4 years
200,17133,0.9769999999999998,1.0,0.5659681878579078,0 to 4 years
201,13732,0.891285714285714,0.14285714285714285,0.47480279077692944,0 to 4 years
202,11641,0.9341428571428569,0.5714285714285714,0.6418629480276201,0 to 4 years
203,16712,0.891285714285714,0.14285714285714285,0.4878630761947895,0 to 4 years
204,17799,0.891285714285714,0.14285714285714285,0.6548823560096029,0 to 4 years
205,10864,0.9055714285714284,0.2857142857142857,0.056581428024405245,0 to 4 years
206,15144,0.9769999999999998,1.0,0.216736187042319,0 to 4 years
207,14929,0.9341428571428569,0.5714285714285714,0.9770421992449939,0 to 4 years
208,17984,0.9198571428571426,0.42857142857142855,0.6801376564752468,0 to 4 years
209,12510,0.9341428571428569,0.5714285714285714,0.9057339544569787,0 to 4 years
210,15244,0.9341428571428569,0.5714285714285714,0.27223162083861624,0 to 4 years
211,19366,0.9769999999999998,1.0,0.35685169699609987,0 to 4 years
212,17195,0.9055714285714284,0.2857142857142857,0.3481331567272872,0 to 4 years
213,18732,0.9627142857142855,0.8571428571428571,0.8717826223523648,0 to 4 years
214,14790,0.891285714285714,0.14285714285714285,0.5026836320729228,0 to 4 years
215,17751,0.9627142857142855,0.8571428571428571,0.8846949127621099,0 to 4 years
216,18520,0.9341428571428569,0.5714285714285714,0.8995306640230426,0 to 4 years
217,15168,0.9055714285714284,0.2857142857142857,0.9544650192247272,0 to 4 years
218,13907,0.9627142857142855,0.8571428571428571,0.7881384502987782,0 to 4 years
219,12414,0.9055714285714284,0.2857142857142857,0.35498702010148947,0 to 4 years
220,10913,0.9627142857142855,0.8571428571428571,0.18230797353843137,0 to 4 years
221,17181,0.891285714285714,0.14285714285714285,0.8842184876988755,0 to 4 years
222,14710,0.9055714285714284,0.2857142857142857,0.3537683326013139,0 to 4 years
223,19721,0.9055714285714284,0.2857142857142857,0.9013691787547193,0 to 4 years
224,12780,0.9627142857142855,0.8571428571428571,0.34177360544003044,0 to 4 years
225,15643,0.9769999999999998,1.0,0.28821488409791196,0 to 4 years
226,14828,0.891285714285714,0.14285714285714285,0.9380668421217299,0 to 4 years
227,18309,0.891285714285714,0.14285714285714285,0.3824034862711462,0 to 4 years
228,17664,0.891285714285714,0.14285714285714285,0.2395242455087483,0 to 4 years
229,15647,0.9341428571428569,0.5714285714285714,0.9288914020662427,0 to 4 years
230,11955,0.891285714285714,0.14285714285714285,0.021148917374250953,0 to 4 years
231,19813,0.9198571428571426,0.42857142857142855,0.9504238826258772,0 to 4 years
232,10528,0.9341428571428569,0.5714285714285714,0.7981424242517026,0 to 4 years
233,13919,0.9769999999999998,1.0,0.4006584636419205,0 to 4 years
234,12974,0.9627142857142855,0.8571428571428571,0.4580896610771283,0 to 4 years
235,10688,0.9198571428571426,0.42857142857142855,0.6422824250085118,0 to 4 years
236,12935,0.9484285714285712,0.7142857142857142,0.6481585902763773,0 to 4 years
237,19866,0.9341428571428569,0.5714285714285714,0.8469515265546359,0 to 4 years
238,17863,0.9484285714285712,0.7142857142857142,0.5380834194646796,0 to 4 years
239,10626,0.9627142857142855,0.8571428571428571,0.9161693425934392,0 to 4 years
240,10507,0.9627142857142855,0.8571428571428571,0.22587325328999847,0 to 4 years
241,13390,0.891285714285714,0.14285714285714285,0.42518998775525313,0 to 4 years
242,10877,0.891285714285714,0.14285714285714285,0.6854996475077526,0 to 4 years
243,18437,0.9341428571428569,0.5714285714285714,0.530504783670132,0 to 4 years
244,12503,0.9055714285714284,0.2857142857142857,0.4474875329172395,0 to 4 years
245,18395,0.9627142857142855,0.8571428571428571,0.3697795547563611,0 to 4 years
246,19183,0.9627142857142855,0.8571428571428571,0.40541927584958093,0 to 4 years
247,18299,0.891285714285714,0.14285714285714285,0.43176976502875847,0 to 4 years
248,11993,0.891285714285714,0.14285714285714285,0.8892171662405783,0 to 4 years
249,19595,0.9055714285714284,0.2857142857142857,0.98493813621537,0 to 4 years
250,12917,0.9627142857142855,0.8571428571428571,0.3657071526630752,0 to 4 years
251,19377,0.9627142857142855,0.8571428571428571,0.8996918335674939,0 to 4 years
252,12528,0.9341428571428569,0.5714285714285714,0.6880653451189764,0 to 4 years
253,14856,0.9484285714285712,0.7142857142857142,0.7036837203306439,0 to 4 years
254,13546,0.9341428571428569,0.5714285714285714,0.6480721287560208,0 to 4 years
255,13188,0.9341428571428569,0.5714285714285714,0.4110622242107652,0 to 4 years
256,15874,0.891285714285714,0.14285714285714285,0.8161818520821252,0 to 4 years
257,13265,0.9055714285714284,0.2857142857142857,0.645872536914568,0 to 4 years
258,10489,0.9627142857142855,0.8571428571428571,0.49461840412430724,0 to 4 years
259,19409,0.9341428571428569,0.5714285714285714,0.1867707815678259,0 to 4 years
260,16085,0.9198571428571426,0.42857142857142855,0.8618331583046743,0 to 4 years
261,17628,0.9198571428571426,0.42857142857142855,0.19371405820337417,0 to 4 years
262,19622,0.9627142857142855,0.8571428571428571,0.16934235023706495,0 to 4 years
263,11456,0.9055714285714284,0.2857142857142857,0.5081245662293667,0 to 4 years
264,10044,0.9055714285714284,0.2857142857142857,0.7192385100770686,0 to 4 years
265,11306,0.9055714285714284,0.2857142857142857,0.3538748151342606,0 to 4 years
266,14737,0.9341428571428569,0.5714285714285714,0.31663145435897444,0 to 4 years
267,18433,0.9341428571428569,0.5714285714285714,0.18451467617612544,0 to 4 years
268,16425,0.891285714285714,0.14285714285714285,0.092130873865585,0 to 4 years
269,17362,0.891285714285714,0.14285714285714285,0.9170652164996134,0 to 4 years
270,15086,0.9198571428571426,0.42857142857142855,0.3231740242287588,0 to 4 years
271,15305,0.9627142857142855,0.8571428571428571,0.5960348301172335,0 to 4 years
272,13270,0.9627142857142855,0.8571428571428571,0.013041137293101968,0 to 4 years
273,18895,0.9769999999999998,1.0,0.7582727432559812,0 to 4 years
274,17908,0.9055714285714284,0.2857142857142857,0.2730267989462949,0 to 4 years
275,18554,0.891285714285714,0.14285714285714285,0.12491379723129609,0 to 4 years
276,18678,0.9627142857142855,0.8571428571428571,0.5108003766668678,0 to 4 years
277,12363,0.9627142857142855,0.8571428571428571,0.2778360331735697,0 to 4 years
278,17543,0.9341428571428569,0.5714285714285714,0.4940980202510639,0 to 4 years
279,14245,0.9055714285714284,0.2857142857142857,0.9572335407634147,0 to 4 years
280,19890,0.9198571428571426,0.42857142857142855,0.3618436968683937,0 to 4 years
281,18177,0.891285714285714,0.14285714285714285,0.9339081491588808,0 to 4 years
282,17032,0.9627142857142855,0.8571428571428571,0.1888488363184611,0 to 4 years
283,13646,0.9055714285714284,0.2857142857142857,0.4591914432460731,0 to 4 years
284,18302,0.891285714285714,0.14285714285714285,0.35703686769726073,0 to 4 years
285,16460,0.9055714285714284,0.2857142857142857,0.698050022846124,0 to 4 years
286,16210,0.9769999999999998,1.0,0.6905172764584606,0 to 4 years
287,14950,0.9055714285714284,0.2857142857142857,0.8809742489030145,0 to 4 years
288,12227,0.9627142857142855,0.8571428571428571,0.9622513609072219,0 to 4 years
289,10490,0.9055714285714284,0.2857142857142857,0.5176026739674249,0 to 4 years
290,12070,0.9627142857142855,0.8571428571428571,0.4960319880151566,0 to 4 years
291,18958,0.9769999999999998,1.0,0.7831731702335613,0 to 4 years
292,15099,0.891285714285714,0.14285714285714285,0.9641251077417384,0 to 4 years
293,11028,0.9627142857142855,0.8571428571428571,0.8164963292634084,0 to 4 years
294,14937,0.891285714285714,0.14285714285714285,0.5384880687667613,0 to 4 years
295,14583,0.9055714285714284,0.2857142857142857,0.3051125403059257,0 to 4 years
296,13052,0.9055714285714284,0.2857142857142857,0.3725975232108344,0 to 4 years
297,19171,0.9055714285714284,0.2857142857142857,0.5973655778679876,0 to 4 years
298,13349,0.9484285714285712,0.7142857142857142,0.45082946456415,0 to 4 years
299,14938,0.9055714285714284,0.2857142857142857,0.12134696460215738,0 to 4 years
300,11444,0.9055714285714284,0.2857142857142857,0.2532659906882996,0 to 4 years
301,18549,0.9055714285714284,0.2857142857142857,0.44738369320734755,0 to 4 years
302,12802,0.891285714285714,0.14285714285714285,0.8364063978023932,0 to 4 years
303,16374,0.9341428571428569,0.5714285714285714,0.24836700358540487,0 to 4 years
304,11409,0.891285714285714,0.14285714285714285,0.5348854994276243,0 to 4 years
305,12260,0.9341428571428569,0.5714285714285714,0.3582569468130665,0 to 4 years
306,17211,0.9055714285714284,0.2857142857142857,0.5977199830773086,0 to 4 years
307,15787,0.9341428571428569,0.5714285714285714,0.03130432299515418,0 to 4 years
308,11222,0.9055714285714284,0.2857142857142857,0.819088760251607,0 to 4 years
309,17265,0.891285714285714,0.14285714285714285,0.04097425425929285,0 to 4 years
310,13769,0.9055714285714284,0.2857142857142857,0.34862013773100975,0 to 4 years
311,16428,0.9198571428571426,0.42857142857142855,0.4495159789310331,0 to 4 years
312,13179,0.9198571428571426,0.42857142857142855,0.7091606732697573,0 to 4 years
313,15838,0.9341428571428569,0.5714285714285714,0.17941410704181304,0 to 4 years
314,10034,0.9769999999999998,1.0,0.1768572118494292,0 to 4 years
315,16539,0.891285714285714,0.14285714285714285,0.004526785399425193,0 to 4 years
316,16729,0.9627142857142855,0.8571428571428571,0.1128423272970468,0 to 4 years
317,14221,0.9341428571428569,0.5714285714285714,0.8022558986328605,0 to 4 years
318,17430,0.9341428571428569,0.5714285714285714,0.46946327567200097,0 to 4 years
319,16185,0.9627142857142855,0.8571428571428571,0.12887620614481715,0 to 4 years
320,18077,0.9341428571428569,0.5714285714285714,0.9438357624297826,0 to 4 years
321,10222,0.9769999999999998,1.0,0.3849036462697907,0 to 4 years
322,10459,0.9055714285714284,0.2857142857142857,0.8041942530836981,0 to 4 years
323,15445,0.9484285714285712,0.7142857142857142,0.06580979398884423,0 to 4 years
324,13406,0.9627142857142855,0.8571428571428571,0.491735796364496,0 to 4 years
325,15211,0.9769999999999998,1.0,0.6789980527899245,0 to 4 years
326,19461,0.9627142857142855,0.8571428571428571,0.628811937555371,0 to 4 years
327,13658,0.9055714285714284,0.2857142857142857,0.6864637834710872,0 to 4 years
328,10358,0.9055714285714284,0.2857142857142857,0.5638150889535338,0 to 4 years
329,19959,0.891285714285714,0.14285714285714285,0.7370946612937658,0 to 4 years
330,16552,0.9341428571428569,0.5714285714285714,0.968946561992743,0 to 4 years
331,19474,0.9769999999999998,1.0,0.15970255405457146,0 to 4 years
332,12699,0.9341428571428569,0.5714285714285714,0.9780181209981673,0 to 4 years
333,15226,0.891285714285714,0.14285714285714285,0.974266837409024,0 to 4 years
334,18210,0.9484285714285712,0.7142857142857142,0.987463011339125,0 to 4 years
335,19965,0.9484285714285712,0.7142857142857142,0.3878580878056468,0 to 4 years
336,12666,0.9484285714285712,0.7142857142857142,0.2783219031561084,0 to 4 years
337,13748,0.891285714285714,0.14285714285714285,0.5353198597985629,0 to 4 years
338,13640,0.891285714285714,0.14285714285714285,0.6368838914855858,0 to 4 years
339,15891,0.9627142857142855,0.8571428571428571,0.6261197649472929,0 to 4 years
340,13485,0.9341428571428569,0.5714285714285714,0.20379562876683116,0 to 4 years
341,19212,0.9769999999999998,1.0,0.6676562538503201,0 to 4 years
342,11481,0.891285714285714,0.14285714285714285,0.17608616785546866,0 to 4 years
343,18617,0.9769999999999998,1.0,0.7972773358000917,0 to 4 years
344,13171,0.891285714285714,0.14285714285714285,0.17738800248635128,0 to 4 years
345,16364,0.9627142857142855,0.8571428571428571,0.3975019262330205,0 to 4 years
346,16048,0.891285714285714,0.14285714285714285,0.4343073303818637,0 to 4 years
347,16705,0.9055714285714284,0.2857142857142857,0.9337312690387272,0 to 4 years
348,18840,0.891285714285714,0.14285714285714285,0.32354092773525667,0 to 4 years
349,19313,0.9055714285714284,0.2857142857142857,0.500551448620436,0 to 4 years
350,14103,0.9198571428571426,0.42857142857142855,0.873799252565379,0 to 4 years
351,11567,0.891285714285714,0.14285714285714285,0.2649719136252674,0 to 4 years
352,18201,0.9055714285714284,0.2857142857142857,0.5153090238450282,0 to 4 years
353,15297,0.9769999999999998,1.0,0.052620018635773036,0 to 4 years
354,14169,0.9627142857142855,0.8571428571428571,0.03226045291688007,0 to 4 years
355,18985,0.9341428571428569,0.5714285714285714,0.14536122957505343,0 to 4 years
356,10249,0.9341428571428569,0.5714285714285714,0.8043472564842008,0 to 4 years
357,13938,0.0,0.2857142857142857,0.908967737239754,0 to 4 years
358,16011,0.9198571428571426,0.42857142857142855,0.21556068901281167,0 to 4 years
359,11851,0.9055714285714284,0.2857142857142857,0.7038511618177632,0 to 4 years
360,14440,0.891285714285714,0.14285714285714285,0.3671368990957552,0 to 4 years
361,17316,0.9341428571428569,0.5714285714285714,0.26189964794713955,0 to 4 years
362,11255,0.9055714285714284,0.2857142857142857,0.829693393124176,0 to 4 years
363,15578,0.891285714285714,0.14285714285714285,0.6567480532703748,0 to 4 years
364,19518,0.891285714285714,0.14285714285714285,0.6021163172216291,0 to 4 years
365,18375,0.9484285714285712,0.7142857142857142,0.6122210700745625,0 to 4 years
366,12611,0.9055714285714284,0.2857142857142857,0.8666067107313408,0 to 4 years
367,11608,0.9198571428571426,0.42857142857142855,0.650673821890465,0 to 4 years
368,11022,0.9341428571428569,0.5714285714285714,0.8230675940908062,0 to 4 years
369,10683,0.9341428571428569,0.5714285714285714,0.5507911835633417,0 to 4 years
370,18293,0.9627142857142855,0.8571428571428571,0.5717054575016348,0 to 4 years
371,13672,0.9198571428571426,0.42857142857142855,0.5610634113684112,0 to 4 years
372,17903,0.9627142857142855,0.8571428571428571,0.6747307854054766,0 to 4 years
373,13883,0.891285714285714,0.14285714285714285,0.4583769306323887,0 to 4 years
374,13804,0.9341428571428569,0.5714285714285714,0.5576414970459591,0 to 4 years
375,16341,0.9341428571428569,0.5714285714285714,0.36952521032790364,0 to 4 years
376,12526,0.891285714285714,0.14285714285714285,0.6154121834724561,0 to 4 years
377,19496,0.9055714285714284,0.2857142857142857,0.022181704367613242,0 to 4 years
378,14572,0.9627142857142855,0.8571428571428571,0.2541597392117318,0 to 4 years
379,17701,0.9341428571428569,0.5714285714285714,0.7235604981772766,0 to 4 years
380,11445,0.9055714285714284,0.2857142857142857,0.744309454400752,0 to 4 years
381,10964,0.891285714285714,0.14285714285714285,0.8047537587265794,0 to 4 years
382,19730,0.9769999999999998,1.0,0.27719900943106185,0 to 4 years
383,17487,0.9055714285714284,0.2857142857142857,0.6980405028781868,0 to 4 years
384,14280,0.9627142857142855,0.8571428571428571,0.4206551700160741,0 to 4 years
385,13018,0.9341428571428569,0.5714285714285714,0.49777684788281185,0 to 4 years
386,11610,0.9341428571428569,0.5714285714285714,0.5625738605989667,0 to 4 years
387,19407,0.9055714285714284,0.2857142857142857,0.927993325314999,0 to 4 years
388,14510,0.9341428571428569,0.5714285714285714,0.5829301760781032,0 to 4 years
389,16443,0.9627142857142855,0.8571428571428571,0.23260955893819757,0 to 4 years
390,12230,0.9769999999999998,1.0,0.9340225374400893,0 to 4 years
391,18249,0.9055714285714284,0.2857142857142857,0.37848416544178276,0 to 4 years
392,13987,0.9341428571428569,0.5714285714285714,0.7538055241027095,0 to 4 years
393,14055,0.9055714285714284,0.2857142857142857,0.21304719525874205,0 to 4 years
394,14259,0.9627142857142855,0.8571428571428571,0.5138831981598134,0 to 4 years
395,11449,0.891285714285714,0.14285714285714285,0.5080316531065716,0 to 4 years
396,16274,0.9627142857142855,0.8571428571428571,0.31097934216152867,0 to 4 years
397,18414,0.891285714285714,0.14285714285714285,0.3188207456331944,0 to 4 years
398,18172,0.9198571428571426,0.42857142857142855,0.18149846186425656,0 to 4 years
399,18736,0.9198571428571426,0.42857142857142855,0.9265259830225382,0 to 4 years
400,14170,0.891285714285714,0.14285714285714285,0.9424875588829904,0 to 4 years
401,10439,0.9198571428571426,0.42857142857142855,0.4700430420977336,0 to 4 years
402,13214,0.9055714285714284,0.2857142857142857,0.7468516999538655,0 to 4 years
403,19013,0.9341428571428569,0.5714285714285714,0.671645527031095,0 to 4 years
404,10255,0.9341428571428569,0.5714285714285714,0.2245971069271302,0 to 4 years
405,18467,0.9055714285714284,0.2857142857142857,0.9189078858921682,0 to 4 years
406,15320,0.9341428571428569,0.5714285714285714,0.027372099106519387,0 to 4 years
407,12044,0.9055714285714284,0.2857142857142857,0.9712439840995221,0 to 4 years
408,13684,0.891285714285714,0.14285714285714285,0.5050921966539434,0 to 4 years
409,12795,0.9055714285714284,0.2857142857142857,0.5800163423241285,0 to 4 years
410,13003,0.891285714285714,0.14285714285714285,0.7232635267043819,0 to 4 years
411,13446,0.9341428571428569,0.5714285714285714,0.7624320658581403,0 to 4 years
412,15955,0.891285714285714,0.14285714285714285,0.6748277588750252,0 to 4 years
413,16542,0.9341428571428569,0.5714285714285714,0.4134095297954885,0 to 4 years
414,16931,0.891285714285714,0.14285714285714285,0.26559756364386056,0 to 4 years
415,18059,0.9055714285714284,0.2857142857142857,0.46778984780587773,0 to 4 years
416,17655,0.891285714285714,0.14285714285714285,0.18128226578927875,0 to 4 years
417,15957,0.8135772307379132,0.14285714285714285,0.6590910164794869,0 to 4 years
418,19354,0.9627142857142855,0.8571428571428571,0.7696209338075085,0 to 4 years
419,12950,0.9341428571428569,0.5714285714285714,0.8041718895123016,0 to 4 years
420,12264,0.891285714285714,0.14285714285714285,0.3495294595049925,0 to 4 years
421,12133,0.9055714285714284,0.2857142857142857,0.6185909882386681,0 to 4 years
422,12828,0.9627142857142855,0.8571428571428571,0.6738642902058144,0 to 4 years
423,12813,0.9055714285714284,0.2857142857142857,0.2840921354820144,0 to 4 years
424,19794,0.9198571428571426,0.42857142857142855,0.13203374331301465,0 to 4 years
425,14029,0.9055714285714284,0.2857142857142857,0.3506065577275239,0 to 4 years
426,14200,0.891285714285714,0.14285714285714285,0.5934737544386406,0 to 4 years
427,12638,0.9341428571428569,0.5714285714285714,0.7671555343266986,0 to 4 years
428,18250,0.9627142857142855,0.8571428571428571,0.13686168394898196,0 to 4 years
429,17569,0.9055714285714284,0.2857142857142857,0.5613280306780679,0 to 4 years
430,10495,0.9627142857142855,0.8571428571428571,0.5101050083379177,0 to 4 years
431,10120,0.9341428571428569,0.5714285714285714,0.831378665808906,0 to 4 years
432,16005,0.9198571428571426,0.42857142857142855,0.17787341147154395,0 to 4 years
433,12797,0.9055714285714284,0.2857142857142857,0.8729199691028464,0 to 4 years
434,12992,0.891285714285714,0.14285714285714285,0.3824467136949252,0 to 4 years
435,18607,0.9055714285714284,0.2857142857142857,0.5299260990840755,0 to 4 years
436,17707,0.891285714285714,0.14285714285714285,0.021211798666207704,0 to 4 years
437,19231,0.9055714285714284,0.2857142857142857,0.38301135582496515,0 to 4 years
438,10746,0.9055714285714284,0.2857142857142857,0.7090503803577799,0 to 4 years
439,17857,0.9055714285714284,0.2857142857142857,0.5751836984869203,0 to 4 years
440,18373,0.9055714285714284,0.2857142857142857,0.29096064958905243,0 to 4 years
441,18107,0.9055714285714284,0.2857142857142857,0.2557164041002009,0 to 4 years
442,14723,0.9341428571428569,0.5714285714285714,0.270208268490826,0 to 4 years
443,18114,0.891285714285714,0.14285714285714285,0.7471780227364737,0 to 4 years
444,12255,0.891285714285714,0.14285714285714285,0.10736190704229631,0 to 4 years
445,15539,0.9055714285714284,0.2857142857142857,0.32866072695932824,0 to 4 years
446,18885,0.9055714285714284,0.2857142857142857,0.40236008282297525,0 to 4 years
447,18674,0.9341428571428569,0.5714285714285714,0.2200668278069603,0 to 4 years
448,10705,0.9627142857142855,0.8571428571428571,0.8968351444479761,0 to 4 years
449,15585,0.9198571428571426,0.42857142857142855,0.09118983525649849,0 to 4 years
450,12151,0.9055714285714284,0.2857142857142857,0.597229821141123,0 to 4 years
451,19131,0.9627142857142855,0.8571428571428571,0.3557631761275145,0 to 4 years
452,11532,0.9341428571428569,0.5714285714285714,0.8005027926151733,0 to 4 years
453,14298,0.9627142857142855,0.8571428571428571,0.4881049139650269,0 to 4 years
454,12470,0.9341428571428569,0.5714285714285714,0.7317808791495117,0 to 4 years
455,17876,0.9341428571428569,0.5714285714285714,0.8126241629401647,0 to 4 years
456,12356,0.0,1.0,0.7358320127020412,0 to 4 years
457,16202,0.9769999999999998,1.0,0.6578416561253049,0 to 4 years
458,19220,0.9198571428571426,0.42857142857142855,0.5821793723675334,0 to 4 years
459,12899,0.9627142857142855,0.8571428571428571,0.21615738652304828,0 to 4 years
460,16875,0.9055714285714284,0.2857142857142857,0.40662135390261694,0 to 4 years
461,13340,0.891285714285714,0.14285714285714285,0.8827998076807875,0 to 4 years
462,16002,0.891285714285714,0.14285714285714285,0.6088092574143743,0 to 4 years
463,17261,0.891285714285714,0.14285714285714285,0.3356094951786739,0 to 4 years
464,15776,0.9341428571428569,0.5714285714285714,0.6083290786069178,0 to 4 years
465,10419,0.9769999999999998,1.0,0.6242330608334486,0 to 4 years
466,12018,0.9627142857142855,0.8571428571428571,0.6448183822361362,0 to 4 years
467,10899,0.9198571428571426,0.42857142857142855,0.31793757533393274,0 to 4 years
468,14601,0.891285714285714,0.14285714285714285,0.5645174839457205,0 to 4 years
469,18129,0.9055714285714284,0.2857142857142857,0.47483460421941465,0 to 4 years
470,11747,0.9769999999999998,1.0,0.5430890853696747,0 to 4 years
471,10487,0.9769999999999998,1.0,0.45357366018067086,0 to 4 years
472,13985,0.9055714285714284,0.2857142857142857,0.5877561143720678,0 to 4 years
473,16031,0.9055714285714284,0.2857142857142857,0.9557960020452053,0 to 4 years
474,10156,0.891285714285714,0.14285714285714285,0.19038808367776744,0 to 4 years
475,14609,0.9055714285714284,0.2857142857142857,0.5920821451528915,0 to 4 years
476,17076,0.9055714285714284,0.2857142857142857,0.8432079120182782,0 to 4 years
477,17559,0.9341428571428569,0.5714285714285714,0.9379772321056338,0 to 4 years
478,12632,0.9769999999999998,1.0,0.7944371396025585,0 to 4 years
479,18977,0.9055714285714284,0.2857142857142857,0.06052584436088193,0 to 4 years
480,16504,0.9769999999999998,1.0,0.9613875004411174,0 to 4 years
481,19421,0.9341428571428569,0.5714285714285714,0.35707346072537205,0 to 4 years
482,16137,0.9627142857142855,0.8571428571428571,0.3809430971647919,0 to 4 years
483,13057,0.9055714285714284,0.2857142857142857,0.7308218463468988,0 to 4 years
484,17851,0.9627142857142855,0.8571428571428571,0.02259218331772883,0 to 4 years
485,13497,0.9341428571428569,0.5714285714285714,0.9539043859791466,0 to 4 years
486,14122,0.9769999999999998,1.0,0.3300103860616048,0 to 4 years
487,17620,0.891285714285714,0.14285714285714285,0.6423042493585215,0 to 4 years
488,15307,0.9055714285714284,0.2857142857142857,0.22338096693304715,0 to 4 years
489,14610,0.9198571428571426,0.42857142857142855,0.9361856490930174,0 to 4 years
490,17451,0.891285714285714,0.14285714285714285,0.05271774965287351,0 to 4 years
491,18532,0.891285714285714,0.14285714285714285,0.1919571577106282,0 to 4 years
492,17240,0.9627142857142855,0.8571428571428571,0.6549378713736476,0 to 4 years
493,13881,0.9055714285714284,0.2857142857142857,0.8413470987312843,0 to 4 years
494,18809,0.9055714285714284,0.2857142857142857,0.8957835458964374,0 to 4 years
495,13505,0.891285714285714,0.14285714285714285,0.37797319832513676,0 to 4 years
496,11047,0.9341428571428569,0.5714285714285714,0.3542371361505064,0 to 4 years
497,14462,0.9627142857142855,0.8571428571428571,0.1361896171797511,0 to 4 years
498,12671,0.9627142857142855,0.8571428571428571,0.27246592755478355,0 to 4 years
499,10707,0.9055714285714284,0.2857142857142857,0.6889754883736502,0 to 4 years
500,14681,0.9055714285714284,0.2857142857142857,0.499099329464017,0 to 4 years
501,17022,0.9484285714285712,0.7142857142857142,0.9428739096556513,0 to 4 years
502,18368,0.9198571428571426,0.42857142857142855,0.016642580164375587,0 to 4 years
503,12445,0.9055714285714284,0.2857142857142857,0.45206215029249447,0 to 4 years
504,13536,0.9627142857142855,0.8571428571428571,0.0721853584622914,0 to 4 years
505,12514,0.891285714285714,0.14285714285714285,0.9548034989747749,0 to 4 years
506,10168,0.9055714285714284,0.2857142857142857,0.5748393432914995,0 to 4 years
507,18921,0.9055714285714284,0.2857142857142857,0.20068201910695305,0 to 4 years
508,19480,0.891285714285714,0.14285714285714285,0.6491966152317039,0 to 4 years
509,17116,0.9055714285714284,0.2857142857142857,0.5647635951429479,0 to 4 years
510,12616,0.891285714285714,0.14285714285714285,0.09382646514334836,0 to 4 years
511,15258,0.9769999999999998,1.0,0.07535061246964747,0 to 4 years
512,16310,0.9198571428571426,0.42857142857142855,0.9111348319283787,0 to 4 years
513,15991,0.9055714285714284,0.2857142857142857,0.6794954727247443,0 to 4 years
514,16878,0.9341428571428569,0.5714285714285714,0.6215729177652277,0 to 4 years
515,18155,0.0,1.0,0.596813412059496,0 to 4 years
516,12877,0.9341428571428569,0.5714285714285714,0.19172642161424575,0 to 4 years
517,11657,0.9341428571428569,0.5714285714285714,0.2937793830692931,0 to 4 years
518,11662,0.891285714285714,0.14285714285714285,0.14657482675435468,0 to 4 years
519,11073,0.9627142857142855,0.8571428571428571,0.32654235139552745,0 to 4 years
520,10024,0.891285714285714,0.14285714285714285,0.11039816433476574,0 to 4 years
521,18141,0.9769999999999998,1.0,0.3012339469530713,0 to 4 years
522,16839,0.9484285714285712,0.7142857142857142,0.8207195972565136,0 to 4 years
523,13771,0.9055714285714284,0.2857142857142857,0.030547181195622053,0 to 4 years
524,13192,0.9627142857142855,0.8571428571428571,0.5546428728992018,0 to 4 years
525,11533,0.9198571428571426,0.42857142857142855,0.7552259505832053,0 to 4 years
526,19500,0.9627142857142855,0.8571428571428571,0.6064778020336031,0 to 4 years
527,11473,0.9198571428571426,0.42857142857142855,0.9763493884625989,0 to 4 years
528,17119,0.9055714285714284,0.2857142857142857,0.7728178432156485,0 to 4 years
529,18544,0.9055714285714284,0.2857142857142857,0.4347825171357561,0 to 4 years
530,10856,0.9341428571428569,0.5714285714285714,0.8775641604120613,0 to 4 years
531,10282,0.9055714285714284,0.2857142857142857,0.1880101016130502,0 to 4 years
532,16042,0.9055714285714284,0.2857142857142857,0.706316091264195,0 to 4 years
533,12607,0.891285714285714,0.14285714285714285,0.7099655101745139,0 to 4 years
534,19786,0.9484285714285712,0.7142857142857142,0.5685515146276797,0 to 4 years
535,17629,0.9627142857142855,0.8571428571428571,0.492295850123926,0 to 4 years
536,12987,0.9769999999999998,1.0,0.5921916895367685,0 to 4 years
537,11845,0.9198571428571426,0.42857142857142855,0.3764708928232333,0 to 4 years
538,19148,0.9055714285714284,0.2857142857142857,0.08205566541552167,0 to 4 years
539,16713,0.9484285714285712,0.7142857142857142,0.34310091570458856,0 to 4 years
540,17905,0.9198571428571426,0.42857142857142855,0.6269961834783415,0 to 4 years
541,16170,0.9484285714285712,0.7142857142857142,0.10029312436812393,0 to 4 years
542,17588,0.9198571428571426,0.42857142857142855,0.34838968551634575,0 to 4 years
543,12645,0.891285714285714,0.14285714285714285,0.12274026671247695,0 to 4 years
544,13549,0.9055714285714284,0.2857142857142857,0.3595173700668998,0 to 4 years
545,17699,0.9769999999999998,1.0,0.9854211206181953,0 to 4 years
546,19964,0.9055714285714284,0.2857142857142857,0.14291987229617553,0 to 4 years
547,16181,0.9769999999999998,1.0,0.7923298954978776,0 to 4 years
548,14313,0.9341428571428569,0.5714285714285714,0.9146052441523873,0 to 4 years
549,18945,0.9769999999999998,1.0,0.4475271019486737,0 to 4 years
550,18213,0.9769999999999998,1.0,0.8018307991105382,0 to 4 years
551,16904,0.9055714285714284,0.2857142857142857,0.0599701520624355,0 to 4 years
552,19330,0.9055714285714284,0.2857142857142857,0.42668016398495745,0 to 4 years
553,14690,0.9341428571428569,0.5714285714285714,0.4379465830595658,0 to 4 years
554,10036,0.9341428571428569,0.5714285714285714,0.6041197062669226,0 to 4 years
555,17132,0.9769999999999998,1.0,0.9695511209163925,0 to 4 years
556,12412,0.9055714285714284,0.2857142857142857,0.9717264160056394,0 to 4 years
557,14738,0.9484285714285712,0.7142857142857142,0.37589275755979884,0 to 4 years
558,18873,0.891285714285714,0.14285714285714285,0.7251299218186225,0 to 4 years
559,17338,0.9341428571428569,0.5714285714285714,0.11594083620448448,0 to 4 years
560,14521,0.9055714285714284,0.2857142857142857,0.5096656074339094,0 to 4 years
561,18126,0.891285714285714,0.14285714285714285,0.22582209428379874,0 to 4 years
562,11396,0.9769999999999998,1.0,0.8373778675027843,0 to 4 years
563,17166,0.891285714285714,0.14285714285714285,0.7726112986194,0 to 4 years
564,10087,0.9198571428571426,0.42857142857142855,0.5529501874947932,0 to 4 years
565,10115,0.9341428571428569,0.5714285714285714,0.9787813066917873,0 to 4 years
566,13063,0.9341428571428569,0.5714285714285714,0.9926745397282997,0 to 4 years
567,13612,0.9055714285714284,0.2857142857142857,0.8504984017166395,0 to 4 years
568,19105,0.9627142857142855,0.8571428571428571,0.7189084564444377,0 to 4 years
569,10577,0.9341428571428569,0.5714285714285714,0.33735883473639333,0 to 4 years
570,11418,0.9627142857142855,0.8571428571428571,0.3064832947402366,0 to 4 years
571,13311,0.9769999999999998,1.0,0.16187481657152414,0 to 4 years
572,10546,0.9055714285714284,0.2857142857142857,0.2359964996854137,0 to 4 years
573,18384,0.9055714285714284,0.2857142857142857,0.7105082614546,0 to 4 years
574,13853,0.9484285714285712,0.7142857142857142,0.5707827168406635,0 to 4 years
575,13620,0.9627142857142855,0.8571428571428571,0.6040249641145077,0 to 4 years
576,19585,0.9627142857142855,0.8571428571428571,0.44596739708721783,0 to 4 years
577,18622,0.891285714285714,0.14285714285714285,0.6564419138037719,0 to 4 years
578,17079,0.9055714285714284,0.2857142857142857,0.02042100837686711,0 to 4 years
579,16584,0.9627142857142855,0.8571428571428571,0.7081515139378594,0 to 4 years
580,18044,0.9055714285714284,0.2857142857142857,0.1779619439960698,0 to 4 years
581,13029,0.9341428571428569,0.5714285714285714,0.5380280443934273,0 to 4 years
582,12229,0.9627142857142855,0.8571428571428571,0.9404957944118463,0 to 4 years
583,17669,0.9055714285714284,0.2857142857142857,0.7263756616584653,0 to 4 years
584,18258,0.9341428571428569,0.5714285714285714,0.36635377609734826,0 to 4 years
585,12267,0.9198571428571426,0.42857142857142855,0.3470003822480656,0 to 4 years
586,15606,0.9341428571428569,0.5714285714285714,0.6719513591991323,0 to 4 years
587,11223,0.891285714285714,0.14285714285714285,0.4780423062728779,0 to 4 years
588,14649,0.891285714285714,0.14285714285714285,0.31586764256458955,0 to 4 years
589,15264,0.9198571428571426,0.42857142857142855,0.2286242270756378,0 to 4 years
590,19642,0.891285714285714,0.14285714285714285,0.39936483377838766,0 to 4 years
591,19593,0.9198571428571426,0.42857142857142855,0.9058337216465381,0 to 4 years
592,16973,0.9627142857142855,0.8571428571428571,0.9555172373557858,0 to 4 years
593,18037,0.9769999999999998,1.0,0.3167219498830829,0 to 4 years
594,17420,0.891285714285714,0.14285714285714285,0.25076684938764454,0 to 4 years
595,18709,0.9341428571428569,0.5714285714285714,0.9484569205534388,0 to 4 years
596,19405,0.9055714285714284,0.2857142857142857,0.3077758472023483,0 to 4 years
597,13087,0.9627142857142855,0.8571428571428571,0.04200404921579204,0 to 4 years
598,10665,0.9627142857142855,0.8571428571428571,0.9909002749072531,0 to 4 years
599,14094,0.9341428571428569,0.5714285714285714,0.5109309300857301,0 to 4 years
600,15183,0.9055714285714284,0.2857142857142857,0.3347913791355899,0 to 4 years
601,14730,0.9055714285714284,0.2857142857142857,0.05419804982405335,0 to 4 years
602,13929,0.891285714285714,0.14285714285714285,0.13920567241855536,0 to 4 years
603,16367,0.9198571428571426,0.42857142857142855,0.5793801887387293,0 to 4 years
604,12906,0.891285714285714,0.14285714285714285,0.7271647397728277,0 to 4 years
605,12562,0.891285714285714,0.14285714285714285,0.015920941320961446,0 to 4 years
606,19895,0.9341428571428569,0.5714285714285714,0.2541926211155454,0 to 4 years
607,12705,0.9769999999999998,1.0,0.7199009219207441,0 to 4 years
608,17481,0.9484285714285712,0.7142857142857142,0.4144026118350601,0 to 4 years
609,17425,0.9769999999999998,1.0,0.9228879818813505,0 to 4 years
610,19697,0.891285714285714,0.14285714285714285,0.8953512058203003,0 to 4 years
611,12449,0.9484285714285712,0.7142857142857142,0.6607674489631212,0 to 4 years
612,15898,0.9627142857142855,0.8571428571428571,0.005857490025733658,0 to 4 years
613,14260,0.9484285714285712,0.7142857142857142,0.5583332540746182,0 to 4 years
614,16874,0.9341428571428569,0.5714285714285714,0.07841095422642597,0 to 4 years
615,10026,0.891285714285714,0.14285714285714285,0.9059910552196085,0 to 4 years
616,12612,0.9198571428571426,0.42857142857142855,0.7337036503989524,0 to 4 years
617,12962,0.9341428571428569,0.5714285714285714,0.5374627366976136,0 to 4 years
618,12663,0.9769999999999998,1.0,0.5414197804864318,0 to 4 years
619,12811,0.891285714285714,0.14285714285714285,0.24243523635250147,0 to 4 years
620,15364,0.9769999999999998,1.0,0.5555966824385891,0 to 4 years
621,13613,0.9484285714285712,0.7142857142857142,0.44520178175332237,0 to 4 years
622,19260,0.9055714285714284,0.2857142857142857,0.42705330911044215,0 to 4 years
623,17411,0.891285714285714,0.14285714285714285,0.4304837626941793,0 to 4 years
624,15730,0.9055714285714284,0.2857142857142857,0.6725088667108088,0 to 4 years
625,17583,0.891285714285714,0.14285714285714285,0.34699822260435814,0 to 4 years
626,10995,0.9341428571428569,0.5714285714285714,0.28751182065387126,0 to 4 years
627,12652,0.9484285714285712,0.7142857142857142,0.029850055631686634,0 to 4 years
628,13778,0.9198571428571426,0.42857142857142855,0.456435191682432,0 to 4 years
629,16994,0.9341428571428569,0.5714285714285714,0.7850288352187896,0 to 4 years
630,14802,0.9055714285714284,0.2857142857142857,0.5906292605677902,0 to 4 years
631,12357,0.9198571428571426,0.42857142857142855,0.48865790813902743,0 to 4 years
632,16329,0.9055714285714284,0.2857142857142857,0.8314268623001294,0 to 4 years
633,17183,0.9055714285714284,0.2857142857142857,0.3860483158623885,0 to 4 years
634,10106,0.9341428571428569,0.5714285714285714,0.9527887639100145,0 to 4 years
635,13921,0.9341428571428569,0.5714285714285714,0.702597034640428,0 to 4 years
636,13307,0.891285714285714,0.14285714285714285,0.3988454386424609,0 to 4 years
637,19328,0.9769999999999998,1.0,0.4560518981790308,0 to 4 years
638,16716,0.891285714285714,0.14285714285714285,0.25570684589071496,0 to 4 years
639,17263,0.891285714285714,0.14285714285714285,0.3037417334012257,0 to 4 years
640,14821,0.9055714285714284,0.2857142857142857,0.3817028519183516,0 to 4 years
641,16818,0.9055714285714284,0.2857142857142857,0.9419009907944402,0 to 4 years
642,16078,0.9198571428571426,0.42857142857142855,0.9199536625300346,0 to 4 years
643,18311,0.9341428571428569,0.5714285714285714,0.3043186246397058,0 to 4 years
644,16423,0.9769999999999998,1.0,0.579335274887513,0 to 4 years
645,15216,0.891285714285714,0.14285714285714285,0.8753957508823991,0 to 4 years
646,16984,0.9627142857142855,0.8571428571428571,0.7562997619131402,0 to 4 years
647,13264,0.9055714285714284,0.2857142857142857,0.6631205101412793,0 to 4 years
648,16218,0.9341428571428569,0.5714285714285714,0.8092194830005017,0 to 4 years
649,18981,0.9341428571428569,0.5714285714285714,0.5789240543743415,0 to 4 years
650,10684,0.9627142857142855,0.8571428571428571,0.2714699830187158,0 to 4 years
651,11989,0.9055714285714284,0.2857142857142857,0.7745013221444688,0 to 4 years
652,19322,0.891285714285714,0.14285714285714285,0.16875957171588774,0 to 4 years
653,15907,0.9341428571428569,0.5714285714285714,0.8664897051276568,0 to 4 years
654,14795,0.9055714285714284,0.2857142857142857,0.23636593193648292,0 to 4 years
655,12793,0.9055714285714284,0.2857142857142857,0.8439549898304659,0 to 4 years
656,15404,0.9769999999999998,1.0,0.8427740011925193,0 to 4 years
657,14867,0.9055714285714284,0.2857142857142857,0.1395503483073049,0 to 4 years
658,16214,0.891285714285714,0.14285714285714285,0.34626943671473054,0 to 4 years
659,16717,0.9198571428571426,0.42857142857142855,0.9404834216288946,0 to 4 years
660,16531,0.891285714285714,0.14285714285714285,0.8302071049423111,0 to 4 years
661,14342,0.9055714285714284,0.2857142857142857,0.3017845152641495,0 to 4 years
662,10386,0.9484285714285712,0.7142857142857142,0.10583577306932762,0 to 4 years
663,18186,0.9341428571428569,0.5714285714285714,0.49548937338719307,0 to 4 years
664,17254,0.9198571428571426,0.42857142857142855,0.33699783580192477,0 to 4 years
665,12745,0.9198571428571426,0.42857142857142855,0.6027186592960477,0 to 4 years
666,13606,0.891285714285714,0.14285714285714285,0.3728798010617579,0 to 4 years
667,10814,0.9627142857142855,0.8571428571428571,0.6905709256899564,0 to 4 years
668,14900,0.891285714285714,0.14285714285714285,0.37097969906681605,0 to 4 years
669,13871,0.9627142857142855,0.8571428571428571,0.7980554865758194,0 to 4 years
670,12943,0.9055714285714284,0.2857142857142857,0.9248416584596713,0 to 4 years
671,18359,0.9341428571428569,0.5714285714285714,0.8624103647459308,0 to 4 years
672,15004,0.9627142857142855,0.8571428571428571,0.43779266477830847,0 to 4 years
673,12493,0.9055714285714284,0.2857142857142857,0.3350581428725411,0 to 4 years
674,13138,0.9341428571428569,0.5714285714285714,0.42977017751445656,0 to 4 years
675,19408,0.891285714285714,0.14285714285714285,0.5158567302239597,0 to 4 years
676,16446,0.9198571428571426,0.42857142857142855,0.45214981750807337,0 to 4 years
677,15717,0.891285714285714,0.14285714285714285,0.7149252507124364,0 to 4 years
678,18925,0.9627142857142855,0.8571428571428571,0.7736513154164563,0 to 4 years
679,11499,0.9055714285714284,0.2857142857142857,0.7122371762875657,0 to 4 years
680,11940,0.9198571428571426,0.42857142857142855,0.4584618985578941,0 to 4 years
681,14092,0.9055714285714284,0.2857142857142857,0.4847491711558494,0 to 4 years
682,18011,0.9055714285714284,0.2857142857142857,0.5097023373152306,0 to 4 years
683,14805,0.9198571428571426,0.42857142857142855,0.40041817565509263,0 to 4 years
684,16909,0.9055714285714284,0.2857142857142857,0.8219480629580229,0 to 4 years
685,12379,0.9341428571428569,0.5714285714285714,0.15774088127189806,0 to 4 years
686,18283,0.891285714285714,0.14285714285714285,0.7781375096167527,0 to 4 years
687,12690,0.9055714285714284,0.2857142857142857,0.1655548822164583,0 to 4 years
688,17361,0.9055714285714284,0.2857142857142857,0.9234731222218933,0 to 4 years
689,19665,0.9198571428571426,0.42857142857142855,0.480046937213511,0 to 4 years
690,16644,0.891285714285714,0.14285714285714285,0.7356244815955888,0 to 4 years
691,17085,0.9055714285714284,0.2857142857142857,0.15369661465107776,0 to 4 years
692,15328,0.9055714285714284,0.2857142857142857,0.48143177356739797,0 to 4 years
693,15615,0.9769999999999998,1.0,0.918656568966711,0 to 4 years
694,18334,0.9341428571428569,0.5714285714285714,0.7464631646395222,0 to 4 years
695,13229,0.9198571428571426,0.42857142857142855,0.7142519499783612,0 to 4 years
696,15112,0.891285714285714,0.14285714285714285,0.4887056733657574,0 to 4 years
697,19816,0.9055714285714284,0.2857142857142857,0.8108380915522919,0 to 4 years
698,17621,0.891285714285714,0.14285714285714285,0.6734697007745345,0 to 4 years
699,19750,0.9198571428571426,0.42857142857142855,0.26720319263206804,0 to 4 years
700,17776,0.9341428571428569,0.5714285714285714,0.6988926455333404,0 to 4 years
701,11135,0.9341428571428569,0.5714285714285714,0.299709438392513,0 to 4 years
702,11976,0.9341428571428569,0.5714285714285714,0.6623729907942832,0 to 4 years
703,11262,0.9627142857142855,0.8571428571428571,0.3183134482637354,0 to 4 years
704,15507,0.9198571428571426,0.42857142857142855,0.6393407408180265,0 to 4 years
705,14136,0.9341428571428569,0.5714285714285714,0.3847060191382042,0 to 4 years
706,17099,0.9341428571428569,0.5714285714285714,0.5954860919189368,0 to 4 years
707,13150,0.891285714285714,0.14285714285714285,0.2934817129665891,0 to 4 years
708,18325,0.9198571428571426,0.42857142857142855,0.13081629094050945,0 to 4 years
709,10316,0.9055714285714284,0.2857142857142857,0.9722020026707423,0 to 4 years
710,16034,0.9341428571428569,0.5714285714285714,0.6944978914050979,0 to 4 years
711,19451,0.9055714285714284,0.2857142857142857,0.5438176255397474,0 to 4 years
712,11928,0.9769999999999998,1.0,0.1428424042001485,0 to 4 years
713,13799,0.9055714285714284,0.2857142857142857,0.00240885751149178,0 to 4 years
714,12918,0.891285714285714,0.14285714285714285,0.6495193899252183,0 to 4 years
715,12781,0.9341428571428569,0.5714285714285714,0.5519361194850437,0 to 4 years
716,18236,0.9055714285714284,0.2857142857142857,0.5757921277671907,0 to 4 years
717,13918,0.9055714285714284,0.2857142857142857,0.48153658324141624,0 to 4 years
718,12564,0.9627142857142855,0.8571428571428571,0.26313517675977516,0 to 4 years
719,17917,0.9341428571428569,0.5714285714285714,0.4492866293376103,0 to 4 years
720,12166,0.9198571428571426,0.42857142857142855,0.2958650632911506,0 to 4 years
721,18203,0.9055714285714284,0.2857142857142857,0.40748310663520204,0 to 4 years
722,17441,0.9341428571428569,0.5714285714285714,0.7124229460072679,0 to 4 years
723,15042,0.9627142857142855,0.8571428571428571,0.21157232164935563,0 to 4 years
724,14824,0.9627142857142855,0.8571428571428571,0.41771764267067796,0 to 4 years
725,10232,0.9627142857142855,0.8571428571428571,0.5768576710108135,0 to 4 years
726,17001,0.891285714285714,0.14285714285714285,0.41249950761738485,0 to 4 years
727,19699,0.9627142857142855,0.8571428571428571,0.36843176419204543,0 to 4 years
728,16498,0.9627142857142855,0.8571428571428571,0.5206578837415872,0 to 4 years
729,15191,0.9341428571428569,0.5714285714285714,0.84617328610912,0 to 4 years
730,17881,0.9627142857142855,0.8571428571428571,0.7154839017859498,0 to 4 years
731,10637,0.9341428571428569,0.5714285714285714,0.31966721024811184,0 to 4 years
732,14302,0.9055714285714284,0.2857142857142857,0.12945249222622224,0 to 4 years
733,17066,0.891285714285714,0.14285714285714285,0.5501566047277092,0 to 4 years
734,14281,0.891285714285714,0.14285714285714285,0.802151288856585,0 to 4 years
735,15040,0.891285714285714,0.14285714285714285,0.4924047747841166,0 to 4 years
736,17656,0.9769999999999998,1.0,0.9556663488819113,0 to 4 years
737,14112,0.891285714285714,0.14285714285714285,0.10483602749179222,0 to 4 years
738,16533,0.9341428571428569,0.5714285714285714,0.12541106378622446,0 to 4 years
739,17146,0.9055714285714284,0.2857142857142857,0.7539644575702671,0 to 4 years
740,13896,0.9627142857142855,0.8571428571428571,0.4930936316869911,0 to 4 years
741,14689,0.9198571428571426,0.42857142857142855,0.5672328918710593,0 to 4 years
742,18702,0.9627142857142855,0.8571428571428571,0.8038476369396252,0 to 4 years
743,16122,0.891285714285714,0.14285714285714285,0.8449323278248454,0 to 4 years
744,15676,0.9055714285714284,0.2857142857142857,0.7482654356771647,0 to 4 years
745,11266,0.9055714285714284,0.2857142857142857,0.8198073948362811,0 to 4 years
746,17206,0.9055714285714284,0.2857142857142857,0.6653355219834867,0 to 4 years
747,15605,0.9055714285714284,0.2857142857142857,0.8497945225924892,0 to 4 years
748,11388,0.9198571428571426,0.42857142857142855,0.6413774526190861,0 to 4 years
749,18451,0.9198571428571426,0.42857142857142855,0.727609134697226,0 to 4 years
750,11424,0.891285714285714,0.14285714285714285,0.8762520187808915,0 to 4 years
751,18175,0.9055714285714284,0.2857142857142857,0.7701624707619821,0 to 4 years
752,18954,0.891285714285714,0.14285714285714285,0.6417306781541279,0 to 4 years
753,19299,0.9198571428571426,0.42857142857142855,0.5309630887739224,0 to 4 years
754,19248,0.9627142857142855,0.8571428571428571,0.5089557345795999,0 to 4 years
755,11402,0.891285714285714,0.14285714285714285,0.7548779148438656,0 to 4 years
756,15655,0.9055714285714284,0.2857142857142857,0.7592112101157813,0 to 4 years
757,14775,0.891285714285714,0.14285714285714285,0.8603423778664872,0 to 4 years
758,13163,0.9341428571428569,0.5714285714285714,0.7675795562933164,0 to 4 years
759,17348,0.9341428571428569,0.5714285714285714,0.4237828936177261,0 to 4 years
760,11772,0.891285714285714,0.14285714285714285,0.4971238115402207,0 to 4 years
761,17960,0.9341428571428569,0.5714285714285714,0.4360037504509128,0 to 4 years
762,14100,0.9341428571428569,0.5714285714285714,0.7157979258685221,0 to 4 years
763,12015,0.9627142857142855,0.8571428571428571,0.12156496520558735,0 to 4 years
764,11761,0.9627142857142855,0.8571428571428571,0.22578058354122205,0 to 4 years
765,19204,0.9341428571428569,0.5714285714285714,0.5741683474445229,0 to 4 years
766,12928,0.891285714285714,0.14285714285714285,0.157226385833523,0 to 4 years
767,11323,0.9341428571428569,0.5714285714285714,0.9935213763872721,0 to 4 years
768,10824,0.9627142857142855,0.8571428571428571,0.2819679755158895,0 to 4 years
769,12605,0.9627142857142855,0.8571428571428571,0.6797387625818202,0 to 4 years
770,19011,0.9198571428571426,0.42857142857142855,0.3569313842734795,0 to 4 years
771,15223,0.9055714285714284,0.2857142857142857,0.4822394009822338,0 to 4 years
772,13493,0.9198571428571426,0.42857142857142855,0.7562634711852537,0 to 4 years
773,18289,0.9627142857142855,0.8571428571428571,0.7536871319276216,0 to 4 years
774,17740,0.891285714285714,0.14285714285714285,0.9684585539352172,0 to 4 years
775,18097,0.891285714285714,0.14285714285714285,0.9768161656708323,0 to 4 years
776,14394,0.9198571428571426,0.42857142857142855,0.31897112112783654,0 to 4 years
777,14120,0.9627142857142855,0.8571428571428571,0.7545597181193662,0 to 4 years
778,17933,0.9627142857142855,0.8571428571428571,0.7419215201164873,0 to 4 years
779,15614,0.891285714285714,0.14285714285714285,0.2792231021157709,0 to 4 years
780,19969,0.9055714285714284,0.2857142857142857,0.17739597456678524,0 to 4 years
781,13393,0.9055714285714284,0.2857142857142857,0.44863170700356597,0 to 4 years
782,19116,0.9055714285714284,0.2857142857142857,0.008652284316548853,0 to 4 years
783,15368,0.9198571428571426,0.42857142857142855,0.820893692972787,0 to 4 years
784,14234,0.9198571428571426,0.42857142857142855,0.49599825314649626,0 to 4 years
785,10933,0.9055714285714284,0.2857142857142857,0.39541530798463753,0 to 4 years
786,17955,0.9055714285714284,0.2857142857142857,0.9458536163906344,0 to 4 years
787,10738,0.9627142857142855,0.8571428571428571,0.5152542765827964,0 to 4 years
788,12942,0.9627142857142855,0.8571428571428571,0.8173816940871368,0 to 4 years
789,15700,0.9484285714285712,0.7142857142857142,0.6553330691349046,0 to 4 years
790,10720,0.9055714285714284,0.2857142857142857,0.07424005153353275,0 to 4 years
791,17907,0.9769999999999998,1.0,0.43350186030325294,0 to 4 years
792,15481,0.9055714285714284,0.2857142857142857,0.6827147887614903,0 to 4 years
793,12330,0.891285714285714,0.14285714285714285,0.8000810494263444,0 to 4 years
794,18019,0.9341428571428569,0.5714285714285714,0.0992810630948548,0 to 4 years
795,18492,0.9627142857142855,0.8571428571428571,0.6755927993006315,0 to 4 years
796,13066,0.9055714285714284,0.2857142857142857,0.08848364029622985,0 to 4 years
797,14422,0.891285714285714,0.14285714285714285,0.40130248072672337,0 to 4 years
798,17504,0.891285714285714,0.14285714285714285,0.951420254743716,0 to 4 years
799,18716,0.9627142857142855,0.8571428571428571,0.23366473162986834,0 to 4 years
800,14912,0.9055714285714284,0.2857142857142857,0.2359814674505426,0 to 4 years
801,17766,0.891285714285714,0.14285714285714285,0.7528091651490976,0 to 4 years
802,16378,0.9055714285714284,0.2857142857142857,0.4461575986366608,0 to 4 years
803,13336,0.9198571428571426,0.42857142857142855,0.7230420037175301,0 to 4 years
804,15515,0.9769999999999998,1.0,0.8032409720320117,0 to 4 years
805,12608,0.9055714285714284,0.2857142857142857,0.5233502439894477,0 to 4 years
806,10729,0.891285714285714,0.14285714285714285,0.5140080611443857,0 to 4 years
807,19799,0.9769999999999998,1.0,0.6811902136212742,0 to 4 years
808,16322,0.9198571428571426,0.42857142857142855,0.9760899555398326,0 to 4 years
809,19326,0.891285714285714,0.14285714285714285,0.42092741912624726,0 to 4 years
810,19103,0.9055714285714284,0.2857142857142857,0.8378739145096592,0 to 4 years
811,16451,0.9341428571428569,0.5714285714285714,0.5784119003741837,0 to 4 years
812,18321,0.9055714285714284,0.2857142857142857,0.36518093138873686,0 to 4 years
813,15822,0.9627142857142855,0.8571428571428571,0.9061085941518054,0 to 4 years
814,13186,0.9769999999999998,1.0,0.41399773574143933,0 to 4 years
815,19497,0.9055714285714284,0.2857142857142857,0.7269071299087125,0 to 4 years
816,10541,0.9055714285714284,0.2857142857142857,0.806605018292073,0 to 4 years
817,11927,0.9341428571428569,0.5714285714285714,0.5906698568907758,0 to 4 years
818,18362,0.9341428571428569,0.5714285714285714,0.6875251221757467,0 to 4 years
819,18102,0.9055714285714284,0.2857142857142857,0.47774091017871656,0 to 4 years
820,13691,0.9055714285714284,0.2857142857142857,0.41267651715400855,0 to 4 years
821,12137,0.891285714285714,0.14285714285714285,0.9223714099493627,0 to 4 years
822,11531,0.479798031764683,0.2857142857142857,0.4803137161970905,0 to 4 years
823,12789,0.9627142857142855,0.8571428571428571,0.8381061098993753,0 to 4 years
824,16287,0.9055714285714284,0.2857142857142857,0.21360890224071483,0 to 4 years
825,19741,0.9055714285714284,0.2857142857142857,0.7866599879698861,0 to 4 years
826,16582,0.9341428571428569,0.5714285714285714,0.2209685113045758,0 to 4 years
827,18254,0.9055714285714284,0.2857142857142857,0.9291389732980053,0 to 4 years
828,17951,0.9198571428571426,0.42857142857142855,0.7152971297587629,0 to 4 years
829,16764,0.9341428571428569,0.5714285714285714,0.4057205247826751,0 to 4 years
830,17979,0.891285714285714,0.14285714285714285,0.3738067018870232,0 to 4 years
831,11682,0.9198571428571426,0.42857142857142855,0.7125729885714098,0 to 4 years
832,13818,0.9055714285714284,0.2857142857142857,0.18476481376830817,0 to 4 years
833,11825,0.891285714285714,0.14285714285714285,0.6214674159752434,0 to 4 years
834,14593,0.891285714285714,0.14285714285714285,0.5676735737632468,0 to 4 years
835,16461,0.9198571428571426,0.42857142857142855,0.5757945585627116,0 to 4 years
836,12694,0.9055714285714284,0.2857142857142857,0.6436183022973755,0 to 4 years
837,11207,0.9769999999999998,1.0,0.7307884489073028,0 to 4 years
838,15954,0.9627142857142855,0.8571428571428571,0.5446322858961566,0 to 4 years
839,12291,0.9198571428571426,0.42857142857142855,0.5546766050034234,0 to 4 years
840,17948,0.9341428571428569,0.5714285714285714,0.8943634548278265,0 to 4 years
841,10154,0.891285714285714,0.14285714285714285,0.3627338314178215,0 to 4 years
842,11891,0.9769999999999998,1.0,0.029670128699491594,0 to 4 years
843,19334,0.9627142857142855,0.8571428571428571,0.26827479588604786,0 to 4 years
844,13980,0.9198571428571426,0.42857142857142855,0.593528513977452,0 to 4 years
845,11774,0.9627142857142855,0.8571428571428571,0.16611847427347898,0 to 4 years
846,17439,0.9198571428571426,0.42857142857142855,0.6856859678476763,0 to 4 years
847,16038,0.9769999999999998,1.0,0.8373166810205249,0 to 4 years
848,12369,0.891285714285714,0.14285714285714285,0.6086419109721217,0 to 4 years
849,17344,0.0,0.8571428571428571,0.7855577683048075,0 to 4 years
850,14812,0.891285714285714,0.14285714285714285,0.4229288668245771,0 to 4 years
851,15888,0.9198571428571426,0.42857142857142855,0.5292752294945676,0 to 4 years
852,12826,0.9198571428571426,0.42857142857142855,0.2774679041797076,0 to 4 years
853,12035,0.9769999999999998,1.0,0.8671380763579092,0 to 4 years
854,11122,0.9198571428571426,0.42857142857142855,0.32652139849032535,0 to 4 years
855,10519,0.9055714285714284,0.2857142857142857,0.6314915512720256,0 to 4 years
856,13341,0.891285714285714,0.14285714285714285,0.5933438258649679,0 to 4 years
857,18596,0.9198571428571426,0.42857142857142855,0.3076049094191493,0 to 4 years
858,12270,0.9627142857142855,0.8571428571428571,0.11572220414067574,0 to 4 years
859,19568,0.9484285714285712,0.7142857142857142,0.587138989692019,0 to 4 years
860,10884,0.9055714285714284,0.2857142857142857,0.7180614320854454,0 to 4 years
861,15768,0.9055714285714284,0.2857142857142857,0.9999407708530706,0 to 4 years
862,10215,0.9341428571428569,0.5714285714285714,0.35395396232167253,0 to 4 years
863,16627,0.9341428571428569,0.5714285714285714,0.4625486436013313,0 to 4 years
864,11316,0.9341428571428569,0.5714285714285714,0.5230181866997043,0 to 4 years
865,16758,0.9627142857142855,0.8571428571428571,0.18626549694279831,0 to 4 years
866,14994,0.9769999999999998,1.0,0.8551940949891428,0 to 4 years
867,15899,0.891285714285714,0.14285714285714285,0.8413174352874239,0 to 4 years
868,12466,0.9627142857142855,0.8571428571428571,0.945884167745132,0 to 4 years
869,18295,0.9484285714285712,0.7142857142857142,0.9663810597379539,0 to 4 years
870,10474,0.9627142857142855,0.8571428571428571,0.8185513885687816,0 to 4 years
871,14983,0.891285714285714,0.14285714285714285,0.6180015144642791,0 to 4 years
872,14724,0.9341428571428569,0.5714285714285714,0.3684542342855136,0 to 4 years
873,15755,0.9627142857142855,0.8571428571428571,0.18390423901704178,0 to 4 years
874,18580,0.9055714285714284,0.2857142857142857,0.3906936634977982,0 to 4 years
875,10472,0.9341428571428569,0.5714285714285714,0.4871810798711445,0 to 4 years
876,15504,0.9627142857142855,0.8571428571428571,0.11022757315792747,0 to 4 years
877,13791,0.891285714285714,0.14285714285714285,0.7055646010128288,0 to 4 years
878,11727,0.9055714285714284,0.2857142857142857,0.4507382064010033,0 to 4 years
879,11250,0.9198571428571426,0.42857142857142855,0.34987793039403253,0 to 4 years
880,13910,0.891285714285714,0.14285714285714285,0.34344893798558795,0 to 4 years
881,17220,0.9627142857142855,0.8571428571428571,0.39118876501329425,0 to 4 years
882,15070,0.891285714285714,0.14285714285714285,0.6167269017457221,0 to 4 years
883,18815,0.9627142857142855,0.8571428571428571,0.692149591511231,0 to 4 years
884,16470,0.9055714285714284,0.2857142857142857,0.5392862894038822,0 to 4 years
885,19694,0.891285714285714,0.14285714285714285,0.6886256673647979,0 to 4 years
886,13198,0.9341428571428569,0.5714285714285714,0.2051525021820812,0 to 4 years
887,11399,0.9055714285714284,0.2857142857142857,0.07384973893179403,0 to 4 years
888,15703,0.9627142857142855,0.8571428571428571,0.2729722035993388,0 to 4 years
889,11249,0.9198571428571426,0.42857142857142855,0.4992684300960302,0 to 4 years
890,15715,0.9341428571428569,0.5714285714285714,0.7968496494531194,0 to 4 years
891,15516,0.9055714285714284,0.2857142857142857,0.6607048070081183,0 to 4 years
892,16400,0.9198571428571426,0.42857142857142855,0.5290131001397577,0 to 4 years
893,10306,0.9055714285714284,0.2857142857142857,0.2986523400063775,0 to 4 years
894,19675,0.9055714285714284,0.2857142857142857,0.06544333629431537,0 to 4 years
895,14396,0.9341428571428569,0.5714285714285714,0.19277363362198918,0 to 4 years
896,19745,0.891285714285714,0.14285714285714285,0.244007497645033,0 to 4 years
897,15527,0.891285714285714,0.14285714285714285,0.9083290566253281,0 to 4 years
898,13233,0.9627142857142855,0.8571428571428571,0.7710953946925541,0 to 4 years
899,13224,0.9627142857142855,0.8571428571428571,0.9185534996209348,0 to 4 years
900,18020,0.891285714285714,0.14285714285714285,0.5621056538453995,0 to 4 years
901,16601,0.9198571428571426,0.42857142857142855,0.7385499958156772,0 to 4 years
902,14691,0.9627142857142855,0.8571428571428571,0.6393758991593964,0 to 4 years
903,11715,0.9341428571428569,0.5714285714285714,0.8594941338322029,0 to 4 years
904,10999,0.9341428571428569,0.5714285714285714,0.30972808310537414,0 to 4 years
905,16490,0.9341428571428569,0.5714285714285714,0.9266003651021832,0 to 4 years
906,11165,0.9627142857142855,0.8571428571428571,0.7028248001467203,0 to 4 years
907,19345,0.9198571428571426,0.42857142857142855,0.8469032142706925,0 to 4 years
908,14284,0.9341428571428569,0.5714285714285714,0.44072776296168803,0 to 4 years
909,15537,0.891285714285714,0.14285714285714285,0.7725355732764217,0 to 4 years
910,16799,0.9484285714285712,0.7142857142857142,0.568136806397252,0 to 4 years
911,18972,0.891285714285714,0.14285714285714285,0.9375681922343744,0 to 4 years
912,19514,0.9055714285714284,0.2857142857142857,0.5341682274019504,0 to 4 years
913,19351,0.891285714285714,0.14285714285714285,0.43516771206851995,0 to 4 years
914,17145,0.9341428571428569,0.5714285714285714,0.8681115053907867,0 to 4 years
915,12885,0.9627142857142855,0.8571428571428571,0.9733972906190643,0 to 4 years
916,15499,0.891285714285714,0.14285714285714285,0.470004810164925,0 to 4 years
917,17333,0.9769999999999998,1.0,0.3706149782520186,0 to 4 years
918,19972,0.9341428571428569,0.5714285714285714,0.693205934056198,0 to 4 years
919,14041,0.9627142857142855,0.8571428571428571,0.42584727282427925,0 to 4 years
920,15338,0.9769999999999998,1.0,0.18233922537369895,0 to 4 years
921,16767,0.9055714285714284,0.2857142857142857,0.025546105347322934,0 to 4 years
922,16820,0.891285714285714,0.14285714285714285,0.3996597070151453,0 to 4 years
923,18738,0.9055714285714284,0.2857142857142857,0.6927903507016002,0 to 4 years
924,14150,0.9198571428571426,0.42857142857142855,0.2525803147907097,0 to 4 years
925,15609,0.9341428571428569,0.5714285714285714,0.10547113265246671,0 to 4 years
926,13988,0.9055714285714284,0.2857142857142857,0.7269859351892974,0 to 4 years
927,18054,0.9769999999999998,1.0,0.9033265596973268,0 to 4 years
928,19033,0.9341428571428569,0.5714285714285714,0.6842997364092025,0 to 4 years
929,15186,0.9627142857142855,0.8571428571428571,0.4713031810737854,0 to 4 years
930,11502,0.9055714285714284,0.2857142857142857,0.9088778196251805,0 to 4 years
931,10670,0.9484285714285712,0.7142857142857142,0.9078218432562013,0 to 4 years
932,13677,0.891285714285714,0.14285714285714285,0.42265160545559877,0 to 4 years
933,14652,0.9627142857142855,0.8571428571428571,0.7292968350710923,0 to 4 years
934,17276,0.9341428571428569,0.5714285714285714,0.8781325426866424,0 to 4 years
935,17346,0.9055714285714284,0.2857142857142857,0.9691397963240387,0 to 4 years
936,17164,0.9198571428571426,0.42857142857142855,0.8004257418989502,0 to 4 years
937,19999,0.9055714285714284,0.2857142857142857,0.51105180991819,0 to 4 years
938,11500,0.9198571428571426,0.42857142857142855,0.11753191353130299,0 to 4 years
939,12191,0.9055714285714284,0.2857142857142857,0.8287613616548366,0 to 4 years
940,10380,0.9627142857142855,0.8571428571428571,0.43129424595509075,0 to 4 years
941,14332,0.9627142857142855,0.8571428571428571,0.15421137980510397,0 to 4 years
942,14905,0.9198571428571426,0.42857142857142855,0.8664540939064063,0 to 4 years
943,16965,0.9341428571428569,0.5714285714285714,0.9106162876638002,0 to 4 years
944,10321,0.9055714285714284,0.2857142857142857,0.5374095265707496,0 to 4 years
945,12846,0.9627142857142855,0.8571428571428571,0.39763419874650924,0 to 4 years
946,19100,0.891285714285714,0.14285714285714285,0.6801853107070571,0 to 4 years
947,13832,0.9198571428571426,0.42857142857142855,0.5496852754316799,0 to 4 years
948,16340,0.9769999999999998,1.0,0.8453637577700104,0 to 4 years
949,11385,0.9769999999999998,1.0,0.587208838384668,0 to 4 years
950,19257,0.891285714285714,0.14285714285714285,0.16118724947202084,0 to 4 years
951,17914,0.891285714285714,0.14285714285714285,0.3082411464928107,0 to 4 years
952,16536,0.9198571428571426,0.42857142857142855,0.9546849601728791,0 to 4 years
953,10098,0.891285714285714,0.14285714285714285,0.5951246863452512,0 to 4 years
954,14526,0.9627142857142855,0.8571428571428571,0.3443444424478125,0 to 4 years
955,10139,0.9769999999999998,1.0,0.3459855081892268,0 to 4 years
956,16693,0.9627142857142855,0.8571428571428571,0.09050098989540645,0 to 4 years
957,16958,0.9341428571428569,0.5714285714285714,0.6183785628723818,0 to 4 years
958,11126,0.891285714285714,0.14285714285714285,0.6080138565976336,0 to 4 years
959,13884,0.891285714285714,0.14285714285714285,0.5306971668595326,0 to 4 years
960,14277,0.9341428571428569,0.5714285714285714,0.04396072964189579,0 to 4 years
961,15500,0.9055714285714284,0.2857142857142857,0.500285511169138,0 to 4 years
962,10221,0.9198571428571426,0.42857142857142855,0.8902908096670905,0 to 4 years
963,13651,0.9198571428571426,0.42857142857142855,0.09973761743169746,0 to 4 years
964,17325,0.9769999999999998,1.0,0.3534195801290006,0 to 4 years
965,13359,0.9769999999999998,1.0,0.7829567906565761,0 to 4 years
966,12056,0.9055714285714284,0.2857142857142857,0.31257866655728395,0 to 4 years
967,17662,0.9055714285714284,0.2857142857142857,0.7595812153895221,0 to 4 years
968,13005,0.9627142857142855,0.8571428571428571,0.26586124094050867,0 to 4 years
969,10043,0.9341428571428569,0.5714285714285714,0.02539247062035277,0 to 4 years
970,19464,0.9198571428571426,0.42857142857142855,0.525369727545139,0 to 4 years
971,16328,0.9341428571428569,0.5714285714285714,0.42070221422109916,0 to 4 years
972,13941,0.891285714285714,0.14285714285714285,0.2639583655048866,0 to 4 years
973,11004,0.9198571428571426,0.42857142857142855,0.048514586621988154,0 to 4 years
974,13453,0.9627142857142855,0.8571428571428571,0.7293608376749438,0 to 4 years
975,14748,0.9198571428571426,0.42857142857142855,0.8322944267143795,0 to 4 years
976,10838,0.891285714285714,0.14285714285714285,0.5035988008672809,0 to 4 years
977,16527,0.9055714285714284,0.2857142857142857,0.8300807428661952,0 to 4 years
978,17104,0.9055714285714284,0.2857142857142857,0.8150837070265011,0 to 4 years
979,15846,0.9341428571428569,0.5714285714285714,0.5550798165050456,0 to 4 years
980,14032,0.9055714285714284,0.2857142857142857,0.49007570930471495,0 to 4 years
981,10951,0.891285714285714,0.14285714285714285,0.033957546856751786,0 to 4 years
982,14450,0.9627142857142855,0.8571428571428571,0.6430435703120896,0 to 4 years
983,16068,0.9627142857142855,0.8571428571428571,0.29275570117787325,0 to 4 years
984,14368,0.9055714285714284,0.2857142857142857,0.5491920288718177,0 to 4 years
985,11915,0.9341428571428569,0.5714285714285714,0.08930024132840209,0 to 4 years
986,17650,0.891285714285714,0.14285714285714285,0.2486578538365441,0 to 4 years
987,11695,0.9198571428571426,0.42857142857142855,0.060032945691740836,0 to 4 years
988,10354,0.9341428571428569,0.5714285714285714,0.32791501024838343,0 to 4 years
989,15734,0.9055714285714284,0.2857142857142857,0.057636393229623495,0 to 4 years
990,15876,0.9055714285714284,0.2857142857142857,0.179669471212337,0 to 4 years
991,19746,0.9055714285714284,0.2857142857142857,0.9856847157973221,0 to 4 years
992,11334,0.9341428571428569,0.5714285714285714,0.4209546890633255,0 to 4 years
993,10501,0.9341428571428569,0.5714285714285714,0.3821860032557784,0 to 4 years
994,15479,0.9769999999999998,1.0,0.9127619874311593,0 to 4 years
995,14266,0.9055714285714284,0.2857142857142857,0.9582875100227761,0 to 4 years
996,11960,0.9055714285714284,0.2857142857142857,0.655324687950949,0 to 4 years
997,13634,0.9769999999999998,1.0,0.37602501838503744,0 to 4 years
998,16718,0.9627142857142855,0.8571428571428571,0.6858621027355045,0 to 4 years
999,11129,0.9627142857142855,0.8571428571428571,0.7999431409707298,0 to 4 years
1000,13713,0.9627142857142855,0.8571428571428571,0.7642169570932534,0 to 4 years
1001,14403,0.9769999999999998,1.0,0.12427647254732177,0 to 4 years
1002,18316,0.9627142857142855,0.8571428571428571,0.2586735713513976,0 to 4 years
1003,14832,0.9341428571428569,0.5714285714285714,0.07267918554100328,0 to 4 years
1004,15001,0.9627142857142855,0.8571428571428571,0.2111588480028302,0 to 4 years
1005,13516,0.9484285714285712,0.7142857142857142,0.11585331587128178,0 to 4 years
1006,13331,0.891285714285714,0.14285714285714285,0.7692378215739683,0 to 4 years
1007,11704,0.9055714285714284,0.2857142857142857,0.3638580372325099,0 to 4 years
1008,19631,0.9627142857142855,0.8571428571428571,0.7942613911807078,0 to 4 years
1009,19937,0.9055714285714284,0.2857142857142857,0.5795093950018505,0 to 4 years
1010,19667,0.9627142857142855,0.8571428571428571,0.8320598784643473,0 to 4 years
1011,14871,0.891285714285714,0.14285714285714285,0.5741369561218057,0 to 4 years
1012,11140,0.4244903426955754,0.2857142857142857,0.5832594141596741,0 to 4 years
1013,16282,0.9055714285714284,0.2857142857142857,0.5388277057977954,0 to 4 years
1014,16404,0.9484285714285712,0.7142857142857142,0.4621661148808148,0 to 4 years
1015,14114,0.9198571428571426,0.42857142857142855,0.9276455849154318,0 to 4 years
1016,14774,0.9341428571428569,0.5714285714285714,0.6333614092303478,0 to 4 years
1017,18883,0.9341428571428569,0.5714285714285714,0.5213089735442242,0 to 4 years
1018,19020,0.891285714285714,0.14285714285714285,0.4295374579698721,0 to 4 years
1019,13621,0.9769999999999998,1.0,0.7688175332533376,0 to 4 years
1020,13567,0.9198571428571426,0.42857142857142855,0.2305446650275904,0 to 4 years
1021,12440,0.9055714285714284,0.2857142857142857,0.21898029924186224,0 to 4 years
1022,18624,0.9341428571428569,0.5714285714285714,0.49502125042278367,0 to 4 years
1023,13803,0.9769999999999998,1.0,0.2252405762438246,0 to 4 years
1024,18668,0.9198571428571426,0.42857142857142855,0.4356572643828296,0 to 4 years
1025,17976,0.9198571428571426,0.42857142857142855,0.506289712395672,0 to 4 years
1026,14862,0.8595714285714279,0.2857142857142857,0.7048250261348358,10 to 14 years
1027,12121,0.8452857142857135,0.14285714285714285,0.25729981826442405,10 to 14 years
1028,11077,0.8881428571428565,0.5714285714285714,0.12083803090237077,10 to 14 years
1029,16563,0.8452857142857135,0.14285714285714285,0.3239213918576077,10 to 14 years
1030,10501,0.8881428571428565,0.5714285714285714,0.3821860032557784,10 to 14 years
1031,14031,0.8452857142857135,0.14285714285714285,0.7996484748345675,10 to 14 years
1032,11804,0.8595714285714279,0.2857142857142857,0.5561270970755858,10 to 14 years
1033,17523,0.8452857142857135,0.14285714285714285,0.5243429204544524,10 to 14 years
1034,17761,0.8881428571428565,0.5714285714285714,0.7254640916942224,10 to 14 years
1035,15313,0.8595714285714279,0.2857142857142857,0.5293608465149948,10 to 14 years
1036,14761,0.8595714285714279,0.2857142857142857,0.13664877886646387,10 to 14 years
1037,12307,0.8881428571428565,0.5714285714285714,0.8816367739825636,10 to 14 years
1038,13633,0.8595714285714279,0.2857142857142857,0.4556871941735259,10 to 14 years
1039,12509,0.916714285714285,0.8571428571428571,0.8442791891341546,10 to 14 years
1040,12519,0.8595714285714279,0.2857142857142857,0.12317349991578991,10 to 14 years
1041,19168,0.8452857142857135,0.14285714285714285,0.8337337138964604,10 to 14 years
1042,16995,0.8738571428571421,0.42857142857142855,0.6189822485853903,10 to 14 years
1043,10266,0.8452857142857135,0.14285714285714285,0.6401780394814514,10 to 14 years
1044,10919,0.8452857142857135,0.14285714285714285,0.26909324425301434,10 to 14 years
1045,15625,0.916714285714285,0.8571428571428571,0.7087522937899264,10 to 14 years
1046,16380,0.8881428571428565,0.5714285714285714,0.756141938236349,10 to 14 years
1047,12570,0.8452857142857135,0.14285714285714285,0.46310867898175545,10 to 14 years
1048,15215,0.9309999999999993,1.0,0.0584308049304359,10 to 14 years
1049,13448,0.8452857142857135,0.14285714285714285,0.6676159456791144,10 to 14 years
1050,10744,0.916714285714285,0.8571428571428571,0.39530013702572264,10 to 14 years
1051,12268,0.8452857142857135,0.14285714285714285,0.2488790915435808,10 to 14 years
1052,18975,0.8738571428571421,0.42857142857142855,0.08255020166810106,10 to 14 years
1053,15630,0.8595714285714279,0.2857142857142857,0.8575173681316723,10 to 14 years
1054,18114,0.8452857142857135,0.14285714285714285,0.7471780227364737,10 to 14 years
1055,18953,0.9309999999999993,1.0,0.07339917737461932,10 to 14 years
1056,14248,0.8452857142857135,0.14285714285714285,0.8547306995593786,10 to 14 years
1057,10436,0.8595714285714279,0.2857142857142857,0.47265907262886564,10 to 14 years
1058,17078,0.8881428571428565,0.5714285714285714,0.4787019900082365,10 to 14 years
1059,13280,0.8452857142857135,0.14285714285714285,0.18489187585196787,10 to 14 years
1060,13255,0.9024285714285707,0.7142857142857142,0.60776540242944,10 to 14 years
1061,16028,0.8881428571428565,0.5714285714285714,0.9988824216574985,10 to 14 years
1062,17861,0.8881428571428565,0.5714285714285714,0.8679652986160173,10 to 14 years
1063,17605,0.8881428571428565,0.5714285714285714,0.021892792409845763,10 to 14 years
1064,19704,0.8452857142857135,0.14285714285714285,0.353180077920514,10 to 14 years
1065,13968,0.916714285714285,0.8571428571428571,0.5610067689378427,10 to 14 years
1066,16770,0.8595714285714279,0.2857142857142857,0.13630914202748834,10 to 14 years
1067,19969,0.8595714285714279,0.2857142857142857,0.17739597456678524,10 to 14 years
1068,15101,0.916714285714285,0.8571428571428571,0.45536443631487494,10 to 14 years
1069,14262,0.8595714285714279,0.2857142857142857,0.3074940182573531,10 to 14 years
1070,11020,0.8595714285714279,0.2857142857142857,0.11698940473563452,10 to 14 years
1071,10125,0.8881428571428565,0.5714285714285714,0.31531767655942927,10 to 14 years
1072,14313,0.8881428571428565,0.5714285714285714,0.9146052441523873,10 to 14 years
1073,16234,0.8881428571428565,0.5714285714285714,0.15506633965342576,10 to 14 years
1074,19896,0.8881428571428565,0.5714285714285714,0.14157031590920566,10 to 14 years
1075,15349,0.8881428571428565,0.5714285714285714,0.5354994689875333,10 to 14 years
1076,15723,0.916714285714285,0.8571428571428571,0.2086590317051602,10 to 14 years
1077,18385,0.9024285714285707,0.7142857142857142,0.9736992813776143,10 to 14 years
1078,16472,0.9309999999999993,1.0,0.12520514291294643,10 to 14 years
1079,13209,0.916714285714285,0.8571428571428571,0.6946726063059899,10 to 14 years
1080,10377,0.916714285714285,0.8571428571428571,0.4863140419535948,10 to 14 years
1081,11719,0.8595714285714279,0.2857142857142857,0.24572880386509294,10 to 14 years
1082,16153,0.8881428571428565,0.5714285714285714,0.6410391661932263,10 to 14 years
1083,18760,0.8595714285714279,0.2857142857142857,0.2950851164432135,10 to 14 years
1084,14904,0.8881428571428565,0.5714285714285714,0.6325884462271328,10 to 14 years
1085,13970,0.916714285714285,0.8571428571428571,0.7692214453183174,10 to 14 years
1086,13245,0.8452857142857135,0.14285714285714285,0.5038949537103001,10 to 14 years
1087,10267,0.8595714285714279,0.2857142857142857,0.8856901054874089,10 to 14 years
1088,14530,0.8452857142857135,0.14285714285714285,0.6632536199723015,10 to 14 years
1089,19412,0.8881428571428565,0.5714285714285714,0.20047362453328055,10 to 14 years
1090,11710,0.916714285714285,0.8571428571428571,0.9095335952296262,10 to 14 years
1091,14610,0.8738571428571421,0.42857142857142855,0.9361856490930174,10 to 14 years
1092,16181,0.9309999999999993,1.0,0.7923298954978776,10 to 14 years
1093,14725,0.8881428571428565,0.5714285714285714,0.816058672611043,10 to 14 years
1094,12392,0.8595714285714279,0.2857142857142857,0.32777067664960324,10 to 14 years
1095,14571,0.8738571428571421,0.42857142857142855,0.9472266727413375,10 to 14 years
1096,14219,0.8881428571428565,0.5714285714285714,0.328945768077064,10 to 14 years
1097,10455,0.8595714285714279,0.2857142857142857,0.5748907686135218,10 to 14 years
1098,16418,0.916714285714285,0.8571428571428571,0.9846482485511581,10 to 14 years
1099,13458,0.916714285714285,0.8571428571428571,0.80263620660968,10 to 14 years
1100,10371,0.8881428571428565,0.5714285714285714,0.6089268074256329,10 to 14 years
1101,10189,0.8738571428571421,0.42857142857142855,0.8118210005071942,10 to 14 years
1102,16993,0.8881428571428565,0.5714285714285714,0.13329468366032393,10 to 14 years
1103,17751,0.916714285714285,0.8571428571428571,0.8846949127621099,10 to 14 years
1104,10732,0.8595714285714279,0.2857142857142857,0.14844909508711202,10 to 14 years
1105,18004,0.8738571428571421,0.42857142857142855,0.24673037798934822,10 to 14 years
1106,11286,0.8881428571428565,0.5714285714285714,0.4096245997880651,10 to 14 years
1107,10989,0.8452857142857135,0.14285714285714285,0.40603407620579945,10 to 14 years
1108,14556,0.916714285714285,0.8571428571428571,0.5686894299691679,10 to 14 years
1109,13743,0.8595714285714279,0.2857142857142857,0.4527348842273284,10 to 14 years
1110,18285,0.8595714285714279,0.2857142857142857,0.8653720591102769,10 to 14 years
1111,14001,0.916714285714285,0.8571428571428571,0.19177134247119032,10 to 14 years
1112,16217,0.916714285714285,0.8571428571428571,0.24830252614412435,10 to 14 years
1113,18967,0.8595714285714279,0.2857142857142857,0.8020789683695623,10 to 14 years
1114,10813,0.8452857142857135,0.14285714285714285,0.8997317311983692,10 to 14 years
1115,10888,0.8881428571428565,0.5714285714285714,0.2785684318364079,10 to 14 years
1116,17636,0.9309999999999993,1.0,0.9936666852463767,10 to 14 years
1117,13898,0.8452857142857135,0.14285714285714285,0.9304063433359392,10 to 14 years
1118,10984,0.8595714285714279,0.2857142857142857,0.38867706410025327,10 to 14 years
1119,13527,0.8881428571428565,0.5714285714285714,0.023214399106159744,10 to 14 years
1120,13874,0.8595714285714279,0.2857142857142857,0.6972222476046195,10 to 14 years
1121,16822,0.8595714285714279,0.2857142857142857,0.5009359376800029,10 to 14 years
1122,16373,0.8595714285714279,0.2857142857142857,0.47047388387698136,10 to 14 years
1123,14381,0.8881428571428565,0.5714285714285714,0.048356437558400744,10 to 14 years
1124,12660,0.916714285714285,0.8571428571428571,0.8863420048089943,10 to 14 years
1125,13075,0.8881428571428565,0.5714285714285714,0.44923067819243656,10 to 14 years
1126,13516,0.9024285714285707,0.7142857142857142,0.11585331587128178,10 to 14 years
1127,18217,0.8595714285714279,0.2857142857142857,0.9616156078475767,10 to 14 years
1128,14913,0.8595714285714279,0.2857142857142857,0.5782219931820287,10 to 14 years
1129,11215,0.8452857142857135,0.14285714285714285,0.5953671999449093,10 to 14 years
1130,15872,0.8738571428571421,0.42857142857142855,0.24017344348933412,10 to 14 years
1131,15946,0.9309999999999993,1.0,0.044653679122651335,10 to 14 years
1132,18330,0.8881428571428565,0.5714285714285714,0.23583747711645214,10 to 14 years
1133,17011,0.9309999999999993,1.0,0.10104325535437664,10 to 14 years
1134,15262,0.8881428571428565,0.5714285714285714,0.4659136825511875,10 to 14 years
1135,13734,0.8881428571428565,0.5714285714285714,0.6981481001181592,10 to 14 years
1136,16122,0.8452857142857135,0.14285714285714285,0.8449323278248454,10 to 14 years
1137,12276,0.8452857142857135,0.14285714285714285,0.0077349593606586,10 to 14 years
1138,14436,0.8595714285714279,0.2857142857142857,0.6338488905755606,10 to 14 years
1139,16469,0.8881428571428565,0.5714285714285714,0.48266376908784187,10 to 14 years
1140,12931,0.8881428571428565,0.5714285714285714,0.6336408381991754,10 to 14 years
1141,15168,0.8595714285714279,0.2857142857142857,0.9544650192247272,10 to 14 years
1142,13956,0.8881428571428565,0.5714285714285714,0.3050190327230249,10 to 14 years
1143,13237,0.916714285714285,0.8571428571428571,0.6850322005775833,10 to 14 years
1144,10119,0.9309999999999993,1.0,0.9625194339281029,10 to 14 years
1145,17771,0.916714285714285,0.8571428571428571,0.3915344751490092,10 to 14 years
1146,15535,0.8595714285714279,0.2857142857142857,0.9699649395692087,10 to 14 years
1147,17836,0.8595714285714279,0.2857142857142857,0.8256870696989866,10 to 14 years
1148,12196,0.5180753890574403,0.5714285714285714,0.6707217129551852,10 to 14 years
1149,19749,0.8595714285714279,0.2857142857142857,0.6328034313155215,10 to 14 years
1150,18713,0.8595714285714279,0.2857142857142857,0.571720958784689,10 to 14 years
1151,11963,0.8595714285714279,0.2857142857142857,0.01570804418839178,10 to 14 years
1152,18568,0.9309999999999993,1.0,0.39441969329304016,10 to 14 years
1153,16001,0.8595714285714279,0.2857142857142857,0.5501580743490245,10 to 14 years
1154,19346,0.8452857142857135,0.14285714285714285,0.5593957690606468,10 to 14 years
1155,17924,0.8881428571428565,0.5714285714285714,0.15360152980452346,10 to 14 years
1156,11576,0.8738571428571421,0.42857142857142855,0.06043783818336207,10 to 14 years
1157,15379,0.8452857142857135,0.14285714285714285,0.8870705713912849,10 to 14 years
1158,16260,0.8452857142857135,0.14285714285714285,0.8788435889810445,10 to 14 years
1159,13058,0.8595714285714279,0.2857142857142857,0.4914630184753147,10 to 14 years
1160,18609,0.8595714285714279,0.2857142857142857,0.8202592620927422,10 to 14 years
1161,17503,0.8452857142857135,0.14285714285714285,0.9722141668633429,10 to 14 years
1162,13045,0.9024285714285707,0.7142857142857142,0.2017753274975564,10 to 14 years
1163,12535,0.8881428571428565,0.5714285714285714,0.7747420017446424,10 to 14 years
1164,15529,0.8595714285714279,0.2857142857142857,0.3528937553836413,10 to 14 years
1165,19517,0.8738571428571421,0.42857142857142855,0.15519574280371978,10 to 14 years
1166,16739,0.8881428571428565,0.5714285714285714,0.2270291656829826,10 to 14 years
1167,19640,0.8595714285714279,0.2857142857142857,0.827554379044222,10 to 14 years
1168,15608,0.916714285714285,0.8571428571428571,0.13373834484121605,10 to 14 years
1169,13212,0.8595714285714279,0.2857142857142857,0.3731689027557876,10 to 14 years
1170,17623,0.8452857142857135,0.14285714285714285,0.8141487316794958,10 to 14 years
1171,11216,0.8595714285714279,0.2857142857142857,0.37213271030376893,10 to 14 years
1172,19104,0.8595714285714279,0.2857142857142857,0.2362459978025127,10 to 14 years
1173,16662,0.8881428571428565,0.5714285714285714,0.14762204800623757,10 to 14 years
1174,17130,0.8881428571428565,0.5714285714285714,0.09339078941850787,10 to 14 years
1175,14252,0.8881428571428565,0.5714285714285714,0.8244667617863388,10 to 14 years
1176,17260,0.8595714285714279,0.2857142857142857,0.4413988180060895,10 to 14 years
1177,15301,0.8881428571428565,0.5714285714285714,0.6637995878434415,10 to 14 years
1178,17506,0.8452857142857135,0.14285714285714285,0.5744423228967096,10 to 14 years
1179,18676,0.916714285714285,0.8571428571428571,0.05068003031833096,10 to 14 years
1180,14190,0.8595714285714279,0.2857142857142857,0.5190997186380821,10 to 14 years
1181,14614,0.8595714285714279,0.2857142857142857,0.7822393013785299,10 to 14 years
1182,10583,0.8595714285714279,0.2857142857142857,0.8408769420151547,10 to 14 years
1183,14977,0.8595714285714279,0.2857142857142857,0.32682082268778856,10 to 14 years
1184,16292,0.8595714285714279,0.2857142857142857,0.5352125573209225,10 to 14 years
1185,16607,0.8452857142857135,0.14285714285714285,0.6155760778783667,10 to 14 years
1186,17436,0.916714285714285,0.8571428571428571,0.3278405013789617,10 to 14 years
1187,15040,0.8452857142857135,0.14285714285714285,0.4924047747841166,10 to 14 years
1188,17263,0.8452857142857135,0.14285714285714285,0.3037417334012257,10 to 14 years
1189,15861,0.8738571428571421,0.42857142857142855,0.4763503566064212,10 to 14 years
1190,19458,0.8595714285714279,0.2857142857142857,0.18180054391724287,10 to 14 years
1191,18639,0.8738571428571421,0.42857142857142855,0.4966412940769957,10 to 14 years
1192,10356,0.916714285714285,0.8571428571428571,0.5976012109364826,10 to 14 years
1193,18587,0.916714285714285,0.8571428571428571,0.7665138540253401,10 to 14 years
1194,12292,0.8881428571428565,0.5714285714285714,0.5717047461844742,10 to 14 years
1195,11675,0.916714285714285,0.8571428571428571,0.6699935204247727,10 to 14 years
1196,10454,0.916714285714285,0.8571428571428571,0.773253888479168,10 to 14 years
1197,19508,0.916714285714285,0.8571428571428571,0.9101957292518508,10 to 14 years
1198,11510,0.8595714285714279,0.2857142857142857,0.1059690470389354,10 to 14 years
1199,16509,0.8452857142857135,0.14285714285714285,0.8675265539108212,10 to 14 years
1200,13313,0.8595714285714279,0.2857142857142857,0.8497269010761368,10 to 14 years
1201,15954,0.916714285714285,0.8571428571428571,0.5446322858961566,10 to 14 years
1202,19725,0.916714285714285,0.8571428571428571,0.23404031457916769,10 to 14 years
1203,11569,0.8881428571428565,0.5714285714285714,0.2605588250295774,10 to 14 years
1204,13617,0.8595714285714279,0.2857142857142857,0.38404474966016355,10 to 14 years
1205,11924,0.8881428571428565,0.5714285714285714,0.9709706012788093,10 to 14 years
1206,19858,0.8881428571428565,0.5714285714285714,0.2534084752501271,10 to 14 years
1207,18008,0.8881428571428565,0.5714285714285714,0.7558681538607812,10 to 14 years
1208,15478,0.8881428571428565,0.5714285714285714,0.431418990919442,10 to 14 years
1209,17740,0.8452857142857135,0.14285714285714285,0.9684585539352172,10 to 14 years
1210,11133,0.8881428571428565,0.5714285714285714,0.3163630851382242,10 to 14 years
1211,12056,0.8595714285714279,0.2857142857142857,0.31257866655728395,10 to 14 years
1212,15252,0.8452857142857135,0.14285714285714285,0.6710303138787748,10 to 14 years
1213,13988,0.8595714285714279,0.2857142857142857,0.7269859351892974,10 to 14 years
1214,14162,0.8881428571428565,0.5714285714285714,0.20557052274899607,10 to 14 years
1215,16017,0.916714285714285,0.8571428571428571,0.9333885468475052,10 to 14 years
1216,12831,0.8452857142857135,0.14285714285714285,0.480170129236889,10 to 14 years
1217,18168,0.8881428571428565,0.5714285714285714,0.192378340823941,10 to 14 years
1218,14483,0.8452857142857135,0.14285714285714285,0.9502977307615506,10 to 14 years
1219,14468,0.8881428571428565,0.5714285714285714,0.4416191607648224,10 to 14 years
1220,15352,0.8738571428571421,0.42857142857142855,0.7583277083602746,10 to 14 years
1221,10913,0.916714285714285,0.8571428571428571,0.18230797353843137,10 to 14 years
1222,10425,0.8738571428571421,0.42857142857142855,0.9783914382105049,10 to 14 years
1223,18965,0.9309999999999993,1.0,0.010979335487113606,10 to 14 years
1224,10312,0.8595714285714279,0.2857142857142857,0.5738878787121078,10 to 14 years
1225,14678,0.8452857142857135,0.14285714285714285,0.3080134992440598,10 to 14 years
1226,18847,0.8738571428571421,0.42857142857142855,0.23744005632684095,10 to 14 years
1227,15978,0.9309999999999993,1.0,0.3840734392650047,10 to 14 years
1228,13801,0.8452857142857135,0.14285714285714285,0.3582254744866816,10 to 14 years
1229,19433,0.9024285714285707,0.7142857142857142,0.8557645068375195,10 to 14 years
1230,11642,0.8738571428571421,0.42857142857142855,0.5818638927135027,10 to 14 years
1231,11185,0.8595714285714279,0.2857142857142857,0.5895602311163098,10 to 14 years
1232,19074,0.8595714285714279,0.2857142857142857,0.752300673475937,10 to 14 years
1233,12116,0.8452857142857135,0.14285714285714285,0.3537309372561557,10 to 14 years
1234,16079,0.9309999999999993,1.0,0.48883356300702596,10 to 14 years
1235,10014,0.916714285714285,0.8571428571428571,0.09974073591533245,10 to 14 years
1236,16241,0.8595714285714279,0.2857142857142857,0.530164543771655,10 to 14 years
1237,17706,0.8452857142857135,0.14285714285714285,0.21794108883888214,10 to 14 years
1238,14047,0.8881428571428565,0.5714285714285714,0.43463759192392576,10 to 14 years
1239,13251,0.8881428571428565,0.5714285714285714,0.2552989040374863,10 to 14 years
1240,18721,0.8452857142857135,0.14285714285714285,0.028371632396085644,10 to 14 years
1241,17001,0.8452857142857135,0.14285714285714285,0.41249950761738485,10 to 14 years
1242,12668,0.916714285714285,0.8571428571428571,0.8101329545004424,10 to 14 years
1243,15119,0.8881428571428565,0.5714285714285714,0.7979935182808398,10 to 14 years
1244,13876,0.8738571428571421,0.42857142857142855,0.8753977050711457,10 to 14 years
1245,15852,0.916714285714285,0.8571428571428571,0.4758172772173748,10 to 14 years
1246,11598,0.8595714285714279,0.2857142857142857,0.8360707167541302,10 to 14 years
1247,18872,0.8452857142857135,0.14285714285714285,0.3156915638042844,10 to 14 years
1248,13611,0.8881428571428565,0.5714285714285714,0.4740215120845068,10 to 14 years
1249,12641,0.8452857142857135,0.14285714285714285,0.9040772000959969,10 to 14 years
1250,10286,0.8595714285714279,0.2857142857142857,0.36629403893142237,10 to 14 years
1251,19307,0.8738571428571421,0.42857142857142855,0.05291082012990406,10 to 14 years
1252,12262,0.8595714285714279,0.2857142857142857,0.17134104658567145,10 to 14 years
1253,14654,0.9309999999999993,1.0,0.9163514792192582,10 to 14 years
1254,17875,0.916714285714285,0.8571428571428571,0.058927083844751926,10 to 14 years
1255,16263,0.8452857142857135,0.14285714285714285,0.5293289895341883,10 to 14 years
1256,12872,0.8595714285714279,0.2857142857142857,0.8351962388236462,10 to 14 years
1257,10490,0.8595714285714279,0.2857142857142857,0.5176026739674249,10 to 14 years
1258,12102,0.916714285714285,0.8571428571428571,0.4251552016820012,10 to 14 years
1259,15026,0.8595714285714279,0.2857142857142857,0.4257448887843613,10 to 14 years
1260,17184,0.8738571428571421,0.42857142857142855,0.5461189378205273,10 to 14 years
1261,15874,0.8452857142857135,0.14285714285714285,0.8161818520821252,10 to 14 years
1262,18276,0.8452857142857135,0.14285714285714285,0.8628185690740768,10 to 14 years
1263,13795,0.8881428571428565,0.5714285714285714,0.4349720625962655,10 to 14 years
1264,19163,0.8881428571428565,0.5714285714285714,0.8235432938396322,10 to 14 years
1265,19266,0.916714285714285,0.8571428571428571,0.014147051720231452,10 to 14 years
1266,16796,0.8452857142857135,0.14285714285714285,0.5801287532976944,10 to 14 years
1267,17922,0.8881428571428565,0.5714285714285714,0.5761706449332973,10 to 14 years
1268,10492,0.8452857142857135,0.14285714285714285,0.05418920441079195,10 to 14 years
1269,16107,0.9024285714285707,0.7142857142857142,0.8419434164069932,10 to 14 years
1270,18105,0.8738571428571421,0.42857142857142855,0.49824629267006015,10 to 14 years
1271,18537,0.8595714285714279,0.2857142857142857,0.33022074860521505,10 to 14 years
1272,18495,0.916714285714285,0.8571428571428571,0.6418189517835291,10 to 14 years
1273,16185,0.916714285714285,0.8571428571428571,0.12887620614481715,10 to 14 years
1274,19856,0.8452857142857135,0.14285714285714285,0.07076371755250727,10 to 14 years
1275,19257,0.8452857142857135,0.14285714285714285,0.16118724947202084,10 to 14 years
1276,10054,0.916714285714285,0.8571428571428571,0.5653796848287995,10 to 14 years
1277,11596,0.8738571428571421,0.42857142857142855,0.3008958212481505,10 to 14 years
1278,13218,0.9024285714285707,0.7142857142857142,0.06111037050091772,10 to 14 years
1279,18310,0.8738571428571421,0.42857142857142855,0.4310310589300322,10 to 14 years
1280,16393,0.8881428571428565,0.5714285714285714,0.4851424864390092,10 to 14 years
1281,18476,0.916714285714285,0.8571428571428571,0.6203693808503349,10 to 14 years
1282,11783,0.8595714285714279,0.2857142857142857,0.022192560061293665,10 to 14 years
1283,11953,0.8595714285714279,0.2857142857142857,0.35771395638313763,10 to 14 years
1284,19496,0.8595714285714279,0.2857142857142857,0.022181704367613242,10 to 14 years
1285,17006,0.8452857142857135,0.14285714285714285,0.12208649630187485,10 to 14 years
1286,19359,0.8452857142857135,0.14285714285714285,0.7075718725800675,10 to 14 years
1287,14479,0.916714285714285,0.8571428571428571,0.9147435069328663,10 to 14 years
1288,15008,0.8881428571428565,0.5714285714285714,0.38654536367960224,10 to 14 years
1289,10964,0.8452857142857135,0.14285714285714285,0.8047537587265794,10 to 14 years
1290,15157,0.8452857142857135,0.14285714285714285,0.8599566120681912,10 to 14 years
1291,15726,0.9024285714285707,0.7142857142857142,0.5845000788045516,10 to 14 years
1292,12807,0.8881428571428565,0.5714285714285714,0.9016234383900115,10 to 14 years
1293,17074,0.8595714285714279,0.2857142857142857,0.10801842475275913,10 to 14 years
1294,14812,0.8452857142857135,0.14285714285714285,0.4229288668245771,10 to 14 years
1295,15403,0.9309999999999993,1.0,0.8019767610690112,10 to 14 years
1296,16953,0.8881428571428565,0.5714285714285714,0.8164108790964671,10 to 14 years
1297,10035,0.8595714285714279,0.2857142857142857,0.2208140232528213,10 to 14 years
1298,16361,0.8881428571428565,0.5714285714285714,0.13863659487614766,10 to 14 years
1299,17245,0.8881428571428565,0.5714285714285714,0.06904457710525064,10 to 14 years
1300,15898,0.916714285714285,0.8571428571428571,0.005857490025733658,10 to 14 years
1301,12410,0.8738571428571421,0.42857142857142855,0.9086626509161637,10 to 14 years
1302,17367,0.8595714285714279,0.2857142857142857,0.5741965288511351,10 to 14 years
1303,18414,0.8452857142857135,0.14285714285714285,0.3188207456331944,10 to 14 years
1304,13243,0.8595714285714279,0.2857142857142857,0.5468484782804943,10 to 14 years
1305,14128,0.8595714285714279,0.2857142857142857,0.16399385931850846,10 to 14 years
1306,15016,0.8881428571428565,0.5714285714285714,0.6651812465180504,10 to 14 years
1307,12609,0.916714285714285,0.8571428571428571,0.8309808781702177,10 to 14 years
1308,10221,0.8738571428571421,0.42857142857142855,0.8902908096670905,10 to 14 years
1309,11786,0.8595714285714279,0.2857142857142857,0.75131678897736,10 to 14 years
1310,10399,0.8452857142857135,0.14285714285714285,0.4793034406186445,10 to 14 years
1311,15281,0.8881428571428565,0.5714285714285714,0.3989643373929186,10 to 14 years
1312,18019,0.8881428571428565,0.5714285714285714,0.0992810630948548,10 to 14 years
1313,16295,0.8881428571428565,0.5714285714285714,0.6753455033495162,10 to 14 years
1314,16407,0.8452857142857135,0.14285714285714285,0.30116176105202475,10 to 14 years
1315,10322,0.8228165933864178,0.5714285714285714,0.6477561107904835,10 to 14 years
1316,12679,0.8881428571428565,0.5714285714285714,0.323547303531453,10 to 14 years
1317,10614,0.916714285714285,0.8571428571428571,0.28915983165597625,10 to 14 years
1318,14998,0.8881428571428565,0.5714285714285714,0.7749673777388884,10 to 14 years
1319,16275,0.8452857142857135,0.14285714285714285,0.3096205818184832,10 to 14 years
1320,18447,0.8595714285714279,0.2857142857142857,0.21549626186831838,10 to 14 years
1321,15045,0.8881428571428565,0.5714285714285714,0.8129078177471647,10 to 14 years
1322,13859,0.8452857142857135,0.14285714285714285,0.7581630778935131,10 to 14 years
1323,15509,0.8595714285714279,0.2857142857142857,0.1996006914480839,10 to 14 years
1324,12926,0.8452857142857135,0.14285714285714285,0.3122282585426637,10 to 14 years
1325,13642,0.8452857142857135,0.14285714285714285,0.4614958920714872,10 to 14 years
1326,12583,0.8738571428571421,0.42857142857142855,0.46526265311676523,10 to 14 years
1327,19318,0.8452857142857135,0.14285714285714285,0.14671917407345103,10 to 14 years
1328,19592,0.8595714285714279,0.2857142857142857,0.8472227521668805,10 to 14 years
1329,15496,0.916714285714285,0.8571428571428571,0.7211320278826735,10 to 14 years
1330,15452,0.8595714285714279,0.2857142857142857,0.6613193483190045,10 to 14 years
1331,13773,0.916714285714285,0.8571428571428571,0.1410573291138208,10 to 14 years
1332,13359,0.9309999999999993,1.0,0.7829567906565761,10 to 14 years
1333,18612,0.8595714285714279,0.2857142857142857,0.8664308150555375,10 to 14 years
1334,16215,0.916714285714285,0.8571428571428571,0.9916742354136256,10 to 14 years
1335,17145,0.8881428571428565,0.5714285714285714,0.8681115053907867,10 to 14 years
1336,16270,0.8452857142857135,0.14285714285714285,0.4571632582022636,10 to 14 years
1337,18947,0.8595714285714279,0.2857142857142857,0.4365293215818319,10 to 14 years
1338,14789,0.8595714285714279,0.2857142857142857,0.42313290196506115,10 to 14 years
1339,11503,0.916714285714285,0.8571428571428571,0.428083531113313,10 to 14 years
1340,14254,0.8595714285714279,0.2857142857142857,0.6131922306592154,10 to 14 years
1341,12597,0.8595714285714279,0.2857142857142857,0.43445036481320437,10 to 14 years
1342,11936,0.916714285714285,0.8571428571428571,0.9521380816018015,10 to 14 years
1343,13377,0.8452857142857135,0.14285714285714285,0.10111549448318252,10 to 14 years
1344,16695,0.8881428571428565,0.5714285714285714,0.31527025698277134,10 to 14 years
1345,15319,0.8881428571428565,0.5714285714285714,0.3311849947561257,10 to 14 years
1346,12308,0.8595714285714279,0.2857142857142857,0.2696391966127221,10 to 14 years
1347,14214,0.8738571428571421,0.42857142857142855,0.7127684705549576,10 to 14 years
1348,15899,0.8452857142857135,0.14285714285714285,0.8413174352874239,10 to 14 years
1349,12423,0.8738571428571421,0.42857142857142855,0.10172410683131322,10 to 14 years
1350,16113,0.8881428571428565,0.5714285714285714,0.9643696711428358,10 to 14 years
1351,19356,0.8881428571428565,0.5714285714285714,0.8420702567741404,10 to 14 years
1352,14989,0.8881428571428565,0.5714285714285714,0.6972034124069435,10 to 14 years
1353,14710,0.8595714285714279,0.2857142857142857,0.3537683326013139,10 to 14 years
1354,14421,0.916714285714285,0.8571428571428571,0.141969496764065,10 to 14 years
1355,16090,0.916714285714285,0.8571428571428571,0.29330384226867023,10 to 14 years
1356,17790,0.8595714285714279,0.2857142857142857,0.6291424620524075,10 to 14 years
1357,11736,0.8881428571428565,0.5714285714285714,0.8705597581670923,10 to 14 years
1358,17937,0.916714285714285,0.8571428571428571,0.9513569857225155,10 to 14 years
1359,11931,0.8881428571428565,0.5714285714285714,0.4408494811800343,10 to 14 years
1360,16257,0.8738571428571421,0.42857142857142855,0.8270772425024591,10 to 14 years
1361,16932,0.8595714285714279,0.2857142857142857,0.12211520795327352,10 to 14 years
1362,18190,0.8881428571428565,0.5714285714285714,0.5708683657014476,10 to 14 years
1363,15333,0.8452857142857135,0.14285714285714285,0.21778599240227287,10 to 14 years
1364,10173,0.8738571428571421,0.42857142857142855,0.5541626292004282,10 to 14 years
1365,12181,0.8452857142857135,0.14285714285714285,0.979528449120818,10 to 14 years
1366,19887,0.8452857142857135,0.14285714285714285,0.12177830114158328,10 to 14 years
1367,13730,0.916714285714285,0.8571428571428571,0.10998662716761154,10 to 14 years
1368,15878,0.8452857142857135,0.14285714285714285,0.15507170618171606,10 to 14 years
1369,17213,0.8595714285714279,0.2857142857142857,0.49690119559374113,10 to 14 years
1370,14592,0.8738571428571421,0.42857142857142855,0.9302623339657194,10 to 14 years
1371,10117,0.8595714285714279,0.2857142857142857,0.8119338307544907,10 to 14 years
1372,11730,0.8881428571428565,0.5714285714285714,0.7380122043104039,10 to 14 years
1373,18780,0.8881428571428565,0.5714285714285714,0.02483283393646829,10 to 14 years
1374,18079,0.8595714285714279,0.2857142857142857,0.949662243797269,10 to 14 years
1375,11177,0.916714285714285,0.8571428571428571,0.11662170353595347,10 to 14 years
1376,14582,0.9309999999999993,1.0,0.7022506680970714,10 to 14 years
1377,12548,0.916714285714285,0.8571428571428571,0.9956182167991776,10 to 14 years
1378,14412,0.8452857142857135,0.14285714285714285,0.5999324145404201,10 to 14 years
1379,13800,0.8881428571428565,0.5714285714285714,0.6401575015887457,10 to 14 years
1380,17787,0.9309999999999993,1.0,0.408275105956035,10 to 14 years
1381,14879,0.9309999999999993,1.0,0.12857453588113826,10 to 14 years
1382,19921,0.8595714285714279,0.2857142857142857,0.25925585341750323,10 to 14 years
1383,17156,0.8452857142857135,0.14285714285714285,0.4849180595848759,10 to 14 years
1384,14245,0.8595714285714279,0.2857142857142857,0.9572335407634147,10 to 14 years
1385,10433,0.8881428571428565,0.5714285714285714,0.21105219291101124,10 to 14 years
1386,10882,0.916714285714285,0.8571428571428571,0.6545084134584106,10 to 14 years
1387,15559,0.8881428571428565,0.5714285714285714,0.3989305802350228,10 to 14 years
1388,13682,0.8452857142857135,0.14285714285714285,0.406615234918572,10 to 14 years
1389,11395,0.8595714285714279,0.2857142857142857,0.5487659767719862,10 to 14 years
1390,12037,0.8595714285714279,0.2857142857142857,0.2791968043172142,10 to 14 years
1391,11143,0.9309999999999993,1.0,0.25636257882774327,10 to 14 years
1392,16672,0.8881428571428565,0.5714285714285714,0.3547895594810035,10 to 14 years
1393,15637,0.8738571428571421,0.42857142857142855,0.11472149806030146,10 to 14 years
1394,19239,0.8595714285714279,0.2857142857142857,0.373063343425403,10 to 14 years
1395,15989,0.8595714285714279,0.2857142857142857,0.9150004689607123,10 to 14 years
1396,18304,0.8452857142857135,0.14285714285714285,0.6385921549865917,10 to 14 years
1397,17421,0.9309999999999993,1.0,0.5696026019675174,10 to 14 years
1398,15305,0.916714285714285,0.8571428571428571,0.5960348301172335,10 to 14 years
1399,16766,0.9309999999999993,1.0,0.7717990455105865,10 to 14 years
1400,11816,0.8595714285714279,0.2857142857142857,0.9577433546646816,10 to 14 years
1401,16438,0.8881428571428565,0.5714285714285714,0.6568903025810956,10 to 14 years
1402,16843,0.8881428571428565,0.5714285714285714,0.07875636221016491,10 to 14 years
1403,11898,0.9024285714285707,0.7142857142857142,0.6500329716643747,10 to 14 years
1404,18016,0.8595714285714279,0.2857142857142857,0.4830336058337043,10 to 14 years
1405,13318,0.8452857142857135,0.14285714285714285,0.9502217487250402,10 to 14 years
1406,14188,0.8738571428571421,0.42857142857142855,0.4858197104109377,10 to 14 years
1407,11561,0.8881428571428565,0.5714285714285714,0.06459722055120581,10 to 14 years
1408,12378,0.8595714285714279,0.2857142857142857,0.76726528853941,10 to 14 years
1409,19892,0.8595714285714279,0.2857142857142857,0.4389888025274592,10 to 14 years
1410,12475,0.916714285714285,0.8571428571428571,0.1342787772645167,10 to 14 years
1411,12380,0.916714285714285,0.8571428571428571,0.9529411713605274,10 to 14 years
1412,11843,0.8738571428571421,0.42857142857142855,0.8451814199468248,10 to 14 years
1413,10799,0.8881428571428565,0.5714285714285714,0.8678377059454054,10 to 14 years
1414,11692,0.8595714285714279,0.2857142857142857,0.38325396515898613,10 to 14 years
1415,17022,0.9024285714285707,0.7142857142857142,0.9428739096556513,10 to 14 years
1416,13553,0.8595714285714279,0.2857142857142857,0.4364169577871714,10 to 14 years
1417,14902,0.8881428571428565,0.5714285714285714,0.7746858281815758,10 to 14 years
1418,14864,0.0,0.2857142857142857,0.5859915801568791,10 to 14 years
1419,18010,0.8595714285714279,0.2857142857142857,0.8058736306291803,10 to 14 years
1420,11178,0.8452857142857135,0.14285714285714285,0.509264658448524,10 to 14 years
1421,19066,0.8738571428571421,0.42857142857142855,0.11935373970505825,10 to 14 years
1422,12026,0.8595714285714279,0.2857142857142857,0.6096444643657548,10 to 14 years
1423,16495,0.8595714285714279,0.2857142857142857,0.511533432292308,10 to 14 years
1424,19860,0.8738571428571421,0.42857142857142855,0.9339710990796488,10 to 14 years
1425,10513,0.8881428571428565,0.5714285714285714,0.5046860946930758,10 to 14 years
1426,18518,0.8881428571428565,0.5714285714285714,0.1427705950664656,10 to 14 years
1427,14511,0.8452857142857135,0.14285714285714285,0.17908249584169783,10 to 14 years
1428,11648,0.8595714285714279,0.2857142857142857,0.31343203499552685,10 to 14 years
1429,15786,0.8595714285714279,0.2857142857142857,0.9234554478747404,10 to 14 years
1430,10388,0.916714285714285,0.8571428571428571,0.9006994689549086,10 to 14 years
1431,10346,0.8595714285714279,0.2857142857142857,0.14476789791324834,10 to 14 years
1432,15775,0.8881428571428565,0.5714285714285714,0.46447212334379895,10 to 14 years
1433,16671,0.8452857142857135,0.14285714285714285,0.16898343401404198,10 to 14 years
1434,17993,0.8595714285714279,0.2857142857142857,0.9812844049889775,10 to 14 years
1435,15718,0.8595714285714279,0.2857142857142857,0.38337529828126016,10 to 14 years
1436,15680,0.9309999999999993,1.0,0.4388468088054223,10 to 14 years
1437,10670,0.9024285714285707,0.7142857142857142,0.9078218432562013,10 to 14 years
1438,16350,0.916714285714285,0.8571428571428571,0.31564253614805576,10 to 14 years
1439,11146,0.8452857142857135,0.14285714285714285,0.4060678044096425,10 to 14 years
1440,19259,0.8452857142857135,0.14285714285714285,0.4921422623234466,10 to 14 years
1441,15129,0.8881428571428565,0.5714285714285714,0.901911277922801,10 to 14 years
1442,14590,0.8452857142857135,0.14285714285714285,0.4760000421121525,10 to 14 years
1443,11657,0.8881428571428565,0.5714285714285714,0.2937793830692931,10 to 14 years
1444,16068,0.916714285714285,0.8571428571428571,0.29275570117787325,10 to 14 years
1445,19292,0.9024285714285707,0.7142857142857142,0.808900862240957,10 to 14 years
1446,14440,0.8452857142857135,0.14285714285714285,0.3671368990957552,10 to 14 years
1447,13753,0.916714285714285,0.8571428571428571,0.483019024511335,10 to 14 years
1448,17539,0.8595714285714279,0.2857142857142857,0.45666256612238937,10 to 14 years
1449,15374,0.916714285714285,0.8571428571428571,0.9890500399555611,10 to 14 years
1450,13065,0.8738571428571421,0.42857142857142855,0.6432329200172463,10 to 14 years
1451,14877,0.8881428571428565,0.5714285714285714,0.7630311313269084,10 to 14 years
1452,16985,0.8595714285714279,0.2857142857142857,0.13782540824673006,10 to 14 years
1453,10366,0.916714285714285,0.8571428571428571,0.03501554748718738,10 to 14 years
1454,16863,0.9309999999999993,1.0,0.24876454513829682,10 to 14 years
1455,19872,0.9024285714285707,0.7142857142857142,0.6773674255673688,10 to 14 years
1456,13288,0.8595714285714279,0.2857142857142857,0.47810738084963944,10 to 14 years
1457,18854,0.8881428571428565,0.5714285714285714,0.8278499006377633,10 to 14 years
1458,11063,0.8595714285714279,0.2857142857142857,0.5508281384501631,10 to 14 years
1459,10168,0.8595714285714279,0.2857142857142857,0.5748393432914995,10 to 14 years
1460,15198,0.916714285714285,0.8571428571428571,0.3542781837748141,10 to 14 years
1461,18624,0.8881428571428565,0.5714285714285714,0.49502125042278367,10 to 14 years
1462,19035,0.8595714285714279,0.2857142857142857,0.46801272935091315,10 to 14 years
1463,18633,0.8452857142857135,0.14285714285714285,0.8752752353497406,10 to 14 years
1464,19613,0.8881428571428565,0.5714285714285714,0.46855580256836366,10 to 14 years
1465,10363,0.8738571428571421,0.42857142857142855,0.3850459017931561,10 to 14 years
1466,15827,0.9024285714285707,0.7142857142857142,0.12722953564188794,10 to 14 years
1467,16139,0.8595714285714279,0.2857142857142857,0.7534906494735532,10 to 14 years
1468,18648,0.8595714285714279,0.2857142857142857,0.0349558631770851,10 to 14 years
1469,18678,0.916714285714285,0.8571428571428571,0.5108003766668678,10 to 14 years
1470,10082,0.8881428571428565,0.5714285714285714,0.8531239800856697,10 to 14 years
1471,12020,0.8595714285714279,0.2857142857142857,0.7939300493147585,10 to 14 years
1472,15467,0.9309999999999993,1.0,0.19004391311643976,10 to 14 years
1473,10421,0.8595714285714279,0.2857142857142857,0.7328192239886927,10 to 14 years
1474,11477,0.8595714285714279,0.2857142857142857,0.763235656744769,10 to 14 years
1475,12602,0.8595714285714279,0.2857142857142857,0.563234613276339,10 to 14 years
1476,15470,0.8881428571428565,0.5714285714285714,0.2576967043933241,10 to 14 years
1477,10619,0.8595714285714279,0.2857142857142857,0.21874316457160714,10 to 14 years
1478,11945,0.8881428571428565,0.5714285714285714,0.5929578378577843,10 to 14 years
1479,17665,0.8595714285714279,0.2857142857142857,0.5327219419489134,10 to 14 years
1480,15832,0.8881428571428565,0.5714285714285714,0.505612738401027,10 to 14 years
1481,18130,0.8595714285714279,0.2857142857142857,0.022194137218874865,10 to 14 years
1482,17812,0.8881428571428565,0.5714285714285714,0.5216272930781293,10 to 14 years
1483,19177,0.916714285714285,0.8571428571428571,0.6727759408767037,10 to 14 years
1484,12281,0.8881428571428565,0.5714285714285714,0.8864628208693328,10 to 14 years
1485,13290,0.8595714285714279,0.2857142857142857,0.6358632130174439,10 to 14 years
1486,14698,0.9024285714285707,0.7142857142857142,0.5501833569498967,10 to 14 years
1487,11982,0.8738571428571421,0.42857142857142855,0.9511877363166583,10 to 14 years
1488,17239,0.8452857142857135,0.14285714285714285,0.3529023040167232,10 to 14 years
1489,13284,0.916714285714285,0.8571428571428571,0.42276085767800875,10 to 14 years
1490,18119,0.8595714285714279,0.2857142857142857,0.11466201270595322,10 to 14 years
1491,18024,0.8595714285714279,0.2857142857142857,0.24143211095937106,10 to 14 years
1492,18939,0.8595714285714279,0.2857142857142857,0.8717519594689367,10 to 14 years
1493,14923,0.8595714285714279,0.2857142857142857,0.07968973711695354,10 to 14 years
1494,18539,0.8595714285714279,0.2857142857142857,0.438565373479927,10 to 14 years
1495,15854,0.8881428571428565,0.5714285714285714,0.4724873552998815,10 to 14 years
1496,14980,0.8452857142857135,0.14285714285714285,0.5026385043454715,10 to 14 years
1497,15263,0.9309999999999993,1.0,0.8744503860754871,10 to 14 years
1498,12721,0.8452857142857135,0.14285714285714285,0.12527667239300844,10 to 14 years
1499,10800,0.9024285714285707,0.7142857142857142,0.5876449490092052,10 to 14 years
1500,19676,0.8595714285714279,0.2857142857142857,0.2878297579715338,10 to 14 years
1501,13211,0.8595714285714279,0.2857142857142857,0.7398385793318173,10 to 14 years
1502,17717,0.8881428571428565,0.5714285714285714,0.525435393442687,10 to 14 years
1503,15677,0.8452857142857135,0.14285714285714285,0.09777256916171456,10 to 14 years
1504,18161,0.8595714285714279,0.2857142857142857,0.8049593121902764,10 to 14 years
1505,16030,0.8881428571428565,0.5714285714285714,0.5340201856070085,10 to 14 years
1506,13054,0.8881428571428565,0.5714285714285714,0.1817017001881665,10 to 14 years
1507,13882,0.8595714285714279,0.2857142857142857,0.9973716425136798,10 to 14 years
1508,17766,0.8452857142857135,0.14285714285714285,0.7528091651490976,10 to 14 years
1509,17847,0.0,0.5714285714285714,0.011884586087339333,10 to 14 years
1510,12718,0.916714285714285,0.8571428571428571,0.6279954974678015,10 to 14 years
1511,18183,0.8595714285714279,0.2857142857142857,0.8599361944171315,10 to 14 years
1512,16827,0.8595714285714279,0.2857142857142857,0.9815654535178133,10 to 14 years
1513,11419,0.9309999999999993,1.0,0.3807569493144777,10 to 14 years
1514,17595,0.9309999999999993,1.0,0.6373486778222539,10 to 14 years
1515,10705,0.916714285714285,0.8571428571428571,0.8968351444479761,10 to 14 years
1516,15846,0.8881428571428565,0.5714285714285714,0.5550798165050456,10 to 14 years
1517,15223,0.8595714285714279,0.2857142857142857,0.4822394009822338,10 to 14 years
1518,10946,0.8452857142857135,0.14285714285714285,0.09533579022405292,10 to 14 years
1519,12452,0.916714285714285,0.8571428571428571,0.970010864265131,10 to 14 years
1520,13661,0.8595714285714279,0.2857142857142857,0.7416022787024465,10 to 14 years
1521,13268,0.8881428571428565,0.5714285714285714,0.35116120718418686,10 to 14 years
1522,16821,0.8881428571428565,0.5714285714285714,0.9300521113211391,10 to 14 years
1523,14037,0.8595714285714279,0.2857142857142857,0.5930830423593964,10 to 14 years
1524,18884,0.8452857142857135,0.14285714285714285,0.7180606855768947,10 to 14 years
1525,16261,0.8595714285714279,0.2857142857142857,0.23948575641597192,10 to 14 years
1526,10966,0.8738571428571421,0.42857142857142855,0.11162241413560059,10 to 14 years
1527,13842,0.8452857142857135,0.14285714285714285,0.5064673119432488,10 to 14 years
1528,13685,0.8595714285714279,0.2857142857142857,0.6709046796173714,10 to 14 years
1529,16283,0.8452857142857135,0.14285714285714285,0.7932249666620438,10 to 14 years
1530,19025,0.8595714285714279,0.2857142857142857,0.32011835142234124,10 to 14 years
1531,11612,0.8738571428571421,0.42857142857142855,0.5582014561876749,10 to 14 years
1532,13029,0.8881428571428565,0.5714285714285714,0.5380280443934273,10 to 14 years
1533,12780,0.916714285714285,0.8571428571428571,0.34177360544003044,10 to 14 years
1534,16859,0.9309999999999993,1.0,0.055941624608479235,10 to 14 years
1535,13673,0.9309999999999993,1.0,0.3410218706029207,10 to 14 years
1536,18910,0.8738571428571421,0.42857142857142855,0.5338752005678257,10 to 14 years
1537,13253,0.9024285714285707,0.7142857142857142,0.7826370564067078,10 to 14 years
1538,11244,0.9024285714285707,0.7142857142857142,0.6778268257000657,10 to 14 years
1539,18322,0.8595714285714279,0.2857142857142857,0.2710763347276132,10 to 14 years
1540,16354,0.8738571428571421,0.42857142857142855,0.8795823197678903,10 to 14 years
1541,18595,0.8595714285714279,0.2857142857142857,0.7697398953677839,10 to 14 years
1542,17350,0.8595714285714279,0.2857142857142857,0.5632338894732375,10 to 14 years
1543,13677,0.8452857142857135,0.14285714285714285,0.42265160545559877,10 to 14 years
1544,18618,0.916714285714285,0.8571428571428571,0.22410706448616796,10 to 14 years
1545,17479,0.8738571428571421,0.42857142857142855,0.6211549247026298,10 to 14 years
1546,12099,0.8738571428571421,0.42857142857142855,0.24386925078571153,10 to 14 years
1547,13587,0.8452857142857135,0.14285714285714285,0.2808309141721442,10 to 14 years
1548,11241,0.8738571428571421,0.42857142857142855,0.5706674670811276,10 to 14 years
1549,18081,0.9309999999999993,1.0,0.30397980892434573,10 to 14 years
1550,19155,0.8595714285714279,0.2857142857142857,0.24836324598077858,10 to 14 years
1551,12567,0.8881428571428565,0.5714285714285714,0.8008304219953839,10 to 14 years
1552,17674,0.8452857142857135,0.14285714285714285,0.12379061329196062,10 to 14 years
1553,18102,0.8595714285714279,0.2857142857142857,0.47774091017871656,10 to 14 years
1554,11848,0.8881428571428565,0.5714285714285714,0.012732044727334357,10 to 14 years
1555,14743,0.8452857142857135,0.14285714285714285,0.7973426162261015,10 to 14 years
1556,10402,0.8881428571428565,0.5714285714285714,0.7478076086503633,10 to 14 years
1557,18658,0.8881428571428565,0.5714285714285714,0.9763131971355128,10 to 14 years
1558,17782,0.8881428571428565,0.5714285714285714,0.8764842152147604,10 to 14 years
1559,11608,0.8738571428571421,0.42857142857142855,0.650673821890465,10 to 14 years
1560,17167,0.916714285714285,0.8571428571428571,0.8621681404095679,10 to 14 years
1561,19739,0.9309999999999993,1.0,0.5245375868487225,10 to 14 years
1562,11312,0.8881428571428565,0.5714285714285714,0.5454705842301464,10 to 14 years
1563,10819,0.9309999999999993,1.0,0.10839431478656336,10 to 14 years
1564,18526,0.8595714285714279,0.2857142857142857,0.891447700791451,10 to 14 years
1565,17202,0.8595714285714279,0.2857142857142857,0.22958196722073876,10 to 14 years
1566,15069,0.8595714285714279,0.2857142857142857,0.30785468430141627,10 to 14 years
1567,19987,0.9024285714285707,0.7142857142857142,0.06270199054516035,10 to 14 years
1568,18717,0.8881428571428565,0.5714285714285714,0.4183866015161574,10 to 14 years
1569,16808,0.8452857142857135,0.14285714285714285,0.6032998633918839,10 to 14 years
1570,11556,0.916714285714285,0.8571428571428571,0.21948214587407416,10 to 14 years
1571,11184,0.916714285714285,0.8571428571428571,0.7443537235277631,10 to 14 years
1572,14014,0.8595714285714279,0.2857142857142857,0.9187106829898621,10 to 14 years
1573,18134,0.916714285714285,0.8571428571428571,0.30723215750527216,10 to 14 years
1574,14656,0.8452857142857135,0.14285714285714285,0.4439178780261493,10 to 14 years
1575,11778,0.8452857142857135,0.14285714285714285,0.693584965143556,10 to 14 years
1576,19445,0.8595714285714279,0.2857142857142857,0.40594417382031067,10 to 14 years
1577,17920,0.8595714285714279,0.2857142857142857,0.7901454601203969,10 to 14 years
1578,12221,0.8595714285714279,0.2857142857142857,0.2845763280972626,10 to 14 years
1579,17215,0.8881428571428565,0.5714285714285714,0.866722401945512,10 to 14 years
1580,13733,0.8595714285714279,0.2857142857142857,0.9737169270018562,10 to 14 years
1581,18299,0.8452857142857135,0.14285714285714285,0.43176976502875847,10 to 14 years
1582,18909,0.8738571428571421,0.42857142857142855,0.4573251606439063,10 to 14 years
1583,12874,0.916714285714285,0.8571428571428571,0.8494406112680418,10 to 14 years
1584,11806,0.8881428571428565,0.5714285714285714,0.1980745026975188,10 to 14 years
1585,11513,0.916714285714285,0.8571428571428571,0.0451617195471844,10 to 14 years
1586,14225,0.8452857142857135,0.14285714285714285,0.8904141382418811,10 to 14 years
1587,15610,0.8595714285714279,0.2857142857142857,0.8192693381839755,10 to 14 years
1588,10452,0.8452857142857135,0.14285714285714285,0.8255927810716328,10 to 14 years
1589,15428,0.8738571428571421,0.42857142857142855,0.6326642786885802,10 to 14 years
1590,18075,0.916714285714285,0.8571428571428571,0.6659939286120462,10 to 14 years
1591,13880,0.8595714285714279,0.2857142857142857,0.8048552629852201,10 to 14 years
1592,10493,0.8595714285714279,0.2857142857142857,0.17955976178998323,10 to 14 years
1593,10383,0.8738571428571421,0.42857142857142855,0.6047756496048526,10 to 14 years
1594,16451,0.8881428571428565,0.5714285714285714,0.5784119003741837,10 to 14 years
1595,18246,0.8595714285714279,0.2857142857142857,0.46078888349137026,10 to 14 years
1596,11359,0.8452857142857135,0.14285714285714285,0.9519324137116019,10 to 14 years
1597,17660,0.9309999999999993,1.0,0.30934765315875185,10 to 14 years
1598,10405,0.8881428571428565,0.5714285714285714,0.26986264008188093,10 to 14 years
1599,17522,0.8595714285714279,0.2857142857142857,0.06216874426907987,10 to 14 years
1600,17269,0.8452857142857135,0.14285714285714285,0.10529341889017046,10 to 14 years
1601,12551,0.8595714285714279,0.2857142857142857,0.8322389229294752,10 to 14 years
1602,10738,0.916714285714285,0.8571428571428571,0.5152542765827964,10 to 14 years
1603,19107,0.8452857142857135,0.14285714285714285,0.46421465710768134,10 to 14 years
1604,16452,0.8881428571428565,0.5714285714285714,0.3377599544829469,10 to 14 years
1605,12510,0.8881428571428565,0.5714285714285714,0.9057339544569787,10 to 14 years
1606,17588,0.8738571428571421,0.42857142857142855,0.34838968551634575,10 to 14 years
1607,15083,0.9309999999999993,1.0,0.4875711847944183,10 to 14 years
1608,18193,0.916714285714285,0.8571428571428571,0.4761258073664749,10 to 14 years
1609,17129,0.0,0.2857142857142857,0.9768193801009666,10 to 14 years
1610,10532,0.9309999999999993,1.0,0.9980193005094757,10 to 14 years
1611,13700,0.916714285714285,0.8571428571428571,0.8848505601048258,10 to 14 years
1612,12334,0.8738571428571421,0.42857142857142855,0.07718346898623696,10 to 14 years
1613,16240,0.9309999999999993,1.0,0.18448299105644056,10 to 14 years
1614,14506,0.8881428571428565,0.5714285714285714,0.5298049530107546,10 to 14 years
1615,19647,0.9309999999999993,1.0,0.7028683896561381,10 to 14 years
1616,15717,0.8452857142857135,0.14285714285714285,0.7149252507124364,10 to 14 years
1617,11956,0.8738571428571421,0.42857142857142855,0.4952256980912869,10 to 14 years
1618,13180,0.8738571428571421,0.42857142857142855,0.03830853102125831,10 to 14 years
1619,11622,0.8452857142857135,0.14285714285714285,0.43053675325320234,10 to 14 years
1620,10297,0.8452857142857135,0.14285714285714285,0.4326054066638976,10 to 14 years
1621,13796,0.8738571428571421,0.42857142857142855,0.5647898936951385,10 to 14 years
1622,14308,0.8452857142857135,0.14285714285714285,0.45242074916033376,10 to 14 years
1623,12243,0.8881428571428565,0.5714285714285714,0.2857760622383079,10 to 14 years
1624,13708,0.8881428571428565,0.5714285714285714,0.7022162228329407,10 to 14 years
1625,14555,0.8452857142857135,0.14285714285714285,0.637463193203639,10 to 14 years
1626,10991,0.8452857142857135,0.14285714285714285,0.27970266061855953,10 to 14 years
1627,14853,0.916714285714285,0.8571428571428571,0.0940252027057853,10 to 14 years
1628,11755,0.8738571428571421,0.42857142857142855,0.14507894405618915,10 to 14 years
1629,10697,0.45805841828972976,0.2857142857142857,0.5787198892843043,10 to 14 years
1630,17300,0.8452857142857135,0.14285714285714285,0.3147615602889887,10 to 14 years
1631,12822,0.916714285714285,0.8571428571428571,0.49438612523134357,10 to 14 years
1632,19669,0.8452857142857135,0.14285714285714285,0.8011252355019434,10 to 14 years
1633,14969,0.8595714285714279,0.2857142857142857,0.684384684854398,10 to 14 years
1634,10706,0.8595714285714279,0.2857142857142857,0.4756360880774089,10 to 14 years
1635,15624,0.9309999999999993,1.0,0.5611421087106199,10 to 14 years
1636,10241,0.8595714285714279,0.2857142857142857,0.26611954337077426,10 to 14 years
1637,18200,0.9309999999999993,1.0,0.20044716682640207,10 to 14 years
1638,17955,0.8595714285714279,0.2857142857142857,0.9458536163906344,10 to 14 years
1639,17264,0.8452857142857135,0.14285714285714285,0.477308085695711,10 to 14 years
1640,14727,0.916714285714285,0.8571428571428571,0.6549870762390667,10 to 14 years
1641,17982,0.916714285714285,0.8571428571428571,0.37238148564024853,10 to 14 years
1642,16951,0.8452857142857135,0.14285714285714285,0.5343283963818078,10 to 14 years
1643,12581,0.8595714285714279,0.2857142857142857,0.6075217156756599,10 to 14 years
1644,16664,0.8595714285714279,0.2857142857142857,0.8903510523120739,10 to 14 years
1645,18598,0.916714285714285,0.8571428571428571,0.6037337636039917,10 to 14 years
1646,17635,0.8881428571428565,0.5714285714285714,0.28477545568635243,10 to 14 years
1647,16237,0.8595714285714279,0.2857142857142857,0.6088936660386909,10 to 14 years
1648,19774,0.8452857142857135,0.14285714285714285,0.2767410401716436,10 to 14 years
1649,12834,0.916714285714285,0.8571428571428571,0.44531735479089984,10 to 14 years
1650,11053,0.8595714285714279,0.2857142857142857,0.9003829767756011,10 to 14 years
1651,14243,0.8452857142857135,0.14285714285714285,0.19823688073420714,10 to 14 years
1652,14885,0.8881428571428565,0.5714285714285714,0.09022707967150728,10 to 14 years
1653,12705,0.9309999999999993,1.0,0.7199009219207441,10 to 14 years
1654,19575,0.8881428571428565,0.5714285714285714,0.8059841564436772,10 to 14 years
1655,14241,0.8881428571428565,0.5714285714285714,0.6984147143187244,10 to 14 years
1656,11257,0.916714285714285,0.8571428571428571,0.38769299018614056,10 to 14 years
1657,11475,0.8595714285714279,0.2857142857142857,0.7717638304413956,10 to 14 years
1658,13612,0.8595714285714279,0.2857142857142857,0.8504984017166395,10 to 14 years
1659,11626,0.8881428571428565,0.5714285714285714,0.7131613581210061,10 to 14 years
1660,14348,0.8881428571428565,0.5714285714285714,0.280139861895011,10 to 14 years
1661,12725,0.916714285714285,0.8571428571428571,0.25001614015661533,10 to 14 years
1662,18827,0.8881428571428565,0.5714285714285714,0.7032767228136094,10 to 14 years
1663,15673,0.8881428571428565,0.5714285714285714,0.11338437865680923,10 to 14 years
1664,15203,0.8595714285714279,0.2857142857142857,0.2620598733116989,10 to 14 years
1665,13011,0.8738571428571421,0.42857142857142855,0.8839254691498739,10 to 14 years
1666,10965,0.8595714285714279,0.2857142857142857,0.7821566609459222,10 to 14 years
1667,13306,0.8595714285714279,0.2857142857142857,0.415463289009229,10 to 14 years
1668,16199,0.8595714285714279,0.2857142857142857,0.3614970864031022,10 to 14 years
1669,19524,0.9024285714285707,0.7142857142857142,0.9816163363821055,10 to 14 years
1670,14420,0.916714285714285,0.8571428571428571,0.5095979753485278,10 to 14 years
1671,12146,0.8881428571428565,0.5714285714285714,0.6968100883303182,10 to 14 years
1672,18203,0.8595714285714279,0.2857142857142857,0.40748310663520204,10 to 14 years
1673,19581,0.916714285714285,0.8571428571428571,0.37603357882544586,10 to 14 years
1674,18281,0.8595714285714279,0.2857142857142857,0.3424807691602954,10 to 14 years
1675,10171,0.8738571428571421,0.42857142857142855,0.7498815777847556,10 to 14 years
1676,19717,0.9024285714285707,0.7142857142857142,0.11697779371511469,10 to 14 years
1677,10627,0.8881428571428565,0.5714285714285714,0.8275186171444404,10 to 14 years
1678,14301,0.8738571428571421,0.42857142857142855,0.9177658154241866,10 to 14 years
1679,17911,0.8881428571428565,0.5714285714285714,0.6372734039682083,10 to 14 years
1680,19455,0.8595714285714279,0.2857142857142857,0.4233065276436961,10 to 14 years
1681,11810,0.8595714285714279,0.2857142857142857,0.4348241279806032,10 to 14 years
1682,11454,0.8881428571428565,0.5714285714285714,0.14023461228802897,10 to 14 years
1683,14122,0.9309999999999993,1.0,0.3300103860616048,10 to 14 years
1684,15831,0.8595714285714279,0.2857142857142857,0.6841206483374496,10 to 14 years
1685,11496,0.8881428571428565,0.5714285714285714,0.7238059312700513,10 to 14 years
1686,17613,0.8738571428571421,0.42857142857142855,0.7286530755494233,10 to 14 years
1687,11779,0.8595714285714279,0.2857142857142857,0.14070980027233337,10 to 14 years
1688,18374,0.8738571428571421,0.42857142857142855,0.1383065453119416,10 to 14 years
1689,17908,0.8595714285714279,0.2857142857142857,0.2730267989462949,10 to 14 years
1690,18021,0.8595714285714279,0.2857142857142857,0.6736924817852571,10 to 14 years
1691,15743,0.8452857142857135,0.14285714285714285,0.5558171902042706,10 to 14 years
1692,19667,0.916714285714285,0.8571428571428571,0.8320598784643473,10 to 14 years
1693,18725,0.8595714285714279,0.2857142857142857,0.38350249382005924,10 to 14 years
1694,12617,0.8595714285714279,0.2857142857142857,0.33947981353166135,10 to 14 years
1695,13270,0.916714285714285,0.8571428571428571,0.013041137293101968,10 to 14 years
1696,16724,0.8452857142857135,0.14285714285714285,0.4493118017712703,10 to 14 years
1697,15060,0.8595714285714279,0.2857142857142857,0.695185439330359,10 to 14 years
1698,10686,0.916714285714285,0.8571428571428571,0.6409653764138593,10 to 14 years
1699,13887,0.8452857142857135,0.14285714285714285,0.34854425116852117,10 to 14 years
1700,11557,0.8595714285714279,0.2857142857142857,0.9424514916680462,10 to 14 years
1701,16039,0.8595714285714279,0.2857142857142857,0.06251259003092752,10 to 14 years
1702,17806,0.8881428571428565,0.5714285714285714,0.2626035694234143,10 to 14 years
1703,19248,0.916714285714285,0.8571428571428571,0.5089557345795999,10 to 14 years
1704,11579,0.9024285714285707,0.7142857142857142,0.22825154133976744,10 to 14 years
1705,19583,0.8595714285714279,0.2857142857142857,0.6152337555898234,10 to 14 years
1706,17510,0.8881428571428565,0.5714285714285714,0.4553044645696535,10 to 14 years
1707,11234,0.916714285714285,0.8571428571428571,0.586490348590464,10 to 14 years
1708,12367,0.8452857142857135,0.14285714285714285,0.5960051788264291,10 to 14 years
1709,19263,0.916714285714285,0.8571428571428571,0.29062252029047936,10 to 14 years
1710,17580,0.9024285714285707,0.7142857142857142,0.8846345269527695,10 to 14 years
1711,14671,0.8595714285714279,0.2857142857142857,0.5479839999726618,10 to 14 years
1712,18722,0.8452857142857135,0.14285714285714285,0.7212500491061189,10 to 14 years
1713,15324,0.8595714285714279,0.2857142857142857,0.25265756417600665,10 to 14 years
1714,12653,0.8595714285714279,0.2857142857142857,0.4287417396953371,10 to 14 years
1715,19343,0.916714285714285,0.8571428571428571,0.050382694545172246,10 to 14 years
1716,16710,0.8595714285714279,0.2857142857142857,0.7453495061002096,10 to 14 years
1717,11629,0.916714285714285,0.8571428571428571,0.4644676087152209,10 to 14 years
1718,10290,0.8595714285714279,0.2857142857142857,0.375117233033055,10 to 14 years
1719,16351,0.8595714285714279,0.2857142857142857,0.21309369232825137,10 to 14 years
1720,13694,0.8595714285714279,0.2857142857142857,0.770496333893305,10 to 14 years
1721,15086,0.8738571428571421,0.42857142857142855,0.3231740242287588,10 to 14 years
1722,19826,0.8738571428571421,0.42857142857142855,0.37919211710018574,10 to 14 years
1723,15952,0.8452857142857135,0.14285714285714285,0.9454217077449939,10 to 14 years
1724,14178,0.8738571428571421,0.42857142857142855,0.23928501995988727,10 to 14 years
1725,13980,0.8738571428571421,0.42857142857142855,0.593528513977452,10 to 14 years
1726,19947,0.916714285714285,0.8571428571428571,0.6695521829756411,10 to 14 years
1727,16566,0.8881428571428565,0.5714285714285714,0.46340015224581155,10 to 14 years
1728,10327,0.9309999999999993,1.0,0.12542731942302554,10 to 14 years
1729,17998,0.8452857142857135,0.14285714285714285,0.5581425101938027,10 to 14 years
1730,16538,0.8595714285714279,0.2857142857142857,0.3243582982478958,10 to 14 years
1731,14244,0.8595714285714279,0.2857142857142857,0.043201211616852475,10 to 14 years
1732,14765,0.0,0.42857142857142855,0.8449338735232255,10 to 14 years
1733,19124,0.8881428571428565,0.5714285714285714,0.970719535466823,10 to 14 years
1734,10703,0.9024285714285707,0.7142857142857142,0.43316709431823097,10 to 14 years
1735,12128,0.8738571428571421,0.42857142857142855,0.532741037897147,10 to 14 years
1736,13355,0.9024285714285707,0.7142857142857142,0.16511269035437692,10 to 14 years
1737,18806,0.916714285714285,0.8571428571428571,0.6588310705541294,10 to 14 years
1738,18436,0.9024285714285707,0.7142857142857142,0.5037582924662533,10 to 14 years
1739,14022,0.8595714285714279,0.2857142857142857,0.8373765616699538,10 to 14 years
1740,11084,0.916714285714285,0.8571428571428571,0.2644459471238435,10 to 14 years
1741,11371,0.916714285714285,0.8571428571428571,0.9842715125493907,10 to 14 years
1742,15727,0.8595714285714279,0.2857142857142857,0.8151384362796905,10 to 14 years
1743,16265,0.8452857142857135,0.14285714285714285,0.660793686364779,10 to 14 years
1744,15814,0.8595714285714279,0.2857142857142857,0.5737968856149946,10 to 14 years
1745,17757,0.8881428571428565,0.5714285714285714,0.03508073246433152,10 to 14 years
1746,17004,0.8452857142857135,0.14285714285714285,0.4621109286682665,10 to 14 years
1747,11703,0.8881428571428565,0.5714285714285714,0.49538500732960894,10 to 14 years
1748,12940,0.916714285714285,0.8571428571428571,0.3861479436243115,10 to 14 years
1749,12957,0.8595714285714279,0.2857142857142857,0.2418964470451752,10 to 14 years
1750,17400,0.8881428571428565,0.5714285714285714,0.6529734677023913,10 to 14 years
1751,14425,0.8452857142857135,0.14285714285714285,0.6823376448963324,10 to 14 years
1752,18829,0.916714285714285,0.8571428571428571,0.4645404604659869,10 to 14 years
1753,19563,0.916714285714285,0.8571428571428571,0.524167442572882,10 to 14 years
1754,16741,0.8738571428571421,0.42857142857142855,0.713810429111649,10 to 14 years
1755,14986,0.8452857142857135,0.14285714285714285,0.34795965527288886,10 to 14 years
1756,12185,0.8881428571428565,0.5714285714285714,0.07308984474289276,10 to 14 years
1757,19164,0.8452857142857135,0.14285714285714285,0.6867404549579954,10 to 14 years
1758,11825,0.8452857142857135,0.14285714285714285,0.6214674159752434,10 to 14 years
1759,16678,0.8881428571428565,0.5714285714285714,0.27279646743376856,10 to 14 years
1760,11988,0.9309999999999993,1.0,0.9315347364598983,10 to 14 years
1761,13310,0.523805264307609,0.2857142857142857,0.13589537587370942,10 to 14 years
1762,14281,0.8452857142857135,0.14285714285714285,0.802151288856585,10 to 14 years
1763,14680,0.916714285714285,0.8571428571428571,0.35260593107037963,10 to 14 years
1764,18821,0.8595714285714279,0.2857142857142857,0.5731026198465523,10 to 14 years
1765,12285,0.916714285714285,0.8571428571428571,0.6027302768433633,10 to 14 years
1766,10318,0.2607337325078878,0.42857142857142855,0.5926906043625042,10 to 14 years
1767,13865,0.0,0.2857142857142857,0.5824786902580525,10 to 14 years
1768,19416,0.8452857142857135,0.14285714285714285,0.5877025070692852,10 to 14 years
1769,18264,0.8881428571428565,0.5714285714285714,0.877698212442616,10 to 14 years
1770,18058,0.8452857142857135,0.14285714285714285,0.4445259611297902,10 to 14 years
1771,13582,0.8738571428571421,0.42857142857142855,0.261229290158476,10 to 14 years
1772,17649,0.8881428571428565,0.5714285714285714,0.7778184885292273,10 to 14 years
1773,15218,0.8452857142857135,0.14285714285714285,0.7702686194758475,10 to 14 years
1774,14793,0.916714285714285,0.8571428571428571,0.7257331654878229,10 to 14 years
1775,15061,0.8738571428571421,0.42857142857142855,0.5248933413800122,10 to 14 years
1776,12050,0.8452857142857135,0.14285714285714285,0.8324241679084432,10 to 14 years
1777,16753,0.8595714285714279,0.2857142857142857,0.6965750567302126,10 to 14 years
1778,15929,0.8452857142857135,0.14285714285714285,0.08962750097500016,10 to 14 years
1779,10099,0.8595714285714279,0.2857142857142857,0.9170413232232593,10 to 14 years
1780,10527,0.8452857142857135,0.14285714285714285,0.43887730521271484,10 to 14 years
1781,15124,0.9024285714285707,0.7142857142857142,0.6200826519422518,10 to 14 years
1782,14221,0.8881428571428565,0.5714285714285714,0.8022558986328605,10 to 14 years
1783,11800,0.8595714285714279,0.2857142857142857,0.46567453325222774,10 to 14 years
1784,17954,0.916714285714285,0.8571428571428571,0.9674291819362392,10 to 14 years
1785,18284,0.8881428571428565,0.5714285714285714,0.9657479694549506,10 to 14 years
1786,12817,0.8595714285714279,0.2857142857142857,0.23760659349625196,10 to 14 years
1787,15017,0.8595714285714279,0.2857142857142857,0.6985824166898176,10 to 14 years
1788,14815,0.8881428571428565,0.5714285714285714,0.012416591066388927,10 to 14 years
1789,15699,0.8595714285714279,0.2857142857142857,0.1857415714816124,10 to 14 years
1790,15468,0.9309999999999993,1.0,0.6595461360803236,10 to 14 years
1791,15231,0.8881428571428565,0.5714285714285714,0.4752205584395034,10 to 14 years
1792,13779,0.8881428571428565,0.5714285714285714,0.10145739145172789,10 to 14 years
1793,19230,0.916714285714285,0.8571428571428571,0.5099049999479572,10 to 14 years
1794,11819,0.8452857142857135,0.14285714285714285,0.5356429719678721,10 to 14 years
1795,10243,0.8452857142857135,0.14285714285714285,0.872172134060341,10 to 14 years
1796,10728,0.916714285714285,0.8571428571428571,0.9804774600986611,10 to 14 years
1797,18425,0.8452857142857135,0.14285714285714285,0.6136799201243998,10 to 14 years
1798,15178,0.9309999999999993,1.0,0.6811238217955808,10 to 14 years
1799,14627,0.8595714285714279,0.2857142857142857,0.30177313220768587,10 to 14 years
1800,16024,0.916714285714285,0.8571428571428571,0.5411530101395998,10 to 14 years
1801,14752,0.8595714285714279,0.2857142857142857,0.0861812673125939,10 to 14 years
1802,14444,0.9309999999999993,1.0,0.4102564090352196,10 to 14 years
1803,18552,0.916714285714285,0.8571428571428571,0.39797961752191613,10 to 14 years
1804,13230,0.9309999999999993,1.0,0.7973900706593214,10 to 14 years
1805,19992,0.8881428571428565,0.5714285714285714,0.771713794660775,10 to 14 years
1806,12081,0.8738571428571421,0.42857142857142855,0.6420305075109451,10 to 14 years
1807,11328,0.916714285714285,0.8571428571428571,0.9920255688501101,10 to 14 years
1808,10783,0.9309999999999993,1.0,0.096070252241718,10 to 14 years
1809,11502,0.8595714285714279,0.2857142857142857,0.9088778196251805,10 to 14 years
1810,10742,0.8452857142857135,0.14285714285714285,0.9355596198651566,10 to 14 years
1811,17369,0.8452857142857135,0.14285714285714285,0.404794276737667,10 to 14 years
1812,13688,0.9309999999999993,1.0,0.7360743081041138,10 to 14 years
1813,19294,0.8738571428571421,0.42857142857142855,0.5137694571533391,10 to 14 years
1814,15586,0.8881428571428565,0.5714285714285714,0.9815954929777374,10 to 14 years
1815,15394,0.9309999999999993,1.0,0.019084479449274716,10 to 14 years
1816,17624,0.9024285714285707,0.7142857142857142,0.588203107104598,10 to 14 years
1817,17353,0.8595714285714279,0.2857142857142857,0.8876849077292802,10 to 14 years
1818,13133,0.8595714285714279,0.2857142857142857,0.2747358865699794,10 to 14 years
1819,12546,0.916714285714285,0.8571428571428571,0.657811256422387,10 to 14 years
1820,11572,0.9309999999999993,1.0,0.2584232407024833,10 to 14 years
1821,18022,0.8452857142857135,0.14285714285714285,0.26681002661073283,10 to 14 years
1822,17049,0.8595714285714279,0.2857142857142857,0.13529296267258079,10 to 14 years
1823,13385,0.8881428571428565,0.5714285714285714,0.6842337417370494,10 to 14 years
1824,19089,0.8452857142857135,0.14285714285714285,0.09308323456306794,10 to 14 years
1825,17598,0.8595714285714279,0.2857142857142857,0.11767281008304276,10 to 14 years
1826,18302,0.8452857142857135,0.14285714285714285,0.35703686769726073,10 to 14 years
1827,15445,0.9024285714285707,0.7142857142857142,0.06580979398884423,10 to 14 years
1828,13324,0.8738571428571421,0.42857142857142855,0.10468961326010956,10 to 14 years
1829,17158,0.8881428571428565,0.5714285714285714,0.7917087474186155,10 to 14 years
1830,19392,0.8881428571428565,0.5714285714285714,0.024354735894653534,10 to 14 years
1831,11754,0.9309999999999993,1.0,0.5553446963992932,10 to 14 years
1832,18067,0.8881428571428565,0.5714285714285714,0.7808547305332583,10 to 14 years
1833,19204,0.8881428571428565,0.5714285714285714,0.5741683474445229,10 to 14 years
1834,11870,0.8595714285714279,0.2857142857142857,0.8074974870017838,10 to 14 years
1835,13262,0.8881428571428565,0.5714285714285714,0.3825416357170416,10 to 14 years
1836,16867,0.8881428571428565,0.5714285714285714,0.34938002800972634,10 to 14 years
1837,10448,0.8452857142857135,0.14285714285714285,0.8640743529840972,10 to 14 years
1838,11918,0.8452857142857135,0.14285714285714285,0.6331933294126597,10 to 14 years
1839,15010,0.8881428571428565,0.5714285714285714,0.26329673412504356,10 to 14 years
1840,17415,0.8595714285714279,0.2857142857142857,0.6809922940672445,10 to 14 years
1841,15397,0.8881428571428565,0.5714285714285714,0.7246690529572972,10 to 14 years
1842,15977,0.916714285714285,0.8571428571428571,0.37587682746959505,10 to 14 years
1843,11468,0.9309999999999993,1.0,0.6049081366805638,10 to 14 years
1844,11213,0.8881428571428565,0.5714285714285714,0.7133368780139256,10 to 14 years
1845,15014,0.8738571428571421,0.42857142857142855,0.9867290635262609,10 to 14 years
1846,14191,0.8881428571428565,0.5714285714285714,0.8131538848434889,10 to 14 years
1847,10908,0.916714285714285,0.8571428571428571,0.18549285545571909,10 to 14 years
1848,17205,0.8595714285714279,0.2857142857142857,0.221696734091112,10 to 14 years
1849,15233,0.916714285714285,0.8571428571428571,0.08967044538913882,10 to 14 years
1850,19582,0.8881428571428565,0.5714285714285714,0.4769220542422566,10 to 14 years
1851,17102,0.8881428571428565,0.5714285714285714,0.7190884067878749,10 to 14 years
1852,19245,0.9309999999999993,1.0,0.29834195455380186,10 to 14 years
1853,12549,0.8452857142857135,0.14285714285714285,0.3969469359050227,10 to 14 years
1854,18691,0.8881428571428565,0.5714285714285714,0.561644875188956,10 to 14 years
1855,10341,0.8595714285714279,0.2857142857142857,0.9644638772423267,10 to 14 years
1856,16439,0.916714285714285,0.8571428571428571,0.5734827828371099,10 to 14 years
1857,11062,0.8881428571428565,0.5714285714285714,0.10001906885912887,10 to 14 years
1858,13957,0.8881428571428565,0.5714285714285714,0.3965443196609256,10 to 14 years
1859,14991,0.8738571428571421,0.42857142857142855,0.03162271426516705,10 to 14 years
1860,11085,0.8595714285714279,0.2857142857142857,0.4092023866999045,10 to 14 years
1861,17310,0.8881428571428565,0.5714285714285714,0.654542852639775,10 to 14 years
1862,18584,0.8595714285714279,0.2857142857142857,0.39616876222761604,10 to 14 years
1863,18631,0.8452857142857135,0.14285714285714285,0.09210214872458172,10 to 14 years
1864,15435,0.8738571428571421,0.42857142857142855,0.3650847690272758,10 to 14 years
1865,14995,0.8881428571428565,0.5714285714285714,0.01870922345936965,10 to 14 years
1866,15004,0.916714285714285,0.8571428571428571,0.43779266477830847,10 to 14 years
1867,18581,0.8595714285714279,0.2857142857142857,0.8617038565300894,10 to 14 years
1868,14320,0.8595714285714279,0.2857142857142857,0.1846005405941059,10 to 14 years
1869,14577,0.8452857142857135,0.14285714285714285,0.46953182789982995,10 to 14 years
1870,10305,0.8452857142857135,0.14285714285714285,0.1528041338171532,10 to 14 years
1871,14194,0.9309999999999993,1.0,0.3547127254185045,10 to 14 years
1872,16782,0.9309999999999993,1.0,0.0015445518195629226,10 to 14 years
1873,11681,0.916714285714285,0.8571428571428571,0.6582469459744461,10 to 14 years
1874,12588,0.916714285714285,0.8571428571428571,0.5965697755690382,10 to 14 years
1875,16560,0.8595714285714279,0.2857142857142857,0.9563227031088064,10 to 14 years
1876,18017,0.9309999999999993,1.0,0.5583340895400607,10 to 14 years
1877,14026,0.8881428571428565,0.5714285714285714,0.4843826573056398,10 to 14 years
1878,11492,0.8452857142857135,0.14285714285714285,0.7123959647397765,10 to 14 years
1879,18962,0.8452857142857135,0.14285714285714285,0.8551970863711338,10 to 14 years
1880,13425,0.8595714285714279,0.2857142857142857,0.12085170394674805,10 to 14 years
1881,13776,0.916714285714285,0.8571428571428571,0.6062140367696596,10 to 14 years
1882,11421,0.8595714285714279,0.2857142857142857,0.5783220495085009,10 to 14 years
1883,16925,0.916714285714285,0.8571428571428571,0.20524755439380837,10 to 14 years
1884,12465,0.8738571428571421,0.42857142857142855,0.9327978425437125,10 to 14 years
1885,10781,0.8595714285714279,0.2857142857142857,0.14453572530124975,10 to 14 years
1886,12810,0.8452857142857135,0.14285714285714285,0.8432316544739877,10 to 14 years
1887,12150,0.916714285714285,0.8571428571428571,0.2600352143544,10 to 14 years
1888,16467,0.8595714285714279,0.2857142857142857,0.6469730536282771,10 to 14 years
1889,18702,0.916714285714285,0.8571428571428571,0.8038476369396252,10 to 14 years
1890,16224,0.8595714285714279,0.2857142857142857,0.5877506535640575,10 to 14 years
1891,12893,0.8595714285714279,0.2857142857142857,0.34351534610039614,10 to 14 years
1892,19361,0.916714285714285,0.8571428571428571,0.5783836339155057,10 to 14 years
1893,14266,0.8595714285714279,0.2857142857142857,0.9582875100227761,10 to 14 years
1894,14870,0.8595714285714279,0.2857142857142857,0.19202760425927157,10 to 14 years
1895,18576,0.8595714285714279,0.2857142857142857,0.45196605403097145,10 to 14 years
1896,15248,0.8595714285714279,0.2857142857142857,0.42499573302722343,10 to 14 years
1897,11038,0.8881428571428565,0.5714285714285714,0.841725391325926,10 to 14 years
1898,13465,0.8881428571428565,0.5714285714285714,0.9054055250815543,10 to 14 years
1899,15134,0.8595714285714279,0.2857142857142857,0.512459197452265,10 to 14 years
1900,15265,0.8595714285714279,0.2857142857142857,0.8922474788746597,10 to 14 years
1901,14077,0.8881428571428565,0.5714285714285714,0.8996814911000772,10 to 14 years
1902,15688,0.8595714285714279,0.2857142857142857,0.1242442184895105,10 to 14 years
1903,11237,0.9309999999999993,1.0,0.6747567539694599,10 to 14 years
1904,18822,0.8881428571428565,0.5714285714285714,0.3826420949469419,10 to 14 years
1905,10598,0.8881428571428565,0.5714285714285714,0.42771569367087436,10 to 14 years
1906,11247,0.8452857142857135,0.14285714285714285,0.3215973224107229,10 to 14 years
1907,16026,0.8738571428571421,0.42857142857142855,0.5404048173398956,10 to 14 years
1908,16315,0.8881428571428565,0.5714285714285714,0.7548930396904088,10 to 14 years
1909,19362,0.916714285714285,0.8571428571428571,0.1693886302505811,10 to 14 years
1910,19572,0.8595714285714279,0.2857142857142857,0.6981018987904457,10 to 14 years
1911,14101,0.907999999999999,1.0,0.7332971358398429,15 to 19 years
1912,17876,0.8651428571428562,0.5714285714285714,0.8126241629401647,15 to 19 years
1913,16549,0.8651428571428562,0.5714285714285714,0.3126727842363186,15 to 19 years
1914,14880,0.8365714285714276,0.2857142857142857,0.10608941943611011,15 to 19 years
1915,13697,0.907999999999999,1.0,0.47658807643452034,15 to 19 years
1916,14628,0.8937142857142848,0.8571428571428571,0.5145957714578259,15 to 19 years
1917,12433,0.8508571428571419,0.42857142857142855,0.215626844210753,15 to 19 years
1918,15975,0.907999999999999,1.0,0.0008706109290225195,15 to 19 years
1919,16011,0.8508571428571419,0.42857142857142855,0.21556068901281167,15 to 19 years
1920,11821,0.8365714285714276,0.2857142857142857,0.9886755166488341,15 to 19 years
1921,17061,0.8651428571428562,0.5714285714285714,0.469290264288577,15 to 19 years
1922,15731,0.8937142857142848,0.8571428571428571,0.5399166649606858,15 to 19 years
1923,16539,0.8222857142857133,0.14285714285714285,0.004526785399425193,15 to 19 years
1924,10824,0.8937142857142848,0.8571428571428571,0.2819679755158895,15 to 19 years
1925,18763,0.8937142857142848,0.8571428571428571,0.15234605026045017,15 to 19 years
1926,15218,0.8222857142857133,0.14285714285714285,0.7702686194758475,15 to 19 years
1927,12146,0.8651428571428562,0.5714285714285714,0.6968100883303182,15 to 19 years
1928,15520,0.907999999999999,1.0,0.6742551300630588,15 to 19 years
1929,11583,0.8222857142857133,0.14285714285714285,0.2943657677191994,15 to 19 years
1930,14092,0.8365714285714276,0.2857142857142857,0.4847491711558494,15 to 19 years
1931,17228,0.8365714285714276,0.2857142857142857,0.37800758374999105,15 to 19 years
1932,19566,0.8365714285714276,0.2857142857142857,0.4422952451322949,15 to 19 years
1933,15362,0.8222857142857133,0.14285714285714285,0.2640512228572722,15 to 19 years
1934,17094,0.8222857142857133,0.14285714285714285,0.1666691737533692,15 to 19 years
1935,16566,0.8651428571428562,0.5714285714285714,0.46340015224581155,15 to 19 years
1936,17194,0.8937142857142848,0.8571428571428571,0.5571249819235464,15 to 19 years
1937,18760,0.8365714285714276,0.2857142857142857,0.2950851164432135,15 to 19 years
1938,12928,0.8222857142857133,0.14285714285714285,0.157226385833523,15 to 19 years
1939,19545,0.907999999999999,1.0,0.8661515421249495,15 to 19 years
1940,15170,0.8937142857142848,0.8571428571428571,0.38837925662056116,15 to 19 years
1941,15744,0.8937142857142848,0.8571428571428571,0.2697332956509573,15 to 19 years
1942,16922,0.8222857142857133,0.14285714285714285,0.20465079371903322,15 to 19 years
1943,15300,0.8937142857142848,0.8571428571428571,0.5403357235510919,15 to 19 years
1944,11041,0.8651428571428562,0.5714285714285714,0.6132308037664547,15 to 19 years
1945,19736,0.8937142857142848,0.8571428571428571,0.332911502489759,15 to 19 years
1946,18684,0.8222857142857133,0.14285714285714285,0.3853392088851836,15 to 19 years
1947,17888,0.8222857142857133,0.14285714285714285,0.3157029682466632,15 to 19 years
1948,17836,0.8365714285714276,0.2857142857142857,0.8256870696989866,15 to 19 years
1949,12269,0.8937142857142848,0.8571428571428571,0.07185617449242493,15 to 19 years
1950,11107,0.907999999999999,1.0,0.4314237005706868,15 to 19 years
1951,14687,0.8222857142857133,0.14285714285714285,0.7316969149032971,15 to 19 years
1952,16669,0.8508571428571419,0.42857142857142855,0.7997772499579834,15 to 19 years
1953,15073,0.8222857142857133,0.14285714285714285,0.7084968345494886,15 to 19 years
1954,11669,0.8508571428571419,0.42857142857142855,0.4860497357417567,15 to 19 years
1955,14517,0.8937142857142848,0.8571428571428571,0.03917941707910677,15 to 19 years
1956,16389,0.8651428571428562,0.5714285714285714,0.7510800732585343,15 to 19 years
1957,14528,0.8937142857142848,0.8571428571428571,0.08642213605920673,15 to 19 years
1958,13189,0.8651428571428562,0.5714285714285714,0.7352155955986827,15 to 19 years
1959,16046,0.8222857142857133,0.14285714285714285,0.77465690881539,15 to 19 years
1960,11945,0.8651428571428562,0.5714285714285714,0.5929578378577843,15 to 19 years
1961,10602,0.8365714285714276,0.2857142857142857,0.5513102584114333,15 to 19 years
1962,14804,0.8365714285714276,0.2857142857142857,0.6316162844670418,15 to 19 years
1963,16048,0.8222857142857133,0.14285714285714285,0.4343073303818637,15 to 19 years
1964,11001,0.8937142857142848,0.8571428571428571,0.9530678747916823,15 to 19 years
1965,15870,0.8937142857142848,0.8571428571428571,0.7506858472701948,15 to 19 years
1966,15314,0.8222857142857133,0.14285714285714285,0.0001988208603783681,15 to 19 years
1967,18349,0.8222857142857133,0.14285714285714285,0.09938014234686998,15 to 19 years
1968,18705,0.8937142857142848,0.8571428571428571,0.26093107093523366,15 to 19 years
1969,15068,0.8222857142857133,0.14285714285714285,0.6466872689943634,15 to 19 years
1970,13459,0.8365714285714276,0.2857142857142857,0.33421482005690134,15 to 19 years
1971,16320,0.8365714285714276,0.2857142857142857,0.07816600409307184,15 to 19 years
1972,14107,0.907999999999999,1.0,0.8477218526438401,15 to 19 years
1973,14767,0.8651428571428562,0.5714285714285714,0.8653814505932661,15 to 19 years
1974,14458,0.8365714285714276,0.2857142857142857,0.8255498133770566,15 to 19 years
1975,12615,0.8508571428571419,0.42857142857142855,0.9112850061164205,15 to 19 years
1976,11132,0.8222857142857133,0.14285714285714285,0.6718483112080734,15 to 19 years
1977,12151,0.8365714285714276,0.2857142857142857,0.597229821141123,15 to 19 years
1978,18582,0.8365714285714276,0.2857142857142857,0.8992307744101613,15 to 19 years
1979,10544,0.8937142857142848,0.8571428571428571,0.34807983443307167,15 to 19 years
1980,18966,0.8651428571428562,0.5714285714285714,0.3785022459762065,15 to 19 years
1981,14305,0.8651428571428562,0.5714285714285714,0.9496025414019353,15 to 19 years
1982,14721,0.8365714285714276,0.2857142857142857,0.14074062287629474,15 to 19 years
1983,12608,0.8365714285714276,0.2857142857142857,0.5233502439894477,15 to 19 years
1984,17986,0.8937142857142848,0.8571428571428571,0.3858586389937956,15 to 19 years
1985,19095,0.8651428571428562,0.5714285714285714,0.30429556326868973,15 to 19 years
1986,11929,0.8651428571428562,0.5714285714285714,0.9120821912072318,15 to 19 years
1987,10036,0.8651428571428562,0.5714285714285714,0.6041197062669226,15 to 19 years
1988,14588,0.8365714285714276,0.2857142857142857,0.12887744077701724,15 to 19 years
1989,14013,0.8222857142857133,0.14285714285714285,0.30197974713275677,15 to 19 years
1990,13725,0.8651428571428562,0.5714285714285714,0.7637556633902176,15 to 19 years
1991,16775,0.8365714285714276,0.2857142857142857,0.16834583899683625,15 to 19 years
1992,10227,0.8651428571428562,0.5714285714285714,0.23100555839926074,15 to 19 years
1993,14739,0.8508571428571419,0.42857142857142855,0.025714486422984018,15 to 19 years
1994,19858,0.8651428571428562,0.5714285714285714,0.2534084752501271,15 to 19 years
1995,10215,0.8651428571428562,0.5714285714285714,0.35395396232167253,15 to 19 years
1996,14935,0.8222857142857133,0.14285714285714285,0.5222999983225853,15 to 19 years
1997,10913,0.8937142857142848,0.8571428571428571,0.18230797353843137,15 to 19 years
1998,17053,0.8222857142857133,0.14285714285714285,0.2951858184231753,15 to 19 years
1999,13891,0.8365714285714276,0.2857142857142857,0.3510691761121705,15 to 19 years
2000,16698,0.8222857142857133,0.14285714285714285,0.3532573229705057,15 to 19 years
2001,19442,0.8508571428571419,0.42857142857142855,0.4937650876748742,15 to 19 years
2002,10906,0.8365714285714276,0.2857142857142857,0.7480195665982065,15 to 19 years
2003,19543,0.8365714285714276,0.2857142857142857,0.2079121212105693,15 to 19 years
2004,11285,0.8365714285714276,0.2857142857142857,0.7914608505822669,15 to 19 years
2005,18769,0.8365714285714276,0.2857142857142857,0.5337726226785283,15 to 19 years
2006,11093,0.907999999999999,1.0,0.002480787762214276,15 to 19 years
2007,14036,0.8365714285714276,0.2857142857142857,0.0445676028239656,15 to 19 years
2008,19784,0.907999999999999,1.0,0.9244388855731438,15 to 19 years
2009,17227,0.8365714285714276,0.2857142857142857,0.2672571318272254,15 to 19 years
2010,18257,0.8222857142857133,0.14285714285714285,0.37511393488636,15 to 19 years
2011,18680,0.8365714285714276,0.2857142857142857,0.8073421890642627,15 to 19 years
2012,14377,0.8651428571428562,0.5714285714285714,0.4904398376020924,15 to 19 years
2013,16763,0.8222857142857133,0.14285714285714285,0.5100146334267025,15 to 19 years
2014,17502,0.8222857142857133,0.14285714285714285,0.1600202402739303,15 to 19 years
2015,12929,0.8794285714285704,0.7142857142857142,0.18242429961473577,15 to 19 years
2016,13922,0.8365714285714276,0.2857142857142857,0.7209728567050839,15 to 19 years
2017,17067,0.8222857142857133,0.14285714285714285,0.8481867972362065,15 to 19 years
2018,17506,0.8222857142857133,0.14285714285714285,0.5744423228967096,15 to 19 years
2019,15487,0.8365714285714276,0.2857142857142857,0.6570857693777008,15 to 19 years
2020,15196,0.8651428571428562,0.5714285714285714,0.2249440271435787,15 to 19 years
2021,19340,0.8937142857142848,0.8571428571428571,0.5653284675986906,15 to 19 years
2022,11818,0.8794285714285704,0.7142857142857142,0.4499156135999862,15 to 19 years
2023,15528,0.8365714285714276,0.2857142857142857,0.033245735146462896,15 to 19 years
2024,15976,0.8365714285714276,0.2857142857142857,0.29841799303553274,15 to 19 years
2025,14520,0.8222857142857133,0.14285714285714285,0.8891135832783209,15 to 19 years
2026,19794,0.8508571428571419,0.42857142857142855,0.13203374331301465,15 to 19 years
2027,13556,0.8365714285714276,0.2857142857142857,0.36168257036441964,15 to 19 years
2028,10986,0.8222857142857133,0.14285714285714285,0.2302978859618507,15 to 19 years
2029,17211,0.8365714285714276,0.2857142857142857,0.5977199830773086,15 to 19 years
2030,14770,0.8508571428571419,0.42857142857142855,0.38531877117373703,15 to 19 years
2031,19901,0.8651428571428562,0.5714285714285714,0.39272517030256704,15 to 19 years
2032,16093,0.8651428571428562,0.5714285714285714,0.18085512698160455,15 to 19 years
2033,14129,0.8365714285714276,0.2857142857142857,0.24608562783255494,15 to 19 years
2034,11611,0.8651428571428562,0.5714285714285714,0.18073774667095815,15 to 19 years
2035,18197,0.8651428571428562,0.5714285714285714,0.5474572897328341,15 to 19 years
2036,15903,0.8794285714285704,0.7142857142857142,0.6361094463795183,15 to 19 years
2037,10645,0.8365714285714276,0.2857142857142857,0.9322359989601747,15 to 19 years
2038,17400,0.8651428571428562,0.5714285714285714,0.6529734677023913,15 to 19 years
2039,19622,0.8937142857142848,0.8571428571428571,0.16934235023706495,15 to 19 years
2040,16891,0.8937142857142848,0.8571428571428571,0.28662708258350583,15 to 19 years
2041,18436,0.8794285714285704,0.7142857142857142,0.5037582924662533,15 to 19 years
2042,19516,0.8508571428571419,0.42857142857142855,0.4909876105999121,15 to 19 years
2043,10826,0.8508571428571419,0.42857142857142855,0.2710875307621134,15 to 19 years
2044,15087,0.8651428571428562,0.5714285714285714,0.48097249913915274,15 to 19 years
2045,13507,0.8651428571428562,0.5714285714285714,0.8712065206637672,15 to 19 years
2046,11745,0.8365714285714276,0.2857142857142857,0.22281551292677165,15 to 19 years
2047,13300,0.8651428571428562,0.5714285714285714,0.40399339982673693,15 to 19 years
2048,16882,0.8365714285714276,0.2857142857142857,0.5604158761125883,15 to 19 years
2049,15115,0.8651428571428562,0.5714285714285714,0.05841301593644316,15 to 19 years
2050,16052,0.8222857142857133,0.14285714285714285,0.4494154941655942,15 to 19 years
2051,17551,0.8651428571428562,0.5714285714285714,0.8619300950295232,15 to 19 years
2052,18280,0.8365714285714276,0.2857142857142857,0.2850253326930881,15 to 19 years
2053,17628,0.8508571428571419,0.42857142857142855,0.19371405820337417,15 to 19 years
2054,17733,0.8365714285714276,0.2857142857142857,0.11196883971558502,15 to 19 years
2055,19449,0.8508571428571419,0.42857142857142855,0.23424919683606998,15 to 19 years
2056,10220,0.8937142857142848,0.8571428571428571,0.49098926835733314,15 to 19 years
2057,11550,0.8222857142857133,0.14285714285714285,0.6735269131968291,15 to 19 years
2058,17704,0.8365714285714276,0.2857142857142857,0.11945893278631953,15 to 19 years
2059,17216,0.8651428571428562,0.5714285714285714,0.6614481997088764,15 to 19 years
2060,13349,0.8794285714285704,0.7142857142857142,0.45082946456415,15 to 19 years
2061,14633,0.8365714285714276,0.2857142857142857,0.9198644625405274,15 to 19 years
2062,12952,0.8651428571428562,0.5714285714285714,0.7984541497984103,15 to 19 years
2063,16083,0.8937142857142848,0.8571428571428571,0.2356503060513051,15 to 19 years
2064,15808,0.8365714285714276,0.2857142857142857,0.1736920904976368,15 to 19 years
2065,10353,0.8651428571428562,0.5714285714285714,0.5160428319970439,15 to 19 years
2066,11320,0.8651428571428562,0.5714285714285714,0.6335078703510957,15 to 19 years
2067,18380,0.8365714285714276,0.2857142857142857,0.5188865866624365,15 to 19 years
2068,12849,0.8651428571428562,0.5714285714285714,0.6419917569770578,15 to 19 years
2069,17145,0.8651428571428562,0.5714285714285714,0.8681115053907867,15 to 19 years
2070,15579,0.907999999999999,1.0,0.45116037509592993,15 to 19 years
2071,16699,0.8365714285714276,0.2857142857142857,0.7271434441712765,15 to 19 years
2072,11955,0.8222857142857133,0.14285714285714285,0.021148917374250953,15 to 19 years
2073,13321,0.8937142857142848,0.8571428571428571,0.020949163164521,15 to 19 years
2074,10958,0.907999999999999,1.0,0.17345561470592252,15 to 19 years
2075,15517,0.8222857142857133,0.14285714285714285,0.45457855700022776,15 to 19 years
2076,16804,0.8365714285714276,0.2857142857142857,0.5081754631596346,15 to 19 years
2077,13433,0.8937142857142848,0.8571428571428571,0.7280479724730422,15 to 19 years
2078,16087,0.8937142857142848,0.8571428571428571,0.9645694551170693,15 to 19 years
2079,19843,0.8651428571428562,0.5714285714285714,0.06858586682768336,15 to 19 years
2080,15695,0.8365714285714276,0.2857142857142857,0.2796041798341247,15 to 19 years
2081,18404,0.8365714285714276,0.2857142857142857,0.11651041739946782,15 to 19 years
2082,11284,0.8365714285714276,0.2857142857142857,0.9523612891939541,15 to 19 years
2083,11524,0.8222857142857133,0.14285714285714285,0.9392388971027785,15 to 19 years
2084,12935,0.8794285714285704,0.7142857142857142,0.6481585902763773,15 to 19 years
2085,18779,0.8365714285714276,0.2857142857142857,0.689469635120745,15 to 19 years
2086,14824,0.8937142857142848,0.8571428571428571,0.41771764267067796,15 to 19 years
2087,13959,0.8508571428571419,0.42857142857142855,0.5327229701881985,15 to 19 years
2088,14839,0.8365714285714276,0.2857142857142857,0.7782267409387189,15 to 19 years
2089,16794,0.8508571428571419,0.42857142857142855,0.3388774534048196,15 to 19 years
2090,10888,0.8651428571428562,0.5714285714285714,0.2785684318364079,15 to 19 years
2091,10157,0.8365714285714276,0.2857142857142857,0.5547625515976401,15 to 19 years
2092,16945,0.8365714285714276,0.2857142857142857,0.6908344221844187,15 to 19 years
2093,16374,0.8651428571428562,0.5714285714285714,0.24836700358540487,15 to 19 years
2094,10289,0.8365714285714276,0.2857142857142857,0.7411045841052825,15 to 19 years
2095,18508,0.8508571428571419,0.42857142857142855,0.18028064333791116,15 to 19 years
2096,11029,0.8365714285714276,0.2857142857142857,0.6777345348425033,15 to 19 years
2097,11767,0.8794285714285704,0.7142857142857142,0.4777914469850795,15 to 19 years
2098,12413,0.907999999999999,1.0,0.823077529511223,15 to 19 years
2099,18840,0.8222857142857133,0.14285714285714285,0.32354092773525667,15 to 19 years
2100,18805,0.8508571428571419,0.42857142857142855,0.7871644810486036,15 to 19 years
2101,16218,0.8651428571428562,0.5714285714285714,0.8092194830005017,15 to 19 years
2102,14173,0.8937142857142848,0.8571428571428571,0.15846764165702087,15 to 19 years
2103,13843,0.8651428571428562,0.5714285714285714,0.6685659480792728,15 to 19 years
2104,15504,0.8937142857142848,0.8571428571428571,0.11022757315792747,15 to 19 years
2105,11407,0.8508571428571419,0.42857142857142855,0.803625866477411,15 to 19 years
2106,12440,0.8365714285714276,0.2857142857142857,0.21898029924186224,15 to 19 years
2107,10263,0.907999999999999,1.0,0.6491706595202059,15 to 19 years
2108,15114,0.907999999999999,1.0,0.21011572113511306,15 to 19 years
2109,18364,0.8937142857142848,0.8571428571428571,0.6858692310587826,15 to 19 years
2110,10351,0.8365714285714276,0.2857142857142857,0.4820174507194942,15 to 19 years
2111,17501,0.8651428571428562,0.5714285714285714,0.2577713390209047,15 to 19 years
2112,13772,0.8651428571428562,0.5714285714285714,0.7851816990867567,15 to 19 years
2113,19686,0.8365714285714276,0.2857142857142857,0.3894119202628331,15 to 19 years
2114,12713,0.8365714285714276,0.2857142857142857,0.8840430879562153,15 to 19 years
2115,17184,0.8508571428571419,0.42857142857142855,0.5461189378205273,15 to 19 years
2116,16080,0.8651428571428562,0.5714285714285714,0.37416994464901765,15 to 19 years
2117,14945,0.8794285714285704,0.7142857142857142,0.15927810841792006,15 to 19 years
2118,13124,0.8651428571428562,0.5714285714285714,0.34152886912854524,15 to 19 years
2119,15506,0.8651428571428562,0.5714285714285714,0.7431622511852515,15 to 19 years
2120,19363,0.8651428571428562,0.5714285714285714,0.5322936918038611,15 to 19 years
2121,14193,0.8937142857142848,0.8571428571428571,0.9403965834681134,15 to 19 years
2122,16717,0.8508571428571419,0.42857142857142855,0.9404834216288946,15 to 19 years
2123,15148,0.8937142857142848,0.8571428571428571,0.6541056659094935,15 to 19 years
2124,15483,0.8794285714285704,0.7142857142857142,0.735675723866799,15 to 19 years
2125,15479,0.907999999999999,1.0,0.9127619874311593,15 to 19 years
2126,14773,0.8365714285714276,0.2857142857142857,0.42661616531794294,15 to 19 years
2127,12392,0.8365714285714276,0.2857142857142857,0.32777067664960324,15 to 19 years
2128,16797,0.8222857142857133,0.14285714285714285,0.09713498303006385,15 to 19 years
2129,17875,0.8937142857142848,0.8571428571428571,0.058927083844751926,15 to 19 years
2130,19644,0.8365714285714276,0.2857142857142857,0.8690806157918893,15 to 19 years
2131,15569,0.8508571428571419,0.42857142857142855,0.9308189342281746,15 to 19 years
2132,11935,0.8222857142857133,0.14285714285714285,0.4435199754843576,15 to 19 years
2133,15497,0.8365714285714276,0.2857142857142857,0.7590178541489937,15 to 19 years
2134,16889,0.8651428571428562,0.5714285714285714,0.26595470149154815,15 to 19 years
2135,17359,0.8651428571428562,0.5714285714285714,0.668201496824444,15 to 19 years
2136,16716,0.8222857142857133,0.14285714285714285,0.25570684589071496,15 to 19 years
2137,11655,0.8651428571428562,0.5714285714285714,0.9008685401107652,15 to 19 years
2138,11940,0.8508571428571419,0.42857142857142855,0.4584618985578941,15 to 19 years
2139,10769,0.8365714285714276,0.2857142857142857,0.16696691493952737,15 to 19 years
2140,14738,0.8794285714285704,0.7142857142857142,0.37589275755979884,15 to 19 years
2141,15112,0.8222857142857133,0.14285714285714285,0.4887056733657574,15 to 19 years
2142,19296,0.8365714285714276,0.2857142857142857,0.7354916776040623,15 to 19 years
2143,16654,0.8365714285714276,0.2857142857142857,0.22747582180813808,15 to 19 years
2144,17355,0.8651428571428562,0.5714285714285714,0.9824837820473111,15 to 19 years
2145,13643,0.8365714285714276,0.2857142857142857,0.67835739881087,15 to 19 years
2146,15315,0.8365714285714276,0.2857142857142857,0.37232615552160475,15 to 19 years
2147,15582,0.8365714285714276,0.2857142857142857,0.7137319593266422,15 to 19 years
2148,16588,0.8651428571428562,0.5714285714285714,0.42695906682137214,15 to 19 years
2149,16450,0.8222857142857133,0.14285714285714285,0.5994259185598287,15 to 19 years
2150,19801,0.8794285714285704,0.7142857142857142,0.25005593195635206,15 to 19 years
2151,12472,0.8365714285714276,0.2857142857142857,0.9216182780625035,15 to 19 years
2152,11387,0.8365714285714276,0.2857142857142857,0.6065152841172499,15 to 19 years
2153,14594,0.8365714285714276,0.2857142857142857,0.8105886754092673,15 to 19 years
2154,16692,0.8508571428571419,0.42857142857142855,0.04212666365829537,15 to 19 years
2155,11055,0.8937142857142848,0.8571428571428571,0.6825332324207981,15 to 19 years
2156,18753,0.8222857142857133,0.14285714285714285,0.571683449476176,15 to 19 years
2157,10087,0.8508571428571419,0.42857142857142855,0.5529501874947932,15 to 19 years
2158,10750,0.907999999999999,1.0,0.1071544262981981,15 to 19 years
2159,17891,0.8365714285714276,0.2857142857142857,0.664547614095178,15 to 19 years
2160,11801,0.8365714285714276,0.2857142857142857,0.6237528906427074,15 to 19 years
2161,17429,0.8508571428571419,0.42857142857142855,0.6839289125344126,15 to 19 years
2162,16883,0.8365714285714276,0.2857142857142857,0.21436247794204732,15 to 19 years
2163,15345,0.8222857142857133,0.14285714285714285,0.05330317320548933,15 to 19 years
2164,14885,0.8651428571428562,0.5714285714285714,0.09022707967150728,15 to 19 years
2165,14083,0.8222857142857133,0.14285714285714285,0.8743923146014217,15 to 19 years
2166,19491,0.8651428571428562,0.5714285714285714,0.35919400632404397,15 to 19 years
2167,18249,0.8365714285714276,0.2857142857142857,0.37848416544178276,15 to 19 years
2168,14821,0.8365714285714276,0.2857142857142857,0.3817028519183516,15 to 19 years
2169,13783,0.8365714285714276,0.2857142857142857,0.3375304110523386,15 to 19 years
2170,17354,0.8508571428571419,0.42857142857142855,0.5678259142502334,15 to 19 years
2171,11283,0.8937142857142848,0.8571428571428571,0.7734687538370448,15 to 19 years
2172,13557,0.8365714285714276,0.2857142857142857,0.6265210964044636,15 to 19 years
2173,14519,0.8651428571428562,0.5714285714285714,0.6750610179793012,15 to 19 years
2174,12061,0.8222857142857133,0.14285714285714285,0.09917351425343823,15 to 19 years
2175,19026,0.8222857142857133,0.14285714285714285,0.0906936427471629,15 to 19 years
2176,14131,0.8794285714285704,0.7142857142857142,0.23548798664596116,15 to 19 years
2177,14805,0.8508571428571419,0.42857142857142855,0.40041817565509263,15 to 19 years
2178,17218,0.8508571428571419,0.42857142857142855,0.1507574690033882,15 to 19 years
2179,11381,0.8365714285714276,0.2857142857142857,0.6424372047363728,15 to 19 years
2180,19098,0.0,1.0,0.2529596165478049,15 to 19 years
2181,13764,0.8365714285714276,0.2857142857142857,0.9538599692510252,15 to 19 years
2182,17660,0.907999999999999,1.0,0.30934765315875185,15 to 19 years
2183,18182,0.8365714285714276,0.2857142857142857,0.8519407353324782,15 to 19 years
2184,11136,0.8222857142857133,0.14285714285714285,0.3825052370132137,15 to 19 years
2185,19891,0.8222857142857133,0.14285714285714285,0.9202597429328029,15 to 19 years
2186,11012,0.8365714285714276,0.2857142857142857,0.738142288642216,15 to 19 years
2187,11300,0.8365714285714276,0.2857142857142857,0.9716665506039448,15 to 19 years
2188,10963,0.8365714285714276,0.2857142857142857,0.2841368903827666,15 to 19 years
2189,12959,0.8365714285714276,0.2857142857142857,0.16554886692282517,15 to 19 years
2190,11541,0.8651428571428562,0.5714285714285714,0.5183821026351284,15 to 19 years
2191,14279,0.8937142857142848,0.8571428571428571,0.43374959832179766,15 to 19 years
2192,10580,0.8365714285714276,0.2857142857142857,0.7868828253869052,15 to 19 years
2193,14681,0.8365714285714276,0.2857142857142857,0.499099329464017,15 to 19 years
2194,11492,0.8222857142857133,0.14285714285714285,0.7123959647397765,15 to 19 years
2195,10139,0.907999999999999,1.0,0.3459855081892268,15 to 19 years
2196,15006,0.8222857142857133,0.14285714285714285,0.400941368441162,15 to 19 years
2197,12530,0.8937142857142848,0.8571428571428571,0.5161832322151501,15 to 19 years
2198,15850,0.8365714285714276,0.2857142857142857,0.7979421940688518,15 to 19 years
2199,15844,0.907999999999999,1.0,0.6894262283327421,15 to 19 years
2200,17791,0.8937142857142848,0.8571428571428571,0.8301364452892428,15 to 19 years
2201,14592,0.8508571428571419,0.42857142857142855,0.9302623339657194,15 to 19 years
2202,10035,0.8365714285714276,0.2857142857142857,0.2208140232528213,15 to 19 years
2203,17234,0.8937142857142848,0.8571428571428571,0.16970892242547686,15 to 19 years
2204,16972,0.8222857142857133,0.14285714285714285,0.7390672145525523,15 to 19 years
2205,10690,0.8365714285714276,0.2857142857142857,0.9219719752438389,15 to 19 years
2206,12288,0.8365714285714276,0.2857142857142857,0.3496983186941198,15 to 19 years
2207,12108,0.8222857142857133,0.14285714285714285,0.6294053829019938,15 to 19 years
2208,16230,0.8651428571428562,0.5714285714285714,0.8360362920849657,15 to 19 years
2209,17455,0.8365714285714276,0.2857142857142857,0.9519324112663006,15 to 19 years
2210,14565,0.8365714285714276,0.2857142857142857,0.2521035998766611,15 to 19 years
2211,16095,0.8365714285714276,0.2857142857142857,0.20942169783698655,15 to 19 years
2212,11672,0.8508571428571419,0.42857142857142855,0.33130327988283703,15 to 19 years
2213,17780,0.8222857142857133,0.14285714285714285,0.9336754031563645,15 to 19 years
2214,14541,0.8937142857142848,0.8571428571428571,0.4395432724765909,15 to 19 years
2215,18480,0.8365714285714276,0.2857142857142857,0.08174881475411255,15 to 19 years
2216,12613,0.8365714285714276,0.2857142857142857,0.8429211349158148,15 to 19 years
2217,15580,0.8937142857142848,0.8571428571428571,0.5771811161892633,15 to 19 years
2218,10595,0.8508571428571419,0.42857142857142855,0.4622390278091067,15 to 19 years
2219,16188,0.8937142857142848,0.8571428571428571,0.30714890568709885,15 to 19 years
2220,12738,0.8794285714285704,0.7142857142857142,0.8320709112834612,15 to 19 years
2221,16244,0.8651428571428562,0.5714285714285714,0.5962456774791496,15 to 19 years
2222,12131,0.8508571428571419,0.42857142857142855,0.4004473131973163,15 to 19 years
2223,18717,0.8651428571428562,0.5714285714285714,0.4183866015161574,15 to 19 years
2224,13420,0.8222857142857133,0.14285714285714285,0.9645138516825835,15 to 19 years
2225,11203,0.8794285714285704,0.7142857142857142,0.8847946167911238,15 to 19 years
2226,19482,0.8365714285714276,0.2857142857142857,0.6864889263353825,15 to 19 years
2227,11104,0.8222857142857133,0.14285714285714285,0.2030533755968711,15 to 19 years
2228,19976,0.8937142857142848,0.8571428571428571,0.6958277370819214,15 to 19 years
2229,16546,0.8222857142857133,0.14285714285714285,0.26795068476819567,15 to 19 years
2230,15247,0.8365714285714276,0.2857142857142857,0.31587977995394023,15 to 19 years
2231,17336,0.8222857142857133,0.14285714285714285,0.7459923352558285,15 to 19 years
2232,10273,0.8508571428571419,0.42857142857142855,0.18520717878729914,15 to 19 years
2233,17395,0.8651428571428562,0.5714285714285714,0.16073211950762512,15 to 19 years
2234,14755,0.8651428571428562,0.5714285714285714,0.23754875374505602,15 to 19 years
2235,18234,0.8794285714285704,0.7142857142857142,0.7195019542896355,15 to 19 years
2236,14758,0.8222857142857133,0.14285714285714285,0.6382454386853335,15 to 19 years
2237,12005,0.907999999999999,1.0,0.6275556203988565,15 to 19 years
2238,16697,0.8937142857142848,0.8571428571428571,0.1505254055915185,15 to 19 years
2239,10611,0.8651428571428562,0.5714285714285714,0.23136336901358706,15 to 19 years
2240,10205,0.8222857142857133,0.14285714285714285,0.5600165396839659,15 to 19 years
2241,12209,0.8651428571428562,0.5714285714285714,0.5886156014710002,15 to 19 years
2242,16946,0.8651428571428562,0.5714285714285714,0.28462998892049396,15 to 19 years
2243,17682,0.8937142857142848,0.8571428571428571,0.7341405044721723,15 to 19 years
2244,13532,0.8222857142857133,0.14285714285714285,0.8627110773343458,15 to 19 years
2245,12465,0.8508571428571419,0.42857142857142855,0.9327978425437125,15 to 19 years
2246,19792,0.8365714285714276,0.2857142857142857,0.0210197264208829,15 to 19 years
2247,13911,0.8222857142857133,0.14285714285714285,0.6195618430692826,15 to 19 years
2248,18173,0.8937142857142848,0.8571428571428571,0.44156803858726124,15 to 19 years
2249,15843,0.8365714285714276,0.2857142857142857,0.4552058555061805,15 to 19 years
2250,16303,0.8651428571428562,0.5714285714285714,0.797673480619079,15 to 19 years
2251,11180,0.8365714285714276,0.2857142857142857,0.9333152006480325,15 to 19 years
2252,17896,0.907999999999999,1.0,0.5613364552325267,15 to 19 years
2253,13213,0.8222857142857133,0.14285714285714285,0.7374433473158161,15 to 19 years
2254,13157,0.8365714285714276,0.2857142857142857,0.5993166884927261,15 to 19 years
2255,16447,0.8222857142857133,0.14285714285714285,0.23268227342482362,15 to 19 years
2256,13005,0.8937142857142848,0.8571428571428571,0.26586124094050867,15 to 19 years
2257,17238,0.8508571428571419,0.42857142857142855,0.5026386040666566,15 to 19 years
2258,14866,0.8651428571428562,0.5714285714285714,0.6080015634257105,15 to 19 years
2259,18069,0.8508571428571419,0.42857142857142855,0.5696836405119461,15 to 19 years
2260,10280,0.8508571428571419,0.42857142857142855,0.7329815193162813,15 to 19 years
2261,17011,0.907999999999999,1.0,0.10104325535437664,15 to 19 years
2262,15344,0.8937142857142848,0.8571428571428571,0.14026734067468,15 to 19 years
2263,18029,0.8365714285714276,0.2857142857142857,0.05614264406972963,15 to 19 years
2264,19310,0.8794285714285704,0.7142857142857142,0.4345436673766001,15 to 19 years
2265,17963,0.8508571428571419,0.42857142857142855,0.4692984458935197,15 to 19 years
2266,15040,0.8222857142857133,0.14285714285714285,0.4924047747841166,15 to 19 years
2267,16170,0.8794285714285704,0.7142857142857142,0.10029312436812393,15 to 19 years
2268,14195,0.8222857142857133,0.14285714285714285,0.3506485970200245,15 to 19 years
2269,13291,0.8937142857142848,0.8571428571428571,0.8054665024460237,15 to 19 years
2270,12860,0.8365714285714276,0.2857142857142857,0.10585554346490061,15 to 19 years
2271,12947,0.8365714285714276,0.2857142857142857,0.41962760679985944,15 to 19 years
2272,15352,0.8508571428571419,0.42857142857142855,0.7583277083602746,15 to 19 years
2273,17623,0.8222857142857133,0.14285714285714285,0.8141487316794958,15 to 19 years
2274,15425,0.8651428571428562,0.5714285714285714,0.7331920185918602,15 to 19 years
2275,14100,0.8651428571428562,0.5714285714285714,0.7157979258685221,15 to 19 years
2276,13672,0.8508571428571419,0.42857142857142855,0.5610634113684112,15 to 19 years
2277,16643,0.8222857142857133,0.14285714285714285,0.9759530763353055,15 to 19 years
2278,13390,0.8222857142857133,0.14285714285714285,0.42518998775525313,15 to 19 years
2279,16792,0.8651428571428562,0.5714285714285714,0.9371253688848427,15 to 19 years
2280,10960,0.8937142857142848,0.8571428571428571,0.42770627072561374,15 to 19 years
2281,19663,0.8651428571428562,0.5714285714285714,0.6708846981548323,15 to 19 years
2282,14110,0.8365714285714276,0.2857142857142857,0.2595225330666969,15 to 19 years
2283,17997,0.8222857142857133,0.14285714285714285,0.482596938053244,15 to 19 years
2284,10329,0.8222857142857133,0.14285714285714285,0.22855561752250503,15 to 19 years
2285,11481,0.8222857142857133,0.14285714285714285,0.17608616785546866,15 to 19 years
2286,13636,0.8651428571428562,0.5714285714285714,0.8266744632881713,15 to 19 years
2287,16665,0.8365714285714276,0.2857142857142857,0.1455279482007794,15 to 19 years
2288,13362,0.8651428571428562,0.5714285714285714,0.042101879530314024,15 to 19 years
2289,10453,0.8365714285714276,0.2857142857142857,0.6606030768080849,15 to 19 years
2290,15267,0.8365714285714276,0.2857142857142857,0.02575134053116368,15 to 19 years
2291,17134,0.907999999999999,1.0,0.7236565402520072,15 to 19 years
2292,17823,0.8651428571428562,0.5714285714285714,0.7708458810132444,15 to 19 years
2293,17921,0.8222857142857133,0.14285714285714285,0.7940620123913213,15 to 19 years
2294,19049,0.8651428571428562,0.5714285714285714,0.8594408568553928,15 to 19 years
2295,10566,0.8508571428571419,0.42857142857142855,0.7979563205951505,15 to 19 years
2296,15190,0.8365714285714276,0.2857142857142857,0.5247078447583995,15 to 19 years
2297,11496,0.8651428571428562,0.5714285714285714,0.7238059312700513,15 to 19 years
2298,10169,0.8937142857142848,0.8571428571428571,0.727632864108998,15 to 19 years
2299,10635,0.8365714285714276,0.2857142857142857,0.2879832517224891,15 to 19 years
2300,11363,0.8365714285714276,0.2857142857142857,0.7177802183441138,15 to 19 years
2301,19131,0.8937142857142848,0.8571428571428571,0.3557631761275145,15 to 19 years
2302,10716,0.8651428571428562,0.5714285714285714,0.7207145934667288,15 to 19 years
2303,16438,0.8651428571428562,0.5714285714285714,0.6568903025810956,15 to 19 years
2304,11076,0.8937142857142848,0.8571428571428571,0.31520990984718883,15 to 19 years
2305,11178,0.8222857142857133,0.14285714285714285,0.509264658448524,15 to 19 years
2306,16990,0.8508571428571419,0.42857142857142855,0.2310348379764589,15 to 19 years
2307,14742,0.8222857142857133,0.14285714285714285,0.8817475236654355,15 to 19 years
2308,14682,0.8794285714285704,0.7142857142857142,0.9261626455878684,15 to 19 years
2309,10959,0.8937142857142848,0.8571428571428571,0.26136072942792965,15 to 19 years
2310,16110,0.8365714285714276,0.2857142857142857,0.5629512157027616,15 to 19 years
2311,15120,0.8937142857142848,0.8571428571428571,0.2677154742438275,15 to 19 years
2312,18423,0.8508571428571419,0.42857142857142855,0.4955397837260396,15 to 19 years
2313,10037,0.8365714285714276,0.2857142857142857,0.4968367227322215,15 to 19 years
2314,17399,0.8222857142857133,0.14285714285714285,0.45388227100813394,15 to 19 years
2315,15259,0.8365714285714276,0.2857142857142857,0.7820271092693183,15 to 19 years
2316,19638,0.8222857142857133,0.14285714285714285,0.6776437908423022,15 to 19 years
2317,11874,0.8365714285714276,0.2857142857142857,0.5710369474481481,15 to 19 years
2318,18132,0.8651428571428562,0.5714285714285714,0.03072497694746723,15 to 19 years
2319,16016,0.8365714285714276,0.2857142857142857,0.202633658299315,15 to 19 years
2320,13482,0.8651428571428562,0.5714285714285714,0.17821762937072322,15 to 19 years
2321,13444,0.8365714285714276,0.2857142857142857,0.8888983222672271,15 to 19 years
2322,19274,0.907999999999999,1.0,0.821567833470955,15 to 19 years
2323,14601,0.8222857142857133,0.14285714285714285,0.5645174839457205,15 to 19 years
2324,12124,0.8365714285714276,0.2857142857142857,0.41506051585725756,15 to 19 years
2325,11947,0.8365714285714276,0.2857142857142857,0.5625826649448519,15 to 19 years
2326,13438,0.8937142857142848,0.8571428571428571,0.15335555111190652,15 to 19 years
2327,17250,0.6105402650268927,0.14285714285714285,0.11702098505453756,15 to 19 years
2328,15849,0.8222857142857133,0.14285714285714285,0.936953066541246,15 to 19 years
2329,11635,0.8365714285714276,0.2857142857142857,0.9428137875847963,15 to 19 years
2330,15402,0.8365714285714276,0.2857142857142857,0.7183233028188101,15 to 19 years
2331,19161,0.8937142857142848,0.8571428571428571,0.5232866713886972,15 to 19 years
2332,18428,0.8794285714285704,0.7142857142857142,0.8535349553216875,15 to 19 years
2333,14266,0.8365714285714276,0.2857142857142857,0.9582875100227761,15 to 19 years
2334,17595,0.907999999999999,1.0,0.6373486778222539,15 to 19 years
2335,19207,0.7578321749427512,0.42857142857142855,0.3681662213179623,15 to 19 years
2336,19395,0.8222857142857133,0.14285714285714285,0.44057851524196284,15 to 19 years
2337,17398,0.8365714285714276,0.2857142857142857,0.8808052840585383,15 to 19 years
2338,15016,0.8651428571428562,0.5714285714285714,0.6651812465180504,15 to 19 years
2339,12910,0.8651428571428562,0.5714285714285714,0.9549144978976549,15 to 19 years
2340,15155,0.907999999999999,1.0,0.7740039115714159,15 to 19 years
2341,18564,0.0,0.2857142857142857,0.5309130875005457,15 to 19 years
2342,15048,0.907999999999999,1.0,0.06376123447535059,15 to 19 years
2343,13095,0.8651428571428562,0.5714285714285714,0.09588818371269192,15 to 19 years
2344,19812,0.8365714285714276,0.2857142857142857,0.49089953962364136,15 to 19 years
2345,14807,0.8222857142857133,0.14285714285714285,0.6865900815246088,15 to 19 years
2346,19619,0.8794285714285704,0.7142857142857142,0.7003681669549986,15 to 19 years
2347,12432,0.907999999999999,1.0,0.30810791376568636,15 to 19 years
2348,18111,0.8365714285714276,0.2857142857142857,0.817776098947492,15 to 19 years
2349,19565,0.8365714285714276,0.2857142857142857,0.5538755097761768,15 to 19 years
2350,15046,0.8365714285714276,0.2857142857142857,0.8696642788584472,15 to 19 years
2351,17390,0.8508571428571419,0.42857142857142855,0.07281217636720466,15 to 19 years
2352,16746,0.907999999999999,1.0,0.9561249958321736,15 to 19 years
2353,11452,0.8794285714285704,0.7142857142857142,0.7950838885008717,15 to 19 years
2354,16731,0.8365714285714276,0.2857142857142857,0.45856379472636055,15 to 19 years
2355,18108,0.8937142857142848,0.8571428571428571,0.0750951128908009,15 to 19 years
2356,17324,0.8937142857142848,0.8571428571428571,0.11772424929339836,15 to 19 years
2357,10416,0.8651428571428562,0.5714285714285714,0.5927991137848725,15 to 19 years
2358,16346,0.8937142857142848,0.8571428571428571,0.9130783361511596,15 to 19 years
2359,16213,0.8651428571428562,0.5714285714285714,0.7998292639320302,15 to 19 years
2360,11844,0.8222857142857133,0.14285714285714285,0.5338986084172445,15 to 19 years
2361,15963,0.8365714285714276,0.2857142857142857,0.8230331356618841,15 to 19 years
2362,16453,0.8651428571428562,0.5714285714285714,0.2965338032460172,15 to 19 years
2363,13531,0.8937142857142848,0.8571428571428571,0.3007052212009732,15 to 19 years
2364,11161,0.8794285714285704,0.7142857142857142,0.963832004605067,15 to 19 years
2365,13816,0.8365714285714276,0.2857142857142857,0.2953128142509349,15 to 19 years
2366,14057,0.8937142857142848,0.8571428571428571,0.33503424232647794,15 to 19 years
2367,11604,0.8508571428571419,0.42857142857142855,0.3389186133023848,15 to 19 years
2368,19158,0.8365714285714276,0.2857142857142857,0.9177221358449825,15 to 19 years
2369,11948,0.8508571428571419,0.42857142857142855,0.9524554939484433,15 to 19 years
2370,10181,0.907999999999999,1.0,0.5147138953454179,15 to 19 years
2371,15672,0.8222857142857133,0.14285714285714285,0.37017810210453117,15 to 19 years
2372,18937,0.907999999999999,1.0,0.7357681818639875,15 to 19 years
2373,12833,0.8794285714285704,0.7142857142857142,0.4375955705092762,15 to 19 years
2374,17189,0.8222857142857133,0.14285714285714285,0.9244076637291017,15 to 19 years
2375,12737,0.8651428571428562,0.5714285714285714,0.6615069389270039,15 to 19 years
2376,16561,0.8651428571428562,0.5714285714285714,0.5767893836181855,15 to 19 years
2377,17775,0.8222857142857133,0.14285714285714285,0.5072236208644306,15 to 19 years
2378,15717,0.8222857142857133,0.14285714285714285,0.7149252507124364,15 to 19 years
2379,12538,0.8794285714285704,0.7142857142857142,0.864582923276797,15 to 19 years
2380,18045,0.8508571428571419,0.42857142857142855,0.7528433664119403,15 to 19 years
2381,11893,0.8365714285714276,0.2857142857142857,0.6973649208879302,15 to 19 years
2382,18074,0.8651428571428562,0.5714285714285714,0.9478506603979062,15 to 19 years
2383,14504,0.8365714285714276,0.2857142857142857,0.32368750059970475,15 to 19 years
2384,16275,0.8222857142857133,0.14285714285714285,0.3096205818184832,15 to 19 years
2385,17663,0.8365714285714276,0.2857142857142857,0.4492178355642529,15 to 19 years
2386,16396,0.907999999999999,1.0,0.30357101894725946,15 to 19 years
2387,18272,0.8222857142857133,0.14285714285714285,0.6625614320293943,15 to 19 years
2388,12107,0.8365714285714276,0.2857142857142857,0.6110791468114429,15 to 19 years
2389,15077,0.8508571428571419,0.42857142857142855,0.5562624897820685,15 to 19 years
2390,17893,0.8937142857142848,0.8571428571428571,0.18700574723100893,15 to 19 years
2391,11202,0.8508571428571419,0.42857142857142855,0.26330085575743273,15 to 19 years
2392,16358,0.8937142857142848,0.8571428571428571,0.34650217230762226,15 to 19 years
2393,10313,0.8365714285714276,0.2857142857142857,0.12985088755765983,15 to 19 years
2394,16462,0.8365714285714276,0.2857142857142857,0.538500535125824,15 to 19 years
2395,10017,0.8365714285714276,0.2857142857142857,0.30286146861319885,15 to 19 years
2396,17828,0.8222857142857133,0.14285714285714285,0.75185701490324,15 to 19 years
2397,17894,0.8365714285714276,0.2857142857142857,0.5918810539842114,15 to 19 years
2398,14329,0.8651428571428562,0.5714285714285714,0.9964069395115416,15 to 19 years
2399,13504,0.8651428571428562,0.5714285714285714,0.07749656425438534,15 to 19 years
2400,11461,0.8365714285714276,0.2857142857142857,0.731534253580158,15 to 19 years
2401,14152,0.8508571428571419,0.42857142857142855,0.4816928148215564,15 to 19 years
2402,10567,0.8365714285714276,0.2857142857142857,0.18162502325121116,15 to 19 years
2403,12022,0.8508571428571419,0.42857142857142855,0.3233523933872735,15 to 19 years
2404,10468,0.8365714285714276,0.2857142857142857,0.3389575202807522,15 to 19 years
2405,17254,0.8508571428571419,0.42857142857142855,0.33699783580192477,15 to 19 years
2406,11840,0.8365714285714276,0.2857142857142857,0.8083977134649519,15 to 19 years
2407,15482,0.8365714285714276,0.2857142857142857,0.45186433483702654,15 to 19 years
2408,19918,0.8222857142857133,0.14285714285714285,0.7741425934647046,15 to 19 years
2409,13975,0.8508571428571419,0.42857142857142855,0.133085043204818,15 to 19 years
2410,16718,0.8937142857142848,0.8571428571428571,0.6858621027355045,15 to 19 years
2411,14368,0.8365714285714276,0.2857142857142857,0.5491920288718177,15 to 19 years
2412,12701,0.907999999999999,1.0,0.5991589971817436,15 to 19 years
2413,12960,0.8651428571428562,0.5714285714285714,0.8800657531867071,15 to 19 years
2414,10402,0.8651428571428562,0.5714285714285714,0.7478076086503633,15 to 19 years
2415,11146,0.8222857142857133,0.14285714285714285,0.4060678044096425,15 to 19 years
2416,14975,0.8937142857142848,0.8571428571428571,0.31527567419793945,15 to 19 years
2417,10976,0.8508571428571419,0.42857142857142855,0.4551742454184051,15 to 19 years
2418,15756,0.8937142857142848,0.8571428571428571,0.6362113331112013,15 to 19 years
2419,13603,0.0,1.0,0.9464406747378071,15 to 19 years
2420,19561,0.8222857142857133,0.14285714285714285,0.2481150135096491,15 to 19 years
2421,12832,0.8365714285714276,0.2857142857142857,0.9146440227816581,15 to 19 years
2422,19136,0.8794285714285704,0.7142857142857142,0.4289250916412788,15 to 19 years
2423,19452,0.8365714285714276,0.2857142857142857,0.6332732331411008,15 to 19 years
2424,19586,0.8508571428571419,0.42857142857142855,0.3963031023493941,15 to 19 years
2425,11060,0.8651428571428562,0.5714285714285714,0.36131478472916423,15 to 19 years
2426,16558,0.8937142857142848,0.8571428571428571,0.8888883562235099,15 to 19 years
2427,16474,0.8222857142857133,0.14285714285714285,0.8420019118455968,15 to 19 years
2428,18260,0.8365714285714276,0.2857142857142857,0.32359954642585836,15 to 19 years
2429,16609,0.8365714285714276,0.2857142857142857,0.47668728278663464,15 to 19 years
2430,14810,0.8365714285714276,0.2857142857142857,0.27124527196597953,15 to 19 years
2431,12394,0.8937142857142848,0.8571428571428571,0.904363699396282,15 to 19 years
2432,14914,0.8365714285714276,0.2857142857142857,0.5604838671968739,15 to 19 years
2433,10266,0.8222857142857133,0.14285714285714285,0.6401780394814514,15 to 19 years
2434,12377,0.8651428571428562,0.5714285714285714,0.7766892111485244,15 to 19 years
2435,15147,0.8651428571428562,0.5714285714285714,0.28223787035509196,15 to 19 years
2436,14509,0.8651428571428562,0.5714285714285714,0.35373075722089287,15 to 19 years
2437,11625,0.8365714285714276,0.2857142857142857,0.9876887707653192,15 to 19 years
2438,14372,0.8651428571428562,0.5714285714285714,0.26169418785948917,15 to 19 years
2439,10202,0.8651428571428562,0.5714285714285714,0.27609434536337846,15 to 19 years
2440,10537,0.8794285714285704,0.7142857142857142,0.7633845332061536,15 to 19 years
2441,12103,0.8222857142857133,0.14285714285714285,0.012536366080546868,15 to 19 years
2442,19906,0.8651428571428562,0.5714285714285714,0.03784580020526873,15 to 19 years
2443,15876,0.8365714285714276,0.2857142857142857,0.179669471212337,15 to 19 years
2444,13130,0.8365714285714276,0.2857142857142857,0.7472837437535933,15 to 19 years
2445,10427,0.8365714285714276,0.2857142857142857,0.34741963176967683,15 to 19 years
2446,14239,0.8365714285714276,0.2857142857142857,0.6485677137568278,15 to 19 years
2447,10643,0.8651428571428562,0.5714285714285714,0.4269250034220795,15 to 19 years
2448,16819,0.8222857142857133,0.14285714285714285,0.6936179099368233,15 to 19 years
2449,19020,0.8222857142857133,0.14285714285714285,0.4295374579698721,15 to 19 years
2450,13442,0.8222857142857133,0.14285714285714285,0.12383169743899253,15 to 19 years
2451,19415,0.8508571428571419,0.42857142857142855,0.39671727147613,15 to 19 years
2452,11336,0.8365714285714276,0.2857142857142857,0.35909820061810754,15 to 19 years
2453,10809,0.8937142857142848,0.8571428571428571,0.4097995754411239,15 to 19 years
2454,18997,0.8937142857142848,0.8571428571428571,0.36454499328572787,15 to 19 years
2455,13366,0.907999999999999,1.0,0.34782885786961276,15 to 19 years
2456,13840,0.8651428571428562,0.5714285714285714,0.6282074851351239,15 to 19 years
2457,11517,0.8651428571428562,0.5714285714285714,0.1222581423470479,15 to 19 years
2458,14842,0.8365714285714276,0.2857142857142857,0.10281374360958923,15 to 19 years
2459,19549,0.8651428571428562,0.5714285714285714,0.6169690864036054,15 to 19 years
2460,12660,0.8937142857142848,0.8571428571428571,0.8863420048089943,15 to 19 years
2461,19684,0.8651428571428562,0.5714285714285714,0.14118508056407486,15 to 19 years
2462,10883,0.8365714285714276,0.2857142857142857,0.5644176806695944,15 to 19 years
2463,15622,0.8222857142857133,0.14285714285714285,0.6486862985511564,15 to 19 years
2464,19928,0.8365714285714276,0.2857142857142857,0.7274388010778436,15 to 19 years
2465,12069,0.8508571428571419,0.42857142857142855,0.8184180963149454,15 to 19 years
2466,15393,0.8365714285714276,0.2857142857142857,0.6222250780470805,15 to 19 years
2467,13310,0.5008052643076087,0.2857142857142857,0.13589537587370942,15 to 19 years
2468,13078,0.8508571428571419,0.42857142857142855,0.34021563006696565,15 to 19 years
2469,12033,0.8937142857142848,0.8571428571428571,0.47398089865057097,15 to 19 years
2470,10033,0.8222857142857133,0.14285714285714285,0.17151719882102717,15 to 19 years
2471,18822,0.8651428571428562,0.5714285714285714,0.3826420949469419,15 to 19 years
2472,12523,0.907999999999999,1.0,0.061157755463494445,15 to 19 years
2473,11804,0.8365714285714276,0.2857142857142857,0.5561270970755858,15 to 19 years
2474,16309,0.8937142857142848,0.8571428571428571,0.6789112575744993,15 to 19 years
2475,12907,0.8222857142857133,0.14285714285714285,0.7201994710059014,15 to 19 years
2476,12344,0.8508571428571419,0.42857142857142855,0.3849337193740758,15 to 19 years
2477,10413,0.8937142857142848,0.8571428571428571,0.8900499316198383,15 to 19 years
2478,12714,0.8508571428571419,0.42857142857142855,0.5064108003441236,15 to 19 years
2479,10691,0.8508571428571419,0.42857142857142855,0.5354567215160478,15 to 19 years
2480,10348,0.8508571428571419,0.42857142857142855,0.8419465817087757,15 to 19 years
2481,11629,0.8937142857142848,0.8571428571428571,0.4644676087152209,15 to 19 years
2482,17808,0.8508571428571419,0.42857142857142855,0.362795614617476,15 to 19 years
2483,17414,0.8937142857142848,0.8571428571428571,0.1646938123699393,15 to 19 years
2484,17947,0.907999999999999,1.0,0.8997170382238417,15 to 19 years
2485,11740,0.8222857142857133,0.14285714285714285,0.05084256486034888,15 to 19 years
2486,17739,0.8651428571428562,0.5714285714285714,0.5866099046226492,15 to 19 years
2487,17773,0.8365714285714276,0.2857142857142857,0.04892952418364899,15 to 19 years
2488,15257,0.8651428571428562,0.5714285714285714,0.4519188966302023,15 to 19 years
2489,10587,0.8222857142857133,0.14285714285714285,0.2087523679445239,15 to 19 years
2490,11907,0.8365714285714276,0.2857142857142857,0.6623375836148032,15 to 19 years
2491,10230,0.8937142857142848,0.8571428571428571,0.37805275730998456,15 to 19 years
2492,11800,0.8365714285714276,0.2857142857142857,0.46567453325222774,15 to 19 years
2493,18808,0.8937142857142848,0.8571428571428571,0.5947024009766316,15 to 19 years
2494,12298,0.8937142857142848,0.8571428571428571,0.9309934673974514,15 to 19 years
2495,13014,0.8365714285714276,0.2857142857142857,0.7954127332097026,15 to 19 years
2496,19289,0.8365714285714276,0.2857142857142857,0.2582153022159341,15 to 19 years
2497,19031,0.8365714285714276,0.2857142857142857,0.5278144253153317,15 to 19 years
2498,16798,0.8651428571428562,0.5714285714285714,0.45074979414363,15 to 19 years
2499,11622,0.8222857142857133,0.14285714285714285,0.43053675325320234,15 to 19 years
2500,10742,0.8222857142857133,0.14285714285714285,0.9355596198651566,15 to 19 years
2501,11845,0.8508571428571419,0.42857142857142855,0.3764708928232333,15 to 19 years
2502,11451,0.8937142857142848,0.8571428571428571,0.599000691314197,15 to 19 years
2503,10557,0.8651428571428562,0.5714285714285714,0.08869616200378783,15 to 19 years
2504,17350,0.8365714285714276,0.2857142857142857,0.5632338894732375,15 to 19 years
2505,14221,0.8651428571428562,0.5714285714285714,0.8022558986328605,15 to 19 years
2506,14089,0.8222857142857133,0.14285714285714285,0.25914573832958165,15 to 19 years
2507,13380,0.8508571428571419,0.42857142857142855,0.6061517192494164,15 to 19 years
2508,14632,0.8651428571428562,0.5714285714285714,0.3528444550675256,15 to 19 years
2509,14679,0.8651428571428562,0.5714285714285714,0.9683135693149295,15 to 19 years
2510,16267,0.8222857142857133,0.14285714285714285,0.21399110065101462,15 to 19 years
2511,17376,0.8508571428571419,0.42857142857142855,0.5890173701409048,15 to 19 years
2512,14238,0.8222857142857133,0.14285714285714285,0.6468844183513995,15 to 19 years
2513,15208,0.8937142857142848,0.8571428571428571,0.8394269651530621,15 to 19 years
2514,16758,0.8937142857142848,0.8571428571428571,0.18626549694279831,15 to 19 years
2515,12271,0.907999999999999,1.0,0.5480794074209056,15 to 19 years
2516,19162,0.8365714285714276,0.2857142857142857,0.8566239558582919,15 to 19 years
2517,15670,0.8651428571428562,0.5714285714285714,0.5456705095283242,15 to 19 years
2518,14949,0.8365714285714276,0.2857142857142857,0.17244757778088982,15 to 19 years
2519,15384,0.8222857142857133,0.14285714285714285,0.6933106679822942,15 to 19 years
2520,16139,0.8365714285714276,0.2857142857142857,0.7534906494735532,15 to 19 years
2521,12873,0.8365714285714276,0.2857142857142857,0.38813709376022226,15 to 19 years
2522,12966,0.8937142857142848,0.8571428571428571,0.3537975281936293,15 to 19 years
2523,17319,0.8365714285714276,0.2857142857142857,0.6089948535857701,15 to 19 years
2524,17200,0.8365714285714276,0.2857142857142857,0.9652149166314236,15 to 19 years
2525,19727,0.8651428571428562,0.5714285714285714,0.14953115264535183,15 to 19 years
2526,19604,0.8508571428571419,0.42857142857142855,0.08046788184435,15 to 19 years
2527,18518,0.8651428571428562,0.5714285714285714,0.1427705950664656,15 to 19 years
2528,15961,0.907999999999999,1.0,0.5255611124162588,15 to 19 years
2529,18494,0.8937142857142848,0.8571428571428571,0.1702584517401038,15 to 19 years
2530,10473,0.8937142857142848,0.8571428571428571,0.714134259089559,15 to 19 years
2531,17940,0.8222857142857133,0.14285714285714285,0.02472725730115899,15 to 19 years
2532,14684,0.907999999999999,1.0,0.16643577071924331,15 to 19 years
2533,17217,0.8937142857142848,0.8571428571428571,0.8880651766721742,15 to 19 years
2534,16172,0.8651428571428562,0.5714285714285714,0.7515521267259595,15 to 19 years
2535,17889,0.8651428571428562,0.5714285714285714,0.36545418881633673,15 to 19 years
2536,12189,0.8937142857142848,0.8571428571428571,0.6027230795485277,15 to 19 years
2537,16519,0.8365714285714276,0.2857142857142857,0.7116444915067145,15 to 19 years
2538,11875,0.8651428571428562,0.5714285714285714,0.09769719568841934,15 to 19 years
2539,15502,0.8365714285714276,0.2857142857142857,0.5709251104769694,15 to 19 years
2540,16667,0.8365714285714276,0.2857142857142857,0.8615583013999758,15 to 19 years
2541,12278,0.8365714285714276,0.2857142857142857,0.857263096342995,15 to 19 years
2542,18709,0.8651428571428562,0.5714285714285714,0.9484569205534388,15 to 19 years
2543,16966,0.8651428571428562,0.5714285714285714,0.7852776359038216,15 to 19 years
2544,18091,0.8508571428571419,0.42857142857142855,0.5366235349693064,15 to 19 years
2545,10432,0.8365714285714276,0.2857142857142857,0.7454610569659476,15 to 19 years
2546,18979,0.8365714285714276,0.2857142857142857,0.09298665665147743,15 to 19 years
2547,19652,0.3830528899713962,0.5714285714285714,0.5468542885728225,15 to 19 years
2548,13301,0.907999999999999,1.0,0.6763129852593199,15 to 19 years
2549,11621,0.8937142857142848,0.8571428571428571,0.116665392756159,15 to 19 years
2550,18618,0.8937142857142848,0.8571428571428571,0.22410706448616796,15 to 19 years
2551,12750,0.8508571428571419,0.42857142857142855,0.73247569297229,15 to 19 years
2552,15080,0.8937142857142848,0.8571428571428571,0.4790316845978899,15 to 19 years
2553,14752,0.8365714285714276,0.2857142857142857,0.0861812673125939,15 to 19 years
2554,17345,0.8937142857142848,0.8571428571428571,0.021918045298952138,15 to 19 years
2555,13468,0.8365714285714276,0.2857142857142857,0.5493088978761526,15 to 19 years
2556,14431,0.8937142857142848,0.8571428571428571,0.5764369569903284,15 to 19 years
2557,10010,0.8365714285714276,0.2857142857142857,0.6100536881160057,15 to 19 years
2558,11890,0.8937142857142848,0.8571428571428571,0.011394343016879915,15 to 19 years
2559,10179,0.907999999999999,1.0,0.15178580937991598,15 to 19 years
2560,18973,0.8651428571428562,0.5714285714285714,0.007451056589618088,15 to 19 years
2561,10319,0.907999999999999,1.0,0.42771897042038187,15 to 19 years
2562,13160,0.8794285714285704,0.7142857142857142,0.9859486717929404,15 to 19 years
2563,16184,0.8365714285714276,0.2857142857142857,0.5935854463218769,15 to 19 years
2564,14603,0.907999999999999,1.0,0.569679867551123,15 to 19 years
2565,15211,0.907999999999999,1.0,0.6789980527899245,15 to 19 years
2566,15286,0.8508571428571419,0.42857142857142855,0.30993720847588,15 to 19 years
2567,10317,0.8937142857142848,0.8571428571428571,0.7930157768161243,15 to 19 years
2568,16817,0.8508571428571419,0.42857142857142855,0.8970192344305846,15 to 19 years
2569,11943,0.8651428571428562,0.5714285714285714,0.6413141610728091,15 to 19 years
2570,11822,0.8794285714285704,0.7142857142857142,0.3267470086858886,15 to 19 years
2571,16305,0.8222857142857133,0.14285714285714285,0.18350204193077352,15 to 19 years
2572,19877,0.8651428571428562,0.5714285714285714,0.5333913286197268,15 to 19 years
2573,18070,0.8222857142857133,0.14285714285714285,0.5754836716391254,15 to 19 years
2574,15363,0.8651428571428562,0.5714285714285714,0.14001798223957107,15 to 19 years
2575,10683,0.8651428571428562,0.5714285714285714,0.5507911835633417,15 to 19 years
2576,13735,0.8651428571428562,0.5714285714285714,0.6859873315227875,15 to 19 years
2577,19055,0.907999999999999,1.0,0.4612302007294444,15 to 19 years
2578,10512,0.8365714285714276,0.2857142857142857,0.2364895251591872,15 to 19 years
2579,17297,0.8508571428571419,0.42857142857142855,0.37649815425820954,15 to 19 years
2580,17394,0.8222857142857133,0.14285714285714285,0.3661897221621251,15 to 19 years
2581,18676,0.8937142857142848,0.8571428571428571,0.05068003031833096,15 to 19 years
2582,11274,0.8222857142857133,0.14285714285714285,0.7525012980806243,15 to 19 years
2583,12648,0.8222857142857133,0.14285714285714285,0.6084374204660106,15 to 19 years
2584,13553,0.8365714285714276,0.2857142857142857,0.4364169577871714,15 to 19 years
2585,19989,0.8937142857142848,0.8571428571428571,0.4836571132750872,15 to 19 years
2586,16999,0.8937142857142848,0.8571428571428571,0.5903292262386897,15 to 19 years
2587,14694,0.8365714285714276,0.2857142857142857,0.6733021619202355,15 to 19 years
2588,18372,0.8937142857142848,0.8571428571428571,0.3613415246144042,15 to 19 years
2589,10209,0.8365714285714276,0.2857142857142857,0.44949222210538137,15 to 19 years
2590,17461,0.8508571428571419,0.42857142857142855,0.9226576555842128,15 to 19 years
2591,18889,0.8365714285714276,0.2857142857142857,0.232171126052015,15 to 19 years
2592,10147,0.8508571428571419,0.42857142857142855,0.2241457733141281,15 to 19 years
2593,14772,0.8222857142857133,0.14285714285714285,0.9964398450292102,15 to 19 years
2594,11003,0.8937142857142848,0.8571428571428571,0.6726515521629408,15 to 19 years
2595,12778,0.8937142857142848,0.8571428571428571,0.9625551120435578,15 to 19 years
2596,11903,0.8222857142857133,0.14285714285714285,0.511580477924094,15 to 19 years
2597,19313,0.8365714285714276,0.2857142857142857,0.500551448620436,15 to 19 years
2598,18119,0.8365714285714276,0.2857142857142857,0.11466201270595322,15 to 19 years
2599,11957,0.8222857142857133,0.14285714285714285,0.3868540073612483,15 to 19 years
2600,17000,0.8937142857142848,0.8571428571428571,0.6847820135769005,15 to 19 years
2601,14708,0.8365714285714276,0.2857142857142857,0.4996270101464363,15 to 19 years
2602,10296,0.8222857142857133,0.14285714285714285,0.25849110892514704,15 to 19 years
2603,16613,0.8365714285714276,0.2857142857142857,0.22332483429383387,15 to 19 years
2604,12466,0.8937142857142848,0.8571428571428571,0.945884167745132,15 to 19 years
2605,19261,0.8222857142857133,0.14285714285714285,0.9689528950083751,15 to 19 years
2606,14496,0.8222857142857133,0.14285714285714285,0.5101946439878896,15 to 19 years
2607,19541,0.8937142857142848,0.8571428571428571,0.4404349478143514,15 to 19 years
2608,15905,0.8651428571428562,0.5714285714285714,0.06117561149567097,15 to 19 years
2609,12954,0.8365714285714276,0.2857142857142857,0.32051691092578827,15 to 19 years
2610,15349,0.8651428571428562,0.5714285714285714,0.5354994689875333,15 to 19 years
2611,14552,0.8937142857142848,0.8571428571428571,0.23784408068501006,15 to 19 years
2612,16764,0.8651428571428562,0.5714285714285714,0.4057205247826751,15 to 19 years
2613,19690,0.8365714285714276,0.2857142857142857,0.6425216200304582,15 to 19 years
2614,16006,0.907999999999999,1.0,0.3312864520358775,15 to 19 years
2615,12473,0.8651428571428562,0.5714285714285714,0.9825342172844497,15 to 19 years
2616,15004,0.8937142857142848,0.8571428571428571,0.43779266477830847,15 to 19 years
2617,14854,0.8937142857142848,0.8571428571428571,0.5363643710631026,15 to 19 years
2618,18050,0.8794285714285704,0.7142857142857142,0.4483700572518505,15 to 19 years
2619,14168,0.8937142857142848,0.8571428571428571,0.3763117674446561,15 to 19 years
2620,14243,0.8222857142857133,0.14285714285714285,0.19823688073420714,15 to 19 years
2621,17432,0.8651428571428562,0.5714285714285714,0.5066860502437927,15 to 19 years
2622,12665,0.8651428571428562,0.5714285714285714,0.16533396726928695,15 to 19 years
2623,18128,0.8651428571428562,0.5714285714285714,0.14891081946545753,15 to 19 years
2624,17650,0.8222857142857133,0.14285714285714285,0.2486578538365441,15 to 19 years
2625,18157,0.8794285714285704,0.7142857142857142,0.7412727980414642,15 to 19 years
2626,19910,0.8651428571428562,0.5714285714285714,0.9442519509535677,15 to 19 years
2627,10666,0.8794285714285704,0.7142857142857142,0.31954562972273287,15 to 19 years
2628,16573,0.8365714285714276,0.2857142857142857,0.8615332587918897,15 to 19 years
2629,14308,0.8222857142857133,0.14285714285714285,0.45242074916033376,15 to 19 years
2630,11836,0.8937142857142848,0.8571428571428571,0.18080726615106935,15 to 19 years
2631,12462,0.8222857142857133,0.14285714285714285,0.008819631011591778,15 to 19 years
2632,16955,0.8365714285714276,0.2857142857142857,0.7695651963889958,15 to 19 years
2633,14789,0.8365714285714276,0.2857142857142857,0.42313290196506115,15 to 19 years
2634,19094,0.8365714285714276,0.2857142857142857,0.656949490582542,15 to 19 years
2635,14957,0.8365714285714276,0.2857142857142857,0.09020473166099258,15 to 19 years
2636,11758,0.8365714285714276,0.2857142857142857,0.3418207080608216,15 to 19 years
2637,13184,0.8365714285714276,0.2857142857142857,0.4816055352481686,15 to 19 years
2638,14011,0.8365714285714276,0.2857142857142857,0.8418252074394007,15 to 19 years
2639,14998,0.8651428571428562,0.5714285714285714,0.7749673777388884,15 to 19 years
2640,11846,0.8222857142857133,0.14285714285714285,0.3756720033148716,15 to 19 years
2641,11395,0.8365714285714276,0.2857142857142857,0.5487659767719862,15 to 19 years
2642,12333,0.8651428571428562,0.5714285714285714,0.6371443340043198,15 to 19 years
2643,13453,0.8937142857142848,0.8571428571428571,0.7293608376749438,15 to 19 years
2644,16062,0.907999999999999,1.0,0.8512926629498279,15 to 19 years
2645,19019,0.8651428571428562,0.5714285714285714,0.35423171545041154,15 to 19 years
2646,12412,0.8365714285714276,0.2857142857142857,0.9717264160056394,15 to 19 years
2647,19083,0.8651428571428562,0.5714285714285714,0.41340966611256236,15 to 19 years
2648,17293,0.8651428571428562,0.5714285714285714,0.15885120932552316,15 to 19 years
2649,15836,0.8222857142857133,0.14285714285714285,0.23777611334376914,15 to 19 years
2650,19113,0.8365714285714276,0.2857142857142857,0.48471669991257127,15 to 19 years
2651,14848,0.8651428571428562,0.5714285714285714,0.3661458354830115,15 to 19 years
2652,17474,0.8222857142857133,0.14285714285714285,0.6236462698381083,15 to 19 years
2653,14410,0.907999999999999,1.0,0.7476871909276079,15 to 19 years
2654,17249,0.8651428571428562,0.5714285714285714,0.8370398744336756,15 to 19 years
2655,14978,0.8222857142857133,0.14285714285714285,0.990008438222094,15 to 19 years
2656,18614,0.8365714285714276,0.2857142857142857,0.10680150536450467,15 to 19 years
2657,17463,0.8222857142857133,0.14285714285714285,0.39633873432373407,15 to 19 years
2658,17555,0.8508571428571419,0.42857142857142855,0.26084437924067244,15 to 19 years
2659,17855,0.8222857142857133,0.14285714285714285,0.46787974431539664,15 to 19 years
2660,10543,0.907999999999999,1.0,0.40615599218378506,15 to 19 years
2661,16587,0.8222857142857133,0.14285714285714285,0.7348194597153777,15 to 19 years
2662,13065,0.8508571428571419,0.42857142857142855,0.6432329200172463,15 to 19 years
2663,10026,0.8222857142857133,0.14285714285714285,0.9059910552196085,15 to 19 years
2664,13585,0.8651428571428562,0.5714285714285714,0.6540878924755071,15 to 19 years
2665,14434,0.8365714285714276,0.2857142857142857,0.5635984517597776,15 to 19 years
2666,19493,0.8508571428571419,0.42857142857142855,0.5234545650320062,15 to 19 years
2667,19575,0.8651428571428562,0.5714285714285714,0.8059841564436772,15 to 19 years
2668,11124,0.8794285714285704,0.7142857142857142,0.15316948486867782,15 to 19 years
2669,18734,0.8365714285714276,0.2857142857142857,0.4404914029355665,15 to 19 years
2670,16490,0.8651428571428562,0.5714285714285714,0.9266003651021832,15 to 19 years
2671,13022,0.8937142857142848,0.8571428571428571,0.5244339849423211,15 to 19 years
2672,14037,0.8365714285714276,0.2857142857142857,0.5930830423593964,15 to 19 years
2673,17446,0.8222857142857133,0.14285714285714285,0.6621157130931508,15 to 19 years
2674,18376,0.8365714285714276,0.2857142857142857,0.9655883584681997,15 to 19 years
2675,14799,0.8222857142857133,0.14285714285714285,0.5391142116875032,15 to 19 years
2676,18003,0.8508571428571419,0.42857142857142855,0.6659178631766665,15 to 19 years
2677,10237,0.8794285714285704,0.7142857142857142,0.8486223230135815,15 to 19 years
2678,14964,0.8937142857142848,0.8571428571428571,0.6238751615474384,15 to 19 years
2679,11925,0.8937142857142848,0.8571428571428571,0.6536210459371592,15 to 19 years
2680,15547,0.907999999999999,1.0,0.4853944767542337,15 to 19 years
2681,13960,0.8222857142857133,0.14285714285714285,0.22860979055442743,15 to 19 years
2682,17197,0.8508571428571419,0.42857142857142855,0.31384334919625,15 to 19 years
2683,12688,0.8794285714285704,0.7142857142857142,0.20626290622530852,15 to 19 years
2684,19522,0.8222857142857133,0.14285714285714285,0.27785991276661576,15 to 19 years
2685,11468,0.907999999999999,1.0,0.6049081366805638,15 to 19 years
2686,17290,0.8651428571428562,0.5714285714285714,0.852498396388924,15 to 19 years
2687,12678,0.8365714285714276,0.2857142857142857,0.5097209913710423,15 to 19 years
2688,13516,0.8794285714285704,0.7142857142857142,0.11585331587128178,15 to 19 years
2689,10527,0.8222857142857133,0.14285714285714285,0.43887730521271484,15 to 19 years
2690,14710,0.8365714285714276,0.2857142857142857,0.3537683326013139,15 to 19 years
2691,10141,0.8365714285714276,0.2857142857142857,0.9248760612852912,15 to 19 years
2692,14746,0.8365714285714276,0.2857142857142857,0.5902410764471294,15 to 19 years
2693,13753,0.8937142857142848,0.8571428571428571,0.483019024511335,15 to 19 years
2694,11111,0.8937142857142848,0.8571428571428571,0.9069565135461388,15 to 19 years
2695,17908,0.8365714285714276,0.2857142857142857,0.2730267989462949,15 to 19 years
2696,13139,0.8651428571428562,0.5714285714285714,0.9296117406503486,15 to 19 years
2697,10216,0.907999999999999,1.0,0.22541496281224077,15 to 19 years
2698,19420,0.8508571428571419,0.42857142857142855,0.9399510978571473,15 to 19 years
2699,19453,0.8508571428571419,0.42857142857142855,0.3113482380343233,15 to 19 years
2700,15841,0.8508571428571419,0.42857142857142855,0.5544607368359321,15 to 19 years
2701,17694,0.907999999999999,1.0,0.8062333738653102,15 to 19 years
2702,12398,0.907999999999999,1.0,0.5601861042737462,15 to 19 years
2703,16540,0.8365714285714276,0.2857142857142857,0.6794941396099604,15 to 19 years
2704,14180,0.8365714285714276,0.2857142857142857,0.7959432819644832,15 to 19 years
2705,18873,0.8222857142857133,0.14285714285714285,0.7251299218186225,15 to 19 years
2706,13172,0.8937142857142848,0.8571428571428571,0.7263907317321259,15 to 19 years
2707,18693,0.8651428571428562,0.5714285714285714,0.4008040496742135,15 to 19 years
2708,10559,0.8508571428571419,0.42857142857142855,0.907927687072417,15 to 19 years
2709,14237,0.8365714285714276,0.2857142857142857,0.6146687926756971,15 to 19 years
2710,19864,0.8937142857142848,0.8571428571428571,0.09025944902529337,15 to 19 years
2711,12662,0.8508571428571419,0.42857142857142855,0.3614654867760664,15 to 19 years
2712,13407,0.8651428571428562,0.5714285714285714,0.23830957538947733,15 to 19 years
2713,14413,0.8222857142857133,0.14285714285714285,0.5353152545534463,15 to 19 years
2714,19518,0.8222857142857133,0.14285714285714285,0.6021163172216291,15 to 19 years
2715,17257,0.8365714285714276,0.2857142857142857,0.74568263421184,15 to 19 years
2716,17815,0.8937142857142848,0.8571428571428571,0.19488213921791853,15 to 19 years
2717,16719,0.8937142857142848,0.8571428571428571,0.4022823647627612,15 to 19 years
2718,11512,0.8937142857142848,0.8571428571428571,0.2640527882604496,15 to 19 years
2719,13851,0.8651428571428562,0.5714285714285714,0.7750195287302302,15 to 19 years
2720,17742,0.8365714285714276,0.2857142857142857,0.5398064788792829,15 to 19 years
2721,14399,0.8365714285714276,0.2857142857142857,0.39682082482581815,15 to 19 years
2722,16323,0.44814776157569447,1.0,0.45123410747763015,15 to 19 years
2723,19613,0.8651428571428562,0.5714285714285714,0.46855580256836366,15 to 19 years
2724,13655,0.8937142857142848,0.8571428571428571,0.6525632813194874,15 to 19 years
2725,15925,0.8365714285714276,0.2857142857142857,0.4643643584810605,15 to 19 years
2726,19703,0.8937142857142848,0.8571428571428571,0.35301355794810896,15 to 19 years
2727,11327,0.8937142857142848,0.8571428571428571,0.5553478511739112,15 to 19 years
2728,19861,0.8937142857142848,0.8571428571428571,0.11813073945081454,15 to 19 years
2729,19542,0.8365714285714276,0.2857142857142857,0.26376928913556,15 to 19 years
2730,14332,0.8937142857142848,0.8571428571428571,0.15421137980510397,15 to 19 years
2731,14313,0.8651428571428562,0.5714285714285714,0.9146052441523873,15 to 19 years
2732,10052,0.907999999999999,1.0,0.01849317422782104,15 to 19 years
2733,15301,0.8651428571428562,0.5714285714285714,0.6637995878434415,15 to 19 years
2734,18035,0.8564285714285702,0.7142857142857142,0.9432411473348434,20 to 24 years
2735,15581,0.799285714285713,0.14285714285714285,0.16032880162551905,20 to 24 years
2736,12935,0.8564285714285702,0.7142857142857142,0.6481585902763773,20 to 24 years
2737,12970,0.8707142857142846,0.8571428571428571,0.5075489303474705,20 to 24 years
2738,18353,0.8278571428571416,0.42857142857142855,0.27124813692760086,20 to 24 years
2739,17798,0.842142857142856,0.5714285714285714,0.3485049384300526,20 to 24 years
2740,13126,0.8135714285714274,0.2857142857142857,0.422991921431377,20 to 24 years
2741,16838,0.799285714285713,0.14285714285714285,0.6485817618254992,20 to 24 years
2742,17670,0.8135714285714274,0.2857142857142857,0.7319289987862864,20 to 24 years
2743,13330,0.8278571428571416,0.42857142857142855,0.5985384805398491,20 to 24 years
2744,17782,0.842142857142856,0.5714285714285714,0.8764842152147604,20 to 24 years
2745,15575,0.842142857142856,0.5714285714285714,0.6290870689058918,20 to 24 years
2746,17813,0.8135714285714274,0.2857142857142857,0.12945799731973567,20 to 24 years
2747,19912,0.842142857142856,0.5714285714285714,0.12208341108122339,20 to 24 years
2748,13076,0.842142857142856,0.5714285714285714,0.8803615463778982,20 to 24 years
2749,13153,0.8707142857142846,0.8571428571428571,0.7354050521115636,20 to 24 years
2750,11850,0.842142857142856,0.5714285714285714,0.7461492954018958,20 to 24 years
2751,11310,0.799285714285713,0.14285714285714285,0.9652358488342118,20 to 24 years
2752,10453,0.8135714285714274,0.2857142857142857,0.6606030768080849,20 to 24 years
2753,15781,0.8849999999999988,1.0,0.5239666373719889,20 to 24 years
2754,12268,0.799285714285713,0.14285714285714285,0.2488790915435808,20 to 24 years
2755,17425,0.8849999999999988,1.0,0.9228879818813505,20 to 24 years
2756,19296,0.8135714285714274,0.2857142857142857,0.7354916776040623,20 to 24 years
2757,16693,0.8707142857142846,0.8571428571428571,0.09050098989540645,20 to 24 years
2758,14523,0.799285714285713,0.14285714285714285,0.3765133983749014,20 to 24 years
2759,11643,0.8135714285714274,0.2857142857142857,0.8302289948470294,20 to 24 years
2760,12341,0.8278571428571416,0.42857142857142855,0.9104274172237172,20 to 24 years
2761,18521,0.8278571428571416,0.42857142857142855,0.15602474627150725,20 to 24 years
2762,17232,0.842142857142856,0.5714285714285714,0.2259215594532577,20 to 24 years
2763,13064,0.799285714285713,0.14285714285714285,0.5948065632227049,20 to 24 years
2764,15627,0.799285714285713,0.14285714285714285,0.14158779289389878,20 to 24 years
2765,18331,0.8849999999999988,1.0,0.4413363708245333,20 to 24 years
2766,15857,0.799285714285713,0.14285714285714285,0.10334779586173848,20 to 24 years
2767,12602,0.8135714285714274,0.2857142857142857,0.563234613276339,20 to 24 years
2768,18562,0.8135714285714274,0.2857142857142857,0.13029309731399757,20 to 24 years
2769,19138,0.842142857142856,0.5714285714285714,0.5350657873883715,20 to 24 years
2770,14348,0.842142857142856,0.5714285714285714,0.280139861895011,20 to 24 years
2771,16271,0.0,0.5714285714285714,0.8139426130195748,20 to 24 years
2772,10293,0.8278571428571416,0.42857142857142855,0.560452676730613,20 to 24 years
2773,14504,0.8135714285714274,0.2857142857142857,0.32368750059970475,20 to 24 years
2774,18881,0.799285714285713,0.14285714285714285,0.41747951565510544,20 to 24 years
2775,15841,0.8278571428571416,0.42857142857142855,0.5544607368359321,20 to 24 years
2776,16643,0.799285714285713,0.14285714285714285,0.9759530763353055,20 to 24 years
2777,16573,0.8135714285714274,0.2857142857142857,0.8615332587918897,20 to 24 years
2778,15053,0.799285714285713,0.14285714285714285,0.0022035570581010466,20 to 24 years
2779,17822,0.8278571428571416,0.42857142857142855,0.9973895078384518,20 to 24 years
2780,12011,0.8135714285714274,0.2857142857142857,0.26192491034998283,20 to 24 years
2781,16946,0.842142857142856,0.5714285714285714,0.28462998892049396,20 to 24 years
2782,15423,0.799285714285713,0.14285714285714285,0.4161241081303367,20 to 24 years
2783,17672,0.8135714285714274,0.2857142857142857,0.4167801547589597,20 to 24 years
2784,19540,0.8564285714285702,0.7142857142857142,0.2567812557895029,20 to 24 years
2785,15935,0.8278571428571416,0.42857142857142855,0.915971172909929,20 to 24 years
2786,15363,0.842142857142856,0.5714285714285714,0.14001798223957107,20 to 24 years
2787,19562,0.799285714285713,0.14285714285714285,0.13362121245351855,20 to 24 years
2788,16865,0.8135714285714274,0.2857142857142857,0.2620961248289993,20 to 24 years
2789,12273,0.8135714285714274,0.2857142857142857,0.41221656717494226,20 to 24 years
2790,16357,0.799285714285713,0.14285714285714285,0.3707461124598954,20 to 24 years
2791,12647,0.799285714285713,0.14285714285714285,0.5545121567008119,20 to 24 years
2792,11336,0.8135714285714274,0.2857142857142857,0.35909820061810754,20 to 24 years
2793,17286,0.842142857142856,0.5714285714285714,0.2738189898696651,20 to 24 years
2794,19911,0.8135714285714274,0.2857142857142857,0.43456912992058305,20 to 24 years
2795,13788,0.8135714285714274,0.2857142857142857,0.6138697797645468,20 to 24 years
2796,12215,0.8135714285714274,0.2857142857142857,0.8351585752534496,20 to 24 years
2797,12577,0.8278571428571416,0.42857142857142855,0.15650061827252476,20 to 24 years
2798,11388,0.8278571428571416,0.42857142857142855,0.6413774526190861,20 to 24 years
2799,11334,0.842142857142856,0.5714285714285714,0.4209546890633255,20 to 24 years
2800,10871,0.842142857142856,0.5714285714285714,0.5333971239541547,20 to 24 years
2801,16088,0.8135714285714274,0.2857142857142857,0.6962364700929501,20 to 24 years
2802,13203,0.8135714285714274,0.2857142857142857,0.7542527272004912,20 to 24 years
2803,16116,0.799285714285713,0.14285714285714285,0.4950359417502747,20 to 24 years
2804,12627,0.8278571428571416,0.42857142857142855,0.1529842725272555,20 to 24 years
2805,12786,0.8849999999999988,1.0,0.6384035000224526,20 to 24 years
2806,15299,0.799285714285713,0.14285714285714285,0.7471818355655065,20 to 24 years
2807,14414,0.8707142857142846,0.8571428571428571,0.3543162190838962,20 to 24 years
2808,12758,0.8278571428571416,0.42857142857142855,0.5253605883297499,20 to 24 years
2809,19429,0.8849999999999988,1.0,0.807638883974355,20 to 24 years
2810,13108,0.842142857142856,0.5714285714285714,0.573009980872939,20 to 24 years
2811,13771,0.8135714285714274,0.2857142857142857,0.030547181195622053,20 to 24 years
2812,17826,0.842142857142856,0.5714285714285714,0.6970119299436657,20 to 24 years
2813,16934,0.842142857142856,0.5714285714285714,0.06512080366596562,20 to 24 years
2814,11564,0.799285714285713,0.14285714285714285,0.6274604623492058,20 to 24 years
2815,11005,0.8849999999999988,1.0,0.5763394628048931,20 to 24 years
2816,13668,0.799285714285713,0.14285714285714285,0.5279058934655068,20 to 24 years
2817,10372,0.799285714285713,0.14285714285714285,0.6939006612365347,20 to 24 years
2818,14814,0.8707142857142846,0.8571428571428571,0.3518762318643562,20 to 24 years
2819,19943,0.8135714285714274,0.2857142857142857,0.7700656782859663,20 to 24 years
2820,14554,0.799285714285713,0.14285714285714285,0.5999980210004603,20 to 24 years
2821,18888,0.8135714285714274,0.2857142857142857,0.8431598174240308,20 to 24 years
2822,12379,0.842142857142856,0.5714285714285714,0.15774088127189806,20 to 24 years
2823,19921,0.8135714285714274,0.2857142857142857,0.25925585341750323,20 to 24 years
2824,12590,0.8278571428571416,0.42857142857142855,0.26966592942479234,20 to 24 years
2825,10090,0.8135714285714274,0.2857142857142857,0.93250489305166,20 to 24 years
2826,19672,0.8849999999999988,1.0,0.5555609614610348,20 to 24 years
2827,11746,0.8564285714285702,0.7142857142857142,0.8409579608413397,20 to 24 years
2828,13000,0.8278571428571416,0.42857142857142855,0.5110629346091209,20 to 24 years
2829,15933,0.799285714285713,0.14285714285714285,0.307793819915485,20 to 24 years
2830,17103,0.8707142857142846,0.8571428571428571,0.17969648172714187,20 to 24 years
2831,11245,0.8135714285714274,0.2857142857142857,0.15781362199386423,20 to 24 years
2832,12137,0.799285714285713,0.14285714285714285,0.9223714099493627,20 to 24 years
2833,15709,0.8707142857142846,0.8571428571428571,0.445075690024074,20 to 24 years
2834,12796,0.8135714285714274,0.2857142857142857,0.13496746403001036,20 to 24 years
2835,19151,0.799285714285713,0.14285714285714285,0.5391572218434945,20 to 24 years
2836,16739,0.842142857142856,0.5714285714285714,0.2270291656829826,20 to 24 years
2837,18108,0.8707142857142846,0.8571428571428571,0.0750951128908009,20 to 24 years
2838,10859,0.799285714285713,0.14285714285714285,0.1689382361562175,20 to 24 years
2839,16153,0.842142857142856,0.5714285714285714,0.6410391661932263,20 to 24 years
2840,15746,0.8135714285714274,0.2857142857142857,0.5904043344379323,20 to 24 years
2841,11555,0.842142857142856,0.5714285714285714,0.7290678879178416,20 to 24 years
2842,17899,0.8135714285714274,0.2857142857142857,0.24928371317055636,20 to 24 years
2843,13118,0.799285714285713,0.14285714285714285,0.16753151109701314,20 to 24 years
2844,10824,0.8707142857142846,0.8571428571428571,0.2819679755158895,20 to 24 years
2845,19547,0.799285714285713,0.14285714285714285,0.505262006794414,20 to 24 years
2846,12914,0.8278571428571416,0.42857142857142855,0.6146674661820123,20 to 24 years
2847,18995,0.8135714285714274,0.2857142857142857,0.008614914418053177,20 to 24 years
2848,12773,0.8135714285714274,0.2857142857142857,0.6945076408790114,20 to 24 years
2849,16269,0.8135714285714274,0.2857142857142857,0.06620546408044148,20 to 24 years
2850,16708,0.842142857142856,0.5714285714285714,0.5997188288788784,20 to 24 years
2851,16420,0.8707142857142846,0.8571428571428571,0.26838489857666636,20 to 24 years
2852,16936,0.799285714285713,0.14285714285714285,0.033398262634385056,20 to 24 years
2853,11348,0.8278571428571416,0.42857142857142855,0.7849896368543322,20 to 24 years
2854,18608,0.8135714285714274,0.2857142857142857,0.46733702082344203,20 to 24 years
2855,13666,0.842142857142856,0.5714285714285714,0.9348019640369609,20 to 24 years
2856,10494,0.8707142857142846,0.8571428571428571,0.9276474461567116,20 to 24 years
2857,15707,0.8135714285714274,0.2857142857142857,0.3595228590229047,20 to 24 years
2858,12514,0.799285714285713,0.14285714285714285,0.9548034989747749,20 to 24 years
2859,19690,0.8135714285714274,0.2857142857142857,0.6425216200304582,20 to 24 years
2860,17327,0.842142857142856,0.5714285714285714,0.812037819950613,20 to 24 years
2861,10537,0.8564285714285702,0.7142857142857142,0.7633845332061536,20 to 24 years
2862,13470,0.8849999999999988,1.0,0.9046623714737491,20 to 24 years
2863,10658,0.8707142857142846,0.8571428571428571,0.6791116202558218,20 to 24 years
2864,19925,0.8564285714285702,0.7142857142857142,0.32507325106253016,20 to 24 years
2865,11603,0.842142857142856,0.5714285714285714,0.9720083849459535,20 to 24 years
2866,19678,0.842142857142856,0.5714285714285714,0.30578450509609145,20 to 24 years
2867,11821,0.8135714285714274,0.2857142857142857,0.9886755166488341,20 to 24 years
2868,15925,0.8135714285714274,0.2857142857142857,0.4643643584810605,20 to 24 years
2869,17234,0.8707142857142846,0.8571428571428571,0.16970892242547686,20 to 24 years
2870,18384,0.8135714285714274,0.2857142857142857,0.7105082614546,20 to 24 years
2871,12675,0.799285714285713,0.14285714285714285,0.45180559863790054,20 to 24 years
2872,19034,0.799285714285713,0.14285714285714285,0.3229443726905762,20 to 24 years
2873,10197,0.8278571428571416,0.42857142857142855,0.7235273331576987,20 to 24 years
2874,17478,0.8135714285714274,0.2857142857142857,0.5939340809287245,20 to 24 years
2875,16860,0.799285714285713,0.14285714285714285,0.06851419353859217,20 to 24 years
2876,12221,0.8135714285714274,0.2857142857142857,0.2845763280972626,20 to 24 years
2877,14467,0.8707142857142846,0.8571428571428571,0.008653342173807976,20 to 24 years
2878,18743,0.799285714285713,0.14285714285714285,0.3244762817471021,20 to 24 years
2879,13248,0.842142857142856,0.5714285714285714,0.8116304822112552,20 to 24 years
2880,16517,0.8707142857142846,0.8571428571428571,0.8951503997493276,20 to 24 years
2881,15077,0.8278571428571416,0.42857142857142855,0.5562624897820685,20 to 24 years
2882,18901,0.8849999999999988,1.0,0.7101992181729124,20 to 24 years
2883,15984,0.799285714285713,0.14285714285714285,0.3493792112165751,20 to 24 years
2884,14860,0.842142857142856,0.5714285714285714,0.36791377630711875,20 to 24 years
2885,12956,0.842142857142856,0.5714285714285714,0.24550438606723457,20 to 24 years
2886,12617,0.8135714285714274,0.2857142857142857,0.33947981353166135,20 to 24 years
2887,10074,0.8707142857142846,0.8571428571428571,0.8005442993542916,20 to 24 years
2888,12007,0.842142857142856,0.5714285714285714,0.5453214135766882,20 to 24 years
2889,16871,0.8135714285714274,0.2857142857142857,0.6424481406468084,20 to 24 years
2890,15765,0.8135714285714274,0.2857142857142857,0.14852076106123419,20 to 24 years
2891,16485,0.799285714285713,0.14285714285714285,0.5948381639930711,20 to 24 years
2892,12130,0.842142857142856,0.5714285714285714,0.7256941713008708,20 to 24 years
2893,19632,0.799285714285713,0.14285714285714285,0.9754781321391601,20 to 24 years
2894,19385,0.8135714285714274,0.2857142857142857,0.31979364911596686,20 to 24 years
2895,14869,0.8564285714285702,0.7142857142857142,0.7776961093740116,20 to 24 years
2896,14290,0.8278571428571416,0.42857142857142855,0.6268179491909591,20 to 24 years
2897,10346,0.8135714285714274,0.2857142857142857,0.14476789791324834,20 to 24 years
2898,10496,0.8135714285714274,0.2857142857142857,0.11992190216231563,20 to 24 years
2899,19210,0.799285714285713,0.14285714285714285,0.006507953965333879,20 to 24 years
2900,13006,0.842142857142856,0.5714285714285714,0.43390237591200537,20 to 24 years
2901,19913,0.8707142857142846,0.8571428571428571,0.22476005244506359,20 to 24 years
2902,18277,0.8849999999999988,1.0,0.6097921768716622,20 to 24 years
2903,13783,0.8135714285714274,0.2857142857142857,0.3375304110523386,20 to 24 years
2904,19386,0.8135714285714274,0.2857142857142857,0.7628285316834917,20 to 24 years
2905,16544,0.8278571428571416,0.42857142857142855,0.21232625151436096,20 to 24 years
2906,15287,0.799285714285713,0.14285714285714285,0.7114437231133868,20 to 24 years
2907,16912,0.842142857142856,0.5714285714285714,0.5622055151935285,20 to 24 years
2908,14612,0.799285714285713,0.14285714285714285,0.24070734085597828,20 to 24 years
2909,17810,0.8278571428571416,0.42857142857142855,0.22708877249920945,20 to 24 years
2910,13387,0.842142857142856,0.5714285714285714,0.599003375292355,20 to 24 years
2911,19993,0.8849999999999988,1.0,0.16647344947531417,20 to 24 years
2912,17830,0.8135714285714274,0.2857142857142857,0.8141771153972606,20 to 24 years
2913,14827,0.8135714285714274,0.2857142857142857,0.6706542766172958,20 to 24 years
2914,10846,0.8135714285714274,0.2857142857142857,0.23372382172568978,20 to 24 years
2915,13615,0.8707142857142846,0.8571428571428571,0.21375300094431887,20 to 24 years
2916,17025,0.8278571428571416,0.42857142857142855,0.5732655861156504,20 to 24 years
2917,13461,0.842142857142856,0.5714285714285714,0.5157883449132532,20 to 24 years
2918,15693,0.799285714285713,0.14285714285714285,0.8484234817893812,20 to 24 years
2919,16114,0.799285714285713,0.14285714285714285,0.8111873449535381,20 to 24 years
2920,10189,0.8278571428571416,0.42857142857142855,0.8118210005071942,20 to 24 years
2921,17802,0.842142857142856,0.5714285714285714,0.7359047173619079,20 to 24 years
2922,16819,0.799285714285713,0.14285714285714285,0.6936179099368233,20 to 24 years
2923,11549,0.842142857142856,0.5714285714285714,0.599080282752244,20 to 24 years
2924,13520,0.799285714285713,0.14285714285714285,0.2581618141389598,20 to 24 years
2925,17814,0.8564285714285702,0.7142857142857142,0.9697330420518557,20 to 24 years
2926,14276,0.8135714285714274,0.2857142857142857,0.6419448810989563,20 to 24 years
2927,17737,0.842142857142856,0.5714285714285714,0.7820728530631847,20 to 24 years
2928,16738,0.842142857142856,0.5714285714285714,0.5726921523330789,20 to 24 years
2929,11522,0.8278571428571416,0.42857142857142855,0.6491884461961035,20 to 24 years
2930,16071,0.799285714285713,0.14285714285714285,0.30850895386338495,20 to 24 years
2931,18687,0.8707142857142846,0.8571428571428571,0.9828870424500518,20 to 24 years
2932,18421,0.8135714285714274,0.2857142857142857,0.10131686156628678,20 to 24 years
2933,16107,0.8564285714285702,0.7142857142857142,0.8419434164069932,20 to 24 years
2934,16102,0.799285714285713,0.14285714285714285,0.11309959260639718,20 to 24 years
2935,12775,0.8849999999999988,1.0,0.5249160350124443,20 to 24 years
2936,12814,0.842142857142856,0.5714285714285714,0.9139248215276953,20 to 24 years
2937,13251,0.842142857142856,0.5714285714285714,0.2552989040374863,20 to 24 years
2938,18620,0.799285714285713,0.14285714285714285,0.16601042397055166,20 to 24 years
2939,10113,0.8707142857142846,0.8571428571428571,0.34813603029458445,20 to 24 years
2940,19325,0.8707142857142846,0.8571428571428571,0.5083940518622173,20 to 24 years
2941,15810,0.8278571428571416,0.42857142857142855,0.8290558786510807,20 to 24 years
2942,11416,0.8849999999999988,1.0,0.9552333375517086,20 to 24 years
2943,16917,0.8707142857142846,0.8571428571428571,0.6744279071990219,20 to 24 years
2944,17188,0.842142857142856,0.5714285714285714,0.9100546734526416,20 to 24 years
2945,19105,0.8707142857142846,0.8571428571428571,0.7189084564444377,20 to 24 years
2946,19253,0.842142857142856,0.5714285714285714,0.7646085430043608,20 to 24 years
2947,10794,0.8707142857142846,0.8571428571428571,0.7254660248051736,20 to 24 years
2948,19985,0.8135714285714274,0.2857142857142857,0.5916244704739182,20 to 24 years
2949,14453,0.8135714285714274,0.2857142857142857,0.46049836806441796,20 to 24 years
2950,10788,0.8707142857142846,0.8571428571428571,0.3183968011838312,20 to 24 years
2951,11420,0.8278571428571416,0.42857142857142855,0.22017598067770944,20 to 24 years
2952,15115,0.842142857142856,0.5714285714285714,0.05841301593644316,20 to 24 years
2953,14045,0.799285714285713,0.14285714285714285,0.8994571720423928,20 to 24 years
2954,15373,0.8707142857142846,0.8571428571428571,0.4232788797644714,20 to 24 years
2955,16091,0.799285714285713,0.14285714285714285,0.8382566118881194,20 to 24 years
2956,12888,0.799285714285713,0.14285714285714285,0.16831704330724578,20 to 24 years
2957,15868,0.8278571428571416,0.42857142857142855,0.13026013979630918,20 to 24 years
2958,18503,0.8707142857142846,0.8571428571428571,0.3199648681287962,20 to 24 years
2959,15966,0.799285714285713,0.14285714285714285,0.45328714440236806,20 to 24 years
2960,19586,0.8278571428571416,0.42857142857142855,0.3963031023493941,20 to 24 years
2961,11344,0.8278571428571416,0.42857142857142855,0.18037702402616246,20 to 24 years
2962,11996,0.799285714285713,0.14285714285714285,0.7384403839397415,20 to 24 years
2963,14260,0.8564285714285702,0.7142857142857142,0.5583332540746182,20 to 24 years
2964,12754,0.799285714285713,0.14285714285714285,0.6589367162146887,20 to 24 years
2965,12066,0.8849999999999988,1.0,0.12413551342498419,20 to 24 years
2966,16918,0.8135714285714274,0.2857142857142857,0.785497101350771,20 to 24 years
2967,14595,0.8135714285714274,0.2857142857142857,0.9019017682019538,20 to 24 years
2968,10836,0.8135714285714274,0.2857142857142857,0.3280143326425375,20 to 24 years
2969,16805,0.8707142857142846,0.8571428571428571,0.8191766311791281,20 to 24 years
2970,14735,0.8707142857142846,0.8571428571428571,0.8711861128977918,20 to 24 years
2971,13578,0.8135714285714274,0.2857142857142857,0.7292012726268827,20 to 24 years
2972,10988,0.8707142857142846,0.8571428571428571,0.33909292438010236,20 to 24 years
2973,12053,0.842142857142856,0.5714285714285714,0.8475752310687126,20 to 24 years
2974,14820,0.842142857142856,0.5714285714285714,0.549560737565172,20 to 24 years
2975,13912,0.799285714285713,0.14285714285714285,0.22014545449675427,20 to 24 years
2976,15214,0.842142857142856,0.5714285714285714,0.4837929050995673,20 to 24 years
2977,15259,0.8135714285714274,0.2857142857142857,0.7820271092693183,20 to 24 years
2978,17679,0.842142857142856,0.5714285714285714,0.6170185114685633,20 to 24 years
2979,19360,0.8707142857142846,0.8571428571428571,0.7259446074860019,20 to 24 years
2980,17594,0.8135714285714274,0.2857142857142857,0.9609284370094298,20 to 24 years
2981,13628,0.799285714285713,0.14285714285714285,0.7580409417381827,20 to 24 years
2982,16864,0.8849999999999988,1.0,0.9554918902579159,20 to 24 years
2983,10906,0.8135714285714274,0.2857142857142857,0.7480195665982065,20 to 24 years
2984,10433,0.842142857142856,0.5714285714285714,0.21105219291101124,20 to 24 years
2985,10613,0.8135714285714274,0.2857142857142857,0.8796664845894404,20 to 24 years
2986,14839,0.8135714285714274,0.2857142857142857,0.7782267409387189,20 to 24 years
2987,17294,0.842142857142856,0.5714285714285714,0.9331084551839861,20 to 24 years
2988,10977,0.842142857142856,0.5714285714285714,0.2633440659981668,20 to 24 years
2989,13742,0.842142857142856,0.5714285714285714,0.709025117964056,20 to 24 years
2990,18545,0.842142857142856,0.5714285714285714,0.48090265462354626,20 to 24 years
2991,14876,0.8564285714285702,0.7142857142857142,0.5722736566965647,20 to 24 years
2992,19603,0.8707142857142846,0.8571428571428571,0.6425381386288733,20 to 24 years
2993,13110,0.8135714285714274,0.2857142857142857,0.6305260240380288,20 to 24 years
2994,19550,0.842142857142856,0.5714285714285714,0.22767072799128218,20 to 24 years
2995,16706,0.842142857142856,0.5714285714285714,0.4267305380693155,20 to 24 years
2996,11784,0.8707142857142846,0.8571428571428571,0.9088531058192604,20 to 24 years
2997,13656,0.799285714285713,0.14285714285714285,0.8817394905981271,20 to 24 years
2998,18167,0.8707142857142846,0.8571428571428571,0.9586183330065119,20 to 24 years
2999,17688,0.8278571428571416,0.42857142857142855,0.34366624934922646,20 to 24 years
3000,10012,0.8849999999999988,1.0,0.7635312005804034,20 to 24 years
3001,10782,0.799285714285713,0.14285714285714285,0.2423956259825351,20 to 24 years
3002,18812,0.8135714285714274,0.2857142857142857,0.8576628937581077,20 to 24 years
3003,12686,0.799285714285713,0.14285714285714285,0.2432568383908219,20 to 24 years
3004,13103,0.842142857142856,0.5714285714285714,0.29820953398811123,20 to 24 years
3005,14606,0.8278571428571416,0.42857142857142855,0.9054094399289718,20 to 24 years
3006,17687,0.8135714285714274,0.2857142857142857,0.6088863265218625,20 to 24 years
3007,11893,0.8135714285714274,0.2857142857142857,0.6973649208879302,20 to 24 years
3008,17506,0.799285714285713,0.14285714285714285,0.5744423228967096,20 to 24 years
3009,13107,0.842142857142856,0.5714285714285714,0.5662068694391127,20 to 24 years
3010,12072,0.8135714285714274,0.2857142857142857,0.05415979165017221,20 to 24 years
3011,16629,0.8135714285714274,0.2857142857142857,0.4237527575923262,20 to 24 years
3012,12983,0.799285714285713,0.14285714285714285,0.4211931340763638,20 to 24 years
3013,17548,0.799285714285713,0.14285714285714285,0.7278495570487947,20 to 24 years
3014,10305,0.799285714285713,0.14285714285714285,0.1528041338171532,20 to 24 years
3015,19153,0.8707142857142846,0.8571428571428571,0.38653029448902954,20 to 24 years
3016,14071,0.799285714285713,0.14285714285714285,0.6207522574527411,20 to 24 years
3017,11216,0.8135714285714274,0.2857142857142857,0.37213271030376893,20 to 24 years
3018,13563,0.8135714285714274,0.2857142857142857,0.042281103825148214,20 to 24 years
3019,12092,0.799285714285713,0.14285714285714285,0.48148989954239746,20 to 24 years
3020,19143,0.8849999999999988,1.0,0.5602057305450165,20 to 24 years
3021,18015,0.34839407961547925,0.14285714285714285,0.6048308030469567,20 to 24 years
3022,11076,0.8707142857142846,0.8571428571428571,0.31520990984718883,20 to 24 years
3023,18808,0.8707142857142846,0.8571428571428571,0.5947024009766316,20 to 24 years
3024,17686,0.842142857142856,0.5714285714285714,0.309670538661892,20 to 24 years
3025,14738,0.8564285714285702,0.7142857142857142,0.37589275755979884,20 to 24 years
3026,19585,0.8707142857142846,0.8571428571428571,0.44596739708721783,20 to 24 years
3027,11467,0.799285714285713,0.14285714285714285,0.3028894873472756,20 to 24 years
3028,15747,0.8707142857142846,0.8571428571428571,0.7639972704505444,20 to 24 years
3029,13171,0.799285714285713,0.14285714285714285,0.17738800248635128,20 to 24 years
3030,19735,0.8849999999999988,1.0,0.0011534532058148361,20 to 24 years
3031,10575,0.8135714285714274,0.2857142857142857,0.5642954931363091,20 to 24 years
3032,17632,0.8707142857142846,0.8571428571428571,0.5961173827200666,20 to 24 years
3033,13032,0.8707142857142846,0.8571428571428571,0.8159868122005669,20 to 24 years
3034,17908,0.8135714285714274,0.2857142857142857,0.2730267989462949,20 to 24 years
3035,10976,0.8278571428571416,0.42857142857142855,0.4551742454184051,20 to 24 years
3036,17987,0.8564285714285702,0.7142857142857142,0.47797483121190576,20 to 24 years
3037,19312,0.842142857142856,0.5714285714285714,0.1247021572068977,20 to 24 years
3038,19229,0.8707142857142846,0.8571428571428571,0.6400377981435786,20 to 24 years
3039,12284,0.842142857142856,0.5714285714285714,0.04347977726961677,20 to 24 years
3040,10704,0.8278571428571416,0.42857142857142855,0.48110017377069336,20 to 24 years
3041,18583,0.8707142857142846,0.8571428571428571,0.7762160318973823,20 to 24 years
3042,13074,0.8278571428571416,0.42857142857142855,0.2393311189237633,20 to 24 years
3043,17750,0.8707142857142846,0.8571428571428571,0.5905903067279678,20 to 24 years
3044,16857,0.799285714285713,0.14285714285714285,0.5420115502041486,20 to 24 years
3045,15509,0.8135714285714274,0.2857142857142857,0.1996006914480839,20 to 24 years
3046,10665,0.8707142857142846,0.8571428571428571,0.9909002749072531,20 to 24 years
3047,17309,0.8278571428571416,0.42857142857142855,0.8255192922100748,20 to 24 years
3048,13173,0.8135714285714274,0.2857142857142857,0.6181431403297439,20 to 24 years
3049,10604,0.8135714285714274,0.2857142857142857,0.24720974939409412,20 to 24 years
3050,10673,0.8135714285714274,0.2857142857142857,0.8571111526723144,20 to 24 years
3051,18221,0.8278571428571416,0.42857142857142855,0.1945673747148084,20 to 24 years
3052,18450,0.8278571428571416,0.42857142857142855,0.3647137377761023,20 to 24 years
3053,13460,0.8135714285714274,0.2857142857142857,0.07923486078637954,20 to 24 years
3054,12861,0.8135714285714274,0.2857142857142857,0.861657537579942,20 to 24 years
3055,17064,0.8849999999999988,1.0,0.8386957895805849,20 to 24 years
3056,17008,0.8135714285714274,0.2857142857142857,0.03075314930677253,20 to 24 years
3057,15736,0.8278571428571416,0.42857142857142855,0.09634232215644523,20 to 24 years
3058,14233,0.8564285714285702,0.7142857142857142,0.8522527733731503,20 to 24 years
3059,13665,0.842142857142856,0.5714285714285714,0.08453299012799143,20 to 24 years
3060,12402,0.799285714285713,0.14285714285714285,0.661071758973625,20 to 24 years
3061,13219,0.8707142857142846,0.8571428571428571,0.07489471635777811,20 to 24 years
3062,11505,0.842142857142856,0.5714285714285714,0.49399745932952094,20 to 24 years
3063,11050,0.799285714285713,0.14285714285714285,0.1611966038033955,20 to 24 years
3064,12504,0.842142857142856,0.5714285714285714,0.8365974952090256,20 to 24 years
3065,19080,0.8135714285714274,0.2857142857142857,0.37745381365459796,20 to 24 years
3066,14631,0.8564285714285702,0.7142857142857142,0.8638720355110265,20 to 24 years
3067,17340,0.8135714285714274,0.2857142857142857,0.645355480837233,20 to 24 years
3068,11828,0.8278571428571416,0.42857142857142855,0.79347740966718,20 to 24 years
3069,10444,0.8135714285714274,0.2857142857142857,0.6574048873973848,20 to 24 years
3070,15569,0.8278571428571416,0.42857142857142855,0.9308189342281746,20 to 24 years
3071,11223,0.799285714285713,0.14285714285714285,0.4780423062728779,20 to 24 years
3072,12527,0.842142857142856,0.5714285714285714,0.7421911761335969,20 to 24 years
3073,11277,0.799285714285713,0.14285714285714285,0.3537369529487356,20 to 24 years
3074,19767,0.8849999999999988,1.0,0.9112169451224312,20 to 24 years
3075,13193,0.8849999999999988,1.0,0.5778857621931227,20 to 24 years
3076,17958,0.8707142857142846,0.8571428571428571,0.2952594110859158,20 to 24 years
3077,10643,0.842142857142856,0.5714285714285714,0.4269250034220795,20 to 24 years
3078,16961,0.842142857142856,0.5714285714285714,0.5651059162163264,20 to 24 years
3079,17581,0.8849999999999988,1.0,0.932266353018578,20 to 24 years
3080,17851,0.8707142857142846,0.8571428571428571,0.02259218331772883,20 to 24 years
3081,15629,0.3203674019865257,0.14285714285714285,0.32567222699412846,20 to 24 years
3082,12653,0.8135714285714274,0.2857142857142857,0.4287417396953371,20 to 24 years
3083,12799,0.8135714285714274,0.2857142857142857,0.3946243409705946,20 to 24 years
3084,13398,0.8849999999999988,1.0,0.8704483844339734,20 to 24 years
3085,13759,0.8849999999999988,1.0,0.4861898681133513,20 to 24 years
3086,18260,0.8135714285714274,0.2857142857142857,0.32359954642585836,20 to 24 years
3087,18437,0.842142857142856,0.5714285714285714,0.530504783670132,20 to 24 years
3088,16769,0.2764368041126919,0.2857142857142857,0.3138779705882685,20 to 24 years
3089,14741,0.799285714285713,0.14285714285714285,0.31016816349943244,20 to 24 years
3090,14252,0.842142857142856,0.5714285714285714,0.8244667617863388,20 to 24 years
3091,10660,0.799285714285713,0.14285714285714285,0.08403677750017396,20 to 24 years
3092,18113,0.8135714285714274,0.2857142857142857,0.566811048688409,20 to 24 years
3093,10752,0.842142857142856,0.5714285714285714,0.3179149258044883,20 to 24 years
3094,19318,0.799285714285713,0.14285714285714285,0.14671917407345103,20 to 24 years
3095,15609,0.842142857142856,0.5714285714285714,0.10547113265246671,20 to 24 years
3096,19932,0.8135714285714274,0.2857142857142857,0.9970922296399416,20 to 24 years
3097,19996,0.8707142857142846,0.8571428571428571,0.23309284906883276,20 to 24 years
3098,13070,0.8135714285714274,0.2857142857142857,0.6037909980451444,20 to 24 years
3099,18525,0.842142857142856,0.5714285714285714,0.6185995705770713,20 to 24 years
3100,10081,0.8707142857142846,0.8571428571428571,0.5505062631545011,20 to 24 years
3101,15951,0.8707142857142846,0.8571428571428571,0.9308217736828092,20 to 24 years
3102,11350,0.8278571428571416,0.42857142857142855,0.12543342557702775,20 to 24 years
3103,12222,0.799285714285713,0.14285714285714285,0.8531624390721453,20 to 24 years
3104,16035,0.8135714285714274,0.2857142857142857,0.7260933011560793,20 to 24 years
3105,12975,0.799285714285713,0.14285714285714285,0.9216719635101354,20 to 24 years
3106,12574,0.799285714285713,0.14285714285714285,0.8189015968355935,20 to 24 years
3107,10583,0.8135714285714274,0.2857142857142857,0.8408769420151547,20 to 24 years
3108,15547,0.8849999999999988,1.0,0.4853944767542337,20 to 24 years
3109,11583,0.799285714285713,0.14285714285714285,0.2943657677191994,20 to 24 years
3110,15615,0.8849999999999988,1.0,0.918656568966711,20 to 24 years
3111,16892,0.842142857142856,0.5714285714285714,0.6915673667353142,20 to 24 years
3112,13269,0.842142857142856,0.5714285714285714,0.9757442862690715,20 to 24 years
3113,15369,0.8135714285714274,0.2857142857142857,0.8996869945360835,20 to 24 years
3114,10205,0.799285714285713,0.14285714285714285,0.5600165396839659,20 to 24 years
3115,16740,0.8135714285714274,0.2857142857142857,0.6897814068373044,20 to 24 years
3116,12784,0.8278571428571416,0.42857142857142855,0.3708376576887511,20 to 24 years
3117,10477,0.8135714285714274,0.2857142857142857,0.6537696355911196,20 to 24 years
3118,11700,0.8707142857142846,0.8571428571428571,0.536854059465729,20 to 24 years
3119,18886,0.8278571428571416,0.42857142857142855,0.5112521394240588,20 to 24 years
3120,10116,0.8135714285714274,0.2857142857142857,0.40656244990052665,20 to 24 years
3121,16436,0.8135714285714274,0.2857142857142857,0.6944436623354682,20 to 24 years
3122,13017,0.799285714285713,0.14285714285714285,0.884210192083964,20 to 24 years
3123,10289,0.8135714285714274,0.2857142857142857,0.7411045841052825,20 to 24 years
3124,13359,0.8849999999999988,1.0,0.7829567906565761,20 to 24 years
3125,11289,0.8707142857142846,0.8571428571428571,0.6818599243607473,20 to 24 years
3126,14084,0.842142857142856,0.5714285714285714,0.2509993800552487,20 to 24 years
3127,11873,0.8135714285714274,0.2857142857142857,0.7224357208130517,20 to 24 years
3128,18477,0.842142857142856,0.5714285714285714,0.8979115473940863,20 to 24 years
3129,13847,0.8849999999999988,1.0,0.6428256484241801,20 to 24 years
3130,13683,0.8135714285714274,0.2857142857142857,0.37720973880967545,20 to 24 years
3131,19482,0.8135714285714274,0.2857142857142857,0.6864889263353825,20 to 24 years
3132,19525,0.8849999999999988,1.0,0.8915367134499016,20 to 24 years
3133,14760,0.8707142857142846,0.8571428571428571,0.20632865600722794,20 to 24 years
3134,19745,0.799285714285713,0.14285714285714285,0.244007497645033,20 to 24 years
3135,11501,0.799285714285713,0.14285714285714285,0.10213316914685194,20 to 24 years
3136,15734,0.8135714285714274,0.2857142857142857,0.057636393229623495,20 to 24 years
3137,19250,0.8707142857142846,0.8571428571428571,0.1978456404761283,20 to 24 years
3138,17282,0.8278571428571416,0.42857142857142855,0.6568234994412262,20 to 24 years
3139,18407,0.8564285714285702,0.7142857142857142,0.2521554417145532,20 to 24 years
3140,12648,0.799285714285713,0.14285714285714285,0.6084374204660106,20 to 24 years
3141,13494,0.8849999999999988,1.0,0.4326605272355558,20 to 24 years
3142,14237,0.8135714285714274,0.2857142857142857,0.6146687926756971,20 to 24 years
3143,11499,0.8135714285714274,0.2857142857142857,0.7122371762875657,20 to 24 years
3144,16379,0.8135714285714274,0.2857142857142857,0.45072995516810477,20 to 24 years
3145,16045,0.842142857142856,0.5714285714285714,0.7422382426309031,20 to 24 years
3146,12881,0.8135714285714274,0.2857142857142857,0.8229816250331294,20 to 24 years
3147,13913,0.8278571428571416,0.42857142857142855,0.007121141694802269,20 to 24 years
3148,16329,0.8135714285714274,0.2857142857142857,0.8314268623001294,20 to 24 years
3149,15723,0.8707142857142846,0.8571428571428571,0.2086590317051602,20 to 24 years
3150,15396,0.8135714285714274,0.2857142857142857,0.35782243667012864,20 to 24 years
3151,10878,0.8849999999999988,1.0,0.6704097585237204,20 to 24 years
3152,18268,0.8849999999999988,1.0,0.5867897001613283,20 to 24 years
3153,17671,0.8135714285714274,0.2857142857142857,0.8937425046431224,20 to 24 years
3154,17755,0.8135714285714274,0.2857142857142857,0.23758348663941675,20 to 24 years
3155,11638,0.842142857142856,0.5714285714285714,0.5333055190797166,20 to 24 years
3156,15653,0.8707142857142846,0.8571428571428571,0.8113884943886965,20 to 24 years
3157,10013,0.8564285714285702,0.7142857142857142,0.12225507085560938,20 to 24 years
3158,11677,0.8707142857142846,0.8571428571428571,0.4736201513481398,20 to 24 years
3159,18494,0.8707142857142846,0.8571428571428571,0.1702584517401038,20 to 24 years
3160,15637,0.8278571428571416,0.42857142857142855,0.11472149806030146,20 to 24 years
3161,17751,0.8707142857142846,0.8571428571428571,0.8846949127621099,20 to 24 years
3162,17970,0.799285714285713,0.14285714285714285,0.31260457182289475,20 to 24 years
3163,16427,0.8135714285714274,0.2857142857142857,0.6611480641193003,20 to 24 years
3164,13695,0.799285714285713,0.14285714285714285,0.7173620411127772,20 to 24 years
3165,19264,0.8135714285714274,0.2857142857142857,0.8881696278472491,20 to 24 years
3166,12738,0.8564285714285702,0.7142857142857142,0.8320709112834612,20 to 24 years
3167,18561,0.799285714285713,0.14285714285714285,0.7499158899313483,20 to 24 years
3168,15982,0.842142857142856,0.5714285714285714,0.009064317468394645,20 to 24 years
3169,11672,0.8278571428571416,0.42857142857142855,0.33130327988283703,20 to 24 years
3170,13082,0.842142857142856,0.5714285714285714,0.4468734099259291,20 to 24 years
3171,19198,0.8135714285714274,0.2857142857142857,0.5841814147920255,20 to 24 years
3172,13866,0.8135714285714274,0.2857142857142857,0.49593169338004367,20 to 24 years
3173,10666,0.8564285714285702,0.7142857142857142,0.31954562972273287,20 to 24 years
3174,10779,0.8135714285714274,0.2857142857142857,0.5009689988353019,20 to 24 years
3175,12510,0.842142857142856,0.5714285714285714,0.9057339544569787,20 to 24 years
3176,19081,0.8707142857142846,0.8571428571428571,0.22228274342080284,20 to 24 years
3177,14133,0.8135714285714274,0.2857142857142857,0.27710787267575093,20 to 24 years
3178,12015,0.8707142857142846,0.8571428571428571,0.12156496520558735,20 to 24 years
3179,11861,0.8849999999999988,1.0,0.8301468534072691,20 to 24 years
3180,18966,0.842142857142856,0.5714285714285714,0.3785022459762065,20 to 24 years
3181,15467,0.8849999999999988,1.0,0.19004391311643976,20 to 24 years
3182,10711,0.842142857142856,0.5714285714285714,0.21295567521801556,20 to 24 years
3183,11825,0.799285714285713,0.14285714285714285,0.6214674159752434,20 to 24 years
3184,12096,0.799285714285713,0.14285714285714285,0.8235973579811953,20 to 24 years
3185,14866,0.842142857142856,0.5714285714285714,0.6080015634257105,20 to 24 years
3186,18194,0.8849999999999988,1.0,0.798460970411317,20 to 24 years
3187,15249,0.8278571428571416,0.42857142857142855,0.5272505882359323,20 to 24 years
3188,19502,0.8135714285714274,0.2857142857142857,0.42303412915571414,20 to 24 years
3189,18849,0.842142857142856,0.5714285714285714,0.6922654994048686,20 to 24 years
3190,12276,0.799285714285713,0.14285714285714285,0.0077349593606586,20 to 24 years
3191,13026,0.842142857142856,0.5714285714285714,0.22557166761646463,20 to 24 years
3192,10045,0.842142857142856,0.5714285714285714,0.9800538409729074,20 to 24 years
3193,19117,0.799285714285713,0.14285714285714285,0.04282493715331881,20 to 24 years
3194,16840,0.8135714285714274,0.2857142857142857,0.1394443226269556,20 to 24 years
3195,15449,0.799285714285713,0.14285714285714285,0.0970029487164249,20 to 24 years
3196,14198,0.8278571428571416,0.42857142857142855,0.7632917965265757,20 to 24 years
3197,15719,0.8564285714285702,0.7142857142857142,0.6413001349972778,20 to 24 years
3198,15497,0.8135714285714274,0.2857142857142857,0.7590178541489937,20 to 24 years
3199,17510,0.842142857142856,0.5714285714285714,0.4553044645696535,20 to 24 years
3200,14257,0.8278571428571416,0.42857142857142855,0.8664810089822548,20 to 24 years
3201,14657,0.8135714285714274,0.2857142857142857,0.75576753755993,20 to 24 years
3202,18825,0.8135714285714274,0.2857142857142857,0.9296560631577694,20 to 24 years
3203,13645,0.8278571428571416,0.42857142857142855,0.5520184409606502,20 to 24 years
3204,18117,0.8278571428571416,0.42857142857142855,0.23092837022258061,20 to 24 years
3205,10458,0.8849999999999988,1.0,0.5683994120342583,20 to 24 years
3206,15815,0.842142857142856,0.5714285714285714,0.9326050710602594,20 to 24 years
3207,12387,0.8278571428571416,0.42857142857142855,0.48251293532793993,20 to 24 years
3208,11500,0.8278571428571416,0.42857142857142855,0.11753191353130299,20 to 24 years
3209,13369,0.799285714285713,0.14285714285714285,0.1906955823833691,20 to 24 years
3210,12700,0.8135714285714274,0.2857142857142857,0.331154398983904,20 to 24 years
3211,14577,0.799285714285713,0.14285714285714285,0.46953182789982995,20 to 24 years
3212,17968,0.8135714285714274,0.2857142857142857,0.29396582886321154,20 to 24 years
3213,18395,0.8707142857142846,0.8571428571428571,0.3697795547563611,20 to 24 years
3214,18504,0.8135714285714274,0.2857142857142857,0.2526669997865745,20 to 24 years
3215,11482,0.799285714285713,0.14285714285714285,0.1909709871955536,20 to 24 years
3216,18712,0.0,0.14285714285714285,0.9161905937635926,20 to 24 years
3217,16032,0.8135714285714274,0.2857142857142857,0.3207629283969233,20 to 24 years
3218,17072,0.8278571428571416,0.42857142857142855,0.2626550674720149,20 to 24 years
3219,16370,0.8135714285714274,0.2857142857142857,0.970824755870193,20 to 24 years
3220,13284,0.8707142857142846,0.8571428571428571,0.42276085767800875,20 to 24 years
3221,12305,0.8135714285714274,0.2857142857142857,0.6443681510887214,20 to 24 years
3222,16813,0.842142857142856,0.5714285714285714,0.6086624510274795,20 to 24 years
3223,12939,0.8278571428571416,0.42857142857142855,0.03787059265797421,20 to 24 years
3224,12879,0.8135714285714274,0.2857142857142857,0.5156372490922085,20 to 24 years
3225,17471,0.842142857142856,0.5714285714285714,0.6998455191921468,20 to 24 years
3226,18047,0.8135714285714274,0.2857142857142857,0.45676371791237413,20 to 24 years
3227,17209,0.842142857142856,0.5714285714285714,0.41430653839947784,20 to 24 years
3228,19222,0.799285714285713,0.14285714285714285,0.35354070514084385,20 to 24 years
3229,15537,0.799285714285713,0.14285714285714285,0.7725355732764217,20 to 24 years
3230,12016,0.8278571428571416,0.42857142857142855,0.783774113037439,20 to 24 years
3231,14498,0.8278571428571416,0.42857142857142855,0.2586078003884674,20 to 24 years
3232,10688,0.8278571428571416,0.42857142857142855,0.6422824250085118,20 to 24 years
3233,10611,0.842142857142856,0.5714285714285714,0.23136336901358706,20 to 24 years
3234,13408,0.8135714285714274,0.2857142857142857,0.836672086254149,20 to 24 years
3235,13547,0.799285714285713,0.14285714285714285,0.5824596100154268,20 to 24 years
3236,17669,0.8135714285714274,0.2857142857142857,0.7263756616584653,20 to 24 years
3237,14451,0.46380241998578253,0.14285714285714285,0.7947909446464697,20 to 24 years
3238,19812,0.8135714285714274,0.2857142857142857,0.49089953962364136,20 to 24 years
3239,14810,0.8135714285714274,0.2857142857142857,0.27124527196597953,20 to 24 years
3240,15646,0.842142857142856,0.5714285714285714,0.675301638955287,20 to 24 years
3241,17136,0.8849999999999988,1.0,0.5339117558015926,20 to 24 years
3242,16015,0.8278571428571416,0.42857142857142855,0.8591112585270917,20 to 24 years
3243,10129,0.799285714285713,0.14285714285714285,0.8991532098876907,20 to 24 years
3244,10402,0.842142857142856,0.5714285714285714,0.7478076086503633,20 to 24 years
3245,15288,0.36621610970132557,0.14285714285714285,0.9357175418723352,20 to 24 years
3246,13506,0.8135714285714274,0.2857142857142857,0.6632922900336726,20 to 24 years
3247,13250,0.8135714285714274,0.2857142857142857,0.7737800575109994,20 to 24 years
3248,18282,0.8707142857142846,0.8571428571428571,0.8359643965307153,20 to 24 years
3249,19410,0.842142857142856,0.5714285714285714,0.44163933767164165,20 to 24 years
3250,11111,0.8707142857142846,0.8571428571428571,0.9069565135461388,20 to 24 years
3251,11462,0.799285714285713,0.14285714285714285,0.8441861686276445,20 to 24 years
3252,17193,0.842142857142856,0.5714285714285714,0.3536070943231099,20 to 24 years
3253,12868,0.8278571428571416,0.42857142857142855,0.6429281948781808,20 to 24 years
3254,15211,0.8849999999999988,1.0,0.6789980527899245,20 to 24 years
3255,12940,0.8707142857142846,0.8571428571428571,0.3861479436243115,20 to 24 years
3256,11396,0.8849999999999988,1.0,0.8373778675027843,20 to 24 years
3257,17439,0.8278571428571416,0.42857142857142855,0.6856859678476763,20 to 24 years
3258,11204,0.842142857142856,0.5714285714285714,0.6541384005475449,20 to 24 years
3259,12639,0.8707142857142846,0.8571428571428571,0.9894557164831842,20 to 24 years
3260,17035,0.799285714285713,0.14285714285714285,0.727421535209555,20 to 24 years
3261,10393,0.842142857142856,0.5714285714285714,0.6874110985612752,20 to 24 years
3262,14789,0.8135714285714274,0.2857142857142857,0.42313290196506115,20 to 24 years
3263,15622,0.799285714285713,0.14285714285714285,0.6486862985511564,20 to 24 years
3264,15267,0.8135714285714274,0.2857142857142857,0.02575134053116368,20 to 24 years
3265,11530,0.842142857142856,0.5714285714285714,0.7827472850551893,20 to 24 years
3266,16206,0.0,0.8571428571428571,0.22460505114737328,20 to 24 years
3267,16623,0.8135714285714274,0.2857142857142857,0.029399558378529256,20 to 24 years
3268,15945,0.842142857142856,0.5714285714285714,0.6308656003281919,20 to 24 years
3269,15639,0.799285714285713,0.14285714285714285,0.4151747891047769,20 to 24 years
3270,11627,0.8707142857142846,0.8571428571428571,0.912859612433087,20 to 24 years
3271,19723,0.8707142857142846,0.8571428571428571,0.4059625479136005,20 to 24 years
3272,12459,0.8707142857142846,0.8571428571428571,0.4691056887501023,20 to 24 years
3273,14365,0.8278571428571416,0.42857142857142855,0.47276945811541954,20 to 24 years
3274,19652,0.36005288997139623,0.5714285714285714,0.5468542885728225,20 to 24 years
3275,14302,0.8135714285714274,0.2857142857142857,0.12945249222622224,20 to 24 years
3276,15386,0.8278571428571416,0.42857142857142855,0.857447569742978,20 to 24 years
3277,11096,0.8135714285714274,0.2857142857142857,0.2254982827591131,20 to 24 years
3278,19228,0.799285714285713,0.14285714285714285,0.3356181698114294,20 to 24 years
3279,17454,0.842142857142856,0.5714285714285714,0.24949464615950834,20 to 24 years
3280,13807,0.8135714285714274,0.2857142857142857,0.4118078239268601,20 to 24 years
3281,12141,0.8849999999999988,1.0,0.7827586535138822,20 to 24 years
3282,15347,0.8849999999999988,1.0,0.3099124282561313,20 to 24 years
3283,14688,0.8135714285714274,0.2857142857142857,0.996700424842121,20 to 24 years
3284,17169,0.842142857142856,0.5714285714285714,0.7168165166291688,20 to 24 years
3285,10083,0.8707142857142846,0.8571428571428571,0.0091681136079943,20 to 24 years
3286,15790,0.799285714285713,0.14285714285714285,0.5941055128144561,20 to 24 years
3287,13791,0.799285714285713,0.14285714285714285,0.7055646010128288,20 to 24 years
3288,17874,0.8564285714285702,0.7142857142857142,0.44083718529677346,20 to 24 years
3289,12180,0.8135714285714274,0.2857142857142857,0.42582622929429925,20 to 24 years
3290,14611,0.8135714285714274,0.2857142857142857,0.1930994521811309,20 to 24 years
3291,14645,0.842142857142856,0.5714285714285714,0.7104338680609725,20 to 24 years
3292,19185,0.8135714285714274,0.2857142857142857,0.3806499805335051,20 to 24 years
3293,17420,0.799285714285713,0.14285714285714285,0.25076684938764454,20 to 24 years
3294,14432,0.8707142857142846,0.8571428571428571,0.23849773123748946,20 to 24 years
3295,10312,0.8135714285714274,0.2857142857142857,0.5738878787121078,20 to 24 years
3296,11201,0.8707142857142846,0.8571428571428571,0.19496675708446465,20 to 24 years
3297,13139,0.842142857142856,0.5714285714285714,0.9296117406503486,20 to 24 years
3298,18532,0.799285714285713,0.14285714285714285,0.1919571577106282,20 to 24 years
3299,13048,0.8849999999999988,1.0,0.7506465962885558,20 to 24 years
3300,18126,0.799285714285713,0.14285714285714285,0.22582209428379874,20 to 24 years
3301,15375,0.8135714285714274,0.2857142857142857,0.29698258590112325,20 to 24 years
3302,15146,0.8564285714285702,0.7142857142857142,0.41380109291977807,20 to 24 years
3303,11190,0.842142857142856,0.5714285714285714,0.6283726519218168,20 to 24 years
3304,11045,0.8707142857142846,0.8571428571428571,0.9304056419113774,20 to 24 years
3305,19875,0.799285714285713,0.14285714285714285,0.03006381487137466,20 to 24 years
3306,10820,0.799285714285713,0.14285714285714285,0.575555307097168,20 to 24 years
3307,10195,0.8849999999999988,1.0,0.6668171224002194,20 to 24 years
3308,17315,0.8707142857142846,0.8571428571428571,0.13177858005512472,20 to 24 years
3309,19895,0.842142857142856,0.5714285714285714,0.2541926211155454,20 to 24 years
3310,17652,0.842142857142856,0.5714285714285714,0.2449547913690513,20 to 24 years
3311,18671,0.842142857142856,0.5714285714285714,0.619373818575094,20 to 24 years
3312,16926,0.8707142857142846,0.8571428571428571,0.37497937122489167,20 to 24 years
3313,18617,0.8849999999999988,1.0,0.7972773358000917,20 to 24 years
3314,13725,0.842142857142856,0.5714285714285714,0.7637556633902176,20 to 24 years
3315,19376,0.842142857142856,0.5714285714285714,0.6407100554099159,20 to 24 years
3316,19916,0.799285714285713,0.14285714285714285,0.3659640831450609,20 to 24 years
3317,16907,0.8135714285714274,0.2857142857142857,0.5996915794910883,20 to 24 years
3318,18990,0.8278571428571416,0.42857142857142855,0.2414106592924647,20 to 24 years
3319,13789,0.8707142857142846,0.8571428571428571,0.2330935121170596,20 to 24 years
3320,15063,0.8849999999999988,1.0,0.6519264797790061,20 to 24 years
3321,15463,0.8135714285714274,0.2857142857142857,0.7456127273973261,20 to 24 years
3322,17155,0.799285714285713,0.14285714285714285,0.8340034007580049,20 to 24 years
3323,14221,0.842142857142856,0.5714285714285714,0.8022558986328605,20 to 24 years
3324,19350,0.8707142857142846,0.8571428571428571,0.6335675389888754,20 to 24 years
3325,13106,0.8135714285714274,0.2857142857142857,0.843926016182003,20 to 24 years
3326,13288,0.8135714285714274,0.2857142857142857,0.47810738084963944,20 to 24 years
3327,10102,0.8278571428571416,0.42857142857142855,0.6068882007108163,20 to 24 years
3328,15173,0.8849999999999988,1.0,0.29964409247420964,20 to 24 years
3329,13745,0.8135714285714274,0.2857142857142857,0.5476263851586973,20 to 24 years
3330,10450,0.8135714285714274,0.2857142857142857,0.11893618666791228,20 to 24 years
3331,15987,0.8849999999999988,1.0,0.4540898158651637,20 to 24 years
3332,18147,0.8849999999999988,1.0,0.6694738415401847,20 to 24 years
3333,10082,0.842142857142856,0.5714285714285714,0.8531239800856697,20 to 24 years
3334,13717,0.8135714285714274,0.2857142857142857,0.8570286324339509,20 to 24 years
3335,11114,0.799285714285713,0.14285714285714285,0.9398759551329965,20 to 24 years
3336,13761,0.8135714285714274,0.2857142857142857,0.10520010198191887,20 to 24 years
3337,11538,0.8707142857142846,0.8571428571428571,0.737894514818484,20 to 24 years
3338,10460,0.842142857142856,0.5714285714285714,0.16010790590907292,20 to 24 years
3339,10669,0.799285714285713,0.14285714285714285,0.4852951392421937,20 to 24 years
3340,14614,0.8135714285714274,0.2857142857142857,0.7822393013785299,20 to 24 years
3341,17494,0.842142857142856,0.5714285714285714,0.943591456768657,20 to 24 years
3342,19419,0.842142857142856,0.5714285714285714,0.13213108038514015,20 to 24 years
3343,13235,0.8135714285714274,0.2857142857142857,0.5284117508071747,20 to 24 years
3344,19903,0.8849999999999988,1.0,0.3437658525404618,20 to 24 years
3345,17206,0.8135714285714274,0.2857142857142857,0.6653355219834867,20 to 24 years
3346,12710,0.8135714285714274,0.2857142857142857,0.3415016255303907,20 to 24 years
3347,18433,0.842142857142856,0.5714285714285714,0.18451467617612544,20 to 24 years
3348,17757,0.842142857142856,0.5714285714285714,0.03508073246433152,20 to 24 years
3349,10826,0.8278571428571416,0.42857142857142855,0.2710875307621134,20 to 24 years
3350,18651,0.8707142857142846,0.8571428571428571,0.4363364505500296,20 to 24 years
3351,14088,0.842142857142856,0.5714285714285714,0.7479245539765002,20 to 24 years
3352,11395,0.8135714285714274,0.2857142857142857,0.5487659767719862,20 to 24 years
3353,16205,0.842142857142856,0.5714285714285714,0.4680563475019533,20 to 24 years
3354,18080,0.842142857142856,0.5714285714285714,0.9472985474949782,20 to 24 years
3355,14719,0.842142857142856,0.5714285714285714,0.7414224491524815,20 to 24 years
3356,11756,0.799285714285713,0.14285714285714285,0.6747154400022134,20 to 24 years
3357,14625,0.842142857142856,0.5714285714285714,0.9661950724576422,20 to 24 years
3358,19470,0.8849999999999988,1.0,0.7374166527178694,20 to 24 years
3359,12839,0.8849999999999988,1.0,0.14941425103801165,20 to 24 years
3360,13662,0.8135714285714274,0.2857142857142857,0.31592504263861876,20 to 24 years
3361,10543,0.8849999999999988,1.0,0.40615599218378506,20 to 24 years
3362,12411,0.8135714285714274,0.2857142857142857,0.02281463373183501,20 to 24 years
3363,11081,0.842142857142856,0.5714285714285714,0.7012704613383256,20 to 24 years
3364,13619,0.8135714285714274,0.2857142857142857,0.1944348702975125,20 to 24 years
3365,10269,0.8849999999999988,1.0,0.3068923921373735,20 to 24 years
3366,17986,0.8707142857142846,0.8571428571428571,0.3858586389937956,20 to 24 years
3367,15866,0.799285714285713,0.14285714285714285,0.5239669536727598,20 to 24 years
3368,10843,0.799285714285713,0.14285714285714285,0.28000489573023735,20 to 24 years
3369,17272,0.8135714285714274,0.2857142857142857,0.02139290398635152,20 to 24 years
3370,12706,0.8135714285714274,0.2857142857142857,0.026750002159343755,20 to 24 years
3371,19633,0.8849999999999988,1.0,0.0861009616853623,20 to 24 years
3372,12466,0.8707142857142846,0.8571428571428571,0.945884167745132,20 to 24 years
3373,16490,0.842142857142856,0.5714285714285714,0.9266003651021832,20 to 24 years
3374,11027,0.8278571428571416,0.42857142857142855,0.42747835689820224,20 to 24 years
3375,10961,0.8849999999999988,1.0,0.45640910842298477,20 to 24 years
3376,19968,0.8849999999999988,1.0,0.7848175257573389,20 to 24 years
3377,13561,0.799285714285713,0.14285714285714285,0.5442712608142407,20 to 24 years
3378,16450,0.799285714285713,0.14285714285714285,0.5994259185598287,20 to 24 years
3379,14994,0.8849999999999988,1.0,0.8551940949891428,20 to 24 years
3380,17821,0.799285714285713,0.14285714285714285,0.028150846272281593,20 to 24 years
3381,15492,0.842142857142856,0.5714285714285714,0.2182018237258601,20 to 24 years
3382,10654,0.842142857142856,0.5714285714285714,0.1763961305143798,20 to 24 years
3383,17885,0.842142857142856,0.5714285714285714,0.9341103009053807,20 to 24 years
3384,10330,0.8707142857142846,0.8571428571428571,0.17303270018125838,20 to 24 years
3385,15777,0.8564285714285702,0.7142857142857142,0.25037413051301666,20 to 24 years
3386,18417,0.799285714285713,0.14285714285714285,0.2640309938678529,20 to 24 years
3387,10718,0.8278571428571416,0.42857142857142855,0.9260064807272124,20 to 24 years
3388,13825,0.8849999999999988,1.0,0.6999940891268619,20 to 24 years
3389,13851,0.842142857142856,0.5714285714285714,0.7750195287302302,20 to 24 years
3390,10554,0.8278571428571416,0.42857142857142855,0.6863226195120196,20 to 24 years
3391,10608,0.8135714285714274,0.2857142857142857,0.8876313466929598,20 to 24 years
3392,13951,0.799285714285713,0.14285714285714285,0.8466504397826574,20 to 24 years
3393,18916,0.842142857142856,0.5714285714285714,0.6668782784795105,20 to 24 years
3394,11286,0.842142857142856,0.5714285714285714,0.4096245997880651,20 to 24 years
3395,19260,0.8135714285714274,0.2857142857142857,0.42705330911044215,20 to 24 years
3396,13650,0.842142857142856,0.5714285714285714,0.9035514399453237,20 to 24 years
3397,10478,0.842142857142856,0.5714285714285714,0.5409092178969571,20 to 24 years
3398,18144,0.8849999999999988,1.0,0.8464298244061518,20 to 24 years
3399,17572,0.8135714285714274,0.2857142857142857,0.535552198070381,20 to 24 years
3400,16932,0.8135714285714274,0.2857142857142857,0.12211520795327352,20 to 24 years
3401,11205,0.8278571428571416,0.42857142857142855,0.8845945813414565,20 to 24 years
3402,16463,0.8278571428571416,0.42857142857142855,0.7581899044884126,20 to 24 years
3403,16212,0.8707142857142846,0.8571428571428571,0.5065623235925841,20 to 24 years
3404,11110,0.8135714285714274,0.2857142857142857,0.49834326991370204,20 to 24 years
3405,13885,0.799285714285713,0.14285714285714285,0.5786475721570629,20 to 24 years
3406,15939,0.799285714285713,0.14285714285714285,0.7773875069679662,20 to 24 years
3407,13204,0.8135714285714274,0.2857142857142857,0.9108667284829762,20 to 24 years
3408,10343,0.8849999999999988,1.0,0.8610805150888391,20 to 24 years
3409,15332,0.8135714285714274,0.2857142857142857,0.3445581575604985,20 to 24 years
3410,19126,0.8707142857142846,0.8571428571428571,0.19936633655733776,20 to 24 years
3411,18666,0.842142857142856,0.5714285714285714,0.09728542155480857,20 to 24 years
3412,12591,0.8564285714285702,0.7142857142857142,0.8760408806456343,20 to 24 years
3413,16378,0.8135714285714274,0.2857142857142857,0.4461575986366608,20 to 24 years
3414,16875,0.8135714285714274,0.2857142857142857,0.40662135390261694,20 to 24 years
3415,16030,0.842142857142856,0.5714285714285714,0.5340201856070085,20 to 24 years
3416,11752,0.8135714285714274,0.2857142857142857,0.6077172597746183,20 to 24 years
3417,13850,0.8849999999999988,1.0,0.784153543644206,20 to 24 years
3418,18087,0.8707142857142846,0.8571428571428571,0.5745158210065477,20 to 24 years
3419,11343,0.842142857142856,0.5714285714285714,0.1421389527744732,20 to 24 years
3420,11147,0.8135714285714274,0.2857142857142857,0.29105959169342804,20 to 24 years
3421,16069,0.842142857142856,0.5714285714285714,0.30779913158841093,20 to 24 years
3422,19213,0.8135714285714274,0.2857142857142857,0.3037536251886293,20 to 24 years
3423,10734,0.8707142857142846,0.8571428571428571,0.449533825560833,20 to 24 years
3424,13044,0.842142857142856,0.5714285714285714,0.18384086503371427,20 to 24 years
3425,19900,0.8135714285714274,0.2857142857142857,0.04408809453072571,20 to 24 years
3426,12620,0.8135714285714274,0.2857142857142857,0.09851810357890783,20 to 24 years
3427,15974,0.799285714285713,0.14285714285714285,0.7849588317538841,20 to 24 years
3428,14759,0.799285714285713,0.14285714285714285,0.8537294750226425,20 to 24 years
3429,13498,0.799285714285713,0.14285714285714285,0.7791048255161274,20 to 24 years
3430,16307,0.8135714285714274,0.2857142857142857,0.548677352709262,20 to 24 years
3431,12261,0.8278571428571416,0.42857142857142855,0.6043692987694715,20 to 24 years
3432,13353,0.799285714285713,0.14285714285714285,0.8323812344715892,20 to 24 years
3433,14278,0.8278571428571416,0.42857142857142855,0.16633667098292526,20 to 24 years
3434,18772,0.8707142857142846,0.8571428571428571,0.035110252915875995,20 to 24 years
3435,11656,0.8135714285714274,0.2857142857142857,0.31765489797460755,20 to 24 years
3436,18625,0.8849999999999988,1.0,0.6074707682921324,20 to 24 years
3437,17841,0.8707142857142846,0.8571428571428571,0.30526682837374763,20 to 24 years
3438,16913,0.30313429743604275,1.0,0.46141134601638617,20 to 24 years
3439,14653,0.8135714285714274,0.2857142857142857,0.8316358834875763,20 to 24 years
3440,19971,0.8849999999999988,1.0,0.6208356903683918,20 to 24 years
3441,13921,0.842142857142856,0.5714285714285714,0.702597034640428,20 to 24 years
3442,13386,0.842142857142856,0.5714285714285714,0.9567989552037062,20 to 24 years
3443,17363,0.8707142857142846,0.8571428571428571,0.8111859010956644,20 to 24 years
3444,13794,0.842142857142856,0.5714285714285714,0.12034532430567607,20 to 24 years
3445,15324,0.8135714285714274,0.2857142857142857,0.25265756417600665,20 to 24 years
3446,12801,0.799285714285713,0.14285714285714285,0.599224769609863,20 to 24 years
3447,12541,0.8707142857142846,0.8571428571428571,0.4532200530212503,20 to 24 years
3448,15293,0.8707142857142846,0.8571428571428571,0.8388833208347186,20 to 24 years
3449,18158,0.799285714285713,0.14285714285714285,0.6905942899156075,20 to 24 years
3450,17772,0.8135714285714274,0.2857142857142857,0.37670376083451484,20 to 24 years
3451,19082,0.842142857142856,0.5714285714285714,0.041126431106205674,20 to 24 years
3452,15437,0.8135714285714274,0.2857142857142857,0.37419119272576445,20 to 24 years
3453,13518,0.8707142857142846,0.8571428571428571,0.8137681920718725,20 to 24 years
3454,17002,0.8135714285714274,0.2857142857142857,0.37435758566311406,20 to 24 years
3455,19170,0.8278571428571416,0.42857142857142855,0.15845988914026116,20 to 24 years
3456,12366,0.842142857142856,0.5714285714285714,0.6648143052730406,20 to 24 years
3457,13384,0.842142857142856,0.5714285714285714,0.7897331762139702,20 to 24 years
3458,17939,0.8135714285714274,0.2857142857142857,0.4524500271876339,20 to 24 years
3459,14754,0.842142857142856,0.5714285714285714,0.8569538978930884,20 to 24 years
3460,18816,0.8135714285714274,0.2857142857142857,0.3516650468845576,20 to 24 years
3461,19882,0.842142857142856,0.5714285714285714,0.9770596199136735,20 to 24 years
3462,18640,0.842142857142856,0.5714285714285714,0.3504465544389646,20 to 24 years
3463,11168,0.8707142857142846,0.8571428571428571,0.3977611385188644,20 to 24 years
3464,14974,0.8564285714285702,0.7142857142857142,0.5556446242568049,20 to 24 years
3465,11545,0.842142857142856,0.5714285714285714,0.3838823161109314,20 to 24 years
3466,18737,0.8278571428571416,0.42857142857142855,0.5424749848530457,20 to 24 years
3467,10449,0.8278571428571416,0.42857142857142855,0.9675689765164185,20 to 24 years
3468,16534,0.8135714285714274,0.2857142857142857,0.13148985834449162,20 to 24 years
3469,16679,0.8707142857142846,0.8571428571428571,0.29115605829321134,20 to 24 years
3470,19055,0.8849999999999988,1.0,0.4612302007294444,20 to 24 years
3471,12057,0.8707142857142846,0.8571428571428571,0.6953143478249029,20 to 24 years
3472,17856,0.842142857142856,0.5714285714285714,0.4595739045202724,20 to 24 years
3473,18010,0.8135714285714274,0.2857142857142857,0.8058736306291803,20 to 24 years
3474,11693,0.842142857142856,0.5714285714285714,0.4490524219637568,20 to 24 years
3475,15361,0.799285714285713,0.14285714285714285,0.6178423715720125,20 to 24 years
3476,17668,0.799285714285713,0.14285714285714285,0.5194619765088037,20 to 24 years
3477,14878,0.8135714285714274,0.2857142857142857,0.7362018962964024,20 to 24 years
3478,18321,0.8135714285714274,0.2857142857142857,0.36518093138873686,20 to 24 years
3479,11458,0.8135714285714274,0.2857142857142857,0.8981631366935031,20 to 24 years
3480,19901,0.842142857142856,0.5714285714285714,0.39272517030256704,20 to 24 years
3481,16682,0.8707142857142846,0.8571428571428571,0.5541326611636876,20 to 24 years
3482,17736,0.842142857142856,0.5714285714285714,0.6501956160809066,20 to 24 years
3483,19418,0.8278571428571416,0.42857142857142855,0.7199183169163632,20 to 24 years
3484,14217,0.8278571428571416,0.42857142857142855,0.47256770680138166,20 to 24 years
3485,11907,0.8135714285714274,0.2857142857142857,0.6623375836148032,20 to 24 years
3486,18005,0.8135714285714274,0.2857142857142857,0.5170358385475675,20 to 24 years
3487,19183,0.8707142857142846,0.8571428571428571,0.40541927584958093,20 to 24 years
3488,11871,0.799285714285713,0.14285714285714285,0.4657889523924068,20 to 24 years
3489,12325,0.8278571428571416,0.42857142857142855,0.48993298293440174,20 to 24 years
3490,19154,0.8707142857142846,0.8571428571428571,0.6295765134293921,20 to 24 years
3491,13486,0.8135714285714274,0.2857142857142857,0.2962110496138378,20 to 24 years
3492,12328,0.8278571428571416,0.42857142857142855,0.5248541323935634,20 to 24 years
3493,19929,0.8278571428571416,0.42857142857142855,0.1473481788286845,20 to 24 years
3494,10516,0.8135714285714274,0.2857142857142857,0.3910160415970447,20 to 24 years
3495,18686,0.8849999999999988,1.0,0.4198280698532777,20 to 24 years
3496,18819,0.8707142857142846,0.8571428571428571,0.8280722902075726,20 to 24 years
3497,17177,0.842142857142856,0.5714285714285714,0.6319321017593132,20 to 24 years
3498,15334,0.7762857142857128,0.14285714285714285,0.041371108943535406,25 to 29 years
3499,19574,0.8191428571428557,0.5714285714285714,0.702786399890891,25 to 29 years
3500,18500,0.8477142857142843,0.8571428571428571,0.803349680137279,25 to 29 years
3501,11031,0.7905714285714271,0.2857142857142857,0.23317545018035452,25 to 29 years
3502,13899,0.7905714285714271,0.2857142857142857,0.8133405225765241,25 to 29 years
3503,19628,0.8477142857142843,0.8571428571428571,0.27434109389597394,25 to 29 years
3504,17354,0.8048571428571414,0.42857142857142855,0.5678259142502334,25 to 29 years
3505,12187,0.7762857142857128,0.14285714285714285,0.8457930826116261,25 to 29 years
3506,13338,0.8477142857142843,0.8571428571428571,0.1413497461364639,25 to 29 years
3507,13730,0.8477142857142843,0.8571428571428571,0.10998662716761154,25 to 29 years
3508,11334,0.8191428571428557,0.5714285714285714,0.4209546890633255,25 to 29 years
3509,19912,0.8191428571428557,0.5714285714285714,0.12208341108122339,25 to 29 years
3510,12569,0.8191428571428557,0.5714285714285714,0.9024769162612729,25 to 29 years
3511,14140,0.83342857142857,0.7142857142857142,0.02319132285493164,25 to 29 years
3512,15351,0.8477142857142843,0.8571428571428571,0.8556365781685984,25 to 29 years
3513,10381,0.83342857142857,0.7142857142857142,0.07309920230980671,25 to 29 years
3514,19177,0.8477142857142843,0.8571428571428571,0.6727759408767037,25 to 29 years
3515,15058,0.8191428571428557,0.5714285714285714,0.21570127637859332,25 to 29 years
3516,12992,0.7762857142857128,0.14285714285714285,0.3824467136949252,25 to 29 years
3517,13467,0.8048571428571414,0.42857142857142855,0.4169607495961104,25 to 29 years
3518,13301,0.8619999999999985,1.0,0.6763129852593199,25 to 29 years
3519,13563,0.7905714285714271,0.2857142857142857,0.042281103825148214,25 to 29 years
3520,14679,0.8191428571428557,0.5714285714285714,0.9683135693149295,25 to 29 years
3521,12686,0.7762857142857128,0.14285714285714285,0.2432568383908219,25 to 29 years
3522,12200,0.8191428571428557,0.5714285714285714,0.35838603126768154,25 to 29 years
3523,16125,0.7905714285714271,0.2857142857142857,0.2093094400231877,25 to 29 years
3524,18641,0.8477142857142843,0.8571428571428571,0.5210744697145402,25 to 29 years
3525,13001,0.8191428571428557,0.5714285714285714,0.505121982726344,25 to 29 years
3526,14416,0.7905714285714271,0.2857142857142857,0.7589707220120238,25 to 29 years
3527,17462,0.7905714285714271,0.2857142857142857,0.1920595856234723,25 to 29 years
3528,12695,0.8477142857142843,0.8571428571428571,0.6002160519196253,25 to 29 years
3529,19108,0.8477142857142843,0.8571428571428571,0.2763300110010266,25 to 29 years
3530,14143,0.8619999999999985,1.0,0.7802361022560547,25 to 29 years
3531,11207,0.8619999999999985,1.0,0.7307884489073028,25 to 29 years
3532,14497,0.8477142857142843,0.8571428571428571,0.1251910699396261,25 to 29 years
3533,10176,0.8191428571428557,0.5714285714285714,0.6848441812879822,25 to 29 years
3534,10293,0.8048571428571414,0.42857142857142855,0.560452676730613,25 to 29 years
3535,10653,0.7905714285714271,0.2857142857142857,0.6344900206466394,25 to 29 years
3536,12312,0.7762857142857128,0.14285714285714285,0.7487041173539885,25 to 29 years
3537,16911,0.7905714285714271,0.2857142857142857,0.9733893719079656,25 to 29 years
3538,18506,0.8048571428571414,0.42857142857142855,0.5833885560004682,25 to 29 years
3539,14542,0.8477142857142843,0.8571428571428571,0.4045873830151697,25 to 29 years
3540,17469,0.8619999999999985,1.0,0.6476117293668779,25 to 29 years
3541,13903,0.7762857142857128,0.14285714285714285,0.3987110634491143,25 to 29 years
3542,14791,0.7905714285714271,0.2857142857142857,0.47202491873961194,25 to 29 years
3543,19776,0.7762857142857128,0.14285714285714285,0.4010664286230614,25 to 29 years
3544,11103,0.7762857142857128,0.14285714285714285,0.6202417056552507,25 to 29 years
3545,13142,0.8048571428571414,0.42857142857142855,0.8584478998845921,25 to 29 years
3546,13160,0.83342857142857,0.7142857142857142,0.9859486717929404,25 to 29 years
3547,16857,0.7762857142857128,0.14285714285714285,0.5420115502041486,25 to 29 years
3548,15787,0.8191428571428557,0.5714285714285714,0.03130432299515418,25 to 29 years
3549,15957,0.698577230737912,0.14285714285714285,0.6590910164794869,25 to 29 years
3550,19394,0.7905714285714271,0.2857142857142857,0.8668896215084971,25 to 29 years
3551,19660,0.7762857142857128,0.14285714285714285,0.9509565175435556,25 to 29 years
3552,17151,0.8191428571428557,0.5714285714285714,0.03347904157981707,25 to 29 years
3553,16710,0.7905714285714271,0.2857142857142857,0.7453495061002096,25 to 29 years
3554,13867,0.7762857142857128,0.14285714285714285,0.5057213203995938,25 to 29 years
3555,13229,0.8048571428571414,0.42857142857142855,0.7142519499783612,25 to 29 years
3556,14194,0.8619999999999985,1.0,0.3547127254185045,25 to 29 years
3557,10884,0.7905714285714271,0.2857142857142857,0.7180614320854454,25 to 29 years
3558,19061,0.7905714285714271,0.2857142857142857,0.53764974556928,25 to 29 years
3559,18476,0.8477142857142843,0.8571428571428571,0.6203693808503349,25 to 29 years
3560,18022,0.7762857142857128,0.14285714285714285,0.26681002661073283,25 to 29 years
3561,19667,0.8477142857142843,0.8571428571428571,0.8320598784643473,25 to 29 years
3562,11515,0.7905714285714271,0.2857142857142857,0.517690515157985,25 to 29 years
3563,15673,0.8191428571428557,0.5714285714285714,0.11338437865680923,25 to 29 years
3564,18941,0.8619999999999985,1.0,0.12048548075696108,25 to 29 years
3565,17939,0.7905714285714271,0.2857142857142857,0.4524500271876339,25 to 29 years
3566,14544,0.7762857142857128,0.14285714285714285,0.39166792332658873,25 to 29 years
3567,14463,0.7905714285714271,0.2857142857142857,0.9928404299292035,25 to 29 years
3568,12048,0.8048571428571414,0.42857142857142855,0.5409589996964306,25 to 29 years
3569,15245,0.8477142857142843,0.8571428571428571,0.2608934187204297,25 to 29 years
3570,15547,0.8619999999999985,1.0,0.4853944767542337,25 to 29 years
3571,18408,0.7762857142857128,0.14285714285714285,0.41455578497850587,25 to 29 years
3572,15450,0.7762857142857128,0.14285714285714285,0.3996387246503529,25 to 29 years
3573,18128,0.8191428571428557,0.5714285714285714,0.14891081946545753,25 to 29 years
3574,18522,0.8048571428571414,0.42857142857142855,0.27516900375553566,25 to 29 years
3575,17817,0.83342857142857,0.7142857142857142,0.6027336396428604,25 to 29 years
3576,19897,0.7905714285714271,0.2857142857142857,0.10287271418004906,25 to 29 years
3577,13173,0.7905714285714271,0.2857142857142857,0.6181431403297439,25 to 29 years
3578,10347,0.8048571428571414,0.42857142857142855,0.3956164020272871,25 to 29 years
3579,11808,0.8048571428571414,0.42857142857142855,0.69800189171818,25 to 29 years
3580,15488,0.83342857142857,0.7142857142857142,0.31219787330508325,25 to 29 years
3581,15459,0.8191428571428557,0.5714285714285714,0.3407382686174218,25 to 29 years
3582,14152,0.8048571428571414,0.42857142857142855,0.4816928148215564,25 to 29 years
3583,14811,0.7905714285714271,0.2857142857142857,0.26132316225144986,25 to 29 years
3584,16119,0.8477142857142843,0.8571428571428571,0.7231912209289766,25 to 29 years
3585,16310,0.8048571428571414,0.42857142857142855,0.9111348319283787,25 to 29 years
3586,13375,0.7762857142857128,0.14285714285714285,0.6011046137768423,25 to 29 years
3587,13074,0.8048571428571414,0.42857142857142855,0.2393311189237633,25 to 29 years
3588,18349,0.7762857142857128,0.14285714285714285,0.09938014234686998,25 to 29 years
3589,19504,0.7905714285714271,0.2857142857142857,0.7354087112297099,25 to 29 years
3590,18711,0.7905714285714271,0.2857142857142857,0.25815399483495505,25 to 29 years
3591,14708,0.7905714285714271,0.2857142857142857,0.4996270101464363,25 to 29 years
3592,19966,0.8048571428571414,0.42857142857142855,0.26997537858692583,25 to 29 years
3593,13396,0.7762857142857128,0.14285714285714285,0.6525115716455308,25 to 29 years
3594,11137,0.8477142857142843,0.8571428571428571,0.5446746795803314,25 to 29 years
3595,15835,0.8477142857142843,0.8571428571428571,0.6180237629972184,25 to 29 years
3596,16456,0.8191428571428557,0.5714285714285714,0.1531667173713424,25 to 29 years
3597,11164,0.8619999999999985,1.0,0.2947159552616506,25 to 29 years
3598,12049,0.8191428571428557,0.5714285714285714,0.8356583441683498,25 to 29 years
3599,12505,0.7762857142857128,0.14285714285714285,0.22766717114539364,25 to 29 years
3600,15303,0.7905714285714271,0.2857142857142857,0.47331213947759243,25 to 29 years
3601,11669,0.8048571428571414,0.42857142857142855,0.4860497357417567,25 to 29 years
3602,13950,0.7905714285714271,0.2857142857142857,0.6628364794867112,25 to 29 years
3603,19359,0.7762857142857128,0.14285714285714285,0.7075718725800675,25 to 29 years
3604,12385,0.7762857142857128,0.14285714285714285,0.71853200872184,25 to 29 years
3605,14157,0.83342857142857,0.7142857142857142,0.5857023688257955,25 to 29 years
3606,19581,0.8477142857142843,0.8571428571428571,0.37603357882544586,25 to 29 years
3607,13863,0.8191428571428557,0.5714285714285714,0.748477216884507,25 to 29 years
3608,14223,0.8477142857142843,0.8571428571428571,0.32393707026460944,25 to 29 years
3609,16064,0.7905714285714271,0.2857142857142857,0.6795209733582337,25 to 29 years
3610,17740,0.7762857142857128,0.14285714285714285,0.9684585539352172,25 to 29 years
3611,15726,0.83342857142857,0.7142857142857142,0.5845000788045516,25 to 29 years
3612,17836,0.7905714285714271,0.2857142857142857,0.8256870696989866,25 to 29 years
3613,17963,0.8048571428571414,0.42857142857142855,0.4692984458935197,25 to 29 years
3614,15282,0.7905714285714271,0.2857142857142857,0.08258439403192497,25 to 29 years
3615,11883,0.7905714285714271,0.2857142857142857,0.7695741603627639,25 to 29 years
3616,19315,0.7762857142857128,0.14285714285714285,0.929899513822176,25 to 29 years
3617,18628,0.7762857142857128,0.14285714285714285,0.06629948737460006,25 to 29 years
3618,14871,0.7762857142857128,0.14285714285714285,0.5741369561218057,25 to 29 years
3619,13315,0.8477142857142843,0.8571428571428571,0.8340905104561491,25 to 29 years
3620,12541,0.8477142857142843,0.8571428571428571,0.4532200530212503,25 to 29 years
3621,11785,0.8477142857142843,0.8571428571428571,0.15657921647469103,25 to 29 years
3622,13461,0.8191428571428557,0.5714285714285714,0.5157883449132532,25 to 29 years
3623,13779,0.8191428571428557,0.5714285714285714,0.10145739145172789,25 to 29 years
3624,19106,0.7762857142857128,0.14285714285714285,0.3385550187198061,25 to 29 years
3625,10319,0.8619999999999985,1.0,0.42771897042038187,25 to 29 years
3626,12912,0.8191428571428557,0.5714285714285714,0.3406700020808785,25 to 29 years
3627,14715,0.8048571428571414,0.42857142857142855,0.9942874297136728,25 to 29 years
3628,15709,0.8477142857142843,0.8571428571428571,0.445075690024074,25 to 29 years
3629,15165,0.7905714285714271,0.2857142857142857,0.19223860587215608,25 to 29 years
3630,13701,0.8619999999999985,1.0,0.8621198347570502,25 to 29 years
3631,18432,0.7762857142857128,0.14285714285714285,0.8754688772350739,25 to 29 years
3632,19594,0.7762857142857128,0.14285714285714285,0.9760536937729849,25 to 29 years
3633,12098,0.8191428571428557,0.5714285714285714,0.34414575669175673,25 to 29 years
3634,10996,0.8191428571428557,0.5714285714285714,0.9963470600135845,25 to 29 years
3635,19345,0.8048571428571414,0.42857142857142855,0.8469032142706925,25 to 29 years
3636,19133,0.7905714285714271,0.2857142857142857,0.192807983267114,25 to 29 years
3637,16874,0.8191428571428557,0.5714285714285714,0.07841095422642597,25 to 29 years
3638,10781,0.7905714285714271,0.2857142857142857,0.14453572530124975,25 to 29 years
3639,10420,0.7905714285714271,0.2857142857142857,0.33875963046227386,25 to 29 years
3640,18080,0.8191428571428557,0.5714285714285714,0.9472985474949782,25 to 29 years
3641,14109,0.8191428571428557,0.5714285714285714,0.8800412453887001,25 to 29 years
3642,10711,0.8191428571428557,0.5714285714285714,0.21295567521801556,25 to 29 years
3643,16974,0.8191428571428557,0.5714285714285714,0.7247079433804579,25 to 29 years
3644,18515,0.8191428571428557,0.5714285714285714,0.6737332035911663,25 to 29 years
3645,10460,0.8191428571428557,0.5714285714285714,0.16010790590907292,25 to 29 years
3646,14834,0.7762857142857128,0.14285714285714285,0.5273081505845983,25 to 29 years
3647,10355,0.7905714285714271,0.2857142857142857,0.9885274012986079,25 to 29 years
3648,15735,0.8619999999999985,1.0,0.44255273750341856,25 to 29 years
3649,10391,0.8477142857142843,0.8571428571428571,0.40889980627191636,25 to 29 years
3650,19689,0.8048571428571414,0.42857142857142855,0.898107606301064,25 to 29 years
3651,10763,0.8048571428571414,0.42857142857142855,0.06882008148035668,25 to 29 years
3652,10614,0.8477142857142843,0.8571428571428571,0.28915983165597625,25 to 29 years
3653,11475,0.7905714285714271,0.2857142857142857,0.7717638304413956,25 to 29 years
3654,12147,0.8477142857142843,0.8571428571428571,0.024463384583145675,25 to 29 years
3655,18790,0.8477142857142843,0.8571428571428571,0.8608778916556747,25 to 29 years
3656,14792,0.8477142857142843,0.8571428571428571,0.9649445624378462,25 to 29 years
3657,13873,0.7762857142857128,0.14285714285714285,0.8569470062171965,25 to 29 years
3658,19615,0.8477142857142843,0.8571428571428571,0.19942180240530594,25 to 29 years
3659,18403,0.8191428571428557,0.5714285714285714,0.5654911656617048,25 to 29 years
3660,18303,0.8191428571428557,0.5714285714285714,0.8262317470358163,25 to 29 years
3661,12168,0.7905714285714271,0.2857142857142857,0.7279888999778672,25 to 29 years
3662,18409,0.7905714285714271,0.2857142857142857,0.07937009788922739,25 to 29 years
3663,11772,0.7762857142857128,0.14285714285714285,0.4971238115402207,25 to 29 years
3664,10393,0.8191428571428557,0.5714285714285714,0.6874110985612752,25 to 29 years
3665,10999,0.8191428571428557,0.5714285714285714,0.30972808310537414,25 to 29 years
3666,17160,0.7762857142857128,0.14285714285714285,0.33602403782020196,25 to 29 years
3667,19943,0.7905714285714271,0.2857142857142857,0.7700656782859663,25 to 29 years
3668,12000,0.7905714285714271,0.2857142857142857,0.4030538075391797,25 to 29 years
3669,16988,0.7762857142857128,0.14285714285714285,0.4377532647128169,25 to 29 years
3670,10264,0.7905714285714271,0.2857142857142857,0.49824385496302054,25 to 29 years
3671,14393,0.83342857142857,0.7142857142857142,0.911407609254182,25 to 29 years
3672,18246,0.7905714285714271,0.2857142857142857,0.46078888349137026,25 to 29 years
3673,19445,0.7905714285714271,0.2857142857142857,0.40594417382031067,25 to 29 years
3674,13382,0.8619999999999985,1.0,0.1824489316260312,25 to 29 years
3675,10358,0.7905714285714271,0.2857142857142857,0.5638150889535338,25 to 29 years
3676,13656,0.7762857142857128,0.14285714285714285,0.8817394905981271,25 to 29 years
3677,16726,0.8048571428571414,0.42857142857142855,0.543091910668753,25 to 29 years
3678,12706,0.7905714285714271,0.2857142857142857,0.026750002159343755,25 to 29 years
3679,19273,0.7905714285714271,0.2857142857142857,0.8506676055554432,25 to 29 years
3680,19272,0.8048571428571414,0.42857142857142855,0.10154304772911021,25 to 29 years
3681,19257,0.7762857142857128,0.14285714285714285,0.16118724947202084,25 to 29 years
3682,17345,0.8477142857142843,0.8571428571428571,0.021918045298952138,25 to 29 years
3683,18145,0.8191428571428557,0.5714285714285714,0.28070949566686076,25 to 29 years
3684,16320,0.7905714285714271,0.2857142857142857,0.07816600409307184,25 to 29 years
3685,16154,0.8191428571428557,0.5714285714285714,0.38340308137749723,25 to 29 years
3686,10795,0.8191428571428557,0.5714285714285714,0.10796641715026423,25 to 29 years
3687,10368,0.8191428571428557,0.5714285714285714,0.5049175306596047,25 to 29 years
3688,19809,0.8191428571428557,0.5714285714285714,0.1839546639457147,25 to 29 years
3689,16002,0.7762857142857128,0.14285714285714285,0.6088092574143743,25 to 29 years
3690,11872,0.8619999999999985,1.0,0.2723564260658658,25 to 29 years
3691,10815,0.8619999999999985,1.0,0.5623030617443776,25 to 29 years
3692,10230,0.8477142857142843,0.8571428571428571,0.37805275730998456,25 to 29 years
3693,17490,0.8477142857142843,0.8571428571428571,0.47247420966184983,25 to 29 years
3694,13817,0.8048571428571414,0.42857142857142855,0.39756330960067177,25 to 29 years
3695,15179,0.8191428571428557,0.5714285714285714,0.8430244255146111,25 to 29 years
3696,12335,0.8191428571428557,0.5714285714285714,0.9252157731980297,25 to 29 years
3697,13981,0.8619999999999985,1.0,0.2671229085111031,25 to 29 years
3698,16171,0.8191428571428557,0.5714285714285714,0.5093870630843308,25 to 29 years
3699,13990,0.8191428571428557,0.5714285714285714,0.0639590046019966,25 to 29 years
3700,15573,0.7762857142857128,0.14285714285714285,0.7965780047874287,25 to 29 years
3701,16953,0.8191428571428557,0.5714285714285714,0.8164108790964671,25 to 29 years
3702,17967,0.7762857142857128,0.14285714285714285,0.47452482141504027,25 to 29 years
3703,15301,0.8191428571428557,0.5714285714285714,0.6637995878434415,25 to 29 years
3704,16982,0.8191428571428557,0.5714285714285714,0.6519991441422435,25 to 29 years
3705,12523,0.8619999999999985,1.0,0.061157755463494445,25 to 29 years
3706,18833,0.8191428571428557,0.5714285714285714,0.5126767842874206,25 to 29 years
3707,11086,0.8191428571428557,0.5714285714285714,0.8195269418336698,25 to 29 years
3708,11509,0.8191428571428557,0.5714285714285714,0.591217489937887,25 to 29 years
3709,10147,0.8048571428571414,0.42857142857142855,0.2241457733141281,25 to 29 years
3710,11091,0.7905714285714271,0.2857142857142857,0.5812255656656228,25 to 29 years
3711,13590,0.8619999999999985,1.0,0.5947244198360571,25 to 29 years
3712,11230,0.7905714285714271,0.2857142857142857,0.7363496471998949,25 to 29 years
3713,13210,0.7905714285714271,0.2857142857142857,0.7042781065236619,25 to 29 years
3714,14390,0.7905714285714271,0.2857142857142857,0.46347842906686004,25 to 29 years
3715,14726,0.0,0.2857142857142857,0.45698120969301576,25 to 29 years
3716,13811,0.8619999999999985,1.0,0.6707513755527513,25 to 29 years
3717,15111,0.8191428571428557,0.5714285714285714,0.901881561998231,25 to 29 years
3718,16887,0.7762857142857128,0.14285714285714285,0.04144569375682183,25 to 29 years
3719,17840,0.7905714285714271,0.2857142857142857,0.6049721822363945,25 to 29 years
3720,16167,0.7762857142857128,0.14285714285714285,0.850606866670924,25 to 29 years
3721,14599,0.7762857142857128,0.14285714285714285,0.8050085366569406,25 to 29 years
3722,16202,0.8619999999999985,1.0,0.6578416561253049,25 to 29 years
3723,18072,0.7905714285714271,0.2857142857142857,0.3983424648605628,25 to 29 years
3724,16897,0.8191428571428557,0.5714285714285714,0.24729112964482097,25 to 29 years
3725,14135,0.8477142857142843,0.8571428571428571,0.35604139357930287,25 to 29 years
3726,17492,0.8619999999999985,1.0,0.4641074238177341,25 to 29 years
3727,18560,0.7905714285714271,0.2857142857142857,0.46798260368862166,25 to 29 years
3728,18804,0.8191428571428557,0.5714285714285714,0.7330021193991851,25 to 29 years
3729,13021,0.8191428571428557,0.5714285714285714,0.5281115077803874,25 to 29 years
3730,13589,0.8191428571428557,0.5714285714285714,0.8965666288043296,25 to 29 years
3731,17093,0.7762857142857128,0.14285714285714285,0.3982379950700591,25 to 29 years
3732,15366,0.8048571428571414,0.42857142857142855,0.27903889676526944,25 to 29 years
3733,12011,0.7905714285714271,0.2857142857142857,0.26192491034998283,25 to 29 years
3734,12428,0.8477142857142843,0.8571428571428571,0.6571884131051291,25 to 29 years
3735,10435,0.7905714285714271,0.2857142857142857,0.5929950392057793,25 to 29 years
3736,13803,0.8619999999999985,1.0,0.2252405762438246,25 to 29 years
3737,17171,0.8048571428571414,0.42857142857142855,0.07267684186512596,25 to 29 years
3738,14575,0.7905714285714271,0.2857142857142857,0.3392277732104181,25 to 29 years
3739,12625,0.8048571428571414,0.42857142857142855,0.6958395383183165,25 to 29 years
3740,18897,0.7762857142857128,0.14285714285714285,0.3482390360264803,25 to 29 years
3741,10267,0.7905714285714271,0.2857142857142857,0.8856901054874089,25 to 29 years
3742,11059,0.7762857142857128,0.14285714285714285,0.35704133876516153,25 to 29 years
3743,16952,0.8477142857142843,0.8571428571428571,0.6187413534694499,25 to 29 years
3744,11571,0.7762857142857128,0.14285714285714285,0.42092390157972953,25 to 29 years
3745,18678,0.8477142857142843,0.8571428571428571,0.5108003766668678,25 to 29 years
3746,14100,0.8191428571428557,0.5714285714285714,0.7157979258685221,25 to 29 years
3747,18181,0.7762857142857128,0.14285714285714285,0.7694606713069428,25 to 29 years
3748,10918,0.7762857142857128,0.14285714285714285,0.2561665774522682,25 to 29 years
3749,10725,0.8619999999999985,1.0,0.48341647215411643,25 to 29 years
3750,11906,0.7905714285714271,0.2857142857142857,0.5536499243156572,25 to 29 years
3751,11409,0.7762857142857128,0.14285714285714285,0.5348854994276243,25 to 29 years
3752,14803,0.8048571428571414,0.42857142857142855,0.749973063095412,25 to 29 years
3753,13992,0.7905714285714271,0.2857142857142857,0.7486921633736973,25 to 29 years
3754,12673,0.7905714285714271,0.2857142857142857,0.6002429314403896,25 to 29 years
3755,17940,0.7762857142857128,0.14285714285714285,0.02472725730115899,25 to 29 years
3756,16045,0.8191428571428557,0.5714285714285714,0.7422382426309031,25 to 29 years
3757,19631,0.8477142857142843,0.8571428571428571,0.7942613911807078,25 to 29 years
3758,13778,0.8048571428571414,0.42857142857142855,0.456435191682432,25 to 29 years
3759,12231,0.8619999999999985,1.0,0.256051590419971,25 to 29 years
3760,16146,0.8191428571428557,0.5714285714285714,0.11926452749455824,25 to 29 years
3761,18542,0.8191428571428557,0.5714285714285714,0.41409336908252414,25 to 29 years
3762,13303,0.8048571428571414,0.42857142857142855,0.15385966866302042,25 to 29 years
3763,12486,0.7905714285714271,0.2857142857142857,0.22423263378163272,25 to 29 years
3764,11644,0.8619999999999985,1.0,0.29233107139629,25 to 29 years
3765,11597,0.8619999999999985,1.0,0.3485720822748196,25 to 29 years
3766,16460,0.7905714285714271,0.2857142857142857,0.698050022846124,25 to 29 years
3767,13961,0.83342857142857,0.7142857142857142,0.7557284220895706,25 to 29 years
3768,11342,0.8477142857142843,0.8571428571428571,0.20850771897304876,25 to 29 years
3769,16481,0.7905714285714271,0.2857142857142857,0.3749500349136395,25 to 29 years
3770,19621,0.7762857142857128,0.14285714285714285,0.8480188231536427,25 to 29 years
3771,19107,0.7762857142857128,0.14285714285714285,0.46421465710768134,25 to 29 years
3772,16511,0.8191428571428557,0.5714285714285714,0.13290410343654568,25 to 29 years
3773,18920,0.7762857142857128,0.14285714285714285,0.2812293356816354,25 to 29 years
3774,18252,0.8048571428571414,0.42857142857142855,0.3143733755327712,25 to 29 years
3775,15728,0.8477142857142843,0.8571428571428571,0.76657873226322,25 to 29 years
3776,17975,0.8619999999999985,1.0,0.002463476426072697,25 to 29 years
3777,16871,0.7905714285714271,0.2857142857142857,0.6424481406468084,25 to 29 years
3778,15581,0.7762857142857128,0.14285714285714285,0.16032880162551905,25 to 29 years
3779,15617,0.7905714285714271,0.2857142857142857,0.00048550231103627883,25 to 29 years
3780,11884,0.8191428571428557,0.5714285714285714,0.7746378667656525,25 to 29 years
3781,16457,0.21951694028759128,0.14285714285714285,0.40329154374003107,25 to 29 years
3782,15152,0.8619999999999985,1.0,0.518310707991778,25 to 29 years
3783,19867,0.8191428571428557,0.5714285714285714,0.6514736129957056,25 to 29 years
3784,18077,0.8191428571428557,0.5714285714285714,0.9438357624297826,25 to 29 years
3785,13449,0.7905714285714271,0.2857142857142857,0.41448252870840474,25 to 29 years
3786,14018,0.8477142857142843,0.8571428571428571,0.9907422409328809,25 to 29 years
3787,13858,0.7905714285714271,0.2857142857142857,0.911665250456948,25 to 29 years
3788,10897,0.7905714285714271,0.2857142857142857,0.6595181235597307,25 to 29 years
3789,19007,0.7762857142857128,0.14285714285714285,0.42796248803649184,25 to 29 years
3790,13485,0.8191428571428557,0.5714285714285714,0.20379562876683116,25 to 29 years
3791,10874,0.8619999999999985,1.0,0.7278652702145401,25 to 29 years
3792,19910,0.8191428571428557,0.5714285714285714,0.9442519509535677,25 to 29 years
3793,18907,0.8619999999999985,1.0,0.7192302479696498,25 to 29 years
3794,17722,0.8191428571428557,0.5714285714285714,0.4508520445624329,25 to 29 years
3795,17994,0.8477142857142843,0.8571428571428571,0.20368191054817358,25 to 29 years
3796,19463,0.8191428571428557,0.5714285714285714,0.9093729767057859,25 to 29 years
3797,18045,0.8048571428571414,0.42857142857142855,0.7528433664119403,25 to 29 years
3798,13894,0.8048571428571414,0.42857142857142855,0.4188121720366943,25 to 29 years
3799,12611,0.7905714285714271,0.2857142857142857,0.8666067107313408,25 to 29 years
3800,10198,0.8191428571428557,0.5714285714285714,0.19634362317068527,25 to 29 years
3801,10380,0.8477142857142843,0.8571428571428571,0.43129424595509075,25 to 29 years
3802,10473,0.8477142857142843,0.8571428571428571,0.714134259089559,25 to 29 years
3803,10385,0.7905714285714271,0.2857142857142857,0.5629869957802517,25 to 29 years
3804,12458,0.7905714285714271,0.2857142857142857,0.7933715407965798,25 to 29 years
3805,18028,0.7905714285714271,0.2857142857142857,0.49231427435123726,25 to 29 years
3806,12952,0.8191428571428557,0.5714285714285714,0.7984541497984103,25 to 29 years
3807,18161,0.7905714285714271,0.2857142857142857,0.8049593121902764,25 to 29 years
3808,12234,0.7762857142857128,0.14285714285714285,0.7183805937845338,25 to 29 years
3809,12351,0.7905714285714271,0.2857142857142857,0.8642900278500827,25 to 29 years
3810,11649,0.7762857142857128,0.14285714285714285,0.8045262480464376,25 to 29 years
3811,19584,0.8191428571428557,0.5714285714285714,0.29229947242525955,25 to 29 years
3812,12884,0.8191428571428557,0.5714285714285714,0.46722997828675417,25 to 29 years
3813,18127,0.8048571428571414,0.42857142857142855,0.7618053375692766,25 to 29 years
3814,12870,0.7905714285714271,0.2857142857142857,0.835020616259823,25 to 29 years
3815,11030,0.7762857142857128,0.14285714285714285,0.5859809621270518,25 to 29 years
3816,14996,0.7905714285714271,0.2857142857142857,0.6937709237468723,25 to 29 years
3817,14483,0.7762857142857128,0.14285714285714285,0.9502977307615506,25 to 29 years
3818,19906,0.8191428571428557,0.5714285714285714,0.03784580020526873,25 to 29 years
3819,15915,0.7762857142857128,0.14285714285714285,0.7519578782699915,25 to 29 years
3820,12116,0.7762857142857128,0.14285714285714285,0.3537309372561557,25 to 29 years
3821,11640,0.83342857142857,0.7142857142857142,0.9333452052392156,25 to 29 years
3822,11737,0.3909331662241958,0.14285714285714285,0.6060684855972012,25 to 29 years
3823,16816,0.8477142857142843,0.8571428571428571,0.8679773059715381,25 to 29 years
3824,11724,0.7762857142857128,0.14285714285714285,0.5634653604303342,25 to 29 years
3825,13350,0.7905714285714271,0.2857142857142857,0.7836277177142356,25 to 29 years
3826,18630,0.3691177657954201,0.8571428571428571,0.7068296180552331,25 to 29 years
3827,14292,0.7905714285714271,0.2857142857142857,0.8403724416347367,25 to 29 years
3828,16685,0.7762857142857128,0.14285714285714285,0.4064083318137757,25 to 29 years
3829,12298,0.8477142857142843,0.8571428571428571,0.9309934673974514,25 to 29 years
3830,10150,0.7762857142857128,0.14285714285714285,0.7989332369215265,25 to 29 years
3831,13924,0.8477142857142843,0.8571428571428571,0.7472578419449216,25 to 29 years
3832,13868,0.7762857142857128,0.14285714285714285,0.3766977017013833,25 to 29 years
3833,12659,0.8191428571428557,0.5714285714285714,0.7818997937641021,25 to 29 years
3834,18818,0.8191428571428557,0.5714285714285714,0.16688927063487197,25 to 29 years
3835,13592,0.8477142857142843,0.8571428571428571,0.6892242639274859,25 to 29 years
3836,17668,0.7762857142857128,0.14285714285714285,0.5194619765088037,25 to 29 years
3837,19095,0.8191428571428557,0.5714285714285714,0.30429556326868973,25 to 29 years
3838,12319,0.7905714285714271,0.2857142857142857,0.6373650947583827,25 to 29 years
3839,11917,0.83342857142857,0.7142857142857142,0.5351074897505966,25 to 29 years
3840,17863,0.83342857142857,0.7142857142857142,0.5380834194646796,25 to 29 years
3841,15382,0.8619999999999985,1.0,0.07172834023888125,25 to 29 years
3842,17534,0.8191428571428557,0.5714285714285714,0.34638749597258073,25 to 29 years
3843,13089,0.7762857142857128,0.14285714285714285,0.3920546533328219,25 to 29 years
3844,18625,0.8619999999999985,1.0,0.6074707682921324,25 to 29 years
3845,14449,0.7905714285714271,0.2857142857142857,0.381863407075558,25 to 29 years
3846,11797,0.7905714285714271,0.2857142857142857,0.04788751343478925,25 to 29 years
3847,19806,0.7905714285714271,0.2857142857142857,0.9146056184440123,25 to 29 years
3848,19265,0.7762857142857128,0.14285714285714285,0.31956431757244874,25 to 29 years
3849,19304,0.8477142857142843,0.8571428571428571,0.347068925904527,25 to 29 years
3850,17360,0.7905714285714271,0.2857142857142857,0.6221475452859981,25 to 29 years
3851,13387,0.8191428571428557,0.5714285714285714,0.599003375292355,25 to 29 years
3852,10793,0.7762857142857128,0.14285714285714285,0.4474243321970196,25 to 29 years
3853,15641,0.8191428571428557,0.5714285714285714,0.46197647028863653,25 to 29 years
3854,14132,0.8619999999999985,1.0,0.4116045613539023,25 to 29 years
3855,10967,0.8191428571428557,0.5714285714285714,0.0018163316894960202,25 to 29 years
3856,11146,0.7762857142857128,0.14285714285714285,0.4060678044096425,25 to 29 years
3857,17783,0.8191428571428557,0.5714285714285714,0.3503859380252563,25 to 29 years
3858,16689,0.8619999999999985,1.0,0.44159574308701555,25 to 29 years
3859,15889,0.8477142857142843,0.8571428571428571,0.28688183765077263,25 to 29 years
3860,17792,0.8477142857142843,0.8571428571428571,0.40961159006204395,25 to 29 years
3861,11863,0.7905714285714271,0.2857142857142857,0.6406405482171209,25 to 29 years
3862,13516,0.83342857142857,0.7142857142857142,0.11585331587128178,25 to 29 years
3863,13714,0.8477142857142843,0.8571428571428571,0.7475495338042815,25 to 29 years
3864,10110,0.8619999999999985,1.0,0.6545316537408016,25 to 29 years
3865,17996,0.8619999999999985,1.0,0.6706272297223761,25 to 29 years
3866,16964,0.8191428571428557,0.5714285714285714,0.8642110691337301,25 to 29 years
3867,19914,0.7762857142857128,0.14285714285714285,0.7654530847307979,25 to 29 years
3868,18583,0.8477142857142843,0.8571428571428571,0.7762160318973823,25 to 29 years
3869,19212,0.8619999999999985,1.0,0.6676562538503201,25 to 29 years
3870,18162,0.7905714285714271,0.2857142857142857,0.6962512246749829,25 to 29 years
3871,18931,0.8191428571428557,0.5714285714285714,0.7028499438588316,25 to 29 years
3872,14665,0.7762857142857128,0.14285714285714285,0.9804708624656963,25 to 29 years
3873,14626,0.7762857142857128,0.14285714285714285,0.732915823369173,25 to 29 years
3874,10929,0.8619999999999985,1.0,0.6027450347607348,25 to 29 years
3875,18731,0.7905714285714271,0.2857142857142857,0.4403411017558301,25 to 29 years
3876,11979,0.7762857142857128,0.14285714285714285,0.9289089166358685,25 to 29 years
3877,17317,0.7905714285714271,0.2857142857142857,0.25373407298148626,25 to 29 years
3878,12291,0.8048571428571414,0.42857142857142855,0.5546766050034234,25 to 29 years
3879,15039,0.8191428571428557,0.5714285714285714,0.009273868346085679,25 to 29 years
3880,16755,0.8619999999999985,1.0,0.2644011033134073,25 to 29 years
3881,14137,0.7762857142857128,0.14285714285714285,0.34503505356054986,25 to 29 years
3882,15348,0.7905714285714271,0.2857142857142857,0.25881683206544676,25 to 29 years
3883,13419,0.7905714285714271,0.2857142857142857,0.46830016257238455,25 to 29 years
3884,19885,0.8048571428571414,0.42857142857142855,0.5149923990280355,25 to 29 years
3885,16503,0.7905714285714271,0.2857142857142857,0.6268684964451346,25 to 29 years
3886,17642,0.8619999999999985,1.0,0.4556125559982597,25 to 29 years
3887,10014,0.8477142857142843,0.8571428571428571,0.09974073591533245,25 to 29 years
3888,11043,0.8191428571428557,0.5714285714285714,0.8600621498646224,25 to 29 years
3889,18050,0.83342857142857,0.7142857142857142,0.4483700572518505,25 to 29 years
3890,16246,0.7762857142857128,0.14285714285714285,0.841967147372915,25 to 29 years
3891,13549,0.7905714285714271,0.2857142857142857,0.3595173700668998,25 to 29 years
3892,15977,0.8477142857142843,0.8571428571428571,0.37587682746959505,25 to 29 years
3893,17331,0.8619999999999985,1.0,0.5363182405219076,25 to 29 years
3894,18475,0.8191428571428557,0.5714285714285714,0.878541671946526,25 to 29 years
3895,15833,0.8191428571428557,0.5714285714285714,0.12307933991858327,25 to 29 years
3896,17237,0.7762857142857128,0.14285714285714285,0.4250879751044127,25 to 29 years
3897,15994,0.8477142857142843,0.8571428571428571,0.1008524959112132,25 to 29 years
3898,16583,0.7905714285714271,0.2857142857142857,0.06578657404016003,25 to 29 years
3899,11248,0.8619999999999985,1.0,0.04385576070538183,25 to 29 years
3900,14778,0.8191428571428557,0.5714285714285714,0.11561923151492737,25 to 29 years
3901,17148,0.8048571428571414,0.42857142857142855,0.5023407782224635,25 to 29 years
3902,18364,0.8477142857142843,0.8571428571428571,0.6858692310587826,25 to 29 years
3903,18761,0.7762857142857128,0.14285714285714285,0.7121468734867942,25 to 29 years
3904,16335,0.7762857142857128,0.14285714285714285,0.4263356134189919,25 to 29 years
3905,18023,0.8477142857142843,0.8571428571428571,0.07884907102544231,25 to 29 years
3906,18435,0.7905714285714271,0.2857142857142857,0.6276393223345613,25 to 29 years
3907,17475,0.7905714285714271,0.2857142857142857,0.2659106766650777,25 to 29 years
3908,11484,0.8191428571428557,0.5714285714285714,0.16783718111967327,25 to 29 years
3909,14660,0.7905714285714271,0.2857142857142857,0.7861242608869401,25 to 29 years
3910,19180,0.8191428571428557,0.5714285714285714,0.7233252863842633,25 to 29 years
3911,11672,0.8048571428571414,0.42857142857142855,0.33130327988283703,25 to 29 years
3912,16776,0.8619999999999985,1.0,0.9516217319889219,25 to 29 years
3913,13452,0.8191428571428557,0.5714285714285714,0.7824122992213153,25 to 29 years
3914,13512,0.8477142857142843,0.8571428571428571,0.6121833350642087,25 to 29 years
3915,19855,0.8477142857142843,0.8571428571428571,0.5859894817084598,25 to 29 years
3916,18116,0.8191428571428557,0.5714285714285714,0.5656357432839725,25 to 29 years
3917,19476,0.8191428571428557,0.5714285714285714,0.25447222957762317,25 to 29 years
3918,17431,0.7905714285714271,0.2857142857142857,0.2052754837880149,25 to 29 years
3919,10239,0.445693555116214,0.42857142857142855,0.4727481436306168,25 to 29 years
3920,16292,0.7905714285714271,0.2857142857142857,0.5352125573209225,25 to 29 years
3921,13808,0.7762857142857128,0.14285714285714285,0.6896940488324756,25 to 29 years
3922,14038,0.7762857142857128,0.14285714285714285,0.4652802035508985,25 to 29 years
3923,19182,0.7762857142857128,0.14285714285714285,0.4827469509773822,25 to 29 years
3924,17052,0.8191428571428557,0.5714285714285714,0.561515021259175,25 to 29 years
3925,13507,0.8191428571428557,0.5714285714285714,0.8712065206637672,25 to 29 years
3926,18391,0.8619999999999985,1.0,0.7864212475136427,25 to 29 years
3927,12024,0.8048571428571414,0.42857142857142855,0.6993873608540433,25 to 29 years
3928,15560,0.8048571428571414,0.42857142857142855,0.7476824596895786,25 to 29 years
3929,10059,0.8477142857142843,0.8571428571428571,0.35602001332607924,25 to 29 years
3930,10204,0.8191428571428557,0.5714285714285714,0.6173543191215705,25 to 29 years
3931,16940,0.8191428571428557,0.5714285714285714,0.8848780903724371,25 to 29 years
3932,10646,0.8619999999999985,1.0,0.37335831844157774,25 to 29 years
3933,10449,0.8048571428571414,0.42857142857142855,0.9675689765164185,25 to 29 years
3934,10384,0.8191428571428557,0.5714285714285714,0.39457548089827854,25 to 29 years
3935,16786,0.8477142857142843,0.8571428571428571,0.8589601097414162,25 to 29 years
3936,12220,0.8477142857142843,0.8571428571428571,0.2244952583861678,25 to 29 years
3937,11617,0.7762857142857128,0.14285714285714285,0.9198749196649401,25 to 29 years
3938,13776,0.8477142857142843,0.8571428571428571,0.6062140367696596,25 to 29 years
3939,10463,0.8048571428571414,0.42857142857142855,0.3919535683177394,25 to 29 years
3940,11822,0.83342857142857,0.7142857142857142,0.3267470086858886,25 to 29 years
3941,12192,0.8477142857142843,0.8571428571428571,0.4335368912489473,25 to 29 years
3942,19510,0.7905714285714271,0.2857142857142857,0.9503125643916932,25 to 29 years
3943,19588,0.7905714285714271,0.2857142857142857,0.37046780981789773,25 to 29 years
3944,19896,0.8191428571428557,0.5714285714285714,0.14157031590920566,25 to 29 years
3945,18592,0.8048571428571414,0.42857142857142855,0.7748239747318756,25 to 29 years
3946,17439,0.8048571428571414,0.42857142857142855,0.6856859678476763,25 to 29 years
3947,14640,0.8048571428571414,0.42857142857142855,0.9343988320552783,25 to 29 years
3948,17425,0.8619999999999985,1.0,0.9228879818813505,25 to 29 years
3949,13834,0.8477142857142843,0.8571428571428571,0.459263109539007,25 to 29 years
3950,16595,0.7905714285714271,0.2857142857142857,0.790777007677075,25 to 29 years
3951,13174,0.8477142857142843,0.8571428571428571,0.6314324968878982,25 to 29 years
3952,14576,0.8477142857142843,0.8571428571428571,0.7618717356920116,25 to 29 years
3953,11010,0.35603532262442505,0.2857142857142857,0.7518234034724743,25 to 29 years
3954,17169,0.8191428571428557,0.5714285714285714,0.7168165166291688,25 to 29 years
3955,14670,0.8619999999999985,1.0,0.04868851422346393,25 to 29 years
3956,19592,0.7905714285714271,0.2857142857142857,0.8472227521668805,25 to 29 years
3957,16805,0.8477142857142843,0.8571428571428571,0.8191766311791281,25 to 29 years
3958,15762,0.7905714285714271,0.2857142857142857,0.9792536913964033,25 to 29 years
3959,19036,0.8191428571428557,0.5714285714285714,0.9514719866102423,25 to 29 years
3960,18091,0.8048571428571414,0.42857142857142855,0.5366235349693064,25 to 29 years
3961,17567,0.7905714285714271,0.2857142857142857,0.1500951039876151,25 to 29 years
3962,19310,0.83342857142857,0.7142857142857142,0.4345436673766001,25 to 29 years
3963,19294,0.8048571428571414,0.42857142857142855,0.5137694571533391,25 to 29 years
3964,16886,0.7905714285714271,0.2857142857142857,0.3532802437229565,25 to 29 years
3965,19452,0.7905714285714271,0.2857142857142857,0.6332732331411008,25 to 29 years
3966,10166,0.8191428571428557,0.5714285714285714,0.5246014765607463,25 to 29 years
3967,15155,0.8619999999999985,1.0,0.7740039115714159,25 to 29 years
3968,17472,0.8477142857142843,0.8571428571428571,0.5106772775491875,25 to 29 years
3969,15968,0.8191428571428557,0.5714285714285714,0.7730041462313391,25 to 29 years
3970,16245,0.8477142857142843,0.8571428571428571,0.587064689457981,25 to 29 years
3971,12849,0.8191428571428557,0.5714285714285714,0.6419917569770578,25 to 29 years
3972,15221,0.7762857142857128,0.14285714285714285,0.6527192342069136,25 to 29 years
3973,11072,0.8477142857142843,0.8571428571428571,0.4494292952995463,25 to 29 years
3974,18973,0.8191428571428557,0.5714285714285714,0.007451056589618088,25 to 29 years
3975,10497,0.8048571428571414,0.42857142857142855,0.37304325965366847,25 to 29 years
3976,17047,0.8048571428571414,0.42857142857142855,0.5297188299381335,25 to 29 years
3977,15387,0.8477142857142843,0.8571428571428571,0.856247423086212,25 to 29 years
3978,13455,0.8477142857142843,0.8571428571428571,0.3848292802453015,25 to 29 years
3979,15887,0.7762857142857128,0.14285714285714285,0.1267015711385352,25 to 29 years
3980,13605,0.7762857142857128,0.14285714285714285,0.13422890063195747,25 to 29 years
3981,17587,0.7905714285714271,0.2857142857142857,0.3363616913738046,25 to 29 years
3982,16834,0.5238830519376967,0.8571428571428571,0.03236345228163484,25 to 29 years
3983,15746,0.7905714285714271,0.2857142857142857,0.5904043344379323,25 to 29 years
3984,14072,0.8477142857142843,0.8571428571428571,0.36948312793746546,25 to 29 years
3985,17357,0.8048571428571414,0.42857142857142855,0.5817219390182654,25 to 29 years
3986,10509,0.7762857142857128,0.14285714285714285,0.6738927431481914,25 to 29 years
3987,19618,0.7905714285714271,0.2857142857142857,0.40069213834916395,25 to 29 years
3988,10482,0.7762857142857128,0.14285714285714285,0.23348350900903486,25 to 29 years
3989,15350,0.7905714285714271,0.2857142857142857,0.6804928619841308,25 to 29 years
3990,15720,0.8477142857142843,0.8571428571428571,0.4812343919867338,25 to 29 years
3991,19537,0.8191428571428557,0.5714285714285714,0.8252899395950923,25 to 29 years
3992,12885,0.8477142857142843,0.8571428571428571,0.9733972906190643,25 to 29 years
3993,17536,0.83342857142857,0.7142857142857142,0.736102459467179,25 to 29 years
3994,12097,0.7905714285714271,0.2857142857142857,0.17241228675685738,25 to 29 years
3995,11218,0.7905714285714271,0.2857142857142857,0.2506537395071661,25 to 29 years
3996,13951,0.7762857142857128,0.14285714285714285,0.8466504397826574,25 to 29 years
3997,18966,0.8191428571428557,0.5714285714285714,0.3785022459762065,25 to 29 years
3998,14591,0.8619999999999985,1.0,0.3694106237374646,25 to 29 years
3999,19839,0.8048571428571414,0.42857142857142855,0.5869040476626077,25 to 29 years
4000,15996,0.8191428571428557,0.5714285714285714,0.5258402920921403,25 to 29 years
4001,19969,0.7905714285714271,0.2857142857142857,0.17739597456678524,25 to 29 years
4002,10479,0.8477142857142843,0.8571428571428571,0.5573735359635069,25 to 29 years
4003,17523,0.7762857142857128,0.14285714285714285,0.5243429204544524,25 to 29 years
4004,13558,0.8619999999999985,1.0,0.7240558718012992,25 to 29 years
4005,17328,0.7762857142857128,0.14285714285714285,0.6194962054680969,25 to 29 years
4006,16355,0.7905714285714271,0.2857142857142857,0.4260628015231667,25 to 29 years
4007,13734,0.8191428571428557,0.5714285714285714,0.6981481001181592,25 to 29 years
4008,10309,0.7905714285714271,0.2857142857142857,0.9048678724342833,25 to 29 years
4009,16654,0.7905714285714271,0.2857142857142857,0.22747582180813808,25 to 29 years
4010,19921,0.7905714285714271,0.2857142857142857,0.25925585341750323,25 to 29 years
4011,10973,0.7905714285714271,0.2857142857142857,0.5100370346606142,25 to 29 years
4012,10235,0.7762857142857128,0.14285714285714285,0.6699147585574734,25 to 29 years
4013,14884,0.7905714285714271,0.2857142857142857,0.7405141717417096,25 to 29 years
4014,10521,0.7905714285714271,0.2857142857142857,0.17504851049536085,25 to 29 years
4015,12442,0.8477142857142843,0.8571428571428571,0.3424612504070963,25 to 29 years
4016,10635,0.7905714285714271,0.2857142857142857,0.2879832517224891,25 to 29 years
4017,16713,0.83342857142857,0.7142857142857142,0.34310091570458856,25 to 29 years
4018,11963,0.7905714285714271,0.2857142857142857,0.01570804418839178,25 to 29 years
4019,10373,0.8477142857142843,0.8571428571428571,0.5572292840362962,25 to 29 years
4020,13470,0.8619999999999985,1.0,0.9046623714737491,25 to 29 years
4021,15544,0.8191428571428557,0.5714285714285714,0.6341584824691862,25 to 29 years
4022,19149,0.8048571428571414,0.42857142857142855,0.7431288778186433,25 to 29 years
4023,16912,0.8191428571428557,0.5714285714285714,0.5622055151935285,25 to 29 years
4024,13112,0.8048571428571414,0.42857142857142855,0.42715944631795855,25 to 29 years
4025,10007,0.7905714285714271,0.2857142857142857,0.11504346756195366,25 to 29 years
4026,12520,0.83342857142857,0.7142857142857142,0.5885359701771002,25 to 29 years
4027,13797,0.83342857142857,0.7142857142857142,0.4858509528775352,25 to 29 years
4028,18512,0.7762857142857128,0.14285714285714285,0.8794676993357682,25 to 29 years
4029,12550,0.7905714285714271,0.2857142857142857,0.7060133865297471,25 to 29 years
4030,15258,0.8619999999999985,1.0,0.07535061246964747,25 to 29 years
4031,13118,0.7762857142857128,0.14285714285714285,0.16753151109701314,25 to 29 years
4032,16505,0.8048571428571414,0.42857142857142855,0.22778680674463714,25 to 29 years
4033,13835,0.8477142857142843,0.8571428571428571,0.9425485598179075,25 to 29 years
4034,12251,0.7905714285714271,0.2857142857142857,0.9554889773963202,25 to 29 years
4035,11138,0.7762857142857128,0.14285714285714285,0.098874938865332,25 to 29 years
4036,17610,0.7762857142857128,0.14285714285714285,0.33516530356665647,25 to 29 years
4037,19328,0.8619999999999985,1.0,0.4560518981790308,25 to 29 years
4038,16453,0.8191428571428557,0.5714285714285714,0.2965338032460172,25 to 29 years
4039,17071,0.8477142857142843,0.8571428571428571,0.862856263354396,25 to 29 years
4040,11227,0.7905714285714271,0.2857142857142857,0.4504983693256152,25 to 29 years
4041,18963,0.8477142857142843,0.8571428571428571,0.8867302061525795,25 to 29 years
4042,17698,0.7905714285714271,0.2857142857142857,0.08180838209150793,25 to 29 years
4043,16400,0.8048571428571414,0.42857142857142855,0.5290131001397577,25 to 29 years
4044,19305,0.7762857142857128,0.14285714285714285,0.8967271656737232,25 to 29 years
4045,15898,0.8477142857142843,0.8571428571428571,0.005857490025733658,25 to 29 years
4046,11064,0.7762857142857128,0.14285714285714285,0.31247709008814833,25 to 29 years
4047,19786,0.83342857142857,0.7142857142857142,0.5685515146276797,25 to 29 years
4048,10192,0.8619999999999985,1.0,0.5084161746004914,25 to 29 years
4049,17436,0.8477142857142843,0.8571428571428571,0.3278405013789617,25 to 29 years
4050,11266,0.7905714285714271,0.2857142857142857,0.8198073948362811,25 to 29 years
4051,12619,0.7762857142857128,0.14285714285714285,0.846019785299207,25 to 29 years
4052,16128,0.8619999999999985,1.0,0.19441796509820275,25 to 29 years
4053,18837,0.8048571428571414,0.42857142857142855,0.9607482803677786,25 to 29 years
4054,16833,0.7905714285714271,0.2857142857142857,0.6933680929006969,25 to 29 years
4055,18319,0.7905714285714271,0.2857142857142857,0.7969421319944933,25 to 29 years
4056,15209,0.7762857142857128,0.14285714285714285,0.1897439587600584,25 to 29 years
4057,12899,0.8477142857142843,0.8571428571428571,0.21615738652304828,25 to 29 years
4058,15181,0.8191428571428557,0.5714285714285714,0.4139438670914708,25 to 29 years
4059,17671,0.7905714285714271,0.2857142857142857,0.8937425046431224,25 to 29 years
4060,14386,0.7905714285714271,0.2857142857142857,0.8282515436694668,25 to 29 years
4061,13171,0.7762857142857128,0.14285714285714285,0.17738800248635128,25 to 29 years
4062,13030,0.8191428571428557,0.5714285714285714,0.9109650141616605,25 to 29 years
4063,17445,0.7762857142857128,0.14285714285714285,0.9138277708462105,25 to 29 years
4064,14955,0.7905714285714271,0.2857142857142857,0.7707296660454471,25 to 29 years
4065,15099,0.7762857142857128,0.14285714285714285,0.9641251077417384,25 to 29 years
4066,13061,0.7905714285714271,0.2857142857142857,0.4423439876493625,25 to 29 years
4067,15449,0.7762857142857128,0.14285714285714285,0.0970029487164249,25 to 29 years
4068,14739,0.8048571428571414,0.42857142857142855,0.025714486422984018,25 to 29 years
4069,18036,0.7762857142857128,0.14285714285714285,0.977671405256037,25 to 29 years
4070,13332,0.8619999999999985,1.0,0.11581048357803608,25 to 29 years
4071,18010,0.7905714285714271,0.2857142857142857,0.8058736306291803,25 to 29 years
4072,15185,0.7762857142857128,0.14285714285714285,0.5393237869718819,25 to 29 years
4073,14909,0.7905714285714271,0.2857142857142857,0.7794518252236464,25 to 29 years
4074,19851,0.8191428571428557,0.5714285714285714,0.49914270813792094,25 to 29 years
4075,16630,0.7905714285714271,0.2857142857142857,0.6377167769660242,25 to 29 years
4076,19084,0.7905714285714271,0.2857142857142857,0.24283888017154398,25 to 29 years
4077,17199,0.7905714285714271,0.2857142857142857,0.10123612767247414,25 to 29 years
4078,10708,0.8191428571428557,0.5714285714285714,0.20926904068028923,25 to 29 years
4079,12476,0.8048571428571414,0.42857142857142855,0.9772877846936463,25 to 29 years
4080,13113,0.8191428571428557,0.5714285714285714,0.7582309382139178,25 to 29 years
4081,13438,0.8477142857142843,0.8571428571428571,0.15335555111190652,25 to 29 years
4082,14286,0.8048571428571414,0.42857142857142855,0.19870989640320907,25 to 29 years
4083,14094,0.8191428571428557,0.5714285714285714,0.5109309300857301,25 to 29 years
4084,18343,0.8477142857142843,0.8571428571428571,0.5301162211344582,25 to 29 years
4085,14714,0.7905714285714271,0.2857142857142857,0.22895454058166959,25 to 29 years
4086,19483,0.7905714285714271,0.2857142857142857,0.1396542040135173,25 to 29 years
4087,15883,0.7762857142857128,0.14285714285714285,0.8892163682847407,25 to 29 years
4088,13885,0.7762857142857128,0.14285714285714285,0.5786475721570629,25 to 29 years
4089,11684,0.7762857142857128,0.14285714285714285,0.31350503816023123,25 to 29 years
4090,18511,0.7762857142857128,0.14285714285714285,0.07991429424273294,25 to 29 years
4091,11282,0.7905714285714271,0.2857142857142857,0.6974420056378311,25 to 29 years
4092,19034,0.7762857142857128,0.14285714285714285,0.3229443726905762,25 to 29 years
4093,15676,0.7905714285714271,0.2857142857142857,0.7482654356771647,25 to 29 years
4094,18427,0.7905714285714271,0.2857142857142857,0.2741716065377585,25 to 29 years
4095,11436,0.7905714285714271,0.2857142857142857,0.9286298485965776,25 to 29 years
4096,15767,0.8191428571428557,0.5714285714285714,0.10433541046370853,25 to 29 years
4097,12978,0.8477142857142843,0.8571428571428571,0.7063316762311336,25 to 29 years
4098,12012,0.7905714285714271,0.2857142857142857,0.8649139122231638,25 to 29 years
4099,16575,0.7762857142857128,0.14285714285714285,0.21732300983049352,25 to 29 years
4100,14579,0.7905714285714271,0.2857142857142857,0.49578447439477236,25 to 29 years
4101,13255,0.83342857142857,0.7142857142857142,0.60776540242944,25 to 29 years
4102,19522,0.7762857142857128,0.14285714285714285,0.27785991276661576,25 to 29 years
4103,17924,0.8191428571428557,0.5714285714285714,0.15360152980452346,25 to 29 years
4104,18616,0.7905714285714271,0.2857142857142857,0.7282813881762765,25 to 29 years
4105,10645,0.7905714285714271,0.2857142857142857,0.9322359989601747,25 to 29 years
4106,10817,0.8048571428571414,0.42857142857142855,0.6594548319457447,25 to 29 years
4107,10835,0.7762857142857128,0.14285714285714285,0.44148757542913963,25 to 29 years
4108,15842,0.8191428571428557,0.5714285714285714,0.16834095779498048,25 to 29 years
4109,19077,0.8191428571428557,0.5714285714285714,0.8225729589352373,25 to 29 years
4110,11931,0.8191428571428557,0.5714285714285714,0.4408494811800343,25 to 29 years
4111,10864,0.7905714285714271,0.2857142857142857,0.056581428024405245,25 to 29 years
4112,11323,0.8191428571428557,0.5714285714285714,0.9935213763872721,25 to 29 years
4113,14894,0.8191428571428557,0.5714285714285714,0.48484978757348585,25 to 29 years
4114,16730,0.8477142857142843,0.8571428571428571,0.09723294729268533,25 to 29 years
4115,11371,0.8477142857142843,0.8571428571428571,0.9842715125493907,25 to 29 years
4116,13168,0.83342857142857,0.7142857142857142,0.25616046543864196,25 to 29 years
4117,18095,0.7905714285714271,0.2857142857142857,0.6582163725710978,25 to 29 years
4118,19056,0.7905714285714271,0.2857142857142857,0.6436741242261983,25 to 29 years
4119,12243,0.8191428571428557,0.5714285714285714,0.2857760622383079,25 to 29 years
4120,16362,0.7905714285714271,0.2857142857142857,0.4812881817228428,25 to 29 years
4121,16109,0.3825444612391083,0.14285714285714285,0.7216783855367219,25 to 29 years
4122,13340,0.7762857142857128,0.14285714285714285,0.8827998076807875,25 to 29 years
4123,10478,0.8191428571428557,0.5714285714285714,0.5409092178969571,25 to 29 years
4124,19890,0.8048571428571414,0.42857142857142855,0.3618436968683937,25 to 29 years
4125,12104,0.8477142857142843,0.8571428571428571,0.6153862587731603,25 to 29 years
4126,14848,0.8191428571428557,0.5714285714285714,0.3661458354830115,25 to 29 years
4127,17711,0.8191428571428557,0.5714285714285714,0.721679102934148,25 to 29 years
4128,16976,0.8619999999999985,1.0,0.06866846363767976,25 to 29 years
4129,13934,0.7905714285714271,0.2857142857142857,0.0777475143820574,25 to 29 years
4130,17805,0.8619999999999985,1.0,0.37677607627591914,25 to 29 years
4131,14993,0.7905714285714271,0.2857142857142857,0.9478963980128132,25 to 29 years
4132,17300,0.7762857142857128,0.14285714285714285,0.3147615602889887,25 to 29 years
4133,14819,0.8477142857142843,0.8571428571428571,0.887914769984446,25 to 29 years
4134,12284,0.8191428571428557,0.5714285714285714,0.04347977726961677,25 to 29 years
4135,19048,0.7762857142857128,0.14285714285714285,0.9608407324948769,25 to 29 years
4136,14224,0.7905714285714271,0.2857142857142857,0.13183858818619482,25 to 29 years
4137,16031,0.7905714285714271,0.2857142857142857,0.9557960020452053,25 to 29 years
4138,15499,0.7762857142857128,0.14285714285714285,0.470004810164925,25 to 29 years
4139,12633,0.8477142857142843,0.8571428571428571,0.19200300967082123,25 to 29 years
4140,19672,0.8619999999999985,1.0,0.5555609614610348,25 to 29 years
4141,12717,0.8048571428571414,0.42857142857142855,0.49805181092932144,25 to 29 years
4142,18320,0.8191428571428557,0.5714285714285714,0.5407576076019179,25 to 29 years
4143,17347,0.8477142857142843,0.8571428571428571,0.01139751571916825,25 to 29 years
4144,15718,0.7905714285714271,0.2857142857142857,0.38337529828126016,25 to 29 years
4145,18341,0.8191428571428557,0.5714285714285714,0.07938207661753122,25 to 29 years
4146,18292,0.7762857142857128,0.14285714285714285,0.6992956665866241,25 to 29 years
4147,10072,0.8191428571428557,0.5714285714285714,0.5514428007704788,25 to 29 years
4148,13823,0.7905714285714271,0.2857142857142857,0.5990380094758025,25 to 29 years
4149,13630,0.8477142857142843,0.8571428571428571,0.5929343826886911,25 to 29 years
4150,13215,0.8191428571428557,0.5714285714285714,0.03313060758011621,25 to 29 years
4151,14212,0.8191428571428557,0.5714285714285714,0.6262929984170402,25 to 29 years
4152,17196,0.8191428571428557,0.5714285714285714,0.8828203306420179,25 to 29 years
4153,17607,0.7905714285714271,0.2857142857142857,0.8279933481134709,25 to 29 years
4154,16358,0.8477142857142843,0.8571428571428571,0.34650217230762226,25 to 29 years
4155,19288,0.8191428571428557,0.5714285714285714,0.8413501909936563,25 to 29 years
4156,18294,0.7905714285714271,0.2857142857142857,0.19256933375019536,25 to 29 years
4157,18505,0.8477142857142843,0.8571428571428571,0.7954381475610327,25 to 29 years
4158,14942,0.7905714285714271,0.2857142857142857,0.6062246990589912,25 to 29 years
4159,13465,0.8191428571428557,0.5714285714285714,0.9054055250815543,25 to 29 years
4160,16772,0.8191428571428557,0.5714285714285714,0.6888531493555441,25 to 29 years
4161,12971,0.7762857142857128,0.14285714285714285,0.7148886203202224,25 to 29 years
4162,18933,0.8048571428571414,0.42857142857142855,0.510617609555585,25 to 29 years
4163,19696,0.7905714285714271,0.2857142857142857,0.8816628325540894,25 to 29 years
4164,11593,0.8619999999999985,1.0,0.692859568187862,25 to 29 years
4165,14250,0.7762857142857128,0.14285714285714285,0.20126187057398526,25 to 29 years
4166,16496,0.8191428571428557,0.5714285714285714,0.8736351392580386,25 to 29 years
4167,14539,0.8048571428571414,0.42857142857142855,0.6489336238938864,25 to 29 years
4168,11206,0.8048571428571414,0.42857142857142855,0.48035910010030314,25 to 29 years
4169,17396,0.7905714285714271,0.2857142857142857,0.41596455246936637,25 to 29 years
4170,13741,0.8191428571428557,0.5714285714285714,0.7607642013733936,25 to 29 years
4171,12088,0.7762857142857128,0.14285714285714285,0.15712670401492013,25 to 29 years
4172,11157,0.7905714285714271,0.2857142857142857,0.23010192931119594,25 to 29 years
4173,18701,0.8619999999999985,1.0,0.5404981599083619,25 to 29 years
4174,11561,0.8191428571428557,0.5714285714285714,0.06459722055120581,25 to 29 years
4175,11966,0.7762857142857128,0.14285714285714285,0.7219936079899412,25 to 29 years
4176,17970,0.7762857142857128,0.14285714285714285,0.31260457182289475,25 to 29 years
4177,18738,0.7905714285714271,0.2857142857142857,0.6927903507016002,25 to 29 years
4178,12957,0.7905714285714271,0.2857142857142857,0.2418964470451752,25 to 29 years
4179,18062,0.8477142857142843,0.8571428571428571,0.10453324647676981,25 to 29 years
4180,12424,0.7905714285714271,0.2857142857142857,0.12587906925289544,25 to 29 years
4181,12631,0.7762857142857128,0.14285714285714285,0.015734754958391273,25 to 29 years
4182,18719,0.7762857142857128,0.14285714285714285,0.1510535822322372,25 to 29 years
4183,17769,0.8477142857142843,0.8571428571428571,0.42215388948831106,25 to 29 years
4184,10210,0.8619999999999985,1.0,0.9716048469090339,25 to 29 years
4185,14372,0.4172311391558607,0.5714285714285714,0.26169418785948917,25 to 29 years
4186,14905,0.8048571428571414,0.42857142857142855,0.8664540939064063,25 to 29 years
4187,16576,0.8477142857142843,0.8571428571428571,0.340026499139788,25 to 29 years
4188,12132,0.7905714285714271,0.2857142857142857,0.7551561228951957,25 to 29 years
4189,16225,0.8619999999999985,1.0,0.26276385221445936,25 to 29 years
4190,16157,0.8191428571428557,0.5714285714285714,0.4451450947844009,25 to 29 years
4191,14886,0.8191428571428557,0.5714285714285714,0.6910806188255343,25 to 29 years
4192,15408,0.7905714285714271,0.2857142857142857,0.10737946226971368,25 to 29 years
4193,13634,0.8619999999999985,1.0,0.37602501838503744,25 to 29 years
4194,16163,0.8477142857142843,0.8571428571428571,0.35815183477443013,25 to 29 years
4195,10383,0.8048571428571414,0.42857142857142855,0.6047756496048526,25 to 29 years
4196,14005,0.7905714285714271,0.2857142857142857,0.9019373901486518,25 to 29 years
4197,17606,0.7762857142857128,0.14285714285714285,0.7668870779484278,25 to 29 years
4198,17746,0.7762857142857128,0.14285714285714285,0.8054752084484235,25 to 29 years
4199,11930,0.8477142857142843,0.8571428571428571,0.24641224333250694,25 to 29 years
4200,15328,0.7905714285714271,0.2857142857142857,0.48143177356739797,25 to 29 years
4201,14994,0.8619999999999985,1.0,0.8551940949891428,25 to 29 years
4202,18986,0.7762857142857128,0.14285714285714285,0.8107269671056097,25 to 29 years
4203,19782,0.8191428571428557,0.5714285714285714,0.8872035423654006,25 to 29 years
4204,10542,0.8619999999999985,1.0,0.9763515310978941,25 to 29 years
4205,12357,0.8048571428571414,0.42857142857142855,0.48865790813902743,25 to 29 years
4206,14858,0.8477142857142843,0.8571428571428571,0.8650487254163387,25 to 29 years
4207,19135,0.7762857142857128,0.14285714285714285,0.4109704695222822,25 to 29 years
4208,19363,0.7961428571428555,0.5714285714285714,0.5322936918038611,30 to 34 years
4209,10337,0.8247142857142841,0.8571428571428571,0.6413664131022966,30 to 34 years
4210,15971,0.8247142857142841,0.8571428571428571,0.2220752773930229,30 to 34 years
4211,13354,0.7675714285714269,0.2857142857142857,0.6956183057622617,30 to 34 years
4212,13439,0.7675714285714269,0.2857142857142857,0.5235719078033845,30 to 34 years
4213,19735,0.8389999999999983,1.0,0.0011534532058148361,30 to 34 years
4214,15824,0.7675714285714269,0.2857142857142857,0.8411121612811021,30 to 34 years
4215,13458,0.8247142857142841,0.8571428571428571,0.80263620660968,30 to 34 years
4216,12568,0.7961428571428555,0.5714285714285714,0.5166134936427305,30 to 34 years
4217,15563,0.8247142857142841,0.8571428571428571,0.816148967209327,30 to 34 years
4218,17171,0.7818571428571411,0.42857142857142855,0.07267684186512596,30 to 34 years
4219,19498,0.7961428571428555,0.5714285714285714,0.8553426587077104,30 to 34 years
4220,19366,0.8389999999999983,1.0,0.35685169699609987,30 to 34 years
4221,12398,0.8389999999999983,1.0,0.5601861042737462,30 to 34 years
4222,14822,0.7675714285714269,0.2857142857142857,0.2546455513382855,30 to 34 years
4223,19371,0.8247142857142841,0.8571428571428571,0.4484865971698805,30 to 34 years
4224,11827,0.7675714285714269,0.2857142857142857,0.24825577601194582,30 to 34 years
4225,17644,0.8104285714285697,0.7142857142857142,0.6449607787339195,30 to 34 years
4226,13810,0.7532857142857126,0.14285714285714285,0.9762065959249079,30 to 34 years
4227,12126,0.7961428571428555,0.5714285714285714,0.11841389445409384,30 to 34 years
4228,12082,0.7675714285714269,0.2857142857142857,0.21527172094296165,30 to 34 years
4229,19640,0.7675714285714269,0.2857142857142857,0.827554379044222,30 to 34 years
4230,10928,0.8247142857142841,0.8571428571428571,0.29225357514628336,30 to 34 years
4231,16151,0.7961428571428555,0.5714285714285714,0.31363711449992326,30 to 34 years
4232,11444,0.7675714285714269,0.2857142857142857,0.2532659906882996,30 to 34 years
4233,11227,0.7675714285714269,0.2857142857142857,0.4504983693256152,30 to 34 years
4234,16945,0.7675714285714269,0.2857142857142857,0.6908344221844187,30 to 34 years
4235,16918,0.7675714285714269,0.2857142857142857,0.785497101350771,30 to 34 years
4236,14286,0.7818571428571411,0.42857142857142855,0.19870989640320907,30 to 34 years
4237,15416,0.7675714285714269,0.2857142857142857,0.5944414833335961,30 to 34 years
4238,17169,0.7961428571428555,0.5714285714285714,0.7168165166291688,30 to 34 years
4239,14062,0.7675714285714269,0.2857142857142857,0.5135722392971925,30 to 34 years
4240,18758,0.7961428571428555,0.5714285714285714,0.42617483023258246,30 to 34 years
4241,12753,0.7961428571428555,0.5714285714285714,0.5321164087187219,30 to 34 years
4242,12327,0.7675714285714269,0.2857142857142857,0.5550252992288808,30 to 34 years
4243,12868,0.7818571428571411,0.42857142857142855,0.6429281948781808,30 to 34 years
4244,12611,0.7675714285714269,0.2857142857142857,0.8666067107313408,30 to 34 years
4245,15204,0.7961428571428555,0.5714285714285714,0.24568443145580354,30 to 34 years
4246,11067,0.7675714285714269,0.2857142857142857,0.34900172629944143,30 to 34 years
4247,19466,0.8247142857142841,0.8571428571428571,0.7887026075862401,30 to 34 years
4248,11050,0.7532857142857126,0.14285714285714285,0.1611966038033955,30 to 34 years
4249,15459,0.7961428571428555,0.5714285714285714,0.3407382686174218,30 to 34 years
4250,12833,0.8104285714285697,0.7142857142857142,0.4375955705092762,30 to 34 years
4251,17839,0.7818571428571411,0.42857142857142855,0.7873537307137404,30 to 34 years
4252,10795,0.7961428571428555,0.5714285714285714,0.10796641715026423,30 to 34 years
4253,13089,0.7532857142857126,0.14285714285714285,0.3920546533328219,30 to 34 years
4254,11908,0.7675714285714269,0.2857142857142857,0.40902355714909117,30 to 34 years
4255,11098,0.7961428571428555,0.5714285714285714,0.687703334648922,30 to 34 years
4256,15011,0.7961428571428555,0.5714285714285714,0.2765316213753741,30 to 34 years
4257,18176,0.7818571428571411,0.42857142857142855,0.8265429592479453,30 to 34 years
4258,18926,0.7675714285714269,0.2857142857142857,0.6944736273117853,30 to 34 years
4259,10289,0.7675714285714269,0.2857142857142857,0.7411045841052825,30 to 34 years
4260,13317,0.7961428571428555,0.5714285714285714,0.10535728200706845,30 to 34 years
4261,11563,0.7675714285714269,0.2857142857142857,0.6432814748088268,30 to 34 years
4262,14941,0.8247142857142841,0.8571428571428571,0.06553201908201273,30 to 34 years
4263,12937,0.7818571428571411,0.42857142857142855,0.2978874310996984,30 to 34 years
4264,17430,0.7961428571428555,0.5714285714285714,0.46946327567200097,30 to 34 years
4265,15638,0.7818571428571411,0.42857142857142855,0.7989854345333325,30 to 34 years
4266,11237,0.8389999999999983,1.0,0.6747567539694599,30 to 34 years
4267,16288,0.8247142857142841,0.8571428571428571,0.5043532820435938,30 to 34 years
4268,14044,0.8247142857142841,0.8571428571428571,0.6286501927581315,30 to 34 years
4269,18673,0.7532857142857126,0.14285714285714285,0.1843507288709405,30 to 34 years
4270,14522,0.7675714285714269,0.2857142857142857,0.3938260118551984,30 to 34 years
4271,15906,0.7961428571428555,0.5714285714285714,0.10778282713898713,30 to 34 years
4272,13736,0.7532857142857126,0.14285714285714285,0.755360497529129,30 to 34 years
4273,13152,0.7675714285714269,0.2857142857142857,0.26287338829909146,30 to 34 years
4274,12342,0.7532857142857126,0.14285714285714285,0.3857120350097988,30 to 34 years
4275,13177,0.7818571428571411,0.42857142857142855,0.45104690883876447,30 to 34 years
4276,11152,0.7675714285714269,0.2857142857142857,0.173413336286651,30 to 34 years
4277,13698,0.7675714285714269,0.2857142857142857,0.13009365657144517,30 to 34 years
4278,19686,0.7675714285714269,0.2857142857142857,0.3894119202628331,30 to 34 years
4279,18323,0.7961428571428555,0.5714285714285714,0.623337667076862,30 to 34 years
4280,13666,0.7961428571428555,0.5714285714285714,0.9348019640369609,30 to 34 years
4281,18044,0.7675714285714269,0.2857142857142857,0.1779619439960698,30 to 34 years
4282,17002,0.7675714285714269,0.2857142857142857,0.37435758566311406,30 to 34 years
4283,10440,0.7675714285714269,0.2857142857142857,0.5187610615154132,30 to 34 years
4284,16250,0.7675714285714269,0.2857142857142857,0.38916533938623643,30 to 34 years
4285,11882,0.7961428571428555,0.5714285714285714,0.5235542260428911,30 to 34 years
4286,15598,0.7961428571428555,0.5714285714285714,0.9112240157611747,30 to 34 years
4287,17646,0.7818571428571411,0.42857142857142855,0.24952390609888436,30 to 34 years
4288,16036,0.7961428571428555,0.5714285714285714,0.5982817037974788,30 to 34 years
4289,17443,0.7675714285714269,0.2857142857142857,0.0834486870238158,30 to 34 years
4290,17195,0.7675714285714269,0.2857142857142857,0.3481331567272872,30 to 34 years
4291,18887,0.7961428571428555,0.5714285714285714,0.653490932280916,30 to 34 years
4292,17664,0.7532857142857126,0.14285714285714285,0.2395242455087483,30 to 34 years
4293,10500,0.7961428571428555,0.5714285714285714,0.14383327305842836,30 to 34 years
4294,15594,0.8104285714285697,0.7142857142857142,0.2854221853407682,30 to 34 years
4295,14893,0.8247142857142841,0.8571428571428571,0.41497622602864764,30 to 34 years
4296,17529,0.7961428571428555,0.5714285714285714,0.872003289382034,30 to 34 years
4297,17163,0.7675714285714269,0.2857142857142857,0.032305138367643704,30 to 34 years
4298,14538,0.7532857142857126,0.14285714285714285,0.3804368571214046,30 to 34 years
4299,17938,0.7675714285714269,0.2857142857142857,0.26803212271079424,30 to 34 years
4300,17617,0.7818571428571411,0.42857142857142855,0.9035455471326077,30 to 34 years
4301,17542,0.7675714285714269,0.2857142857142857,0.5860257398029981,30 to 34 years
4302,16393,0.7961428571428555,0.5714285714285714,0.4851424864390092,30 to 34 years
4303,12478,0.7675714285714269,0.2857142857142857,0.34009556392781387,30 to 34 years
4304,11217,0.8389999999999983,1.0,0.25457198118877017,30 to 34 years
4305,19884,0.8389999999999983,1.0,0.4391262457438757,30 to 34 years
4306,14577,0.7532857142857126,0.14285714285714285,0.46953182789982995,30 to 34 years
4307,18443,0.7532857142857126,0.14285714285714285,0.11789252647702858,30 to 34 years
4308,11508,0.7675714285714269,0.2857142857142857,0.06363856561009718,30 to 34 years
4309,14074,0.7961428571428555,0.5714285714285714,0.5815362914995573,30 to 34 years
4310,12161,0.7961428571428555,0.5714285714285714,0.40862126446279695,30 to 34 years
4311,13610,0.8104285714285697,0.7142857142857142,0.284801839390419,30 to 34 years
4312,11178,0.6571148262924476,0.14285714285714285,0.509264658448524,30 to 34 years
4313,13264,0.7675714285714269,0.2857142857142857,0.6631205101412793,30 to 34 years
4314,14795,0.7675714285714269,0.2857142857142857,0.23636593193648292,30 to 34 years
4315,14570,0.7532857142857126,0.14285714285714285,0.01953169960075707,30 to 34 years
4316,14308,0.7532857142857126,0.14285714285714285,0.45242074916033376,30 to 34 years
4317,15844,0.8389999999999983,1.0,0.6894262283327421,30 to 34 years
4318,10075,0.7675714285714269,0.2857142857142857,0.2963034071006417,30 to 34 years
4319,18247,0.7961428571428555,0.5714285714285714,0.42337647926960126,30 to 34 years
4320,12411,0.7675714285714269,0.2857142857142857,0.02281463373183501,30 to 34 years
4321,13707,0.7961428571428555,0.5714285714285714,0.9243815571310623,30 to 34 years
4322,10762,0.8247142857142841,0.8571428571428571,0.8339503752937125,30 to 34 years
4323,15700,0.8104285714285697,0.7142857142857142,0.6553330691349046,30 to 34 years
4324,17321,0.7532857142857126,0.14285714285714285,0.5212506085473855,30 to 34 years
4325,11207,0.8389999999999983,1.0,0.7307884489073028,30 to 34 years
4326,19141,0.7675714285714269,0.2857142857142857,0.12483719379008867,30 to 34 years
4327,15347,0.8389999999999983,1.0,0.3099124282561313,30 to 34 years
4328,14133,0.7675714285714269,0.2857142857142857,0.27710787267575093,30 to 34 years
4329,12018,0.8247142857142841,0.8571428571428571,0.6448183822361362,30 to 34 years
4330,17784,0.8389999999999983,1.0,0.6750658507248151,30 to 34 years
4331,13514,0.8389999999999983,1.0,0.6239445895435811,30 to 34 years
4332,15794,0.8389999999999983,1.0,0.6427738843557919,30 to 34 years
4333,13751,0.7818571428571411,0.42857142857142855,0.2441283548555101,30 to 34 years
4334,17118,0.7532857142857126,0.14285714285714285,0.6259732552582081,30 to 34 years
4335,19845,0.7675714285714269,0.2857142857142857,0.815741887711221,30 to 34 years
4336,11545,0.7961428571428555,0.5714285714285714,0.3838823161109314,30 to 34 years
4337,10982,0.7675714285714269,0.2857142857142857,0.19748330993422403,30 to 34 years
4338,15743,0.7532857142857126,0.14285714285714285,0.5558171902042706,30 to 34 years
4339,16695,0.7961428571428555,0.5714285714285714,0.31527025698277134,30 to 34 years
4340,11071,0.8247142857142841,0.8571428571428571,0.22878280725835165,30 to 34 years
4341,18304,0.7532857142857126,0.14285714285714285,0.6385921549865917,30 to 34 years
4342,12201,0.7961428571428555,0.5714285714285714,0.5523862488588559,30 to 34 years
4343,19207,0.6888321749427505,0.42857142857142855,0.3681662213179623,30 to 34 years
4344,10347,0.7818571428571411,0.42857142857142855,0.3956164020272871,30 to 34 years
4345,14553,0.7532857142857126,0.14285714285714285,0.5677854054080022,30 to 34 years
4346,11701,0.8247142857142841,0.8571428571428571,0.01036374170684251,30 to 34 years
4347,11062,0.7961428571428555,0.5714285714285714,0.10001906885912887,30 to 34 years
4348,15666,0.7532857142857126,0.14285714285714285,0.7796642742832812,30 to 34 years
4349,11904,0.7675714285714269,0.2857142857142857,0.8549767350940631,30 to 34 years
4350,11199,0.7675714285714269,0.2857142857142857,0.01991355775839254,30 to 34 years
4351,15378,0.8247142857142841,0.8571428571428571,0.178825974101752,30 to 34 years
4352,14649,0.7532857142857126,0.14285714285714285,0.31586764256458955,30 to 34 years
4353,17921,0.7532857142857126,0.14285714285714285,0.7940620123913213,30 to 34 years
4354,15427,0.7961428571428555,0.5714285714285714,0.9494022244825775,30 to 34 years
4355,14102,0.7675714285714269,0.2857142857142857,0.8269083292682863,30 to 34 years
4356,19955,0.8389999999999983,1.0,0.8423809934516848,30 to 34 years
4357,11738,0.7675714285714269,0.2857142857142857,0.30652002723448546,30 to 34 years
4358,15952,0.7532857142857126,0.14285714285714285,0.9454217077449939,30 to 34 years
4359,11367,0.8104285714285697,0.7142857142857142,0.295739699733075,30 to 34 years
4360,17619,0.7818571428571411,0.42857142857142855,0.775025807795003,30 to 34 years
4361,10873,0.7675714285714269,0.2857142857142857,0.5205567175167981,30 to 34 years
4362,12931,0.7961428571428555,0.5714285714285714,0.6336408381991754,30 to 34 years
4363,12267,0.7818571428571411,0.42857142857142855,0.3470003822480656,30 to 34 years
4364,15456,0.7818571428571411,0.42857142857142855,0.5188656380768828,30 to 34 years
4365,15270,0.7675714285714269,0.2857142857142857,0.8438976217208121,30 to 34 years
4366,19349,0.7675714285714269,0.2857142857142857,0.002191200130017279,30 to 34 years
4367,12186,0.8247142857142841,0.8571428571428571,0.9187458225060277,30 to 34 years
4368,18338,0.8247142857142841,0.8571428571428571,0.14123497000428353,30 to 34 years
4369,16110,0.7675714285714269,0.2857142857142857,0.5629512157027616,30 to 34 years
4370,12935,0.8104285714285697,0.7142857142857142,0.6481585902763773,30 to 34 years
4371,16531,0.7532857142857126,0.14285714285714285,0.8302071049423111,30 to 34 years
4372,15939,0.7532857142857126,0.14285714285714285,0.7773875069679662,30 to 34 years
4373,19115,0.7532857142857126,0.14285714285714285,0.672619143455313,30 to 34 years
4374,17409,0.7675714285714269,0.2857142857142857,0.40392411879799694,30 to 34 years
4375,17947,0.8389999999999983,1.0,0.8997170382238417,30 to 34 years
4376,17359,0.7961428571428555,0.5714285714285714,0.668201496824444,30 to 34 years
4377,15250,0.7818571428571411,0.42857142857142855,0.8958053365678655,30 to 34 years
4378,15341,0.8247142857142841,0.8571428571428571,0.5922158569812913,30 to 34 years
4379,10863,0.7532857142857126,0.14285714285714285,0.5066648344600151,30 to 34 years
4380,17077,0.8247142857142841,0.8571428571428571,0.838715533364615,30 to 34 years
4381,19339,0.7961428571428555,0.5714285714285714,0.7077882098711084,30 to 34 years
4382,17588,0.7818571428571411,0.42857142857142855,0.34838968551634575,30 to 34 years
4383,19106,0.7532857142857126,0.14285714285714285,0.3385550187198061,30 to 34 years
4384,16801,0.7675714285714269,0.2857142857142857,0.485118202211389,30 to 34 years
4385,19788,0.7532857142857126,0.14285714285714285,0.294102702244877,30 to 34 years
4386,19765,0.7818571428571411,0.42857142857142855,0.16678509148687676,30 to 34 years
4387,13491,0.7675714285714269,0.2857142857142857,0.901492999649012,30 to 34 years
4388,18208,0.7675714285714269,0.2857142857142857,0.508575997867726,30 to 34 years
4389,13998,0.7675714285714269,0.2857142857142857,0.5938020690717172,30 to 34 years
4390,14275,0.7818571428571411,0.42857142857142855,0.46049703349565824,30 to 34 years
4391,18500,0.8247142857142841,0.8571428571428571,0.803349680137279,30 to 34 years
4392,15618,0.7675714285714269,0.2857142857142857,0.7337809538218605,30 to 34 years
4393,12671,0.8247142857142841,0.8571428571428571,0.27246592755478355,30 to 34 years
4394,10697,0.3660584182897299,0.2857142857142857,0.5787198892843043,30 to 34 years
4395,11139,0.7532857142857126,0.14285714285714285,0.25536925175775865,30 to 34 years
4396,14789,0.7675714285714269,0.2857142857142857,0.42313290196506115,30 to 34 years
4397,18158,0.7532857142857126,0.14285714285714285,0.6905942899156075,30 to 34 years
4398,19211,0.7675714285714269,0.2857142857142857,0.04537911128487304,30 to 34 years
4399,19873,0.7675714285714269,0.2857142857142857,0.7219509627084855,30 to 34 years
4400,11520,0.0,0.14285714285714285,0.7265369825503764,30 to 34 years
4401,13969,0.8247142857142841,0.8571428571428571,0.11620110263035893,30 to 34 years
4402,12230,0.8389999999999983,1.0,0.9340225374400893,30 to 34 years
4403,13822,0.7961428571428555,0.5714285714285714,0.17625986811028732,30 to 34 years
4404,17628,0.7818571428571411,0.42857142857142855,0.19371405820337417,30 to 34 years
4405,16701,0.8247142857142841,0.8571428571428571,0.25838738571974346,30 to 34 years
4406,18638,0.8247142857142841,0.8571428571428571,0.4794708050194577,30 to 34 years
4407,19557,0.7961428571428555,0.5714285714285714,0.5750064945190786,30 to 34 years
4408,17462,0.7675714285714269,0.2857142857142857,0.1920595856234723,30 to 34 years
4409,10513,0.7961428571428555,0.5714285714285714,0.5046860946930758,30 to 34 years
4410,12206,0.7532857142857126,0.14285714285714285,0.7017019107108666,30 to 34 years
4411,17326,0.7961428571428555,0.5714285714285714,0.5639537138351732,30 to 34 years
4412,18653,0.7818571428571411,0.42857142857142855,0.8494962536220744,30 to 34 years
4413,16079,0.8389999999999983,1.0,0.48883356300702596,30 to 34 years
4414,18903,0.7961428571428555,0.5714285714285714,0.3650308129798979,30 to 34 years
4415,15084,0.7961428571428555,0.5714285714285714,0.6657492692976169,30 to 34 years
4416,17277,0.7675714285714269,0.2857142857142857,0.9222510166640754,30 to 34 years
4417,18795,0.8247142857142841,0.8571428571428571,0.8921919355033491,30 to 34 years
4418,19643,0.7961428571428555,0.5714285714285714,0.5352304105500393,30 to 34 years
4419,13343,0.7818571428571411,0.42857142857142855,0.1340124458056563,30 to 34 years
4420,14311,0.7961428571428555,0.5714285714285714,0.02966360982810068,30 to 34 years
4421,15466,0.8389999999999983,1.0,0.8338696917886605,30 to 34 years
4422,14492,0.7675714285714269,0.2857142857142857,0.07651178402110059,30 to 34 years
4423,17847,0.0,0.5714285714285714,0.011884586087339333,30 to 34 years
4424,10332,0.7818571428571411,0.42857142857142855,0.6578795974784198,30 to 34 years
4425,14243,0.7532857142857126,0.14285714285714285,0.19823688073420714,30 to 34 years
4426,11875,0.7961428571428555,0.5714285714285714,0.09769719568841934,30 to 34 years
4427,17833,0.7675714285714269,0.2857142857142857,0.8761294658331372,30 to 34 years
4428,13446,0.7961428571428555,0.5714285714285714,0.7624320658581403,30 to 34 years
4429,10113,0.8247142857142841,0.8571428571428571,0.34813603029458445,30 to 34 years
4430,14217,0.7818571428571411,0.42857142857142855,0.47256770680138166,30 to 34 years
4431,16414,0.7961428571428555,0.5714285714285714,0.6767038133916727,30 to 34 years
4432,14071,0.7532857142857126,0.14285714285714285,0.6207522574527411,30 to 34 years
4433,12999,0.7532857142857126,0.14285714285714285,0.6953108333232275,30 to 34 years
4434,17779,0.8247142857142841,0.8571428571428571,0.21895611018117483,30 to 34 years
4435,14144,0.8247142857142841,0.8571428571428571,0.7563840602514724,30 to 34 years
4436,14719,0.7961428571428555,0.5714285714285714,0.7414224491524815,30 to 34 years
4437,18988,0.7675714285714269,0.2857142857142857,0.9002701906656216,30 to 34 years
4438,14069,0.7675714285714269,0.2857142857142857,0.6424610725163151,30 to 34 years
4439,17813,0.7675714285714269,0.2857142857142857,0.12945799731973567,30 to 34 years
4440,13682,0.7532857142857126,0.14285714285714285,0.406615234918572,30 to 34 years
4441,12299,0.8247142857142841,0.8571428571428571,0.7315674293153008,30 to 34 years
4442,17063,0.7675714285714269,0.2857142857142857,0.0021203986652282847,30 to 34 years
4443,16721,0.42297994170187414,0.14285714285714285,0.9382923619531911,30 to 34 years
4444,12989,0.7532857142857126,0.14285714285714285,0.37472390539763967,30 to 34 years
4445,13209,0.8247142857142841,0.8571428571428571,0.6946726063059899,30 to 34 years
4446,11134,0.33284024052268024,0.14285714285714285,0.6600458466070348,30 to 34 years
4447,15185,0.7532857142857126,0.14285714285714285,0.5393237869718819,30 to 34 years
4448,13481,0.7675714285714269,0.2857142857142857,0.3701734731867584,30 to 34 years
4449,19678,0.7961428571428555,0.5714285714285714,0.30578450509609145,30 to 34 years
4450,18878,0.7675714285714269,0.2857142857142857,0.5424008266013831,30 to 34 years
4451,19454,0.7532857142857126,0.14285714285714285,0.7033488849961962,30 to 34 years
4452,17207,0.7675714285714269,0.2857142857142857,0.40395037794297406,30 to 34 years
4453,12963,0.7961428571428555,0.5714285714285714,0.8356456712624827,30 to 34 years
4454,14849,0.7532857142857126,0.14285714285714285,0.07132263021754642,30 to 34 years
4455,10929,0.8389999999999983,1.0,0.6027450347607348,30 to 34 years
4456,16582,0.7961428571428555,0.5714285714285714,0.2209685113045758,30 to 34 years
4457,11235,0.7532857142857126,0.14285714285714285,0.5724322003558,30 to 34 years
4458,12321,0.7818571428571411,0.42857142857142855,0.7412068523464304,30 to 34 years
4459,14724,0.7961428571428555,0.5714285714285714,0.3684542342855136,30 to 34 years
4460,10089,0.7818571428571411,0.42857142857142855,0.9941409324764467,30 to 34 years
4461,17089,0.7532857142857126,0.14285714285714285,0.04989187043136589,30 to 34 years
4462,18999,0.7675714285714269,0.2857142857142857,0.491719851156476,30 to 34 years
4463,10138,0.7532857142857126,0.14285714285714285,0.43545116140205603,30 to 34 years
4464,12676,0.7818571428571411,0.42857142857142855,0.786454884370451,30 to 34 years
4465,18644,0.7675714285714269,0.2857142857142857,0.4017056418468494,30 to 34 years
4466,14328,0.8389999999999983,1.0,0.14244354792650904,30 to 34 years
4467,12735,0.7961428571428555,0.5714285714285714,0.4436054917266116,30 to 34 years
4468,14488,0.7818571428571411,0.42857142857142855,0.6124801304497134,30 to 34 years
4469,11037,0.7961428571428555,0.5714285714285714,0.3802435106541884,30 to 34 years
4470,11724,0.7532857142857126,0.14285714285714285,0.5634653604303342,30 to 34 years
4471,15782,0.8389999999999983,1.0,0.1479517939344952,30 to 34 years
4472,18674,0.7961428571428555,0.5714285714285714,0.2200668278069603,30 to 34 years
4473,14399,0.7675714285714269,0.2857142857142857,0.39682082482581815,30 to 34 years
4474,15236,0.7532857142857126,0.14285714285714285,0.6578983249696541,30 to 34 years
4475,18349,0.7532857142857126,0.14285714285714285,0.09938014234686998,30 to 34 years
4476,14946,0.7961428571428555,0.5714285714285714,0.6491006947072956,30 to 34 years
4477,14942,0.7675714285714269,0.2857142857142857,0.6062246990589912,30 to 34 years
4478,15661,0.7961428571428555,0.5714285714285714,0.8586807333482209,30 to 34 years
4479,12481,0.8389999999999983,1.0,0.36463979843962613,30 to 34 years
4480,12860,0.7675714285714269,0.2857142857142857,0.10585554346490061,30 to 34 years
4481,16157,0.7961428571428555,0.5714285714285714,0.4451450947844009,30 to 34 years
4482,10739,0.7818571428571411,0.42857142857142855,0.3136611448167601,30 to 34 years
4483,18757,0.7532857142857126,0.14285714285714285,0.6700640066135577,30 to 34 years
4484,17988,0.7818571428571411,0.42857142857142855,0.07996867447991557,30 to 34 years
4485,14202,0.7961428571428555,0.5714285714285714,0.800305467144284,30 to 34 years
4486,17606,0.7532857142857126,0.14285714285714285,0.7668870779484278,30 to 34 years
4487,16005,0.7818571428571411,0.42857142857142855,0.17787341147154395,30 to 34 years
4488,10091,0.7818571428571411,0.42857142857142855,0.7480528013277905,30 to 34 years
4489,14146,0.7961428571428555,0.5714285714285714,0.01714969725934068,30 to 34 years
4490,16213,0.7961428571428555,0.5714285714285714,0.7998292639320302,30 to 34 years
4491,10711,0.7961428571428555,0.5714285714285714,0.21295567521801556,30 to 34 years
4492,13668,0.7532857142857126,0.14285714285714285,0.5279058934655068,30 to 34 years
4493,15298,0.7675714285714269,0.2857142857142857,0.4298703605241151,30 to 34 years
4494,18630,0.34611776579542014,0.8571428571428571,0.7068296180552331,30 to 34 years
4495,15521,0.8247142857142841,0.8571428571428571,0.6935155185171813,30 to 34 years
4496,16946,0.7961428571428555,0.5714285714285714,0.28462998892049396,30 to 34 years
4497,13363,0.8247142857142841,0.8571428571428571,0.5155673102475591,30 to 34 years
4498,17067,0.7532857142857126,0.14285714285714285,0.8481867972362065,30 to 34 years
4499,13619,0.7675714285714269,0.2857142857142857,0.1944348702975125,30 to 34 years
4500,13667,0.7961428571428555,0.5714285714285714,0.1680002736429641,30 to 34 years
4501,12061,0.7532857142857126,0.14285714285714285,0.09917351425343823,30 to 34 years
4502,14569,0.7675714285714269,0.2857142857142857,0.8982667273977358,30 to 34 years
4503,19982,0.7961428571428555,0.5714285714285714,0.6103303760414309,30 to 34 years
4504,16034,0.7961428571428555,0.5714285714285714,0.6944978914050979,30 to 34 years
4505,18755,0.8247142857142841,0.8571428571428571,0.1666671500609655,30 to 34 years
4506,18741,0.7675714285714269,0.2857142857142857,0.7315002039259024,30 to 34 years
4507,13690,0.7532857142857126,0.14285714285714285,0.4329507530732615,30 to 34 years
4508,16859,0.8389999999999983,1.0,0.055941624608479235,30 to 34 years
4509,18293,0.8247142857142841,0.8571428571428571,0.5717054575016348,30 to 34 years
4510,18068,0.7818571428571411,0.42857142857142855,0.7459100395673073,30 to 34 years
4511,13863,0.7961428571428555,0.5714285714285714,0.748477216884507,30 to 34 years
4512,19869,0.7675714285714269,0.2857142857142857,0.33803325581506627,30 to 34 years
4513,15602,0.8247142857142841,0.8571428571428571,0.5777314394412649,30 to 34 years
4514,14944,0.7961428571428555,0.5714285714285714,0.7253121979336824,30 to 34 years
4515,11528,0.6184945724115095,0.2857142857142857,0.8316101048679907,30 to 34 years
4516,16340,0.8389999999999983,1.0,0.8453637577700104,30 to 34 years
4517,13187,0.7532857142857126,0.14285714285714285,0.42550605860894075,30 to 34 years
4518,18192,0.7532857142857126,0.14285714285714285,0.27224464355410793,30 to 34 years
4519,12214,0.20780367892349144,0.2857142857142857,0.20998522180562845,30 to 34 years
4520,15343,0.28823170452394925,0.14285714285714285,0.4988922019457729,30 to 34 years
4521,13133,0.7675714285714269,0.2857142857142857,0.2747358865699794,30 to 34 years
4522,13295,0.8389999999999983,1.0,0.05349483549289946,30 to 34 years
4523,11468,0.8389999999999983,1.0,0.6049081366805638,30 to 34 years
4524,17260,0.7675714285714269,0.2857142857142857,0.4413988180060895,30 to 34 years
4525,17296,0.7532857142857126,0.14285714285714285,0.040297112073729824,30 to 34 years
4526,12684,0.7675714285714269,0.2857142857142857,0.8005420725045107,30 to 34 years
4527,13601,0.8104285714285697,0.7142857142857142,0.07773833474328229,30 to 34 years
4528,19246,0.7961428571428555,0.5714285714285714,0.6547297224204285,30 to 34 years
4529,12803,0.8247142857142841,0.8571428571428571,0.6196313089582131,30 to 34 years
4530,14874,0.8247142857142841,0.8571428571428571,0.5271120942937986,30 to 34 years
4531,15391,0.8247142857142841,0.8571428571428571,0.3608628065116206,30 to 34 years
4532,10124,0.7675714285714269,0.2857142857142857,0.6956999987596306,30 to 34 years
4533,19481,0.7961428571428555,0.5714285714285714,0.16952706106344845,30 to 34 years
4534,19693,0.7961428571428555,0.5714285714285714,0.7538764413218391,30 to 34 years
4535,14013,0.7532857142857126,0.14285714285714285,0.30197974713275677,30 to 34 years
4536,12043,0.7818571428571411,0.42857142857142855,0.25064858696874676,30 to 34 years
4537,16625,0.7961428571428555,0.5714285714285714,0.868785921430016,30 to 34 years
4538,17575,0.7675714285714269,0.2857142857142857,0.7989234746874003,30 to 34 years
4539,11378,0.7675714285714269,0.2857142857142857,0.4511617626886627,30 to 34 years
4540,13648,0.7532857142857126,0.14285714285714285,0.4901465664367503,30 to 34 years
4541,18169,0.8389999999999983,1.0,0.1638659958761483,30 to 34 years
4542,11004,0.7818571428571411,0.42857142857142855,0.048514586621988154,30 to 34 years
4543,15199,0.0,0.5714285714285714,0.7359270958960955,30 to 34 years
4544,12409,0.7961428571428555,0.5714285714285714,0.7969075536836225,30 to 34 years
4545,13912,0.7532857142857126,0.14285714285714285,0.22014545449675427,30 to 34 years
4546,18207,0.7675714285714269,0.2857142857142857,0.6173333767384162,30 to 34 years
4547,13642,0.7532857142857126,0.14285714285714285,0.4614958920714872,30 to 34 years
4548,17969,0.7675714285714269,0.2857142857142857,0.22970388123987995,30 to 34 years
4549,18567,0.7675714285714269,0.2857142857142857,0.7371502489570647,30 to 34 years
4550,15141,0.7532857142857126,0.14285714285714285,0.7164361967966183,30 to 34 years
4551,16791,0.7675714285714269,0.2857142857142857,0.8536351448068726,30 to 34 years
4552,16596,0.8247142857142841,0.8571428571428571,0.43314240687124256,30 to 34 years
4553,10054,0.8247142857142841,0.8571428571428571,0.5653796848287995,30 to 34 years
4554,18581,0.7675714285714269,0.2857142857142857,0.8617038565300894,30 to 34 years
4555,10182,0.8247142857142841,0.8571428571428571,0.7118485267119603,30 to 34 years
4556,17300,0.7532857142857126,0.14285714285714285,0.3147615602889887,30 to 34 years
4557,16558,0.8247142857142841,0.8571428571428571,0.8888883562235099,30 to 34 years
4558,14343,0.7532857142857126,0.14285714285714285,0.4874024074142087,30 to 34 years
4559,13584,0.7961428571428555,0.5714285714285714,0.6798329933984419,30 to 34 years
4560,10948,0.7532857142857126,0.14285714285714285,0.38386018731718485,30 to 34 years
4561,11675,0.8247142857142841,0.8571428571428571,0.6699935204247727,30 to 34 years
4562,10129,0.7532857142857126,0.14285714285714285,0.8991532098876907,30 to 34 years
4563,18562,0.36914006630237756,0.2857142857142857,0.13029309731399757,30 to 34 years
4564,10085,0.7675714285714269,0.2857142857142857,0.5128190394657645,30 to 34 years
4565,18255,0.7818571428571411,0.42857142857142855,0.5918467146328027,30 to 34 years
4566,19142,0.8247142857142841,0.8571428571428571,0.7776739319023099,30 to 34 years
4567,17742,0.7675714285714269,0.2857142857142857,0.5398064788792829,30 to 34 years
4568,12917,0.8247142857142841,0.8571428571428571,0.3657071526630752,30 to 34 years
4569,18228,0.7532857142857126,0.14285714285714285,0.45336351118737256,30 to 34 years
4570,12862,0.7675714285714269,0.2857142857142857,0.5528297827653501,30 to 34 years
4571,18928,0.7675714285714269,0.2857142857142857,0.16105267960966496,30 to 34 years
4572,15292,0.7961428571428555,0.5714285714285714,0.7551308480785217,30 to 34 years
4573,14068,0.7532857142857126,0.14285714285714285,0.5230553711743412,30 to 34 years
4574,14250,0.7532857142857126,0.14285714285714285,0.20126187057398526,30 to 34 years
4575,11072,0.8247142857142841,0.8571428571428571,0.4494292952995463,30 to 34 years
4576,12436,0.7818571428571411,0.42857142857142855,0.9679152331450283,30 to 34 years
4577,14707,0.8389999999999983,1.0,0.7727130361511663,30 to 34 years
4578,16632,0.7532857142857126,0.14285714285714285,0.7923200981376517,30 to 34 years
4579,18043,0.7675714285714269,0.2857142857142857,0.4393494383185791,30 to 34 years
4580,14679,0.7961428571428555,0.5714285714285714,0.9683135693149295,30 to 34 years
4581,18548,0.8389999999999983,1.0,0.011386325906198147,30 to 34 years
4582,15024,0.8247142857142841,0.8571428571428571,0.0890506216075817,30 to 34 years
4583,19422,0.7532857142857126,0.14285714285714285,0.4436073721140831,30 to 34 years
4584,16785,0.7961428571428555,0.5714285714285714,0.81891507274125,30 to 34 years
4585,10490,0.7675714285714269,0.2857142857142857,0.5176026739674249,30 to 34 years
4586,12922,0.7675714285714269,0.2857142857142857,0.22606064848669893,30 to 34 years
4587,11423,0.7532857142857126,0.14285714285714285,0.4660179572880315,30 to 34 years
4588,18814,0.7532857142857126,0.14285714285714285,0.2486288617523288,30 to 34 years
4589,19175,0.8247142857142841,0.8571428571428571,0.9694606766035418,30 to 34 years
4590,11312,0.7961428571428555,0.5714285714285714,0.5454705842301464,30 to 34 years
4591,13283,0.8104285714285697,0.7142857142857142,0.4393751649318055,30 to 34 years
4592,15975,0.8389999999999983,1.0,0.0008706109290225195,30 to 34 years
4593,12565,0.7532857142857126,0.14285714285714285,0.9542973187341209,30 to 34 years
4594,15904,0.7818571428571411,0.42857142857142855,0.8942553465932677,30 to 34 years
4595,19505,0.7818571428571411,0.42857142857142855,0.5575930584637495,30 to 34 years
4596,14451,0.4178024199857826,0.14285714285714285,0.7947909446464697,30 to 34 years
4597,14028,0.7675714285714269,0.2857142857142857,0.7414011864968582,30 to 34 years
4598,14104,0.7961428571428555,0.5714285714285714,0.22741425360519546,30 to 34 years
4599,14934,0.7675714285714269,0.2857142857142857,0.766674226314956,30 to 34 years
4600,17431,0.7675714285714269,0.2857142857142857,0.2052754837880149,30 to 34 years
4601,15567,0.7675714285714269,0.2857142857142857,0.3719068180717382,30 to 34 years
4602,13884,0.7532857142857126,0.14285714285714285,0.5306971668595326,30 to 34 years
4603,10946,0.7532857142857126,0.14285714285714285,0.09533579022405292,30 to 34 years
4604,15884,0.7675714285714269,0.2857142857142857,0.4899159342719265,30 to 34 years
4605,13555,0.7532857142857126,0.14285714285714285,0.5113296388551036,30 to 34 years
4606,17819,0.7961428571428555,0.5714285714285714,0.6898558509243726,30 to 34 years
4607,13217,0.8247142857142841,0.8571428571428571,0.3520360807032682,30 to 34 years
4608,19262,0.7532857142857126,0.14285714285714285,0.04773247824135757,30 to 34 years
4609,14005,0.7675714285714269,0.2857142857142857,0.9019373901486518,30 to 34 years
4610,10713,0.7675714285714269,0.2857142857142857,0.5977477867595558,30 to 34 years
4611,16363,0.7532857142857126,0.14285714285714285,0.6153748830086709,30 to 34 years
4612,15610,0.7675714285714269,0.2857142857142857,0.8192693381839755,30 to 34 years
4613,12360,0.7675714285714269,0.2857142857142857,0.9397151549841336,30 to 34 years
4614,13388,0.7961428571428555,0.5714285714285714,0.9677961409979327,30 to 34 years
4615,18307,0.7675714285714269,0.2857142857142857,0.5233154085005437,30 to 34 years
4616,18705,0.8247142857142841,0.8571428571428571,0.26093107093523366,30 to 34 years
4617,15277,0.8247142857142841,0.8571428571428571,0.02826134948794201,30 to 34 years
4618,12952,0.7961428571428555,0.5714285714285714,0.7984541497984103,30 to 34 years
4619,14720,0.7961428571428555,0.5714285714285714,0.2526759758608516,30 to 34 years
4620,18467,0.19962968145529114,0.2857142857142857,0.9189078858921682,30 to 34 years
4621,19872,0.8104285714285697,0.7142857142857142,0.6773674255673688,30 to 34 years
4622,11747,0.8389999999999983,1.0,0.5430890853696747,30 to 34 years
4623,11507,0.7961428571428555,0.5714285714285714,0.41171101568956237,30 to 34 years
4624,12467,0.7961428571428555,0.5714285714285714,0.40605210511954204,30 to 34 years
4625,13308,0.7532857142857126,0.14285714285714285,0.21403012893573647,30 to 34 years
4626,15871,0.47567800937723914,0.14285714285714285,0.4544091783189635,30 to 34 years
4627,10215,0.7961428571428555,0.5714285714285714,0.35395396232167253,30 to 34 years
4628,19581,0.8247142857142841,0.8571428571428571,0.37603357882544586,30 to 34 years
4629,12470,0.7961428571428555,0.5714285714285714,0.7317808791495117,30 to 34 years
4630,12266,0.7675714285714269,0.2857142857142857,0.5280287387206234,30 to 34 years
4631,16831,0.7961428571428555,0.5714285714285714,0.4655498536841253,30 to 34 years
4632,14148,0.7675714285714269,0.2857142857142857,0.7000253943041783,30 to 34 years
4633,13588,0.7675714285714269,0.2857142857142857,0.7365315625941264,30 to 34 years
4634,18499,0.7675714285714269,0.2857142857142857,0.6746027110083472,30 to 34 years
4635,15039,0.7961428571428555,0.5714285714285714,0.009273868346085679,30 to 34 years
4636,15652,0.8247142857142841,0.8571428571428571,0.9347332425520953,30 to 34 years
4637,12218,0.7675714285714269,0.2857142857142857,0.4385264198415594,30 to 34 years
4638,14782,0.7675714285714269,0.2857142857142857,0.47050880766607645,30 to 34 years
4639,12768,0.7675714285714269,0.2857142857142857,0.5938810187665782,30 to 34 years
4640,18732,0.8247142857142841,0.8571428571428571,0.8717826223523648,30 to 34 years
4641,10103,0.40425568903130155,0.5714285714285714,0.24437516442094448,30 to 34 years
4642,15763,0.8389999999999983,1.0,0.8457469877355137,30 to 34 years
4643,15537,0.7532857142857126,0.14285714285714285,0.7725355732764217,30 to 34 years
4644,14024,0.7675714285714269,0.2857142857142857,0.8694250541654276,30 to 34 years
4645,18278,0.8104285714285697,0.7142857142857142,0.8058904595095937,30 to 34 years
4646,12526,0.7532857142857126,0.14285714285714285,0.6154121834724561,30 to 34 years
4647,19274,0.8389999999999983,1.0,0.821567833470955,30 to 34 years
4648,13169,0.7961428571428555,0.5714285714285714,0.06036052460667185,30 to 34 years
4649,16137,0.8247142857142841,0.8571428571428571,0.3809430971647919,30 to 34 years
4650,17048,0.7532857142857126,0.14285714285714285,0.7539774759792308,30 to 34 years
4651,13212,0.7675714285714269,0.2857142857142857,0.3731689027557876,30 to 34 years
4652,18925,0.8247142857142841,0.8571428571428571,0.7736513154164563,30 to 34 years
4653,10433,0.7961428571428555,0.5714285714285714,0.21105219291101124,30 to 34 years
4654,15874,0.7532857142857126,0.14285714285714285,0.8161818520821252,30 to 34 years
4655,16194,0.7675714285714269,0.2857142857142857,0.651854121565228,30 to 34 years
4656,17616,0.7675714285714269,0.2857142857142857,0.4005467514555998,30 to 34 years
4657,10388,0.8247142857142841,0.8571428571428571,0.9006994689549086,30 to 34 years
4658,12300,0.8247142857142841,0.8571428571428571,0.8494038445736686,30 to 34 years
4659,16429,0.7961428571428555,0.5714285714285714,0.3447809318426357,30 to 34 years
4660,19136,0.8104285714285697,0.7142857142857142,0.4289250916412788,30 to 34 years
4661,10448,0.7532857142857126,0.14285714285714285,0.8640743529840972,30 to 34 years
4662,10710,0.7532857142857126,0.14285714285714285,0.015287116707750403,30 to 34 years
4663,13530,0.7961428571428555,0.5714285714285714,0.8968230635075107,30 to 34 years
4664,11215,0.7532857142857126,0.14285714285714285,0.5953671999449093,30 to 34 years
4665,19316,0.8247142857142841,0.8571428571428571,0.861973059596877,30 to 34 years
4666,19780,0.8389999999999983,1.0,0.7584738248720901,30 to 34 years
4667,16306,0.8247142857142841,0.8571428571428571,0.5364815458653857,30 to 34 years
4668,18968,0.7532857142857126,0.14285714285714285,0.8732371695068561,30 to 34 years
4669,19726,0.7961428571428555,0.5714285714285714,0.1338298390961543,30 to 34 years
4670,12456,0.8247142857142841,0.8571428571428571,0.599233982627592,30 to 34 years
4671,17241,0.8247142857142841,0.8571428571428571,0.5332569675189585,30 to 34 years
4672,14025,0.7961428571428555,0.5714285714285714,0.16471033609566288,30 to 34 years
4673,13413,0.7675714285714269,0.2857142857142857,0.9452699298212637,30 to 34 years
4674,19087,0.7532857142857126,0.14285714285714285,0.4173633274159769,30 to 34 years
4675,13256,0.7675714285714269,0.2857142857142857,0.612708369190915,30 to 34 years
4676,13631,0.7675714285714269,0.2857142857142857,0.654003847087446,30 to 34 years
4677,19586,0.7818571428571411,0.42857142857142855,0.3963031023493941,30 to 34 years
4678,10505,0.7675714285714269,0.2857142857142857,0.39307266353792636,30 to 34 years
4679,16992,0.7675714285714269,0.2857142857142857,0.13945794601299782,30 to 34 years
4680,14167,0.7675714285714269,0.2857142857142857,0.6388530644432944,30 to 34 years
4681,14468,0.7961428571428555,0.5714285714285714,0.4416191607648224,30 to 34 years
4682,17054,0.7532857142857126,0.14285714285714285,0.37177440700779896,30 to 34 years
4683,16074,0.7532857142857126,0.14285714285714285,0.17465869826368058,30 to 34 years
4684,12549,0.7532857142857126,0.14285714285714285,0.3969469359050227,30 to 34 years
4685,19690,0.7675714285714269,0.2857142857142857,0.6425216200304582,30 to 34 years
4686,13677,0.7532857142857126,0.14285714285714285,0.42265160545559877,30 to 34 years
4687,18494,0.8247142857142841,0.8571428571428571,0.1702584517401038,30 to 34 years
4688,13013,0.7532857142857126,0.14285714285714285,0.04234498049395391,30 to 34 years
4689,12752,0.8247142857142841,0.8571428571428571,0.510909467853631,30 to 34 years
4690,17461,0.7818571428571411,0.42857142857142855,0.9226576555842128,30 to 34 years
4691,10350,0.7818571428571411,0.42857142857142855,0.39087141172214873,30 to 34 years
4692,14426,0.30095471473247215,0.2857142857142857,0.5622391626736079,30 to 34 years
4693,12872,0.7675714285714269,0.2857142857142857,0.8351962388236462,30 to 34 years
4694,12312,0.7532857142857126,0.14285714285714285,0.7487041173539885,30 to 34 years
4695,11792,0.7532857142857126,0.14285714285714285,0.401992776154271,30 to 34 years
4696,15634,0.8247142857142841,0.8571428571428571,0.9171809137890699,30 to 34 years
4697,10451,0.7532857142857126,0.14285714285714285,0.13440199952269638,30 to 34 years
4698,14911,0.8247142857142841,0.8571428571428571,0.31207575527999803,30 to 34 years
4699,10484,0.7961428571428555,0.5714285714285714,0.8798736543465646,30 to 34 years
4700,11490,0.7532857142857126,0.14285714285714285,0.6379578651712695,30 to 34 years
4701,17800,0.8247142857142841,0.8571428571428571,0.037581327850291,30 to 34 years
4702,15110,0.7961428571428555,0.5714285714285714,0.4220200686808142,30 to 34 years
4703,12332,0.7532857142857126,0.14285714285714285,0.5155366600909219,30 to 34 years
4704,11330,0.7961428571428555,0.5714285714285714,0.2860823089693377,30 to 34 years
4705,15898,0.8247142857142841,0.8571428571428571,0.005857490025733658,30 to 34 years
4706,19877,0.7961428571428555,0.5714285714285714,0.5333913286197268,30 to 34 years
4707,11544,0.7675714285714269,0.2857142857142857,0.882147677059479,30 to 34 years
4708,11272,0.7532857142857126,0.14285714285714285,0.4668747994535763,30 to 34 years
4709,19135,0.7532857142857126,0.14285714285714285,0.4109704695222822,30 to 34 years
4710,11722,0.7532857142857126,0.14285714285714285,0.6348721903460929,30 to 34 years
4711,19641,0.7675714285714269,0.2857142857142857,0.6657562787142195,30 to 34 years
4712,11175,0.7675714285714269,0.2857142857142857,0.42203999200844566,30 to 34 years
4713,12544,0.7675714285714269,0.2857142857142857,0.49397524820290156,30 to 34 years
4714,16480,0.7675714285714269,0.2857142857142857,0.054563955991480506,30 to 34 years
4715,16381,0.7532857142857126,0.14285714285714285,0.8757117817930368,30 to 34 years
4716,13919,0.8389999999999983,1.0,0.4006584636419205,30 to 34 years
4717,19981,0.8104285714285697,0.7142857142857142,0.15328141918854365,30 to 34 years
4718,17101,0.7532857142857126,0.14285714285714285,0.9261331293070449,30 to 34 years
4719,11814,0.7961428571428555,0.5714285714285714,0.6086751785141782,30 to 34 years
4720,11660,0.7961428571428555,0.5714285714285714,0.2776709712596813,30 to 34 years
4721,11008,0.7961428571428555,0.5714285714285714,0.8479723897795617,30 to 34 years
4722,15467,0.8389999999999983,1.0,0.19004391311643976,30 to 34 years
4723,10547,0.7532857142857126,0.14285714285714285,0.590973650974494,30 to 34 years
4724,18103,0.7961428571428555,0.5714285714285714,0.25035662103209805,30 to 34 years
4725,18800,0.7961428571428555,0.5714285714285714,0.8226189212137516,30 to 34 years
4726,19747,0.7961428571428555,0.5714285714285714,0.4005829245325036,30 to 34 years
4727,10802,0.7675714285714269,0.2857142857142857,0.5667569746116446,30 to 34 years
4728,17853,0.8104285714285697,0.7142857142857142,0.856078949457892,30 to 34 years
4729,17217,0.8247142857142841,0.8571428571428571,0.8880651766721742,30 to 34 years
4730,12421,0.7532857142857126,0.14285714285714285,0.015595346079535055,30 to 34 years
4731,12422,0.7818571428571411,0.42857142857142855,0.7925270208043604,30 to 34 years
4732,13761,0.7675714285714269,0.2857142857142857,0.10520010198191887,30 to 34 years
4733,15213,0.7961428571428555,0.5714285714285714,0.8786284520675431,30 to 34 years
4734,18424,0.8247142857142841,0.8571428571428571,0.9357662782076279,30 to 34 years
4735,19028,0.7675714285714269,0.2857142857142857,0.5709485537729926,30 to 34 years
4736,19234,0.7675714285714269,0.2857142857142857,0.6521690977577377,30 to 34 years
4737,10634,0.7961428571428555,0.5714285714285714,0.4525583039558473,30 to 34 years
4738,18945,0.8389999999999983,1.0,0.4475271019486737,30 to 34 years
4739,18078,0.7675714285714269,0.2857142857142857,0.2132431595966085,30 to 34 years
4740,12285,0.8247142857142841,0.8571428571428571,0.6027302768433633,30 to 34 years
4741,10756,0.8247142857142841,0.8571428571428571,0.860991541825362,30 to 34 years
4742,12210,0.7961428571428555,0.5714285714285714,0.7804970799877087,30 to 34 years
4743,17265,0.7532857142857126,0.14285714285714285,0.04097425425929285,30 to 34 years
4744,16969,0.7675714285714269,0.2857142857142857,0.33931992783416753,30 to 34 years
4745,11002,0.7675714285714269,0.2857142857142857,0.12106337417423707,30 to 34 years
4746,12710,0.7675714285714269,0.2857142857142857,0.3415016255303907,30 to 34 years
4747,19424,0.7961428571428555,0.5714285714285714,0.4628763104802886,30 to 34 years
4748,16268,0.7532857142857126,0.14285714285714285,0.7036436266772421,30 to 34 years
4749,15687,0.8389999999999983,1.0,0.831078195309974,30 to 34 years
4750,10657,0.7961428571428555,0.5714285714285714,0.8660581227151798,30 to 34 years
4751,19358,0.7532857142857126,0.14285714285714285,0.5200765107972873,30 to 34 years
4752,18403,0.7961428571428555,0.5714285714285714,0.5654911656617048,30 to 34 years
4753,12136,0.7675714285714269,0.2857142857142857,0.5443033787862299,30 to 34 years
4754,15393,0.7675714285714269,0.2857142857142857,0.6222250780470805,30 to 34 years
4755,14190,0.7675714285714269,0.2857142857142857,0.5190997186380821,30 to 34 years
4756,14302,0.7675714285714269,0.2857142857142857,0.12945249222622224,30 to 34 years
4757,14830,0.8247142857142841,0.8571428571428571,0.05813521460528648,30 to 34 years
4758,11548,0.7961428571428555,0.5714285714285714,0.7912451133427849,30 to 34 years
4759,14521,0.7675714285714269,0.2857142857142857,0.5096656074339094,30 to 34 years
4760,10471,0.7675714285714269,0.2857142857142857,0.6514683230426023,30 to 34 years
4761,12271,0.8389999999999983,1.0,0.5480794074209056,30 to 34 years
4762,17157,0.8247142857142841,0.8571428571428571,0.6361494613837372,30 to 34 years
4763,18457,0.7961428571428555,0.5714285714285714,0.4335553616122256,30 to 34 years
4764,17882,0.8247142857142841,0.8571428571428571,0.14959961100683544,30 to 34 years
4765,19593,0.7818571428571411,0.42857142857142855,0.9058337216465381,30 to 34 years
4766,13823,0.7675714285714269,0.2857142857142857,0.5990380094758025,30 to 34 years
4767,14016,0.7675714285714269,0.2857142857142857,0.919166441571338,30 to 34 years
4768,12276,0.7532857142857126,0.14285714285714285,0.0077349593606586,30 to 34 years
4769,15510,0.7532857142857126,0.14285714285714285,0.060207888640248786,30 to 34 years
4770,15885,0.7818571428571411,0.42857142857142855,0.23548290701608993,30 to 34 years
4771,19938,0.7675714285714269,0.2857142857142857,0.4957375282965058,30 to 34 years
4772,16956,0.8247142857142841,0.8571428571428571,0.560458387869414,30 to 34 years
4773,13257,0.7818571428571411,0.42857142857142855,0.2573513556859191,30 to 34 years
4774,14004,0.7961428571428555,0.5714285714285714,0.4359777855050806,30 to 34 years
4775,18938,0.7961428571428555,0.5714285714285714,0.38719806321347655,30 to 34 years
4776,16836,0.8247142857142841,0.8571428571428571,0.36145787216893643,30 to 34 years
4777,13326,0.5254823660786818,0.14285714285714285,0.5069709158447188,30 to 34 years
4778,16212,0.8247142857142841,0.8571428571428571,0.5065623235925841,30 to 34 years
4779,12814,0.7961428571428555,0.5714285714285714,0.9139248215276953,30 to 34 years
4780,13974,0.7961428571428555,0.5714285714285714,0.23525671217741118,30 to 34 years
4781,19790,0.7818571428571411,0.42857142857142855,0.061683140343161136,30 to 34 years
4782,15527,0.7532857142857126,0.14285714285714285,0.9083290566253281,30 to 34 years
4783,13394,0.7675714285714269,0.2857142857142857,0.18886802185981355,30 to 34 years
4784,12335,0.7961428571428555,0.5714285714285714,0.9252157731980297,30 to 34 years
4785,13167,0.7675714285714269,0.2857142857142857,0.7742928873627398,30 to 34 years
4786,15366,0.7818571428571411,0.42857142857142855,0.27903889676526944,30 to 34 years
4787,12766,0.7961428571428555,0.5714285714285714,0.6356934205987407,30 to 34 years
4788,12314,0.7961428571428555,0.5714285714285714,0.42940074774548037,30 to 34 years
4789,18246,0.7675714285714269,0.2857142857142857,0.46078888349137026,30 to 34 years
4790,18513,0.8389999999999983,1.0,0.6579751007727732,30 to 34 years
4791,14770,0.7818571428571411,0.42857142857142855,0.38531877117373703,30 to 34 years
4792,19866,0.7961428571428555,0.5714285714285714,0.8469515265546359,30 to 34 years
4793,16869,0.7961428571428555,0.5714285714285714,0.7056744944936808,30 to 34 years
4794,10355,0.7675714285714269,0.2857142857142857,0.9885274012986079,30 to 34 years
4795,10839,0.7675714285714269,0.2857142857142857,0.6181651544366958,30 to 34 years
4796,17851,0.8247142857142841,0.8571428571428571,0.02259218331772883,30 to 34 years
4797,16284,0.8389999999999983,1.0,0.6973094794341369,30 to 34 years
4798,16150,0.7532857142857126,0.14285714285714285,0.5727995682668829,30 to 34 years
4799,12964,0.8104285714285697,0.7142857142857142,0.2451718128165069,30 to 34 years
4800,18069,0.7818571428571411,0.42857142857142855,0.5696836405119461,30 to 34 years
4801,11086,0.7961428571428555,0.5714285714285714,0.8195269418336698,30 to 34 years
4802,19338,0.7961428571428555,0.5714285714285714,0.2534895241704351,30 to 34 years
4803,16437,0.8247142857142841,0.8571428571428571,0.002953124416410269,30 to 34 years
4804,10534,0.7675714285714269,0.2857142857142857,0.9095246571804587,30 to 34 years
4805,14594,0.7675714285714269,0.2857142857142857,0.8105886754092673,30 to 34 years
4806,15249,0.7818571428571411,0.42857142857142855,0.5272505882359323,30 to 34 years
4807,18319,0.7675714285714269,0.2857142857142857,0.7969421319944933,30 to 34 years
4808,12916,0.7818571428571411,0.42857142857142855,0.7772317154213387,30 to 34 years
4809,15464,0.7675714285714269,0.2857142857142857,0.6579443109894271,30 to 34 years
4810,15284,0.7818571428571411,0.42857142857142855,0.4334277206789657,30 to 34 years
4811,17187,0.7532857142857126,0.14285714285714285,0.680116178232262,30 to 34 years
4812,18950,0.7675714285714269,0.2857142857142857,0.5670924006111603,30 to 34 years
4813,18860,0.7675714285714269,0.2857142857142857,0.7910637235162709,30 to 34 years
4814,16870,0.7675714285714269,0.2857142857142857,0.38917772581630183,30 to 34 years
4815,19134,0.7818571428571411,0.42857142857142855,0.5798678555702631,30 to 34 years
4816,11387,0.7675714285714269,0.2857142857142857,0.6065152841172499,30 to 34 years
4817,11973,0.2834714867587036,0.2857142857142857,0.8053165330274081,30 to 34 years
4818,11946,0.8389999999999983,1.0,0.9713053290291593,30 to 34 years
4819,10640,0.7818571428571411,0.42857142857142855,0.3546935110085617,30 to 34 years
4820,18392,0.7675714285714269,0.2857142857142857,0.45541865149927435,30 to 34 years
4821,16629,0.7675714285714269,0.2857142857142857,0.4237527575923262,30 to 34 years
4822,18463,0.8389999999999983,1.0,0.22627641915611568,30 to 34 years
4823,10239,0.42269355511621404,0.42857142857142855,0.4727481436306168,30 to 34 years
4824,10786,0.7675714285714269,0.2857142857142857,0.6784030222419747,30 to 34 years
4825,15058,0.7961428571428555,0.5714285714285714,0.21570127637859332,30 to 34 years
4826,14992,0.8247142857142841,0.8571428571428571,0.7441779494792117,30 to 34 years
4827,16564,0.7961428571428555,0.5714285714285714,0.7783322659096475,30 to 34 years
4828,18672,0.8389999999999983,1.0,0.46383344419184247,30 to 34 years
4829,19786,0.8104285714285697,0.7142857142857142,0.5685515146276797,30 to 34 years
4830,15728,0.8247142857142841,0.8571428571428571,0.76657873226322,30 to 34 years
4831,14157,0.8104285714285697,0.7142857142857142,0.5857023688257955,30 to 34 years
4832,10459,0.7675714285714269,0.2857142857142857,0.8041942530836981,30 to 34 years
4833,11608,0.7818571428571411,0.42857142857142855,0.650673821890465,30 to 34 years
4834,13146,0.7961428571428555,0.5714285714285714,0.06326592384726148,30 to 34 years
4835,19997,0.7675714285714269,0.2857142857142857,0.11241475997833472,30 to 34 years
4836,13158,0.7675714285714269,0.2857142857142857,0.5210054079320174,30 to 34 years
4837,17416,0.7532857142857126,0.14285714285714285,0.48074717723098576,30 to 34 years
4838,19352,0.3566718258627066,0.2857142857142857,0.2094698690911888,30 to 34 years
4839,10770,0.7675714285714269,0.2857142857142857,0.889578025252362,30 to 34 years
4840,17292,0.7675714285714269,0.2857142857142857,0.7677838857095206,30 to 34 years
4841,14462,0.8247142857142841,0.8571428571428571,0.1361896171797511,30 to 34 years
4842,11525,0.7818571428571411,0.42857142857142855,0.8296314701668129,30 to 34 years
4843,17859,0.7532857142857126,0.14285714285714285,0.049229477640161945,30 to 34 years
4844,10791,0.7961428571428555,0.5714285714285714,0.269306861032722,30 to 34 years
4845,12790,0.7675714285714269,0.2857142857142857,0.43588741149278903,30 to 34 years
4846,18535,0.8247142857142841,0.8571428571428571,0.6845443961748787,30 to 34 years
4847,14653,0.7675714285714269,0.2857142857142857,0.8316358834875763,30 to 34 years
4848,15829,0.8389999999999983,1.0,0.844358933669683,30 to 34 years
4849,16857,0.7532857142857126,0.14285714285714285,0.5420115502041486,30 to 34 years
4850,18272,0.7532857142857126,0.14285714285714285,0.6625614320293943,30 to 34 years
4851,17842,0.7818571428571411,0.42857142857142855,0.022599033019072068,30 to 34 years
4852,13806,0.7675714285714269,0.2857142857142857,0.42120406167745666,30 to 34 years
4853,10823,0.7818571428571411,0.42857142857142855,0.8129171432963742,30 to 34 years
4854,14374,0.7675714285714269,0.2857142857142857,0.5958244559955698,30 to 34 years
4855,12826,0.7818571428571411,0.42857142857142855,0.2774679041797076,30 to 34 years
4856,12853,0.7532857142857126,0.14285714285714285,0.2460134846482231,30 to 34 years
4857,16552,0.7961428571428555,0.5714285714285714,0.968946561992743,30 to 34 years
4858,15123,0.8247142857142841,0.8571428571428571,0.766537309017415,30 to 34 years
4859,12703,0.8389999999999983,1.0,0.4360572670695618,30 to 34 years
4860,11061,0.8389999999999983,1.0,0.6991469558136283,30 to 34 years
4861,19745,0.7532857142857126,0.14285714285714285,0.244007497645033,30 to 34 years
4862,16805,0.8247142857142841,0.8571428571428571,0.8191766311791281,30 to 34 years
4863,17093,0.7532857142857126,0.14285714285714285,0.3982379950700591,30 to 34 years
4864,11634,0.7675714285714269,0.2857142857142857,0.2525055133807274,30 to 34 years
4865,15789,0.7961428571428555,0.5714285714285714,0.9511630628530445,30 to 34 years
4866,19969,0.7675714285714269,0.2857142857142857,0.17739597456678524,30 to 34 years
4867,15831,0.7445714285714239,0.2857142857142857,0.6841206483374496,35 to 39 years
4868,14713,0.7445714285714239,0.2857142857142857,0.861325209396981,35 to 39 years
4869,16684,0.7588571428571381,0.42857142857142855,0.6502476881793912,35 to 39 years
4870,10258,0.7588571428571381,0.42857142857142855,0.45986547773402375,35 to 39 years
4871,13472,0.801714285714281,0.8571428571428571,0.22284452279165695,35 to 39 years
4872,17582,0.8159999999999953,1.0,0.3234854118785482,35 to 39 years
4873,17690,0.7445714285714239,0.2857142857142857,0.2584826410122421,35 to 39 years
4874,19669,0.5965404549124333,0.14285714285714285,0.8011252355019434,35 to 39 years
4875,12700,0.36569922059582055,0.2857142857142857,0.331154398983904,35 to 39 years
4876,12129,0.7731428571428525,0.5714285714285714,0.5090584779450865,35 to 39 years
4877,13519,0.7445714285714239,0.2857142857142857,0.24206252384871813,35 to 39 years
4878,10664,0.7445714285714239,0.2857142857142857,0.6626266821828195,35 to 39 years
4879,10059,0.801714285714281,0.8571428571428571,0.35602001332607924,35 to 39 years
4880,17391,0.8159999999999953,1.0,0.14208847601981994,35 to 39 years
4881,16817,0.7588571428571381,0.42857142857142855,0.8970192344305846,35 to 39 years
4882,19146,0.801714285714281,0.8571428571428571,0.3967878905877678,35 to 39 years
4883,17269,0.7302857142857095,0.14285714285714285,0.10529341889017046,35 to 39 years
4884,18244,0.7731428571428525,0.5714285714285714,0.09614510533660475,35 to 39 years
4885,11975,0.7302857142857095,0.14285714285714285,0.1961483812229275,35 to 39 years
4886,12313,0.7445714285714239,0.2857142857142857,0.8177183520813949,35 to 39 years
4887,19101,0.7588571428571381,0.42857142857142855,0.8719924372953708,35 to 39 years
4888,12177,0.7588571428571381,0.42857142857142855,0.8709984673084765,35 to 39 years
4889,12450,0.7445714285714239,0.2857142857142857,0.6041796103096233,35 to 39 years
4890,14688,0.7445714285714239,0.2857142857142857,0.996700424842121,35 to 39 years
4891,10480,0.7731428571428525,0.5714285714285714,0.9805669756866664,35 to 39 years
4892,12923,0.801714285714281,0.8571428571428571,0.183888976101597,35 to 39 years
4893,11889,0.7302857142857095,0.14285714285714285,0.7482071861823513,35 to 39 years
4894,15415,0.7731428571428525,0.5714285714285714,0.37324544157535744,35 to 39 years
4895,17588,0.7588571428571381,0.42857142857142855,0.34838968551634575,35 to 39 years
4896,11680,0.7302857142857095,0.14285714285714285,0.9950485640007636,35 to 39 years
4897,14036,0.7445714285714239,0.2857142857142857,0.0445676028239656,35 to 39 years
4898,15570,0.7731428571428525,0.5714285714285714,0.07238113728455109,35 to 39 years
4899,18117,0.7588571428571381,0.42857142857142855,0.23092837022258061,35 to 39 years
4900,15397,0.7731428571428525,0.5714285714285714,0.7246690529572972,35 to 39 years
4901,10980,0.7445714285714239,0.2857142857142857,0.5844145532646191,35 to 39 years
4902,19713,0.7445714285714239,0.2857142857142857,0.734381872696494,35 to 39 years
4903,11960,0.7445714285714239,0.2857142857142857,0.655324687950949,35 to 39 years
4904,18035,0.7874285714285667,0.7142857142857142,0.9432411473348434,35 to 39 years
4905,17707,0.7302857142857095,0.14285714285714285,0.021211798666207704,35 to 39 years
4906,10789,0.7731428571428525,0.5714285714285714,0.4727073700776179,35 to 39 years
4907,11125,0.7874285714285667,0.7142857142857142,0.3545701916681888,35 to 39 years
4908,19364,0.7588571428571381,0.42857142857142855,0.7711724351485492,35 to 39 years
4909,16685,0.7302857142857095,0.14285714285714285,0.4064083318137757,35 to 39 years
4910,14903,0.7588571428571381,0.42857142857142855,0.1639883350135682,35 to 39 years
4911,16624,0.7731428571428525,0.5714285714285714,0.9110703918248833,35 to 39 years
4912,13134,0.7731428571428525,0.5714285714285714,0.8393012411699146,35 to 39 years
4913,19682,0.801714285714281,0.8571428571428571,0.5616702146087794,35 to 39 years
4914,17581,0.8159999999999953,1.0,0.932266353018578,35 to 39 years
4915,19951,0.7588571428571381,0.42857142857142855,0.24066333883508828,35 to 39 years
4916,18514,0.7731428571428525,0.5714285714285714,0.38872683450488643,35 to 39 years
4917,16094,0.7445714285714239,0.2857142857142857,0.42839790551949064,35 to 39 years
4918,12473,0.7731428571428525,0.5714285714285714,0.9825342172844497,35 to 39 years
4919,16284,0.8159999999999953,1.0,0.6973094794341369,35 to 39 years
4920,13789,0.801714285714281,0.8571428571428571,0.2330935121170596,35 to 39 years
4921,18606,0.8159999999999953,1.0,0.6498387760826243,35 to 39 years
4922,18580,0.7445714285714239,0.2857142857142857,0.3906936634977982,35 to 39 years
4923,19315,0.7302857142857095,0.14285714285714285,0.929899513822176,35 to 39 years
4924,10808,0.7588571428571381,0.42857142857142855,0.9188773761819156,35 to 39 years
4925,15974,0.7302857142857095,0.14285714285714285,0.7849588317538841,35 to 39 years
4926,10500,0.7731428571428525,0.5714285714285714,0.14383327305842836,35 to 39 years
4927,17620,0.7302857142857095,0.14285714285714285,0.6423042493585215,35 to 39 years
4928,18361,0.7445714285714239,0.2857142857142857,0.6448652236933552,35 to 39 years
4929,19985,0.7445714285714239,0.2857142857142857,0.5916244704739182,35 to 39 years
4930,12549,0.7302857142857095,0.14285714285714285,0.3969469359050227,35 to 39 years
4931,14522,0.7445714285714239,0.2857142857142857,0.3938260118551984,35 to 39 years
4932,18037,0.8159999999999953,1.0,0.3167219498830829,35 to 39 years
4933,17682,0.801714285714281,0.8571428571428571,0.7341405044721723,35 to 39 years
4934,10982,0.7445714285714239,0.2857142857142857,0.19748330993422403,35 to 39 years
4935,15692,0.7445714285714239,0.2857142857142857,0.31604620110091364,35 to 39 years
4936,15109,0.7445714285714239,0.2857142857142857,0.4636592031419744,35 to 39 years
4937,18469,0.801714285714281,0.8571428571428571,0.9670203993543538,35 to 39 years
4938,11193,0.7302857142857095,0.14285714285714285,0.10446612354080342,35 to 39 years
4939,14518,0.7588571428571381,0.42857142857142855,0.20738870724526148,35 to 39 years
4940,18089,0.7588571428571381,0.42857142857142855,0.7762687315086563,35 to 39 years
4941,10565,0.49136914734245357,0.14285714285714285,0.6770725139371885,35 to 39 years
4942,17998,0.7302857142857095,0.14285714285714285,0.5581425101938027,35 to 39 years
4943,12628,0.7445714285714239,0.2857142857142857,0.7887705691450295,35 to 39 years
4944,17425,0.8159999999999953,1.0,0.9228879818813505,35 to 39 years
4945,18769,0.7445714285714239,0.2857142857142857,0.5337726226785283,35 to 39 years
4946,14559,0.801714285714281,0.8571428571428571,0.7909233422718769,35 to 39 years
4947,10467,0.7874285714285667,0.7142857142857142,0.6738113843118392,35 to 39 years
4948,16317,0.7731428571428525,0.5714285714285714,0.023869455826850294,35 to 39 years
4949,11676,0.7731428571428525,0.5714285714285714,0.5525178639879119,35 to 39 years
4950,11526,0.7445714285714239,0.2857142857142857,0.2048931242908847,35 to 39 years
4951,11520,0.0,0.14285714285714285,0.7265369825503764,35 to 39 years
4952,18533,0.7588571428571381,0.42857142857142855,0.15559807415389448,35 to 39 years
4953,11869,0.7445714285714239,0.2857142857142857,0.2102449358759279,35 to 39 years
4954,14954,0.7302857142857095,0.14285714285714285,0.44096280877353566,35 to 39 years
4955,12722,0.8159999999999953,1.0,0.8478509314826769,35 to 39 years
4956,15070,0.7302857142857095,0.14285714285714285,0.6167269017457221,35 to 39 years
4957,14068,0.7302857142857095,0.14285714285714285,0.5230553711743412,35 to 39 years
4958,16548,0.7588571428571381,0.42857142857142855,0.582815320873672,35 to 39 years
4959,16435,0.7302857142857095,0.14285714285714285,0.5646192865368874,35 to 39 years
4960,16572,0.7588571428571381,0.42857142857142855,0.8339184096526946,35 to 39 years
4961,16400,0.7588571428571381,0.42857142857142855,0.5290131001397577,35 to 39 years
4962,12148,0.801714285714281,0.8571428571428571,0.4220576572055843,35 to 39 years
4963,16490,0.7731428571428525,0.5714285714285714,0.9266003651021832,35 to 39 years
4964,14298,0.801714285714281,0.8571428571428571,0.4881049139650269,35 to 39 years
4965,16140,0.7445714285714239,0.2857142857142857,0.7740591871055598,35 to 39 years
4966,18644,0.7445714285714239,0.2857142857142857,0.4017056418468494,35 to 39 years
4967,10097,0.7302857142857095,0.14285714285714285,0.8438128017051834,35 to 39 years
4968,18509,0.801714285714281,0.8571428571428571,0.533997279196304,35 to 39 years
4969,12393,0.8159999999999953,1.0,0.49428945537376234,35 to 39 years
4970,10516,0.7445714285714239,0.2857142857142857,0.3910160415970447,35 to 39 years
4971,13069,0.7874285714285667,0.7142857142857142,0.6648847591003985,35 to 39 years
4972,17980,0.801714285714281,0.8571428571428571,0.10870642980947476,35 to 39 years
4973,13804,0.7731428571428525,0.5714285714285714,0.5576414970459591,35 to 39 years
4974,10411,0.7302857142857095,0.14285714285714285,0.7248832547820014,35 to 39 years
4975,15457,0.7302857142857095,0.14285714285714285,0.35741084228822334,35 to 39 years
4976,13270,0.801714285714281,0.8571428571428571,0.013041137293101968,35 to 39 years
4977,16021,0.8159999999999953,1.0,0.6848861800188799,35 to 39 years
4978,18541,0.39561226959041446,0.5714285714285714,0.06657938839613542,35 to 39 years
4979,15885,0.7588571428571381,0.42857142857142855,0.23548290701608993,35 to 39 years
4980,17749,0.7588571428571381,0.42857142857142855,0.25315278389633594,35 to 39 years
4981,17313,0.7445714285714239,0.2857142857142857,0.7417943023884098,35 to 39 years
4982,12684,0.7445714285714239,0.2857142857142857,0.8005420725045107,35 to 39 years
4983,16503,0.7445714285714239,0.2857142857142857,0.6268684964451346,35 to 39 years
4984,16966,0.7731428571428525,0.5714285714285714,0.7852776359038216,35 to 39 years
4985,11424,0.7302857142857095,0.14285714285714285,0.8762520187808915,35 to 39 years
4986,15373,0.801714285714281,0.8571428571428571,0.4232788797644714,35 to 39 years
4987,10892,0.7445714285714239,0.2857142857142857,0.46461135336379816,35 to 39 years
4988,15578,0.7302857142857095,0.14285714285714285,0.6567480532703748,35 to 39 years
4989,15718,0.7445714285714239,0.2857142857142857,0.38337529828126016,35 to 39 years
4990,14499,0.7302857142857095,0.14285714285714285,0.9365622461921309,35 to 39 years
4991,10323,0.7445714285714239,0.2857142857142857,0.8587657372286461,35 to 39 years
4992,12928,0.7302857142857095,0.14285714285714285,0.157226385833523,35 to 39 years
4993,19592,0.7445714285714239,0.2857142857142857,0.8472227521668805,35 to 39 years
4994,12322,0.7874285714285667,0.7142857142857142,0.9000771127660971,35 to 39 years
4995,14774,0.7731428571428525,0.5714285714285714,0.6333614092303478,35 to 39 years
4996,19563,0.801714285714281,0.8571428571428571,0.524167442572882,35 to 39 years
4997,17542,0.7445714285714239,0.2857142857142857,0.5860257398029981,35 to 39 years
4998,13864,0.801714285714281,0.8571428571428571,0.025498017638824644,35 to 39 years
4999,11208,0.7588571428571381,0.42857142857142855,0.2179556618941621,35 to 39 years
5000,18704,0.801714285714281,0.8571428571428571,0.14681995940394182,35 to 39 years
5001,17146,0.7445714285714239,0.2857142857142857,0.7539644575702671,35 to 39 years
5002,14157,0.7874285714285667,0.7142857142857142,0.5857023688257955,35 to 39 years
5003,13293,0.7445714285714239,0.2857142857142857,0.3039585349700563,35 to 39 years
5004,15067,0.7731428571428525,0.5714285714285714,0.528957900753757,35 to 39 years
5005,15358,0.7445714285714239,0.2857142857142857,0.9045255022262157,35 to 39 years
5006,19918,0.7302857142857095,0.14285714285714285,0.7741425934647046,35 to 39 years
5007,15277,0.801714285714281,0.8571428571428571,0.02826134948794201,35 to 39 years
5008,17597,0.7302857142857095,0.14285714285714285,0.5869450273331734,35 to 39 years
5009,10599,0.7302857142857095,0.14285714285714285,0.3476309826370981,35 to 39 years
5010,19268,0.7731428571428525,0.5714285714285714,0.5382275209105125,35 to 39 years
5011,15244,0.7731428571428525,0.5714285714285714,0.27223162083861624,35 to 39 years
5012,15661,0.7731428571428525,0.5714285714285714,0.8586807333482209,35 to 39 years
5013,14146,0.7731428571428525,0.5714285714285714,0.01714969725934068,35 to 39 years
5014,11990,0.801714285714281,0.8571428571428571,0.9202051508115506,35 to 39 years
5015,16778,0.7445714285714239,0.2857142857142857,0.3189515876006359,35 to 39 years
5016,17333,0.8159999999999953,1.0,0.3706149782520186,35 to 39 years
5017,18986,0.7302857142857095,0.14285714285714285,0.8107269671056097,35 to 39 years
5018,10398,0.7731428571428525,0.5714285714285714,0.7525830053816231,35 to 39 years
5019,14453,0.7445714285714239,0.2857142857142857,0.46049836806441796,35 to 39 years
5020,16080,0.7731428571428525,0.5714285714285714,0.37416994464901765,35 to 39 years
5021,10681,0.801714285714281,0.8571428571428571,0.35194569359044325,35 to 39 years
5022,12220,0.801714285714281,0.8571428571428571,0.2244952583861678,35 to 39 years
5023,11013,0.801714285714281,0.8571428571428571,0.8336796469496793,35 to 39 years
5024,17728,0.7588571428571381,0.42857142857142855,0.7369680215288479,35 to 39 years
5025,19332,0.7302857142857095,0.14285714285714285,0.5934875411145267,35 to 39 years
5026,11512,0.801714285714281,0.8571428571428571,0.2640527882604496,35 to 39 years
5027,11551,0.7731428571428525,0.5714285714285714,0.07729315698913897,35 to 39 years
5028,11307,0.7731428571428525,0.5714285714285714,0.7017349327585717,35 to 39 years
5029,16629,0.7445714285714239,0.2857142857142857,0.4237527575923262,35 to 39 years
5030,19033,0.7731428571428525,0.5714285714285714,0.6842997364092025,35 to 39 years
5031,16201,0.7731428571428525,0.5714285714285714,0.40976624878473994,35 to 39 years
5032,19238,0.7445714285714239,0.2857142857142857,0.1322749569071145,35 to 39 years
5033,16126,0.801714285714281,0.8571428571428571,0.3063901894759833,35 to 39 years
5034,10656,0.8159999999999953,1.0,0.5918565180169383,35 to 39 years
5035,18772,0.801714285714281,0.8571428571428571,0.035110252915875995,35 to 39 years
5036,13016,0.7588571428571381,0.42857142857142855,0.7324514717193915,35 to 39 years
5037,12463,0.7302857142857095,0.14285714285714285,0.27430641241148146,35 to 39 years
5038,17805,0.8159999999999953,1.0,0.37677607627591914,35 to 39 years
5039,10969,0.7731428571428525,0.5714285714285714,0.7127236892698785,35 to 39 years
5040,15038,0.8159999999999953,1.0,0.4715401337353291,35 to 39 years
5041,10859,0.7302857142857095,0.14285714285714285,0.1689382361562175,35 to 39 years
5042,17300,0.7302857142857095,0.14285714285714285,0.3147615602889887,35 to 39 years
5043,16534,0.7445714285714239,0.2857142857142857,0.13148985834449162,35 to 39 years
5044,11584,0.0,0.2857142857142857,0.9420620125117072,35 to 39 years
5045,10597,0.7731428571428525,0.5714285714285714,0.012619582695580833,35 to 39 years
5046,18349,0.7302857142857095,0.14285714285714285,0.09938014234686998,35 to 39 years
5047,13561,0.7302857142857095,0.14285714285714285,0.5442712608142407,35 to 39 years
5048,18650,0.7588571428571381,0.42857142857142855,0.6196618953440152,35 to 39 years
5049,15233,0.801714285714281,0.8571428571428571,0.08967044538913882,35 to 39 years
5050,13587,0.7302857142857095,0.14285714285714285,0.2808309141721442,35 to 39 years
5051,16029,0.7588571428571381,0.42857142857142855,0.6189970831170477,35 to 39 years
5052,10218,0.7445714285714239,0.2857142857142857,0.8313537148327197,35 to 39 years
5053,15156,0.7588571428571381,0.42857142857142855,0.7007705612295219,35 to 39 years
5054,13240,0.8159999999999953,1.0,0.20171045404506593,35 to 39 years
5055,13448,0.7302857142857095,0.14285714285714285,0.6676159456791144,35 to 39 years
5056,19764,0.7302857142857095,0.14285714285714285,0.5125917046904388,35 to 39 years
5057,17356,0.7302857142857095,0.14285714285714285,0.596527491951994,35 to 39 years
5058,14070,0.7302857142857095,0.14285714285714285,0.2726724183984597,35 to 39 years
5059,15634,0.801714285714281,0.8571428571428571,0.9171809137890699,35 to 39 years
5060,17978,0.7874285714285667,0.7142857142857142,0.3685709075210466,35 to 39 years
5061,19169,0.7445714285714239,0.2857142857142857,0.7806224902584671,35 to 39 years
5062,15937,0.7445714285714239,0.2857142857142857,0.5939049088012227,35 to 39 years
5063,10181,0.8159999999999953,1.0,0.5147138953454179,35 to 39 years
5064,11469,0.7731428571428525,0.5714285714285714,0.23706418955512643,35 to 39 years
5065,18967,0.7445714285714239,0.2857142857142857,0.8020789683695623,35 to 39 years
5066,11479,0.801714285714281,0.8571428571428571,0.25060083393174837,35 to 39 years
5067,10755,0.7302857142857095,0.14285714285714285,0.5087416364837936,35 to 39 years
5068,11151,0.7445714285714239,0.2857142857142857,0.48105636157629483,35 to 39 years
5069,11751,0.7445714285714239,0.2857142857142857,0.5920988965566648,35 to 39 years
5070,15254,0.7445714285714239,0.2857142857142857,0.6773343579836639,35 to 39 years
5071,13585,0.7731428571428525,0.5714285714285714,0.6540878924755071,35 to 39 years
5072,16690,0.7445714285714239,0.2857142857142857,0.2090669422617102,35 to 39 years
5073,17822,0.7588571428571381,0.42857142857142855,0.9973895078384518,35 to 39 years
5074,17062,0.7445714285714239,0.2857142857142857,0.8153654533976802,35 to 39 years
5075,15638,0.7588571428571381,0.42857142857142855,0.7989854345333325,35 to 39 years
5076,12479,0.7445714285714239,0.2857142857142857,0.9542003806206958,35 to 39 years
5077,18309,0.7302857142857095,0.14285714285714285,0.3824034862711462,35 to 39 years
5078,17060,0.7302857142857095,0.14285714285714285,0.23700866755918643,35 to 39 years
5079,14528,0.801714285714281,0.8571428571428571,0.08642213605920673,35 to 39 years
5080,16526,0.7445714285714239,0.2857142857142857,0.9644424799750999,35 to 39 years
5081,12737,0.7731428571428525,0.5714285714285714,0.6615069389270039,35 to 39 years
5082,10433,0.7731428571428525,0.5714285714285714,0.21105219291101124,35 to 39 years
5083,14098,0.33631526988359317,0.42857142857142855,0.4091816872382429,35 to 39 years
5084,10163,0.7302857142857095,0.14285714285714285,0.46543840437492845,35 to 39 years
5085,16470,0.7445714285714239,0.2857142857142857,0.5392862894038822,35 to 39 years
5086,19614,0.801714285714281,0.8571428571428571,0.8425684246717328,35 to 39 years
5087,12691,0.7445714285714239,0.2857142857142857,0.8995508691637887,35 to 39 years
5088,12556,0.7731428571428525,0.5714285714285714,0.31540700398966653,35 to 39 years
5089,17989,0.7302857142857095,0.14285714285714285,0.07313294138488485,35 to 39 years
5090,11127,0.0,0.14285714285714285,0.3610837803830076,35 to 39 years
5091,19641,0.7445714285714239,0.2857142857142857,0.6657562787142195,35 to 39 years
5092,15866,0.7302857142857095,0.14285714285714285,0.5239669536727598,35 to 39 years
5093,15247,0.7445714285714239,0.2857142857142857,0.31587977995394023,35 to 39 years
5094,11488,0.7731428571428525,0.5714285714285714,0.6383697042830007,35 to 39 years
5095,10279,0.801714285714281,0.8571428571428571,0.7350836441795925,35 to 39 years
5096,15615,0.8159999999999953,1.0,0.918656568966711,35 to 39 years
5097,17962,0.7874285714285667,0.7142857142857142,0.6928966286849088,35 to 39 years
5098,15173,0.8159999999999953,1.0,0.29964409247420964,35 to 39 years
5099,12099,0.7588571428571381,0.42857142857142855,0.24386925078571153,35 to 39 years
5100,17462,0.7445714285714239,0.2857142857142857,0.1920595856234723,35 to 39 years
5101,13630,0.801714285714281,0.8571428571428571,0.5929343826886911,35 to 39 years
5102,10797,0.801714285714281,0.8571428571428571,0.3601041187683477,35 to 39 years
5103,11758,0.7445714285714239,0.2857142857142857,0.3418207080608216,35 to 39 years
5104,12863,0.7731428571428525,0.5714285714285714,0.17185296110455528,35 to 39 years
5105,19725,0.18325627356785731,0.8571428571428571,0.23404031457916769,35 to 39 years
5106,12817,0.7445714285714239,0.2857142857142857,0.23760659349625196,35 to 39 years
5107,13208,0.8159999999999953,1.0,0.809203274556964,35 to 39 years
5108,17215,0.7731428571428525,0.5714285714285714,0.866722401945512,35 to 39 years
5109,12559,0.7445714285714239,0.2857142857142857,0.43878201458116045,35 to 39 years
5110,13400,0.7445714285714239,0.2857142857142857,0.8297090966659262,35 to 39 years
5111,13581,0.7302857142857095,0.14285714285714285,0.2729633820631214,35 to 39 years
5112,19588,0.7445714285714239,0.2857142857142857,0.37046780981789773,35 to 39 years
5113,12269,0.801714285714281,0.8571428571428571,0.07185617449242493,35 to 39 years
5114,19874,0.7445714285714239,0.2857142857142857,0.00949912154896193,35 to 39 years
5115,13010,0.7445714285714239,0.2857142857142857,0.05449326697474138,35 to 39 years
5116,11224,0.7302857142857095,0.14285714285714285,0.7450086093721663,35 to 39 years
5117,11659,0.7445714285714239,0.2857142857142857,0.12884693013785614,35 to 39 years
5118,14236,0.7731428571428525,0.5714285714285714,0.8590158543600033,35 to 39 years
5119,10819,0.8159999999999953,1.0,0.10839431478656336,35 to 39 years
5120,14966,0.7588571428571381,0.42857142857142855,0.8724389909677082,35 to 39 years
5121,14706,0.7588571428571381,0.42857142857142855,0.7347072777128261,35 to 39 years
5122,19338,0.7731428571428525,0.5714285714285714,0.2534895241704351,35 to 39 years
5123,13209,0.801714285714281,0.8571428571428571,0.6946726063059899,35 to 39 years
5124,13418,0.7302857142857095,0.14285714285714285,0.10820125285607463,35 to 39 years
5125,15521,0.801714285714281,0.8571428571428571,0.6935155185171813,35 to 39 years
5126,18230,0.7445714285714239,0.2857142857142857,0.4506973517087758,35 to 39 years
5127,13534,0.8159999999999953,1.0,0.7762862492206025,35 to 39 years
5128,13879,0.7302857142857095,0.14285714285714285,0.47552562721607844,35 to 39 years
5129,16722,0.8159999999999953,1.0,0.3071468217334902,35 to 39 years
5130,10397,0.7445714285714239,0.2857142857142857,0.6239229005563827,35 to 39 years
5131,10239,0.39969355511621096,0.42857142857142855,0.4727481436306168,35 to 39 years
5132,18058,0.7302857142857095,0.14285714285714285,0.4445259611297902,35 to 39 years
5133,16815,0.7731428571428525,0.5714285714285714,0.6056323102891344,35 to 39 years
5134,19043,0.7445714285714239,0.2857142857142857,0.2407925028386687,35 to 39 years
5135,19442,0.7588571428571381,0.42857142857142855,0.4937650876748742,35 to 39 years
5136,12948,0.7445714285714239,0.2857142857142857,0.29349898840750666,35 to 39 years
5137,12483,0.7588571428571381,0.42857142857142855,0.6221806408759749,35 to 39 years
5138,15547,0.8159999999999953,1.0,0.4853944767542337,35 to 39 years
5139,16425,0.7302857142857095,0.14285714285714285,0.092130873865585,35 to 39 years
5140,13939,0.7445714285714239,0.2857142857142857,0.5808636868024804,35 to 39 years
5141,15945,0.2693209730777418,0.5714285714285714,0.6308656003281919,35 to 39 years
5142,16786,0.801714285714281,0.8571428571428571,0.8589601097414162,35 to 39 years
5143,13729,0.7588571428571381,0.42857142857142855,0.8779747100314572,35 to 39 years
5144,16231,0.801714285714281,0.8571428571428571,0.6778683678048412,35 to 39 years
5145,18479,0.8159999999999953,1.0,0.9347128089145357,35 to 39 years
5146,13020,0.7731428571428525,0.5714285714285714,0.8129854157912668,35 to 39 years
5147,12796,0.7445714285714239,0.2857142857142857,0.13496746403001036,35 to 39 years
5148,16050,0.7445714285714239,0.2857142857142857,0.3568330227536394,35 to 39 years
5149,18883,0.7731428571428525,0.5714285714285714,0.5213089735442242,35 to 39 years
5150,10717,0.7588571428571381,0.42857142857142855,0.5004879352809288,35 to 39 years
5151,17216,0.7731428571428525,0.5714285714285714,0.6614481997088764,35 to 39 years
5152,12121,0.7302857142857095,0.14285714285714285,0.25729981826442405,35 to 39 years
5153,16283,0.7302857142857095,0.14285714285714285,0.7932249666620438,35 to 39 years
5154,12875,0.7445714285714239,0.2857142857142857,0.49913553699538216,35 to 39 years
5155,15520,0.8159999999999953,1.0,0.6742551300630588,35 to 39 years
5156,14548,0.7588571428571381,0.42857142857142855,0.752817661392159,35 to 39 years
5157,11683,0.7731428571428525,0.5714285714285714,0.07308211292490224,35 to 39 years
5158,11804,0.7445714285714239,0.2857142857142857,0.5561270970755858,35 to 39 years
5159,12074,0.7874285714285667,0.7142857142857142,0.7456670645947052,35 to 39 years
5160,19818,0.7445714285714239,0.2857142857142857,0.20031437913925199,35 to 39 years
5161,11533,0.7588571428571381,0.42857142857142855,0.7552259505832053,35 to 39 years
5162,16939,0.0,0.2857142857142857,0.7660706048324144,35 to 39 years
5163,11891,0.8159999999999953,1.0,0.029670128699491594,35 to 39 years
5164,18997,0.801714285714281,0.8571428571428571,0.36454499328572787,35 to 39 years
5165,17454,0.7731428571428525,0.5714285714285714,0.24949464615950834,35 to 39 years
5166,15736,0.6205298483084455,0.42857142857142855,0.09634232215644523,35 to 39 years
5167,11732,0.7731428571428525,0.5714285714285714,0.1789591222202503,35 to 39 years
5168,18019,0.2191409694116267,0.5714285714285714,0.0992810630948548,35 to 39 years
5169,18601,0.7731428571428525,0.5714285714285714,0.3418173640568436,35 to 39 years
5170,14828,0.7302857142857095,0.14285714285714285,0.9380668421217299,35 to 39 years
5171,15659,0.7731428571428525,0.5714285714285714,0.6588691226137697,35 to 39 years
5172,11490,0.7302857142857095,0.14285714285714285,0.6379578651712695,35 to 39 years
5173,14686,0.7445714285714239,0.2857142857142857,0.2532931421053384,35 to 39 years
5174,14990,0.7731428571428525,0.5714285714285714,0.3960568065836509,35 to 39 years
5175,16218,0.7731428571428525,0.5714285714285714,0.8092194830005017,35 to 39 years
5176,13311,0.8159999999999953,1.0,0.16187481657152414,35 to 39 years
5177,16605,0.801714285714281,0.8571428571428571,0.6702029071106976,35 to 39 years
5178,19096,0.1834204100264412,0.42857142857142855,0.2913651675299791,35 to 39 years
5179,18828,0.7445714285714239,0.2857142857142857,0.8232826839026588,35 to 39 years
5180,15096,0.7445714285714239,0.2857142857142857,0.73803079634154,35 to 39 years
5181,10748,0.7302857142857095,0.14285714285714285,0.2491033169220574,35 to 39 years
5182,15981,0.4466281655272823,0.2857142857142857,0.3906539627289104,35 to 39 years
5183,14805,0.7588571428571381,0.42857142857142855,0.40041817565509263,35 to 39 years
5184,14762,0.7588571428571381,0.42857142857142855,0.5580918142006245,35 to 39 years
5185,17305,0.7445714285714239,0.2857142857142857,0.0694577894496865,35 to 39 years
5186,11291,0.801714285714281,0.8571428571428571,0.45157165055220067,35 to 39 years
5187,14659,0.7302857142857095,0.14285714285714285,0.7642554022221473,35 to 39 years
5188,11870,0.7445714285714239,0.2857142857142857,0.8074974870017838,35 to 39 years
5189,10638,0.801714285714281,0.8571428571428571,0.6650285308299342,35 to 39 years
5190,14351,0.7302857142857095,0.14285714285714285,0.11769080537555404,35 to 39 years
5191,10022,0.7445714285714239,0.2857142857142857,0.8435330392461733,35 to 39 years
5192,16408,0.7302857142857095,0.14285714285714285,0.4135777517459857,35 to 39 years
5193,12394,0.801714285714281,0.8571428571428571,0.904363699396282,35 to 39 years
5194,11972,0.7445714285714239,0.2857142857142857,0.25131449400314537,35 to 39 years
5195,10125,0.7731428571428525,0.5714285714285714,0.31531767655942927,35 to 39 years
5196,10974,0.7445714285714239,0.2857142857142857,0.6825191191360572,35 to 39 years
5197,19501,0.801714285714281,0.8571428571428571,0.5607873035917539,35 to 39 years
5198,19722,0.7731428571428525,0.5714285714285714,0.6223357923658865,35 to 39 years
5199,17047,0.7588571428571381,0.42857142857142855,0.5297188299381335,35 to 39 years
5200,14512,0.7302857142857095,0.14285714285714285,0.3934398478990482,35 to 39 years
5201,17816,0.7445714285714239,0.2857142857142857,0.4560523254569281,35 to 39 years
5202,15700,0.7874285714285667,0.7142857142857142,0.6553330691349046,35 to 39 years
5203,15603,0.8159999999999953,1.0,0.3919289157100798,35 to 39 years
5204,15167,0.801714285714281,0.8571428571428571,0.6917628112822705,35 to 39 years
5205,14755,0.7731428571428525,0.5714285714285714,0.23754875374505602,35 to 39 years
5206,17067,0.7302857142857095,0.14285714285714285,0.8481867972362065,35 to 39 years
5207,11603,0.7731428571428525,0.5714285714285714,0.9720083849459535,35 to 39 years
5208,16641,0.7445714285714239,0.2857142857142857,0.09143133799258091,35 to 39 years
5209,12125,0.801714285714281,0.8571428571428571,0.05297029401124831,35 to 39 years
5210,16065,0.8159999999999953,1.0,0.35756232920201436,35 to 39 years
5211,14589,0.7874285714285667,0.7142857142857142,0.728600387574449,35 to 39 years
5212,11716,0.7731428571428525,0.5714285714285714,0.3254684948606663,35 to 39 years
5213,19163,0.286624782573397,0.5714285714285714,0.8235432938396322,35 to 39 years
5214,12175,0.8159999999999953,1.0,0.1513039803663872,35 to 39 years
5215,11799,0.7445714285714239,0.2857142857142857,0.4012046673829163,35 to 39 years
5216,11947,0.7445714285714239,0.2857142857142857,0.5625826649448519,35 to 39 years
5217,12754,0.7302857142857095,0.14285714285714285,0.6589367162146887,35 to 39 years
5218,17752,0.801714285714281,0.8571428571428571,0.25697257131125506,35 to 39 years
5219,12983,0.7302857142857095,0.14285714285714285,0.4211931340763638,35 to 39 years
5220,12605,0.801714285714281,0.8571428571428571,0.6797387625818202,35 to 39 years
5221,15758,0.7302857142857095,0.14285714285714285,0.439039110329845,35 to 39 years
5222,12619,0.7302857142857095,0.14285714285714285,0.846019785299207,35 to 39 years
5223,14328,0.8159999999999953,1.0,0.14244354792650904,35 to 39 years
5224,10005,0.7302857142857095,0.14285714285714285,0.35245567025543173,35 to 39 years
5225,10390,0.7302857142857095,0.14285714285714285,0.4598784440155425,35 to 39 years
5226,13423,0.7731428571428525,0.5714285714285714,0.6402485882828057,35 to 39 years
5227,15777,0.7874285714285667,0.7142857142857142,0.25037413051301666,35 to 39 years
5228,16127,0.7302857142857095,0.14285714285714285,0.2502185934731684,35 to 39 years
5229,10836,0.7445714285714239,0.2857142857142857,0.3280143326425375,35 to 39 years
5230,17842,0.7588571428571381,0.42857142857142855,0.022599033019072068,35 to 39 years
5231,10012,0.8159999999999953,1.0,0.7635312005804034,35 to 39 years
5232,18617,0.8159999999999953,1.0,0.7972773358000917,35 to 39 years
5233,10629,0.7588571428571381,0.42857142857142855,0.0701788075138578,35 to 39 years
5234,14072,0.801714285714281,0.8571428571428571,0.36948312793746546,35 to 39 years
5235,15371,0.7731428571428525,0.5714285714285714,0.9759591341891333,35 to 39 years
5236,15975,0.8159999999999953,1.0,0.0008706109290225195,35 to 39 years
5237,14502,0.7731428571428525,0.5714285714285714,0.09491958507407039,35 to 39 years
5238,16574,0.7445714285714239,0.2857142857142857,0.4330087862068325,35 to 39 years
5239,18279,0.8159999999999953,1.0,0.707188560732141,35 to 39 years
5240,16101,0.7302857142857095,0.14285714285714285,0.409403252124779,35 to 39 years
5241,16038,0.8159999999999953,1.0,0.8373166810205249,35 to 39 years
5242,15484,0.7302857142857095,0.14285714285714285,0.4043107350970537,35 to 39 years
5243,19662,0.7588571428571381,0.42857142857142855,0.1804874242119679,35 to 39 years
5244,16984,0.801714285714281,0.8571428571428571,0.7562997619131402,35 to 39 years
5245,15281,0.7731428571428525,0.5714285714285714,0.3989643373929186,35 to 39 years
5246,13887,0.7302857142857095,0.14285714285714285,0.34854425116852117,35 to 39 years
5247,12184,0.7731428571428525,0.5714285714285714,0.43388461411060203,35 to 39 years
5248,11976,0.7731428571428525,0.5714285714285714,0.6623729907942832,35 to 39 years
5249,15573,0.7302857142857095,0.14285714285714285,0.7965780047874287,35 to 39 years
5250,13093,0.7445714285714239,0.2857142857142857,0.042661888666374714,35 to 39 years
5251,17878,0.7445714285714239,0.2857142857142857,0.2118685615435733,35 to 39 years
5252,19180,0.7731428571428525,0.5714285714285714,0.7233252863842633,35 to 39 years
5253,11046,0.7445714285714239,0.2857142857142857,0.9110804580382408,35 to 39 years
5254,17213,0.7445714285714239,0.2857142857142857,0.49690119559374113,35 to 39 years
5255,19675,0.7445714285714239,0.2857142857142857,0.06544333629431537,35 to 39 years
5256,16783,0.7731428571428525,0.5714285714285714,0.5714393251813696,35 to 39 years
5257,14337,0.7588571428571381,0.42857142857142855,0.5784864022070978,35 to 39 years
5258,19937,0.7445714285714239,0.2857142857142857,0.5795093950018505,35 to 39 years
5259,14759,0.7302857142857095,0.14285714285714285,0.8537294750226425,35 to 39 years
5260,11888,0.7731428571428525,0.5714285714285714,0.8059060531491861,35 to 39 years
5261,10899,0.7588571428571381,0.42857142857142855,0.31793757533393274,35 to 39 years
5262,11511,0.8159999999999953,1.0,0.1884083548266567,35 to 39 years
5263,15426,0.4899991085232359,0.7142857142857142,0.4667877644532782,35 to 39 years
5264,15257,0.7731428571428525,0.5714285714285714,0.4519188966302023,35 to 39 years
5265,17813,0.7445714285714239,0.2857142857142857,0.12945799731973567,35 to 39 years
5266,11221,0.8159999999999953,1.0,0.6984349876779017,35 to 39 years
5267,18906,0.7588571428571381,0.42857142857142855,0.812154089604894,35 to 39 years
5268,19002,0.801714285714281,0.8571428571428571,0.4472383606744859,35 to 39 years
5269,10764,0.7445714285714239,0.2857142857142857,0.5516444709964392,35 to 39 years
5270,16086,0.7302857142857095,0.14285714285714285,0.8290683055999502,35 to 39 years
5271,15794,0.8159999999999953,1.0,0.6427738843557919,35 to 39 years
5272,12911,0.7588571428571381,0.42857142857142855,0.9978817478412405,35 to 39 years
5273,14476,0.7445714285714239,0.2857142857142857,0.41297484741557267,35 to 39 years
5274,12474,0.7731428571428525,0.5714285714285714,0.8285401070489797,35 to 39 years
5275,16142,0.801714285714281,0.8571428571428571,0.6040390769841079,35 to 39 years
5276,10957,0.7445714285714239,0.2857142857142857,0.6157021930301967,35 to 39 years
5277,19892,0.7445714285714239,0.2857142857142857,0.4389888025274592,35 to 39 years
5278,19850,0.7588571428571381,0.42857142857142855,0.43631570125057473,35 to 39 years
5279,14712,0.7731428571428525,0.5714285714285714,0.7579442905628668,35 to 39 years
5280,15007,0.7731428571428525,0.5714285714285714,0.452430910575786,35 to 39 years
5281,17089,0.7302857142857095,0.14285714285714285,0.04989187043136589,35 to 39 years
5282,11453,0.7731428571428525,0.5714285714285714,0.8301491599945316,35 to 39 years
5283,15437,0.7445714285714239,0.2857142857142857,0.37419119272576445,35 to 39 years
5284,17866,0.801714285714281,0.8571428571428571,0.6009890491274323,35 to 39 years
5285,17272,0.7445714285714239,0.2857142857142857,0.02139290398635152,35 to 39 years
5286,11895,0.7731428571428525,0.5714285714285714,0.39230488529726776,35 to 39 years
5287,12103,0.7302857142857095,0.14285714285714285,0.012536366080546868,35 to 39 years
5288,11003,0.801714285714281,0.8571428571428571,0.6726515521629408,35 to 39 years
5289,18969,0.7445714285714239,0.2857142857142857,0.23776958768515388,35 to 39 years
5290,14793,0.801714285714281,0.8571428571428571,0.7257331654878229,35 to 39 years
5291,18686,0.8159999999999953,1.0,0.4198280698532777,35 to 39 years
5292,16561,0.7731428571428525,0.5714285714285714,0.5767893836181855,35 to 39 years
5293,16439,0.801714285714281,0.8571428571428571,0.5734827828371099,35 to 39 years
5294,15086,0.7588571428571381,0.42857142857142855,0.3231740242287588,35 to 39 years
5295,15216,0.7302857142857095,0.14285714285714285,0.8753957508823991,35 to 39 years
5296,12273,0.7445714285714239,0.2857142857142857,0.41221656717494226,35 to 39 years
5297,12386,0.5713887271114336,0.14285714285714285,0.18366065273782123,35 to 39 years
5298,16889,0.7731428571428525,0.5714285714285714,0.26595470149154815,35 to 39 years
5299,10535,0.7731428571428525,0.5714285714285714,0.9380194076785842,35 to 39 years
5300,17643,0.7302857142857095,0.14285714285714285,0.4502369558101428,35 to 39 years
5301,15207,0.7445714285714239,0.2857142857142857,0.6169758239621217,35 to 39 years
5302,14206,0.801714285714281,0.8571428571428571,0.5377645603462667,35 to 39 years
5303,16882,0.7445714285714239,0.2857142857142857,0.5604158761125883,35 to 39 years
5304,14035,0.801714285714281,0.8571428571428571,0.016000725097881086,35 to 39 years
5305,10387,0.801714285714281,0.8571428571428571,0.269896852689455,35 to 39 years
5306,18208,0.7445714285714239,0.2857142857142857,0.508575997867726,35 to 39 years
5307,17352,0.7445714285714239,0.2857142857142857,0.4850539081981705,35 to 39 years
5308,13368,0.7302857142857095,0.14285714285714285,0.33958522703324256,35 to 39 years
5309,17984,0.7588571428571381,0.42857142857142855,0.6801376564752468,35 to 39 years
5310,13552,0.7731428571428525,0.5714285714285714,0.9232698302082236,35 to 39 years
5311,12795,0.7445714285714239,0.2857142857142857,0.5800163423241285,35 to 39 years
5312,19541,0.801714285714281,0.8571428571428571,0.4404349478143514,35 to 39 years
5313,18537,0.7445714285714239,0.2857142857142857,0.33022074860521505,35 to 39 years
5314,11340,0.801714285714281,0.8571428571428571,0.10190222061063964,35 to 39 years
5315,11966,0.7302857142857095,0.14285714285714285,0.7219936079899412,35 to 39 years
5316,13475,0.7731428571428525,0.5714285714285714,0.8001393966567125,35 to 39 years
5317,15606,0.7731428571428525,0.5714285714285714,0.6719513591991323,35 to 39 years
5318,16657,0.7588571428571381,0.42857142857142855,0.0043691967406681576,35 to 39 years
5319,16523,0.8159999999999953,1.0,0.9978374452013565,35 to 39 years
5320,14929,0.7731428571428525,0.5714285714285714,0.9770421992449939,35 to 39 years
5321,14227,0.7731428571428525,0.5714285714285714,0.39316985246977665,35 to 39 years
5322,14424,0.7445714285714239,0.2857142857142857,0.7679138236413819,35 to 39 years
5323,18391,0.8159999999999953,1.0,0.7864212475136427,35 to 39 years
5324,19075,0.7302857142857095,0.14285714285714285,0.6459526664854591,35 to 39 years
5325,13821,0.7445714285714239,0.2857142857142857,0.9920907064247362,35 to 39 years
5326,18226,0.7445714285714239,0.2857142857142857,0.017440056915418056,35 to 39 years
5327,13562,0.801714285714281,0.8571428571428571,0.35650369485426225,35 to 39 years
5328,15252,0.7302857142857095,0.14285714285714285,0.6710303138787748,35 to 39 years
5329,16734,0.7731428571428525,0.5714285714285714,0.20711588615733,35 to 39 years
5330,17518,0.801714285714281,0.8571428571428571,0.753564758076417,35 to 39 years
5331,17899,0.7445714285714239,0.2857142857142857,0.24928371317055636,35 to 39 years
5332,10849,0.7445714285714239,0.2857142857142857,0.1873831981400737,35 to 39 years
5333,16570,0.801714285714281,0.8571428571428571,0.7965245977476716,35 to 39 years
5334,16860,0.7302857142857095,0.14285714285714285,0.06851419353859217,35 to 39 years
5335,16791,0.7445714285714239,0.2857142857142857,0.8536351448068726,35 to 39 years
5336,10318,0.1457337325078848,0.42857142857142855,0.5926906043625042,35 to 39 years
5337,15741,0.4376025259322122,0.8571428571428571,0.5990461880000221,35 to 39 years
5338,15918,0.801714285714281,0.8571428571428571,0.25439385103904,35 to 39 years
5339,18989,0.801714285714281,0.8571428571428571,0.6125254722186281,35 to 39 years
5340,19282,0.7302857142857095,0.14285714285714285,0.15506508671328195,35 to 39 years
5341,15540,0.7445714285714239,0.2857142857142857,0.3447336322362085,35 to 39 years
5342,14350,0.8159999999999953,1.0,0.6094529671158825,35 to 39 years
5343,14263,0.801714285714281,0.8571428571428571,0.13010210857536514,35 to 39 years
5344,13860,0.7731428571428525,0.5714285714285714,0.39849249313472535,35 to 39 years
5345,16269,0.7445714285714239,0.2857142857142857,0.06620546408044148,35 to 39 years
5346,13679,0.7731428571428525,0.5714285714285714,0.8713211561546899,35 to 39 years
5347,16628,0.7302857142857095,0.14285714285714285,0.8790485108946378,35 to 39 years
5348,11978,0.801714285714281,0.8571428571428571,0.32475586109516785,35 to 39 years
5349,18834,0.7731428571428525,0.5714285714285714,0.2863547146527767,35 to 39 years
5350,14615,0.7731428571428525,0.5714285714285714,0.88994473862018,35 to 39 years
5351,11271,0.7731428571428525,0.5714285714285714,0.11021713813650535,35 to 39 years
5352,15645,0.801714285714281,0.8571428571428571,0.36052307690657853,35 to 39 years
5353,18118,0.7445714285714239,0.2857142857142857,0.582406159994548,35 to 39 years
5354,18465,0.7731428571428525,0.5714285714285714,0.13644419936693886,35 to 39 years
5355,13592,0.801714285714281,0.8571428571428571,0.6892242639274859,35 to 39 years
5356,11331,0.7874285714285667,0.7142857142857142,0.6984868477268664,35 to 39 years
5357,19004,0.7302857142857095,0.14285714285714285,0.9881673074240087,35 to 39 years
5358,13464,0.2677229909693483,0.8571428571428571,0.6395034407752238,35 to 39 years
5359,18776,0.7302857142857095,0.14285714285714285,0.40360411260240536,35 to 39 years
5360,14947,0.7445714285714239,0.2857142857142857,0.01919175055857425,35 to 39 years
5361,16430,0.7302857142857095,0.14285714285714285,0.5501716496525698,35 to 39 years
5362,13224,0.801714285714281,0.8571428571428571,0.9185534996209348,35 to 39 years
5363,10017,0.7445714285714239,0.2857142857142857,0.30286146861319885,35 to 39 years
5364,18976,0.7302857142857095,0.14285714285714285,0.3120636544036368,35 to 39 years
5365,17014,0.801714285714281,0.8571428571428571,0.1756347707964908,35 to 39 years
5366,15153,0.7731428571428525,0.5714285714285714,0.6747657827548018,35 to 39 years
5367,11213,0.7731428571428525,0.5714285714285714,0.7133368780139256,35 to 39 years
5368,13924,0.801714285714281,0.8571428571428571,0.7472578419449216,35 to 39 years
5369,10667,0.7302857142857095,0.14285714285714285,0.7850597391964003,35 to 39 years
5370,18971,0.7302857142857095,0.14285714285714285,0.727952070746462,35 to 39 years
5371,13300,0.7731428571428525,0.5714285714285714,0.40399339982673693,35 to 39 years
5372,19997,0.7445714285714239,0.2857142857142857,0.11241475997833472,35 to 39 years
5373,14905,0.7588571428571381,0.42857142857142855,0.8664540939064063,35 to 39 years
5374,17847,0.0,0.5714285714285714,0.011884586087339333,35 to 39 years
5375,14722,0.0,0.5714285714285714,0.20140091693841095,35 to 39 years
5376,14490,0.801714285714281,0.8571428571428571,0.4326306643029812,35 to 39 years
5377,10175,0.7445714285714239,0.2857142857142857,0.17690140619201433,35 to 39 years
5378,14956,0.801714285714281,0.8571428571428571,0.616731080492152,35 to 39 years
5379,15839,0.801714285714281,0.8571428571428571,0.1980811947080468,35 to 39 years
5380,11571,0.7302857142857095,0.14285714285714285,0.42092390157972953,35 to 39 years
5381,12002,0.7588571428571381,0.42857142857142855,0.8078894564147774,35 to 39 years
5382,14032,0.7445714285714239,0.2857142857142857,0.49007570930471495,35 to 39 years
5383,12824,0.7731428571428525,0.5714285714285714,0.1031369203537259,35 to 39 years
5384,11628,0.7731428571428525,0.5714285714285714,0.06693337026137741,35 to 39 years
5385,13925,0.7445714285714239,0.2857142857142857,0.4117791258881538,35 to 39 years
5386,16147,0.801714285714281,0.8571428571428571,0.2407141000562153,35 to 39 years
5387,16714,0.801714285714281,0.8571428571428571,0.4846093202076892,35 to 39 years
5388,18837,0.7588571428571381,0.42857142857142855,0.9607482803677786,35 to 39 years
5389,13608,0.7445714285714239,0.2857142857142857,0.33951516474028653,35 to 39 years
5390,12924,0.7302857142857095,0.14285714285714285,0.04059779581177897,35 to 39 years
5391,11609,0.8159999999999953,1.0,0.5373743153842057,35 to 39 years
5392,16881,0.7302857142857095,0.14285714285714285,0.2355035137888426,35 to 39 years
5393,15806,0.7731428571428525,0.5714285714285714,0.25391934782475484,35 to 39 years
5394,15400,0.801714285714281,0.8571428571428571,0.043480271992314634,35 to 39 years
5395,18624,0.7731428571428525,0.5714285714285714,0.49502125042278367,35 to 39 years
5396,14372,0.37123113915585765,0.5714285714285714,0.26169418785948917,35 to 39 years
5397,13814,0.7445714285714239,0.2857142857142857,0.6608778708600219,35 to 39 years
5398,12222,0.7302857142857095,0.14285714285714285,0.8531624390721453,35 to 39 years
5399,10548,0.7302857142857095,0.14285714285714285,0.4352688890165507,35 to 39 years
5400,16092,0.7731428571428525,0.5714285714285714,0.6801895299651801,35 to 39 years
5401,18815,0.801714285714281,0.8571428571428571,0.692149591511231,35 to 39 years
5402,12149,0.7302857142857095,0.14285714285714285,0.2855304628379271,35 to 39 years
5403,16867,0.7731428571428525,0.5714285714285714,0.34938002800972634,35 to 39 years
5404,17432,0.7731428571428525,0.5714285714285714,0.5066860502437927,35 to 39 years
5405,10445,0.7445714285714239,0.2857142857142857,0.767387116146369,35 to 39 years
5406,19510,0.7445714285714239,0.2857142857142857,0.9503125643916932,35 to 39 years
5407,13129,0.8159999999999953,1.0,0.36528000665300836,35 to 39 years
5408,14718,0.801714285714281,0.8571428571428571,0.5370691182415815,35 to 39 years
5409,16297,0.7302857142857095,0.14285714285714285,0.5072262789625591,35 to 39 years
5410,15898,0.801714285714281,0.8571428571428571,0.005857490025733658,35 to 39 years
5411,17122,0.7731428571428525,0.5714285714285714,0.2389993864196741,35 to 39 years
5412,14801,0.7445714285714239,0.2857142857142857,0.5389773672013416,35 to 39 years
5413,11384,0.7302857142857095,0.14285714285714285,0.48149599324247383,35 to 39 years
5414,19931,0.7445714285714239,0.2857142857142857,0.25645337019738307,35 to 39 years
5415,12657,0.7302857142857095,0.14285714285714285,0.7917988699826097,35 to 39 years
5416,12711,0.7445714285714239,0.2857142857142857,0.27982195862763914,35 to 39 years
5417,13414,0.8159999999999953,1.0,0.29589502969786946,35 to 39 years
5418,14015,0.801714285714281,0.8571428571428571,0.2712782467961366,35 to 39 years
5419,15813,0.801714285714281,0.8571428571428571,0.14392623061332954,35 to 39 years
5420,13517,0.7445714285714239,0.2857142857142857,0.5226245113443883,35 to 39 years
5421,16542,0.7731428571428525,0.5714285714285714,0.4134095297954885,35 to 39 years
5422,14343,0.7302857142857095,0.14285714285714285,0.4874024074142087,35 to 39 years
5423,10628,0.801714285714281,0.8571428571428571,0.09811031679789634,35 to 39 years
5424,13747,0.8159999999999953,1.0,0.6173052629670016,35 to 39 years
5425,18849,0.7731428571428525,0.5714285714285714,0.6922654994048686,35 to 39 years
5426,12111,0.7445714285714239,0.2857142857142857,0.2204743333380335,35 to 39 years
5427,10335,0.7445714285714239,0.2857142857142857,0.31726530943548004,35 to 39 years
5428,18785,0.8159999999999953,1.0,0.2749269634995271,35 to 39 years
5429,14425,0.7302857142857095,0.14285714285714285,0.6823376448963324,35 to 39 years
5430,11545,0.7731428571428525,0.5714285714285714,0.3838823161109314,35 to 39 years
5431,16663,0.801714285714281,0.8571428571428571,0.1150341989886764,35 to 39 years
5432,14729,0.7731428571428525,0.5714285714285714,0.8698192638449831,35 to 39 years
5433,18990,0.7588571428571381,0.42857142857142855,0.2414106592924647,35 to 39 years
5434,16594,0.801714285714281,0.8571428571428571,0.18133738715574077,35 to 39 years
5435,13394,0.7445714285714239,0.2857142857142857,0.18886802185981355,35 to 39 years
5436,11942,0.7731428571428525,0.5714285714285714,0.20138288711203445,35 to 39 years
5437,19129,0.8159999999999953,1.0,0.6626895713523551,35 to 39 years
5438,12815,0.7302857142857095,0.14285714285714285,0.45329953596939115,35 to 39 years
5439,11823,0.7445714285714239,0.2857142857142857,0.14431988546742758,35 to 39 years
5440,19417,0.8159999999999953,1.0,0.6061638776062444,35 to 39 years
5441,16967,0.7588571428571381,0.42857142857142855,0.16357786074657615,35 to 39 years
5442,13954,0.7731428571428525,0.5714285714285714,0.1004193298002477,35 to 39 years
5443,15804,0.7302857142857095,0.14285714285714285,0.7746025464197034,35 to 39 years
5444,16361,0.7731428571428525,0.5714285714285714,0.13863659487614766,35 to 39 years
5445,13023,0.7302857142857095,0.14285714285714285,0.32339780774123517,35 to 39 years
5446,14062,0.7445714285714239,0.2857142857142857,0.5135722392971925,35 to 39 years
5447,17576,0.7731428571428525,0.5714285714285714,0.9659709909882375,35 to 39 years
5448,12224,0.801714285714281,0.8571428571428571,0.8123909613105919,35 to 39 years
5449,11723,0.801714285714281,0.8571428571428571,0.9322220393573193,35 to 39 years
5450,19560,0.7874285714285667,0.7142857142857142,0.33073253023502314,35 to 39 years
5451,11782,0.801714285714281,0.8571428571428571,0.08077866861055127,35 to 39 years
5452,10211,0.7445714285714239,0.2857142857142857,0.9514878576731021,35 to 39 years
5453,11368,0.7731428571428525,0.5714285714285714,0.4475808905239666,35 to 39 years
5454,18359,0.7731428571428525,0.5714285714285714,0.8624103647459308,35 to 39 years
5455,19470,0.8159999999999953,1.0,0.7374166527178694,35 to 39 years
5456,15179,0.7731428571428525,0.5714285714285714,0.8430244255146111,35 to 39 years
5457,10150,0.7302857142857095,0.14285714285714285,0.7989332369215265,35 to 39 years
5458,15298,0.7445714285714239,0.2857142857142857,0.4298703605241151,35 to 39 years
5459,12035,0.8159999999999953,1.0,0.8671380763579092,35 to 39 years
5460,15498,0.7302857142857095,0.14285714285714285,0.6531435813594189,35 to 39 years
5461,15691,0.7588571428571381,0.42857142857142855,0.8222063925312997,35 to 39 years
5462,16151,0.7731428571428525,0.5714285714285714,0.31363711449992326,35 to 39 years
5463,15147,0.7731428571428525,0.5714285714285714,0.28223787035509196,35 to 39 years
5464,13186,0.8159999999999953,1.0,0.41399773574143933,35 to 39 years
5465,12033,0.801714285714281,0.8571428571428571,0.47398089865057097,35 to 39 years
5466,10571,0.7731428571428525,0.5714285714285714,0.8642872905481782,35 to 39 years
5467,13168,0.7874285714285667,0.7142857142857142,0.25616046543864196,35 to 39 years
5468,15320,0.7731428571428525,0.5714285714285714,0.027372099106519387,35 to 39 years
5469,14481,0.7445714285714239,0.2857142857142857,0.8530402915689341,35 to 39 years
5470,19104,0.7445714285714239,0.2857142857142857,0.2362459978025127,35 to 39 years
5471,13566,0.7302857142857095,0.14285714285714285,0.017488444358245814,35 to 39 years
5472,17523,0.7302857142857095,0.14285714285714285,0.5243429204544524,35 to 39 years
5473,17713,0.7302857142857095,0.14285714285714285,0.21729934262479184,35 to 39 years
5474,12936,0.7302857142857095,0.14285714285714285,0.34422792609397135,35 to 39 years
5475,18148,0.7731428571428525,0.5714285714285714,0.7104997160654778,35 to 39 years
5476,16702,0.7874285714285667,0.7142857142857142,0.40880174782428025,35 to 39 years
5477,10155,0.7874285714285667,0.7142857142857142,0.31737915049406673,35 to 39 years
5478,11149,0.7302857142857095,0.14285714285714285,0.4843814431453066,35 to 39 years
5479,12095,0.7787142857141032,0.8571428571428571,0.6480343737657446,40 to 44 years
5480,12159,0.7501428571426746,0.5714285714285714,0.5892946869095695,40 to 44 years
5481,13181,0.7072857142855317,0.14285714285714285,0.8734264209179159,40 to 44 years
5482,10041,0.721571428571246,0.2857142857142857,0.9547519583768393,40 to 44 years
5483,19062,0.721571428571246,0.2857142857142857,0.8582414020077489,40 to 44 years
5484,10287,0.7358571428569602,0.42857142857142855,0.02684525978108465,40 to 44 years
5485,14291,0.721571428571246,0.2857142857142857,0.3522537546147694,40 to 44 years
5486,12578,0.7072857142855317,0.14285714285714285,0.12934725595493257,40 to 44 years
5487,19845,0.721571428571246,0.2857142857142857,0.815741887711221,40 to 44 years
5488,14301,0.7358571428569602,0.42857142857142855,0.9177658154241866,40 to 44 years
5489,16789,0.7072857142855317,0.14285714285714285,0.8426179968784457,40 to 44 years
5490,12410,0.6128475046466265,0.42857142857142855,0.9086626509161637,40 to 44 years
5491,14305,0.7501428571426746,0.5714285714285714,0.9496025414019353,40 to 44 years
5492,12203,0.7787142857141032,0.8571428571428571,0.42029499162213857,40 to 44 years
5493,14365,0.7358571428569602,0.42857142857142855,0.47276945811541954,40 to 44 years
5494,15844,0.7929999999998174,1.0,0.6894262283327421,40 to 44 years
5495,13627,0.7501428571426746,0.5714285714285714,0.14739423450157907,40 to 44 years
5496,19858,0.7501428571426746,0.5714285714285714,0.2534084752501271,40 to 44 years
5497,10257,0.7929999999998174,1.0,0.8766962902145982,40 to 44 years
5498,11572,0.7929999999998174,1.0,0.2584232407024833,40 to 44 years
5499,15015,0.5152715029405531,0.14285714285714285,0.017707163820825267,40 to 44 years
5500,10835,0.7072857142855317,0.14285714285714285,0.44148757542913963,40 to 44 years
5501,15190,0.721571428571246,0.2857142857142857,0.5247078447583995,40 to 44 years
5502,17471,0.7501428571426746,0.5714285714285714,0.6998455191921468,40 to 44 years
5503,17597,0.7072857142855317,0.14285714285714285,0.5869450273331734,40 to 44 years
5504,15683,0.7072857142855317,0.14285714285714285,0.7613463961713882,40 to 44 years
5505,19853,0.7501428571426746,0.5714285714285714,0.5960128596322548,40 to 44 years
5506,11556,0.7787142857141032,0.8571428571428571,0.21948214587407416,40 to 44 years
5507,13178,0.721571428571246,0.2857142857142857,0.8719297610831621,40 to 44 years
5508,14093,0.7072857142855317,0.14285714285714285,0.7591411450028802,40 to 44 years
5509,17832,0.721571428571246,0.2857142857142857,0.598426874119182,40 to 44 years
5510,12726,0.7787142857141032,0.8571428571428571,0.08037355020385661,40 to 44 years
5511,15378,0.7787142857141032,0.8571428571428571,0.178825974101752,40 to 44 years
5512,18059,0.721571428571246,0.2857142857142857,0.46778984780587773,40 to 44 years
5513,16428,0.7358571428569602,0.42857142857142855,0.4495159789310331,40 to 44 years
5514,18480,0.5225772902065121,0.2857142857142857,0.08174881475411255,40 to 44 years
5515,16787,0.7787142857141032,0.8571428571428571,0.8562427712061953,40 to 44 years
5516,18247,0.7501428571426746,0.5714285714285714,0.42337647926960126,40 to 44 years
5517,13120,0.721571428571246,0.2857142857142857,0.8908077983961811,40 to 44 years
5518,11576,0.7358571428569602,0.42857142857142855,0.06043783818336207,40 to 44 years
5519,13225,0.7787142857141032,0.8571428571428571,0.6286294703164598,40 to 44 years
5520,15286,0.7358571428569602,0.42857142857142855,0.30993720847588,40 to 44 years
5521,18819,0.7787142857141032,0.8571428571428571,0.8280722902075726,40 to 44 years
5522,16769,0.18443680411251093,0.2857142857142857,0.3138779705882685,40 to 44 years
5523,11623,0.7501428571426746,0.5714285714285714,0.34095372722331285,40 to 44 years
5524,13385,0.7501428571426746,0.5714285714285714,0.6842337417370494,40 to 44 years
5525,18611,0.7501428571426746,0.5714285714285714,0.735656162797206,40 to 44 years
5526,13614,0.2749606541760478,0.5714285714285714,0.2534095144123253,40 to 44 years
5527,16749,0.7501428571426746,0.5714285714285714,0.06998471993403937,40 to 44 years
5528,11725,0.721571428571246,0.2857142857142857,0.5511451785360115,40 to 44 years
5529,18316,0.7787142857141032,0.8571428571428571,0.2586735713513976,40 to 44 years
5530,15721,0.721571428571246,0.2857142857142857,0.26391661836737806,40 to 44 years
5531,17542,0.721571428571246,0.2857142857142857,0.5860257398029981,40 to 44 years
5532,13927,0.7787142857141032,0.8571428571428571,0.6807680124662495,40 to 44 years
5533,19632,0.7072857142855317,0.14285714285714285,0.9754781321391601,40 to 44 years
5534,14303,0.7929999999998174,1.0,0.6735042616835516,40 to 44 years
5535,13227,0.20350132743569097,0.14285714285714285,0.38766685707271636,40 to 44 years
5536,10752,0.7501428571426746,0.5714285714285714,0.3179149258044883,40 to 44 years
5537,10364,0.7501428571426746,0.5714285714285714,0.367219200491676,40 to 44 years
5538,12916,0.7358571428569602,0.42857142857142855,0.7772317154213387,40 to 44 years
5539,15082,0.7358571428569602,0.42857142857142855,0.9758365625158274,40 to 44 years
5540,19355,0.7501428571426746,0.5714285714285714,0.3628320829851076,40 to 44 years
5541,16411,0.721571428571246,0.2857142857142857,0.7725540023311938,40 to 44 years
5542,18857,0.7929999999998174,1.0,0.5040093901625797,40 to 44 years
5543,14853,0.7787142857141032,0.8571428571428571,0.0940252027057853,40 to 44 years
5544,11663,0.7072857142855317,0.14285714285714285,0.8334560608698722,40 to 44 years
5545,16398,0.7501428571426746,0.5714285714285714,0.9557455243837887,40 to 44 years
5546,19672,0.7929999999998174,1.0,0.5555609614610348,40 to 44 years
5547,14833,0.721571428571246,0.2857142857142857,0.5995899710260422,40 to 44 years
5548,12106,0.7929999999998174,1.0,0.603688199704503,40 to 44 years
5549,12756,0.7358571428569602,0.42857142857142855,0.5465202723189055,40 to 44 years
5550,19023,0.721571428571246,0.2857142857142857,0.665106341921053,40 to 44 years
5551,12577,0.7358571428569602,0.42857142857142855,0.15650061827252476,40 to 44 years
5552,15297,0.7929999999998174,1.0,0.052620018635773036,40 to 44 years
5553,11757,0.721571428571246,0.2857142857142857,0.702462201506699,40 to 44 years
5554,15745,0.721571428571246,0.2857142857142857,0.8053708969557913,40 to 44 years
5555,18067,0.7501428571426746,0.5714285714285714,0.7808547305332583,40 to 44 years
5556,14958,0.7787142857141032,0.8571428571428571,0.09607543035837401,40 to 44 years
5557,19252,0.7787142857141032,0.8571428571428571,0.026281984219365673,40 to 44 years
5558,16403,0.7072857142855317,0.14285714285714285,0.6888022443068844,40 to 44 years
5559,12670,0.7929999999998174,1.0,0.4275996231271517,40 to 44 years
5560,18632,0.721571428571246,0.2857142857142857,0.19414090621876468,40 to 44 years
5561,16384,0.7787142857141032,0.8571428571428571,0.7896292397502919,40 to 44 years
5562,15045,0.7501428571426746,0.5714285714285714,0.8129078177471647,40 to 44 years
5563,19836,0.721571428571246,0.2857142857142857,0.9632510053076951,40 to 44 years
5564,12372,0.7787142857141032,0.8571428571428571,0.6157988073820416,40 to 44 years
5565,15801,0.7929999999998174,1.0,0.8167574177550592,40 to 44 years
5566,14016,0.721571428571246,0.2857142857142857,0.919166441571338,40 to 44 years
5567,15365,0.721571428571246,0.2857142857142857,0.19193557168611003,40 to 44 years
5568,17322,0.721571428571246,0.2857142857142857,0.40300870981607334,40 to 44 years
5569,12484,0.721571428571246,0.2857142857142857,0.5949156330133323,40 to 44 years
5570,11029,0.721571428571246,0.2857142857142857,0.6777345348425033,40 to 44 years
5571,16296,0.721571428571246,0.2857142857142857,0.518061714644804,40 to 44 years
5572,12541,0.7787142857141032,0.8571428571428571,0.4532200530212503,40 to 44 years
5573,10434,0.7072857142855317,0.14285714285714285,0.36388657421049253,40 to 44 years
5574,10910,0.7787142857141032,0.8571428571428571,0.9494800566666598,40 to 44 years
5575,15651,0.721571428571246,0.2857142857142857,0.6020535495847364,40 to 44 years
5576,15119,0.7501428571426746,0.5714285714285714,0.7979935182808398,40 to 44 years
5577,11909,0.7501428571426746,0.5714285714285714,0.8222518056052761,40 to 44 years
5578,18942,0.3050372798969501,0.14285714285714285,0.0965396216601968,40 to 44 years
5579,18346,0.7072857142855317,0.14285714285714285,0.7422453502889462,40 to 44 years
5580,17628,0.7358571428569602,0.42857142857142855,0.19371405820337417,40 to 44 years
5581,11786,0.721571428571246,0.2857142857142857,0.75131678897736,40 to 44 years
5582,11857,0.21872783085480205,0.2857142857142857,0.021449403001805978,40 to 44 years
5583,17016,0.7072857142855317,0.14285714285714285,0.8695056919437414,40 to 44 years
5584,17008,0.721571428571246,0.2857142857142857,0.03075314930677253,40 to 44 years
5585,12441,0.721571428571246,0.2857142857142857,0.30538408170868164,40 to 44 years
5586,19775,0.721571428571246,0.2857142857142857,0.9979351662736136,40 to 44 years
5587,12457,0.721571428571246,0.2857142857142857,0.30590844771519865,40 to 44 years
5588,19294,0.7358571428569602,0.42857142857142855,0.5137694571533391,40 to 44 years
5589,14843,0.7787142857141032,0.8571428571428571,0.7534452372669842,40 to 44 years
5590,14675,0.7644285714283888,0.7142857142857142,0.5162327029890441,40 to 44 years
5591,18545,0.7501428571426746,0.5714285714285714,0.48090265462354626,40 to 44 years
5592,14763,0.7929999999998174,1.0,0.16465796013875478,40 to 44 years
5593,16709,0.7929999999998174,1.0,0.10356037613661007,40 to 44 years
5594,10678,0.721571428571246,0.2857142857142857,0.29049013445865246,40 to 44 years
5595,13016,0.7358571428569602,0.42857142857142855,0.7324514717193915,40 to 44 years
5596,16733,0.7358571428569602,0.42857142857142855,0.7493291396398244,40 to 44 years
5597,15229,0.7929999999998174,1.0,0.5441037848283993,40 to 44 years
5598,10936,0.7501428571426746,0.5714285714285714,0.826748127532245,40 to 44 years
5599,16068,0.7787142857141032,0.8571428571428571,0.29275570117787325,40 to 44 years
5600,19120,0.7072857142855317,0.14285714285714285,0.9061648293458977,40 to 44 years
5601,10507,0.7787142857141032,0.8571428571428571,0.22587325328999847,40 to 44 years
5602,15702,0.721571428571246,0.2857142857142857,0.12409380679684134,40 to 44 years
5603,10186,0.7501428571426746,0.5714285714285714,0.5965145194304267,40 to 44 years
5604,13507,0.7501428571426746,0.5714285714285714,0.8712065206637672,40 to 44 years
5605,14498,0.7358571428569602,0.42857142857142855,0.2586078003884674,40 to 44 years
5606,13639,0.7787142857141032,0.8571428571428571,0.3917173294611598,40 to 44 years
5607,18840,0.7072857142855317,0.14285714285714285,0.32354092773525667,40 to 44 years
5608,17689,0.721571428571246,0.2857142857142857,0.3558567989301074,40 to 44 years
5609,15249,0.7358571428569602,0.42857142857142855,0.5272505882359323,40 to 44 years
5610,19889,0.721571428571246,0.2857142857142857,0.7227572019865469,40 to 44 years
5611,19297,0.7787142857141032,0.8571428571428571,0.7152835616602933,40 to 44 years
5612,16669,0.7358571428569602,0.42857142857142855,0.7997772499579834,40 to 44 years
5613,15141,0.7072857142855317,0.14285714285714285,0.7164361967966183,40 to 44 years
5614,11945,0.7501428571426746,0.5714285714285714,0.5929578378577843,40 to 44 years
5615,17076,0.721571428571246,0.2857142857142857,0.8432079120182782,40 to 44 years
5616,17882,0.7787142857141032,0.8571428571428571,0.14959961100683544,40 to 44 years
5617,12753,0.7501428571426746,0.5714285714285714,0.5321164087187219,40 to 44 years
5618,14495,0.7072857142855317,0.14285714285714285,0.23854139457248363,40 to 44 years
5619,18073,0.6188972552686658,0.2857142857142857,0.7655063387338693,40 to 44 years
5620,12621,0.721571428571246,0.2857142857142857,0.5258555583897748,40 to 44 years
5621,16294,0.7501428571426746,0.5714285714285714,0.3063451221379586,40 to 44 years
5622,16374,0.7501428571426746,0.5714285714285714,0.24836700358540487,40 to 44 years
5623,11668,0.721571428571246,0.2857142857142857,0.28222517567056954,40 to 44 years
5624,10875,0.7787142857141032,0.8571428571428571,0.7089985081586068,40 to 44 years
5625,19474,0.7929999999998174,1.0,0.15970255405457146,40 to 44 years
5626,12395,0.0,0.2857142857142857,0.16591335794032253,40 to 44 years
5627,12421,0.7072857142855317,0.14285714285714285,0.015595346079535055,40 to 44 years
5628,11488,0.7501428571426746,0.5714285714285714,0.6383697042830007,40 to 44 years
5629,13061,0.721571428571246,0.2857142857142857,0.4423439876493625,40 to 44 years
5630,11484,0.7501428571426746,0.5714285714285714,0.16783718111967327,40 to 44 years
5631,10730,0.721571428571246,0.2857142857142857,0.5107752906031567,40 to 44 years
5632,16927,0.7358571428569602,0.42857142857142855,0.3306870172766644,40 to 44 years
5633,13722,0.7929999999998174,1.0,0.3546504169936995,40 to 44 years
5634,19486,0.7072857142855317,0.14285714285714285,0.40441737233223213,40 to 44 years
5635,14952,0.7929999999998174,1.0,0.5226226247736239,40 to 44 years
5636,18467,0.15362968145511016,0.2857142857142857,0.9189078858921682,40 to 44 years
5637,15921,0.7787142857141032,0.8571428571428571,0.8809966913407128,40 to 44 years
5638,14665,0.7072857142855317,0.14285714285714285,0.9804708624656963,40 to 44 years
5639,13108,0.7501428571426746,0.5714285714285714,0.573009980872939,40 to 44 years
5640,16436,0.721571428571246,0.2857142857142857,0.6944436623354682,40 to 44 years
5641,13758,0.7787142857141032,0.8571428571428571,0.9406748396038824,40 to 44 years
5642,14596,0.11293084318555484,0.2857142857142857,0.21982161736547295,40 to 44 years
5643,18637,0.7072857142855317,0.14285714285714285,0.40595633101314765,40 to 44 years
5644,18895,0.7929999999998174,1.0,0.7582727432559812,40 to 44 years
5645,18832,0.7501428571426746,0.5714285714285714,0.35387964594041055,40 to 44 years
5646,17277,0.721571428571246,0.2857142857142857,0.9222510166640754,40 to 44 years
5647,16647,0.317019227741519,0.5714285714285714,0.6965523723568077,40 to 44 years
5648,19662,0.7358571428569602,0.42857142857142855,0.1804874242119679,40 to 44 years
5649,10142,0.7072857142855317,0.14285714285714285,0.11530798142069232,40 to 44 years
5650,15850,0.721571428571246,0.2857142857142857,0.7979421940688518,40 to 44 years
5651,10032,0.7072857142855317,0.14285714285714285,0.7410234472637486,40 to 44 years
5652,10780,0.7358571428569602,0.42857142857142855,0.7651184636211804,40 to 44 years
5653,10206,0.7501428571426746,0.5714285714285714,0.5343706161017197,40 to 44 years
5654,13299,0.721571428571246,0.2857142857142857,0.21672696475166087,40 to 44 years
5655,15463,0.34317416687299696,0.2857142857142857,0.7456127273973261,40 to 44 years
5656,19197,0.7929999999998174,1.0,0.8140806948998554,40 to 44 years
5657,11135,0.7501428571426746,0.5714285714285714,0.299709438392513,40 to 44 years
5658,11949,0.7501428571426746,0.5714285714285714,0.9918119401545892,40 to 44 years
5659,15401,0.7787142857141032,0.8571428571428571,0.3746238834400206,40 to 44 years
5660,10147,0.7358571428569602,0.42857142857142855,0.2241457733141281,40 to 44 years
5661,11631,0.7787142857141032,0.8571428571428571,0.6169355318927926,40 to 44 years
5662,19109,0.721571428571246,0.2857142857142857,0.7689432958875144,40 to 44 years
5663,17013,0.721571428571246,0.2857142857142857,0.3642435306018293,40 to 44 years
5664,19881,0.721571428571246,0.2857142857142857,0.34652010879340606,40 to 44 years
5665,10342,0.721571428571246,0.2857142857142857,0.447474512735459,40 to 44 years
5666,14211,0.7501428571426746,0.5714285714285714,0.39913706537209437,40 to 44 years
5667,18955,0.7358571428569602,0.42857142857142855,0.30755443378696157,40 to 44 years
5668,10359,0.721571428571246,0.2857142857142857,0.15752956633016313,40 to 44 years
5669,12516,0.2594815195100539,0.14285714285714285,0.6256569364429405,40 to 44 years
5670,13847,0.7929999999998174,1.0,0.6428256484241801,40 to 44 years
5671,11970,0.721571428571246,0.2857142857142857,0.8646867646487579,40 to 44 years
5672,11675,0.7787142857141032,0.8571428571428571,0.6699935204247727,40 to 44 years
5673,17130,0.7501428571426746,0.5714285714285714,0.09339078941850787,40 to 44 years
5674,17740,0.7072857142855317,0.14285714285714285,0.9684585539352172,40 to 44 years
5675,10059,0.7787142857141032,0.8571428571428571,0.35602001332607924,40 to 44 years
5676,15353,0.721571428571246,0.2857142857142857,0.10600933659667355,40 to 44 years
5677,15221,0.7072857142855317,0.14285714285714285,0.6527192342069136,40 to 44 years
5678,12053,0.7501428571426746,0.5714285714285714,0.8475752310687126,40 to 44 years
5679,16365,0.721571428571246,0.2857142857142857,0.7258859408014817,40 to 44 years
5680,15951,0.0,0.8571428571428571,0.9308217736828092,40 to 44 years
5681,10931,0.7501428571426746,0.5714285714285714,0.03173917066437648,40 to 44 years
5682,13230,0.7929999999998174,1.0,0.7973900706593214,40 to 44 years
5683,18337,0.7072857142855317,0.14285714285714285,0.9781092238817906,40 to 44 years
5684,12850,0.7787142857141032,0.8571428571428571,0.30199993033744443,40 to 44 years
5685,13273,0.721571428571246,0.2857142857142857,0.5858719702423247,40 to 44 years
5686,14439,0.7787142857141032,0.8571428571428571,0.25333723079374426,40 to 44 years
5687,18323,0.7501428571426746,0.5714285714285714,0.623337667076862,40 to 44 years
5688,12894,0.7501428571426746,0.5714285714285714,0.1385461560973822,40 to 44 years
5689,10520,0.721571428571246,0.2857142857142857,0.7428795961917668,40 to 44 years
5690,15189,0.7501428571426746,0.5714285714285714,0.5135376602689831,40 to 44 years
5691,10470,0.7501428571426746,0.5714285714285714,0.8584865729888225,40 to 44 years
5692,18992,0.7501428571426746,0.5714285714285714,0.35889183389766677,40 to 44 years
5693,12668,0.7787142857141032,0.8571428571428571,0.8101329545004424,40 to 44 years
5694,18285,0.721571428571246,0.2857142857142857,0.8653720591102769,40 to 44 years
5695,12532,0.721571428571246,0.2857142857142857,0.4104828745956799,40 to 44 years
5696,18774,0.7644285714283888,0.7142857142857142,0.6609037702614127,40 to 44 years
5697,13804,0.7501428571426746,0.5714285714285714,0.5576414970459591,40 to 44 years
5698,13948,0.7929999999998174,1.0,0.2565854734833496,40 to 44 years
5699,14757,0.0,0.2857142857142857,0.5985370325042788,40 to 44 years
5700,18304,0.7072857142855317,0.14285714285714285,0.6385921549865917,40 to 44 years
5701,16232,0.7072857142855317,0.14285714285714285,0.2247107283221333,40 to 44 years
5702,13937,0.7072857142855317,0.14285714285714285,0.2964062546000793,40 to 44 years
5703,12952,0.7501428571426746,0.5714285714285714,0.7984541497984103,40 to 44 years
5704,18257,0.7072857142855317,0.14285714285714285,0.37511393488636,40 to 44 years
5705,17521,0.7072857142855317,0.14285714285714285,0.7419040118340428,40 to 44 years
5706,13436,0.7072857142855317,0.14285714285714285,0.7787944224787644,40 to 44 years
5707,11649,0.7072857142855317,0.14285714285714285,0.8045262480464376,40 to 44 years
5708,11964,0.7501428571426746,0.5714285714285714,0.2924198698063123,40 to 44 years
5709,16805,0.7787142857141032,0.8571428571428571,0.8191766311791281,40 to 44 years
5710,11517,0.7501428571426746,0.5714285714285714,0.1222581423470479,40 to 44 years
5711,10589,0.721571428571246,0.2857142857142857,0.5174992765222856,40 to 44 years
5712,17824,0.0,0.5714285714285714,0.1103749818149235,40 to 44 years
5713,11567,0.7072857142855317,0.14285714285714285,0.2649719136252674,40 to 44 years
5714,15111,0.7501428571426746,0.5714285714285714,0.901881561998231,40 to 44 years
5715,12222,0.7072857142855317,0.14285714285714285,0.8531624390721453,40 to 44 years
5716,14986,0.7072857142855317,0.14285714285714285,0.34795965527288886,40 to 44 years
5717,14920,0.7501428571426746,0.5714285714285714,0.021156767269263632,40 to 44 years
5718,12584,0.7358571428569602,0.42857142857142855,0.5079765874133381,40 to 44 years
5719,19433,0.7644285714283888,0.7142857142857142,0.8557645068375195,40 to 44 years
5720,11508,0.721571428571246,0.2857142857142857,0.06363856561009718,40 to 44 years
5721,17774,0.721571428571246,0.2857142857142857,0.8978618993327308,40 to 44 years
5722,13473,0.7787142857141032,0.8571428571428571,0.372375938536343,40 to 44 years
5723,16274,0.7787142857141032,0.8571428571428571,0.31097934216152867,40 to 44 years
5724,14078,0.721571428571246,0.2857142857142857,0.8577214454185442,40 to 44 years
5725,19615,0.7787142857141032,0.8571428571428571,0.19942180240530594,40 to 44 years
5726,10282,0.721571428571246,0.2857142857142857,0.1880101016130502,40 to 44 years
5727,16453,0.7501428571426746,0.5714285714285714,0.2965338032460172,40 to 44 years
5728,15869,0.7787142857141032,0.8571428571428571,0.8953142160458265,40 to 44 years
5729,10202,0.7501428571426746,0.5714285714285714,0.27609434536337846,40 to 44 years
5730,16334,0.7072857142855317,0.14285714285714285,0.4204685114366721,40 to 44 years
5731,19266,0.40993159715187233,0.8571428571428571,0.014147051720231452,40 to 44 years
5732,13967,0.7501428571426746,0.5714285714285714,0.47281958225877185,40 to 44 years
5733,14476,0.721571428571246,0.2857142857142857,0.41297484741557267,40 to 44 years
5734,15370,0.7072857142855317,0.14285714285714285,0.3166282746696276,40 to 44 years
5735,17031,0.721571428571246,0.2857142857142857,0.572841101811367,40 to 44 years
5736,19820,0.721571428571246,0.2857142857142857,0.45787077108084956,40 to 44 years
5737,15007,0.7501428571426746,0.5714285714285714,0.452430910575786,40 to 44 years
5738,12501,0.7501428571426746,0.5714285714285714,0.934863279707417,40 to 44 years
5739,17288,0.7929999999998174,1.0,0.805013410762803,40 to 44 years
5740,12900,0.7072857142855317,0.14285714285714285,0.7067990561348731,40 to 44 years
5741,16704,0.7501428571426746,0.5714285714285714,0.1934397507266014,40 to 44 years
5742,13633,0.721571428571246,0.2857142857142857,0.4556871941735259,40 to 44 years
5743,19000,0.7787142857141032,0.8571428571428571,0.8890106917469107,40 to 44 years
5744,15649,0.7072857142855317,0.14285714285714285,0.9870037599209605,40 to 44 years
5745,13603,0.0,1.0,0.9464406747378071,40 to 44 years
5746,10021,0.7929999999998174,1.0,0.8111642927233362,40 to 44 years
5747,16877,0.7501428571426746,0.5714285714285714,0.21534092770963315,40 to 44 years
5748,15551,0.7358571428569602,0.42857142857142855,0.9900792225908814,40 to 44 years
5749,19471,0.0,0.14285714285714285,0.9352640887519205,40 to 44 years
5750,18069,0.7358571428569602,0.42857142857142855,0.5696836405119461,40 to 44 years
5751,10769,0.721571428571246,0.2857142857142857,0.16696691493952737,40 to 44 years
5752,14905,0.7358571428569602,0.42857142857142855,0.8664540939064063,40 to 44 years
5753,15785,0.7358571428569602,0.42857142857142855,0.5805467559006073,40 to 44 years
5754,15893,0.7072857142855317,0.14285714285714285,0.5606942358237414,40 to 44 years
5755,10338,0.7501428571426746,0.5714285714285714,0.7185406329511121,40 to 44 years
5756,19308,0.721571428571246,0.2857142857142857,0.4290016512120124,40 to 44 years
5757,17685,0.7072857142855317,0.14285714285714285,0.5379144247020545,40 to 44 years
5758,11765,0.7929999999998174,1.0,0.7455196703077809,40 to 44 years
5759,10247,0.7358571428569602,0.42857142857142855,0.7526941560769037,40 to 44 years
5760,11075,0.7929999999998174,1.0,0.2791518597900078,40 to 44 years
5761,18448,0.721571428571246,0.2857142857142857,0.817579529897354,40 to 44 years
5762,14431,0.7787142857141032,0.8571428571428571,0.5764369569903284,40 to 44 years
5763,19136,0.7644285714283888,0.7142857142857142,0.4289250916412788,40 to 44 years
5764,12453,0.7358571428569602,0.42857142857142855,0.4740305871669661,40 to 44 years
5765,15427,0.7501428571426746,0.5714285714285714,0.9494022244825775,40 to 44 years
5766,15245,0.7787142857141032,0.8571428571428571,0.2608934187204297,40 to 44 years
5767,13143,0.7501428571426746,0.5714285714285714,0.3271802267752224,40 to 44 years
5768,14099,0.7644285714283888,0.7142857142857142,0.24227684468868765,40 to 44 years
5769,13953,0.7072857142855317,0.14285714285714285,0.23319865073134904,40 to 44 years
5770,12305,0.721571428571246,0.2857142857142857,0.6443681510887214,40 to 44 years
5771,19057,0.7072857142855317,0.14285714285714285,0.1659006613941677,40 to 44 years
5772,17808,0.7358571428569602,0.42857142857142855,0.362795614617476,40 to 44 years
5773,18846,0.721571428571246,0.2857142857142857,0.027885904598266453,40 to 44 years
5774,19239,0.721571428571246,0.2857142857142857,0.373063343425403,40 to 44 years
5775,18231,0.7072857142855317,0.14285714285714285,0.917584686973038,40 to 44 years
5776,19391,0.7787142857141032,0.8571428571428571,0.9206687721618805,40 to 44 years
5777,13103,0.7501428571426746,0.5714285714285714,0.29820953398811123,40 to 44 years
5778,15712,0.721571428571246,0.2857142857142857,0.9383624643301289,40 to 44 years
5779,14530,0.7072857142855317,0.14285714285714285,0.6632536199723015,40 to 44 years
5780,19577,0.721571428571246,0.2857142857142857,0.060358278511687735,40 to 44 years
5781,13106,0.721571428571246,0.2857142857142857,0.843926016182003,40 to 44 years
5782,15002,0.2629681100783928,0.14285714285714285,0.5979335430385443,40 to 44 years
5783,13798,0.721571428571246,0.2857142857142857,0.8147082589939667,40 to 44 years
5784,17380,0.721571428571246,0.2857142857142857,0.8810606484700221,40 to 44 years
5785,14167,0.721571428571246,0.2857142857142857,0.6388530644432944,40 to 44 years
5786,10384,0.7501428571426746,0.5714285714285714,0.39457548089827854,40 to 44 years
5787,14156,0.7072857142855317,0.14285714285714285,0.25346480364173174,40 to 44 years
5788,15182,0.7501428571426746,0.5714285714285714,0.10099950742998132,40 to 44 years
5789,11102,0.7501428571426746,0.5714285714285714,0.6650595612740007,40 to 44 years
5790,12734,0.5415854488578915,0.8571428571428571,0.8854542782257724,40 to 44 years
5791,19031,0.721571428571246,0.2857142857142857,0.5278144253153317,40 to 44 years
5792,13767,0.7929999999998174,1.0,0.12234386417723664,40 to 44 years
5793,19894,0.6014756518853083,0.2857142857142857,0.4515353522693215,40 to 44 years
5794,19536,0.7072857142855317,0.14285714285714285,0.6232288464637291,40 to 44 years
5795,17957,0.7929999999998174,1.0,0.38349913194540786,40 to 44 years
5796,15019,0.7072857142855317,0.14285714285714285,0.38606685700822807,40 to 44 years
5797,14922,0.7787142857141032,0.8571428571428571,0.632374291996688,40 to 44 years
5798,17866,0.7787142857141032,0.8571428571428571,0.6009890491274323,40 to 44 years
5799,11024,0.3036238538615817,0.14285714285714285,0.2819579745952298,40 to 44 years
5800,13748,0.7072857142855317,0.14285714285714285,0.5353198597985629,40 to 44 years
5801,16164,0.7072857142855317,0.14285714285714285,0.9461811306815757,40 to 44 years
5802,10607,0.7501428571426746,0.5714285714285714,0.36992532074202233,40 to 44 years
5803,17998,0.7072857142855317,0.14285714285714285,0.5581425101938027,40 to 44 years
5804,12571,0.7072857142855317,0.14285714285714285,0.6588300875195519,40 to 44 years
5805,16233,0.721571428571246,0.2857142857142857,0.7957640058784922,40 to 44 years
5806,10605,0.721571428571246,0.2857142857142857,0.947016560925745,40 to 44 years
5807,14639,0.721571428571246,0.2857142857142857,0.4524312706023402,40 to 44 years
5808,11162,0.7787142857141032,0.8571428571428571,0.18899967390066114,40 to 44 years
5809,18053,0.7072857142855317,0.14285714285714285,0.32141212841026895,40 to 44 years
5810,12240,0.7072857142855317,0.14285714285714285,0.8545629169178561,40 to 44 years
5811,19263,0.7787142857141032,0.8571428571428571,0.29062252029047936,40 to 44 years
5812,10468,0.721571428571246,0.2857142857142857,0.3389575202807522,40 to 44 years
5813,18879,0.721571428571246,0.2857142857142857,0.11192224619809965,40 to 44 years
5814,14802,0.721571428571246,0.2857142857142857,0.5906292605677902,40 to 44 years
5815,12999,0.7072857142855317,0.14285714285714285,0.6953108333232275,40 to 44 years
5816,10500,0.7501428571426746,0.5714285714285714,0.14383327305842836,40 to 44 years
5817,16049,0.7358571428569602,0.42857142857142855,0.3854572055441281,40 to 44 years
5818,14488,0.7358571428569602,0.42857142857142855,0.6124801304497134,40 to 44 years
5819,18151,0.7501428571426746,0.5714285714285714,0.20014265446718627,40 to 44 years
5820,19561,0.7072857142855317,0.14285714285714285,0.2481150135096491,40 to 44 years
5821,10598,0.7501428571426746,0.5714285714285714,0.42771569367087436,40 to 44 years
5822,11862,0.7644285714283888,0.7142857142857142,0.873593298196542,40 to 44 years
5823,10521,0.721571428571246,0.2857142857142857,0.17504851049536085,40 to 44 years
5824,14722,0.0,0.5714285714285714,0.20140091693841095,40 to 44 years
5825,13187,0.7072857142855317,0.14285714285714285,0.42550605860894075,40 to 44 years
5826,16603,0.7072857142855317,0.14285714285714285,0.8891491035082986,40 to 44 years
5827,11041,0.7501428571426746,0.5714285714285714,0.6132308037664547,40 to 44 years
5828,15615,0.7929999999998174,1.0,0.918656568966711,40 to 44 years
5829,16607,0.7072857142855317,0.14285714285714285,0.6155760778783667,40 to 44 years
5830,17826,0.7501428571426746,0.5714285714285714,0.6970119299436657,40 to 44 years
5831,17858,0.3387791546845689,0.5714285714285714,0.9142865200131985,40 to 44 years
5832,18141,0.7929999999998174,1.0,0.3012339469530713,40 to 44 years
5833,11541,0.7501428571426746,0.5714285714285714,0.5183821026351284,40 to 44 years
5834,13198,0.7501428571426746,0.5714285714285714,0.2051525021820812,40 to 44 years
5835,12218,0.721571428571246,0.2857142857142857,0.4385264198415594,40 to 44 years
5836,11893,0.721571428571246,0.2857142857142857,0.6973649208879302,40 to 44 years
5837,13866,0.721571428571246,0.2857142857142857,0.49593169338004367,40 to 44 years
5838,18152,0.7501428571426746,0.5714285714285714,0.9760613173108785,40 to 44 years
5839,16918,0.721571428571246,0.2857142857142857,0.785497101350771,40 to 44 years
5840,12069,0.7358571428569602,0.42857142857142855,0.8184180963149454,40 to 44 years
5841,12816,0.7072857142855317,0.14285714285714285,0.9212982999504034,40 to 44 years
5842,16402,0.7072857142855317,0.14285714285714285,0.5351685092715771,40 to 44 years
5843,13114,0.7072857142855317,0.14285714285714285,0.5644054123190672,40 to 44 years
5844,10228,0.7501428571426746,0.5714285714285714,0.3757298211270901,40 to 44 years
5845,10236,0.7787142857141032,0.8571428571428571,0.3234778539598816,40 to 44 years
5846,12542,0.7072857142855317,0.14285714285714285,0.39770104088809866,40 to 44 years
5847,19866,0.7501428571426746,0.5714285714285714,0.8469515265546359,40 to 44 years
5848,14443,0.7072857142855317,0.14285714285714285,0.5509406055378757,40 to 44 years
5849,11470,0.7787142857141032,0.8571428571428571,0.5005340819838172,40 to 44 years
5850,17568,0.721571428571246,0.2857142857142857,0.048320277889775054,40 to 44 years
5851,18548,0.7929999999998174,1.0,0.011386325906198147,40 to 44 years
5852,11756,0.7072857142855317,0.14285714285714285,0.6747154400022134,40 to 44 years
5853,18658,0.7501428571426746,0.5714285714285714,0.9763131971355128,40 to 44 years
5854,13494,0.7929999999998174,1.0,0.4326605272355558,40 to 44 years
5855,12861,0.721571428571246,0.2857142857142857,0.861657537579942,40 to 44 years
5856,11678,0.7929999999998174,1.0,0.9092037422199298,40 to 44 years
5857,15315,0.721571428571246,0.2857142857142857,0.37232615552160475,40 to 44 years
5858,11371,0.7787142857141032,0.8571428571428571,0.9842715125493907,40 to 44 years
5859,14239,0.721571428571246,0.2857142857142857,0.6485677137568278,40 to 44 years
5860,13377,0.7072857142855317,0.14285714285714285,0.10111549448318252,40 to 44 years
5861,16892,0.3880233889688595,0.5714285714285714,0.6915673667353142,40 to 44 years
5862,17112,0.7358571428569602,0.42857142857142855,0.8523928807903787,40 to 44 years
5863,16541,0.721571428571246,0.2857142857142857,0.47627454512041206,40 to 44 years
5864,14425,0.7072857142855317,0.14285714285714285,0.6823376448963324,40 to 44 years
5865,10188,0.7501428571426746,0.5714285714285714,0.6309510364735893,40 to 44 years
5866,19717,0.7644285714283888,0.7142857142857142,0.11697779371511469,40 to 44 years
5867,14600,0.7787142857141032,0.8571428571428571,0.8612132755272578,40 to 44 years
5868,13321,0.7787142857141032,0.8571428571428571,0.020949163164521,40 to 44 years
5869,11461,0.721571428571246,0.2857142857142857,0.731534253580158,40 to 44 years
5870,14333,0.7501428571426746,0.5714285714285714,0.45168628678440964,40 to 44 years
5871,13931,0.7501428571426746,0.5714285714285714,0.9037156187400239,40 to 44 years
5872,17133,0.7929999999998174,1.0,0.5659681878579078,40 to 44 years
5873,13659,0.7787142857141032,0.8571428571428571,0.26442517898788476,40 to 44 years
5874,11908,0.721571428571246,0.2857142857142857,0.40902355714909117,40 to 44 years
5875,16446,0.7358571428569602,0.42857142857142855,0.45214981750807337,40 to 44 years
5876,19314,0.7929999999998174,1.0,0.24519726784225077,40 to 44 years
5877,11882,0.7501428571426746,0.5714285714285714,0.5235542260428911,40 to 44 years
5878,19850,0.7358571428569602,0.42857142857142855,0.43631570125057473,40 to 44 years
5879,12183,0.7929999999998174,1.0,0.8968968925164765,40 to 44 years
5880,19385,0.721571428571246,0.2857142857142857,0.31979364911596686,40 to 44 years
5881,16149,0.7072857142855317,0.14285714285714285,0.5877089414238931,40 to 44 years
5882,17794,0.7787142857141032,0.8571428571428571,0.6770467800142377,40 to 44 years
5883,15106,0.7929999999998174,1.0,0.29496657254195546,40 to 44 years
5884,13170,0.7358571428569602,0.42857142857142855,0.29753329205683965,40 to 44 years
5885,17204,0.721571428571246,0.2857142857142857,0.16012658183205225,40 to 44 years
5886,13391,0.7358571428569602,0.42857142857142855,0.5340483621680047,40 to 44 years
5887,12901,0.7072857142855317,0.14285714285714285,0.8678925233110542,40 to 44 years
5888,14047,0.7501428571426746,0.5714285714285714,0.43463759192392576,40 to 44 years
5889,16889,0.7501428571426746,0.5714285714285714,0.26595470149154815,40 to 44 years
5890,13532,0.7072857142855317,0.14285714285714285,0.8627110773343458,40 to 44 years
5891,18400,0.721571428571246,0.2857142857142857,0.1532783365254009,40 to 44 years
5892,13569,0.721571428571246,0.2857142857142857,0.296418980987441,40 to 44 years
5893,12137,0.7072857142855317,0.14285714285714285,0.9223714099493627,40 to 44 years
5894,14659,0.7072857142855317,0.14285714285714285,0.7642554022221473,40 to 44 years
5895,15628,0.7929999999998174,1.0,0.19540530870516049,40 to 44 years
5896,13561,0.7072857142855317,0.14285714285714285,0.5442712608142407,40 to 44 years
5897,15396,0.721571428571246,0.2857142857142857,0.35782243667012864,40 to 44 years
5898,16483,0.7787142857141032,0.8571428571428571,0.191762963679398,40 to 44 years
5899,12546,0.7787142857141032,0.8571428571428571,0.657811256422387,40 to 44 years
5900,16424,0.7072857142855317,0.14285714285714285,0.26968169807742554,40 to 44 years
5901,14485,0.7929999999998174,1.0,0.5955311413183509,40 to 44 years
5902,15639,0.7072857142855317,0.14285714285714285,0.4151747891047769,40 to 44 years
5903,14471,0.7072857142855317,0.14285714285714285,0.2812081276345047,40 to 44 years
5904,11992,0.2425784439295647,0.2857142857142857,0.3481581450229448,40 to 44 years
5905,18042,0.721571428571246,0.2857142857142857,0.38803506876803073,40 to 44 years
5906,16466,0.7787142857141032,0.8571428571428571,0.7746939572100543,40 to 44 years
5907,10935,0.721571428571246,0.2857142857142857,0.7429108826632174,40 to 44 years
5908,11364,0.7501428571426746,0.5714285714285714,0.7422250765982032,40 to 44 years
5909,11657,0.7501428571426746,0.5714285714285714,0.2937793830692931,40 to 44 years
5910,12648,0.7072857142855317,0.14285714285714285,0.6084374204660106,40 to 44 years
5911,13807,0.721571428571246,0.2857142857142857,0.4118078239268601,40 to 44 years
5912,12557,0.7501428571426746,0.5714285714285714,0.5851930932570222,40 to 44 years
5913,11207,0.7929999999998174,1.0,0.7307884489073028,40 to 44 years
5914,14189,0.721571428571246,0.2857142857142857,0.22619171150701112,40 to 44 years
5915,18206,0.7072857142855317,0.14285714285714285,0.22774842102887755,40 to 44 years
5916,10824,0.7787142857141032,0.8571428571428571,0.2819679755158895,40 to 44 years
5917,17603,0.7072857142855317,0.14285714285714285,0.4107070877237381,40 to 44 years
5918,17025,0.7358571428569602,0.42857142857142855,0.5732655861156504,40 to 44 years
5919,15109,0.721571428571246,0.2857142857142857,0.4636592031419744,40 to 44 years
5920,14755,0.7501428571426746,0.5714285714285714,0.23754875374505602,40 to 44 years
5921,17791,0.7787142857141032,0.8571428571428571,0.8301364452892428,40 to 44 years
5922,19347,0.7358571428569602,0.42857142857142855,0.28494968089457606,40 to 44 years
5923,12047,0.7929999999998174,1.0,0.09568934186157718,40 to 44 years
5924,14450,0.7787142857141032,0.8571428571428571,0.6430435703120896,40 to 44 years
5925,10704,0.7358571428569602,0.42857142857142855,0.48110017377069336,40 to 44 years
5926,11393,0.7501428571426746,0.5714285714285714,0.2132475183048605,40 to 44 years
5927,15135,0.7358571428569602,0.42857142857142855,0.016670490345102484,40 to 44 years
5928,15254,0.721571428571246,0.2857142857142857,0.6773343579836639,40 to 44 years
5929,19588,0.721571428571246,0.2857142857142857,0.37046780981789773,40 to 44 years
5930,16660,0.721571428571246,0.2857142857142857,0.1130543305874469,40 to 44 years
5931,10993,0.721571428571246,0.2857142857142857,0.47003944460590275,40 to 44 years
5932,13735,0.7501428571426746,0.5714285714285714,0.6859873315227875,40 to 44 years
5933,13159,0.7501428571426746,0.5714285714285714,0.31236559202669156,40 to 44 years
5934,12439,0.267422281561586,0.2857142857142857,0.9856698949265685,40 to 44 years
5935,11489,0.721571428571246,0.2857142857142857,0.16493593097803988,40 to 44 years
5936,16106,0.0,0.2857142857142857,0.5769173609119638,40 to 44 years
5937,19206,0.7787142857141032,0.8571428571428571,0.7913021260960666,40 to 44 years
5938,14353,0.7501428571426746,0.5714285714285714,0.2779892886004278,40 to 44 years
5939,13126,0.721571428571246,0.2857142857142857,0.422991921431377,40 to 44 years
5940,17329,0.721571428571246,0.2857142857142857,0.7300719112394265,40 to 44 years
5941,13075,0.7501428571426746,0.5714285714285714,0.44923067819243656,40 to 44 years
5942,13951,0.7072857142855317,0.14285714285714285,0.8466504397826574,40 to 44 years
5943,13357,0.7501428571426746,0.5714285714285714,0.628378853117708,40 to 44 years
5944,18229,0.2588763437028581,0.2857142857142857,0.1499715825863598,40 to 44 years
5945,18191,0.7501428571426746,0.5714285714285714,0.6895577720282347,40 to 44 years
5946,18660,0.7358571428569602,0.42857142857142855,0.7176619959847437,40 to 44 years
5947,16202,0.7929999999998174,1.0,0.6578416561253049,40 to 44 years
5948,18460,0.7787142857141032,0.8571428571428571,0.46169447259860646,40 to 44 years
5949,16719,0.7787142857141032,0.8571428571428571,0.4022823647627612,40 to 44 years
5950,16821,0.7501428571426746,0.5714285714285714,0.9300521113211391,40 to 44 years
5951,19902,0.7501428571426746,0.5714285714285714,0.942129861078803,40 to 44 years
5952,10958,0.7929999999998174,1.0,0.17345561470592252,40 to 44 years
5953,15818,0.7644285714283888,0.7142857142857142,0.3074850358153578,40 to 44 years
5954,19742,0.7358571428569602,0.42857142857142855,0.968704131867584,40 to 44 years
5955,18220,0.7072857142855317,0.14285714285714285,0.3972977099124819,40 to 44 years
5956,17792,0.7787142857141032,0.8571428571428571,0.40961159006204395,40 to 44 years
5957,10043,0.7501428571426746,0.5714285714285714,0.02539247062035277,40 to 44 years
5958,16668,0.721571428571246,0.2857142857142857,0.6710165937371488,40 to 44 years
5959,15184,0.7501428571426746,0.5714285714285714,0.7125101093248175,40 to 44 years
5960,10432,0.3484200242414,0.2857142857142857,0.7454610569659476,40 to 44 years
5961,18602,0.7072857142855317,0.14285714285714285,0.009196015931658308,40 to 44 years
5962,12711,0.721571428571246,0.2857142857142857,0.27982195862763914,40 to 44 years
5963,18334,0.7501428571426746,0.5714285714285714,0.7464631646395222,40 to 44 years
5964,16950,0.7787142857141032,0.8571428571428571,0.5745417701798099,40 to 44 years
5965,10018,0.7072857142855317,0.14285714285714285,0.7345078557691317,40 to 44 years
5966,17149,0.721571428571246,0.2857142857142857,0.06017434812108463,40 to 44 years
5967,15582,0.721571428571246,0.2857142857142857,0.7137319593266422,40 to 44 years
5968,18581,0.721571428571246,0.2857142857142857,0.8617038565300894,40 to 44 years
5969,11685,0.7072857142855317,0.14285714285714285,0.3138706927889112,40 to 44 years
5970,13864,0.7787142857141032,0.8571428571428571,0.025498017638824644,40 to 44 years
5971,14873,0.7787142857141032,0.8571428571428571,0.83436781943629,40 to 44 years
5972,17330,0.721571428571246,0.2857142857142857,0.4608062141630749,40 to 44 years
5973,11915,0.7501428571426746,0.5714285714285714,0.08930024132840209,40 to 44 years
5974,16837,0.7501428571426746,0.5714285714285714,0.11875267695923941,40 to 44 years
5975,19796,0.7358571428569602,0.42857142857142855,0.7218145500452782,40 to 44 years
5976,19810,0.7072857142855317,0.14285714285714285,0.060441959899999675,40 to 44 years
5977,15977,0.7787142857141032,0.8571428571428571,0.37587682746959505,40 to 44 years
5978,15181,0.7501428571426746,0.5714285714285714,0.4139438670914708,40 to 44 years
5979,14491,0.38077409215544467,0.14285714285714285,0.8265120907084603,40 to 44 years
5980,11761,0.7787142857141032,0.8571428571428571,0.22578058354122205,40 to 44 years
5981,18299,0.7072857142855317,0.14285714285714285,0.43176976502875847,40 to 44 years
5982,12056,0.721571428571246,0.2857142857142857,0.31257866655728395,40 to 44 years
5983,17152,0.7501428571426746,0.5714285714285714,0.6638150845817444,40 to 44 years
5984,18532,0.7072857142855317,0.14285714285714285,0.1919571577106282,40 to 44 years
5985,19660,0.7072857142855317,0.14285714285714285,0.9509565175435556,40 to 44 years
5986,19105,0.7787142857141032,0.8571428571428571,0.7189084564444377,40 to 44 years
5987,11240,0.7358571428569602,0.42857142857142855,0.4117571153845133,40 to 44 years
5988,10622,0.7072857142855317,0.14285714285714285,0.5909320025623163,40 to 44 years
5989,12950,0.7501428571426746,0.5714285714285714,0.8041718895123016,40 to 44 years
5990,11196,0.7072857142855317,0.14285714285714285,0.6066984158073739,40 to 44 years
5991,12267,0.7358571428569602,0.42857142857142855,0.3470003822480656,40 to 44 years
5992,12226,0.7072857142855317,0.14285714285714285,0.737724450839413,40 to 44 years
5993,13221,0.721571428571246,0.2857142857142857,0.17777254571630724,40 to 44 years
5994,10933,0.721571428571246,0.2857142857142857,0.39541530798463753,40 to 44 years
5995,12635,0.7644285714283888,0.7142857142857142,0.15254165493718452,40 to 44 years
5996,15962,0.721571428571246,0.2857142857142857,0.5299598379771152,40 to 44 years
5997,11490,0.7072857142855317,0.14285714285714285,0.6379578651712695,40 to 44 years
5998,18223,0.7929999999998174,1.0,0.058018864570408724,40 to 44 years
5999,17885,0.7501428571426746,0.5714285714285714,0.9341103009053807,40 to 44 years
6000,16231,0.7787142857141032,0.8571428571428571,0.6778683678048412,40 to 44 years
6001,19759,0.7787142857141032,0.8571428571428571,0.10100717718632729,40 to 44 years
6002,16594,0.7787142857141032,0.8571428571428571,0.18133738715574077,40 to 44 years
6003,13984,0.7072857142855317,0.14285714285714285,0.9158894871314097,40 to 44 years
6004,14326,0.7787142857141032,0.8571428571428571,0.24699242233251506,40 to 44 years
6005,17737,0.7501428571426746,0.5714285714285714,0.7820728530631847,40 to 44 years
6006,19030,0.7501428571426746,0.5714285714285714,0.09363053408929467,40 to 44 years
6007,13898,0.7072857142855317,0.14285714285714285,0.9304063433359392,40 to 44 years
6008,11520,0.0,0.14285714285714285,0.7265369825503764,40 to 44 years
6009,14159,0.721571428571246,0.2857142857142857,0.4462421846594256,40 to 44 years
6010,16479,0.7072857142855317,0.14285714285714285,0.009764075361609281,40 to 44 years
6011,12511,0.721571428571246,0.2857142857142857,0.2711710150338366,40 to 44 years
6012,10821,0.7929999999998174,1.0,0.270617993399833,40 to 44 years
6013,14490,0.7787142857141032,0.8571428571428571,0.4326306643029812,40 to 44 years
6014,14924,0.7072857142855317,0.14285714285714285,0.632155080028487,40 to 44 years
6015,11666,0.7501428571426746,0.5714285714285714,0.4299091487260177,40 to 44 years
6016,12494,0.721571428571246,0.2857142857142857,0.3494535865363041,40 to 44 years
6017,14982,0.7787142857141032,0.8571428571428571,0.39654883667597307,40 to 44 years
6018,17675,0.721571428571246,0.2857142857142857,0.5604332046790926,40 to 44 years
6019,18336,0.7072857142855317,0.14285714285714285,0.9488837295756268,40 to 44 years
6020,17050,0.7358571428569602,0.42857142857142855,0.27297973994388736,40 to 44 years
6021,16281,0.721571428571246,0.2857142857142857,0.7110001667896012,40 to 44 years
6022,12325,0.7358571428569602,0.42857142857142855,0.48993298293440174,40 to 44 years
6023,11607,0.7501428571426746,0.5714285714285714,0.10318745721063988,40 to 44 years
6024,14421,0.7787142857141032,0.8571428571428571,0.141969496764065,40 to 44 years
6025,14482,0.7929999999998174,1.0,0.10562854082853812,40 to 44 years
6026,19004,0.7072857142855317,0.14285714285714285,0.9881673074240087,40 to 44 years
6027,11569,0.7501428571426746,0.5714285714285714,0.2605588250295774,40 to 44 years
6028,11776,0.7929999999998174,1.0,0.909480879704081,40 to 44 years
6029,11963,0.721571428571246,0.2857142857142857,0.01570804418839178,40 to 44 years
6030,10540,0.7358571428569602,0.42857142857142855,0.31387867404587166,40 to 44 years
6031,11935,0.7072857142855317,0.14285714285714285,0.4435199754843576,40 to 44 years
6032,13390,0.7072857142855317,0.14285714285714285,0.42518998775525313,40 to 44 years
6033,16308,0.7501428571426746,0.5714285714285714,0.9332959935639257,40 to 44 years
6034,16825,0.721571428571246,0.2857142857142857,0.3536736967624875,40 to 44 years
6035,13751,0.7358571428569602,0.42857142857142855,0.2441283548555101,40 to 44 years
6036,11313,0.721571428571246,0.2857142857142857,0.9260232721512742,40 to 44 years
6037,17883,0.7501428571426746,0.5714285714285714,0.6176001313019502,40 to 44 years
6038,18222,0.7358571428569602,0.42857142857142855,0.851617495346828,40 to 44 years
6039,18244,0.7501428571426746,0.5714285714285714,0.09614510533660475,40 to 44 years
6040,16145,0.7501428571426746,0.5714285714285714,0.8909138739713024,40 to 44 years
6041,18232,0.7501428571426746,0.5714285714285714,0.8114208737688611,40 to 44 years
6042,10308,0.7501428571426746,0.5714285714285714,0.25107374580822955,40 to 44 years
6043,16940,0.7501428571426746,0.5714285714285714,0.8848780903724371,40 to 44 years
6044,10789,0.7501428571426746,0.5714285714285714,0.4727073700776179,40 to 44 years
6045,18666,0.7501428571426746,0.5714285714285714,0.09728542155480857,40 to 44 years
6046,19069,0.721571428571246,0.2857142857142857,0.36687344190071836,40 to 44 years
6047,17074,0.721571428571246,0.2857142857142857,0.10801842475275913,40 to 44 years
6048,14921,0.7128571428505011,0.42857142857142855,0.3422539240735406,45 to 49 years
6049,18321,0.6985714285647868,0.2857142857142857,0.36518093138873686,45 to 49 years
6050,11569,0.7271428571362154,0.5714285714285714,0.2605588250295774,45 to 49 years
6051,13607,0.6985714285647868,0.2857142857142857,0.21871492299260858,45 to 49 years
6052,14617,0.7271428571362154,0.5714285714285714,0.9274414549594081,45 to 49 years
6053,18408,0.6842857142790725,0.14285714285714285,0.41455578497850587,45 to 49 years
6054,14446,0.7128571428505011,0.42857142857142855,0.9787291836990348,45 to 49 years
6055,14510,0.7271428571362154,0.5714285714285714,0.5829301760781032,45 to 49 years
6056,14499,0.6842857142790725,0.14285714285714285,0.9365622461921309,45 to 49 years
6057,16031,0.6985714285647868,0.2857142857142857,0.9557960020452053,45 to 49 years
6058,13617,0.6985714285647868,0.2857142857142857,0.38404474966016355,45 to 49 years
6059,14090,0.0,0.5714285714285714,0.15373010997413084,45 to 49 years
6060,11964,0.7271428571362154,0.5714285714285714,0.2924198698063123,45 to 49 years
6061,16856,0.7699999999933582,1.0,0.21814403477835326,45 to 49 years
6062,10953,0.6842857142790725,0.14285714285714285,0.6160802185803508,45 to 49 years
6063,19628,0.755714285707644,0.8571428571428571,0.27434109389597394,45 to 49 years
6064,10483,0.6985714285647868,0.2857142857142857,0.5339333668693791,45 to 49 years
6065,18426,0.7414285714219296,0.7142857142857142,0.3178757489648319,45 to 49 years
6066,13976,0.6985714285647868,0.2857142857142857,0.8155050349019749,45 to 49 years
6067,11629,0.755714285707644,0.8571428571428571,0.4644676087152209,45 to 49 years
6068,13910,0.6842857142790725,0.14285714285714285,0.34344893798558795,45 to 49 years
6069,12839,0.7699999999933582,1.0,0.14941425103801165,45 to 49 years
6070,19863,0.0891910536174734,0.2857142857142857,0.71882994203777,45 to 49 years
6071,14182,0.7128571428505011,0.42857142857142855,0.1572183421645862,45 to 49 years
6072,16070,0.6985714285647868,0.2857142857142857,0.8875494801482768,45 to 49 years
6073,14015,0.755714285707644,0.8571428571428571,0.2712782467961366,45 to 49 years
6074,13360,0.6985714285647868,0.2857142857142857,0.27956999057265347,45 to 49 years
6075,18113,0.6985714285647868,0.2857142857142857,0.566811048688409,45 to 49 years
6076,12532,0.6985714285647868,0.2857142857142857,0.4104828745956799,45 to 49 years
6077,12558,0.6842857142790725,0.14285714285714285,0.44484206379364594,45 to 49 years
6078,17789,0.755714285707644,0.8571428571428571,0.4834236616810498,45 to 49 years
6079,16467,0.6985714285647868,0.2857142857142857,0.6469730536282771,45 to 49 years
6080,19043,0.6985714285647868,0.2857142857142857,0.2407925028386687,45 to 49 years
6081,15256,0.7271428571362154,0.5714285714285714,0.22572609303801722,45 to 49 years
6082,13658,0.6985714285647868,0.2857142857142857,0.6864637834710872,45 to 49 years
6083,18271,0.6985714285647868,0.2857142857142857,0.540172241393689,45 to 49 years
6084,19568,0.7414285714219296,0.7142857142857142,0.587138989692019,45 to 49 years
6085,17835,-0.060405281385441566,0.42857142857142855,0.6259723308790809,45 to 49 years
6086,14226,0.755714285707644,0.8571428571428571,0.5625865240609631,45 to 49 years
6087,16173,0.7128571428505011,0.42857142857142855,0.39824176207642775,45 to 49 years
6088,10546,0.6985714285647868,0.2857142857142857,0.2359964996854137,45 to 49 years
6089,12978,0.755714285707644,0.8571428571428571,0.7063316762311336,45 to 49 years
6090,16759,0.755714285707644,0.8571428571428571,0.07666482019892179,45 to 49 years
6091,16619,0.6985714285647868,0.2857142857142857,0.03223848555740816,45 to 49 years
6092,18161,0.6985714285647868,0.2857142857142857,0.8049593121902764,45 to 49 years
6093,17210,0.6985714285647868,0.2857142857142857,0.7769910118842328,45 to 49 years
6094,17287,0.6842857142790725,0.14285714285714285,0.39368775826866914,45 to 49 years
6095,14517,0.755714285707644,0.8571428571428571,0.03917941707910677,45 to 49 years
6096,18942,0.282037279890491,0.14285714285714285,0.0965396216601968,45 to 49 years
6097,10545,0.7128571428505011,0.42857142857142855,0.048365714938122084,45 to 49 years
6098,14532,0.7271428571362154,0.5714285714285714,0.5029739835249636,45 to 49 years
6099,15205,0.6985714285647868,0.2857142857142857,0.30438542018795456,45 to 49 years
6100,18788,0.6985714285647868,0.2857142857142857,0.4680783695233116,45 to 49 years
6101,18439,0.755714285707644,0.8571428571428571,0.5590500622847323,45 to 49 years
6102,19662,0.7128571428505011,0.42857142857142855,0.1804874242119679,45 to 49 years
6103,15805,0.6985714285647868,0.2857142857142857,0.6630825783795642,45 to 49 years
6104,19890,0.7128571428505011,0.42857142857142855,0.3618436968683937,45 to 49 years
6105,16439,0.755714285707644,0.8571428571428571,0.5734827828371099,45 to 49 years
6106,16058,0.6842857142790725,0.14285714285714285,0.7011775095258812,45 to 49 years
6107,18750,0.3188923531420017,0.7142857142857142,0.17482149872827396,45 to 49 years
6108,14628,0.755714285707644,0.8571428571428571,0.5145957714578259,45 to 49 years
6109,17864,0.7128571428505011,0.42857142857142855,0.22459767240539358,45 to 49 years
6110,11410,0.7699999999933582,1.0,0.6187218969889209,45 to 49 years
6111,14108,0.7271428571362154,0.5714285714285714,0.01684446935464723,45 to 49 years
6112,16264,0.755714285707644,0.8571428571428571,0.8397612115902819,45 to 49 years
6113,18931,0.7271428571362154,0.5714285714285714,0.7028499438588316,45 to 49 years
6114,14408,0.6842857142790725,0.14285714285714285,0.2842678736893679,45 to 49 years
6115,19714,0.1924289735673115,0.42857142857142855,0.17169683122620816,45 to 49 years
6116,18965,0.7699999999933582,1.0,0.010979335487113606,45 to 49 years
6117,17448,0.7271428571362154,0.5714285714285714,0.6256194514946859,45 to 49 years
6118,14813,0.6985714285647868,0.2857142857142857,0.09476519772562803,45 to 49 years
6119,10484,0.7271428571362154,0.5714285714285714,0.8798736543465646,45 to 49 years
6120,12112,0.6985714285647868,0.2857142857142857,0.13385518519848455,45 to 49 years
6121,16179,0.7271428571362154,0.5714285714285714,0.534189395232542,45 to 49 years
6122,17818,0.6985714285647868,0.2857142857142857,0.11586774010697004,45 to 49 years
6123,17831,0.7699999999933582,1.0,0.4843207749038336,45 to 49 years
6124,15227,0.7128571428505011,0.42857142857142855,0.19993418128814727,45 to 49 years
6125,16968,0.7271428571362154,0.5714285714285714,0.009199837711614034,45 to 49 years
6126,15947,0.7271428571362154,0.5714285714285714,0.979792789585047,45 to 49 years
6127,18820,0.6985714285647868,0.2857142857142857,0.13856027087658696,45 to 49 years
6128,18132,0.7271428571362154,0.5714285714285714,0.03072497694746723,45 to 49 years
6129,11055,0.755714285707644,0.8571428571428571,0.6825332324207981,45 to 49 years
6130,16310,0.7128571428505011,0.42857142857142855,0.9111348319283787,45 to 49 years
6131,19178,0.755714285707644,0.8571428571428571,0.37458887464491,45 to 49 years
6132,12040,0.49827584628480226,0.14285714285714285,0.5881278159240042,45 to 49 years
6133,14286,0.7128571428505011,0.42857142857142855,0.19870989640320907,45 to 49 years
6134,15193,0.6842857142790725,0.14285714285714285,0.7937137153531773,45 to 49 years
6135,18512,0.6842857142790725,0.14285714285714285,0.8794676993357682,45 to 49 years
6136,14758,0.6842857142790725,0.14285714285714285,0.6382454386853335,45 to 49 years
6137,11844,0.6842857142790725,0.14285714285714285,0.5338986084172445,45 to 49 years
6138,14620,0.755714285707644,0.8571428571428571,0.9753505477715116,45 to 49 years
6139,12835,0.7699999999933582,1.0,0.3663621529949543,45 to 49 years
6140,15828,0.6985714285647868,0.2857142857142857,0.8559133051085253,45 to 49 years
6141,10143,0.4248418308828383,0.5714285714285714,0.6739285296205315,45 to 49 years
6142,18380,0.6985714285647868,0.2857142857142857,0.5188865866624365,45 to 49 years
6143,10742,0.6842857142790725,0.14285714285714285,0.9355596198651566,45 to 49 years
6144,11876,0.7271428571362154,0.5714285714285714,0.729128867903887,45 to 49 years
6145,14395,0.6985714285647868,0.2857142857142857,0.979811115817713,45 to 49 years
6146,19452,0.6985714285647868,0.2857142857142857,0.6332732331411008,45 to 49 years
6147,11940,0.7128571428505011,0.42857142857142855,0.4584618985578941,45 to 49 years
6148,13451,0.1675626990094341,0.14285714285714285,0.22366304877341242,45 to 49 years
6149,16072,0.6985714285647868,0.2857142857142857,0.9496622835967984,45 to 49 years
6150,14579,0.6985714285647868,0.2857142857142857,0.49578447439477236,45 to 49 years
6151,13874,0.6985714285647868,0.2857142857142857,0.6972222476046195,45 to 49 years
6152,11592,0.755714285707644,0.8571428571428571,0.29949908388270163,45 to 49 years
6153,16193,0.7128571428505011,0.42857142857142855,0.3662202672381917,45 to 49 years
6154,10420,0.6985714285647868,0.2857142857142857,0.33875963046227386,45 to 49 years
6155,15202,0.755714285707644,0.8571428571428571,0.9238642800449955,45 to 49 years
6156,16149,0.15515103365736344,0.14285714285714285,0.5877089414238931,45 to 49 years
6157,16735,0.7271428571362154,0.5714285714285714,0.783276644511996,45 to 49 years
6158,15594,0.7414285714219296,0.7142857142857142,0.2854221853407682,45 to 49 years
6159,17525,0.755714285707644,0.8571428571428571,0.9398696478438231,45 to 49 years
6160,10925,0.7699999999933582,1.0,0.3216266359027521,45 to 49 years
6161,13305,0.6842857142790725,0.14285714285714285,0.14230388221101625,45 to 49 years
6162,13647,0.6842857142790725,0.14285714285714285,0.9339368061098544,45 to 49 years
6163,10727,0.6985714285647868,0.2857142857142857,0.5620980526759213,45 to 49 years
6164,17010,0.6985714285647868,0.2857142857142857,0.14684083170437562,45 to 49 years
6165,18731,0.6985714285647868,0.2857142857142857,0.4403411017558301,45 to 49 years
6166,14312,0.7271428571362154,0.5714285714285714,0.3237197469913829,45 to 49 years
6167,17976,0.7128571428505011,0.42857142857142855,0.506289712395672,45 to 49 years
6168,17385,0.6985714285647868,0.2857142857142857,0.9743763672480756,45 to 49 years
6169,18923,0.7271428571362154,0.5714285714285714,0.0774720778362436,45 to 49 years
6170,18396,0.7271428571362154,0.5714285714285714,0.7394134293433977,45 to 49 years
6171,14423,0.6842857142790725,0.14285714285714285,0.5377076070408423,45 to 49 years
6172,18382,0.6985714285647868,0.2857142857142857,0.7966508196514555,45 to 49 years
6173,19201,0.6842857142790725,0.14285714285714285,0.384575549108705,45 to 49 years
6174,10536,0.6985714285647868,0.2857142857142857,0.3857933847167926,45 to 49 years
6175,16366,0.6985714285647868,0.2857142857142857,0.5030851242134166,45 to 49 years
6176,13241,0.7271428571362154,0.5714285714285714,0.8404732500663292,45 to 49 years
6177,11013,0.755714285707644,0.8571428571428571,0.8336796469496793,45 to 49 years
6178,10190,0.6985714285647868,0.2857142857142857,0.08390130447303773,45 to 49 years
6179,17828,0.6842857142790725,0.14285714285714285,0.75185701490324,45 to 49 years
6180,10770,0.6985714285647868,0.2857142857142857,0.889578025252362,45 to 49 years
6181,14630,0.6985714285647868,0.2857142857142857,0.0703925064259891,45 to 49 years
6182,12393,0.7699999999933582,1.0,0.49428945537376234,45 to 49 years
6183,19131,0.755714285707644,0.8571428571428571,0.3557631761275145,45 to 49 years
6184,17516,0.755714285707644,0.8571428571428571,0.2680926165557758,45 to 49 years
6185,17220,0.755714285707644,0.8571428571428571,0.39118876501329425,45 to 49 years
6186,14938,0.6985714285647868,0.2857142857142857,0.12134696460215738,45 to 49 years
6187,16489,0.7271428571362154,0.5714285714285714,0.2580174515130234,45 to 49 years
6188,14646,0.7699999999933582,1.0,0.14777431658883383,45 to 49 years
6189,16836,0.755714285707644,0.8571428571428571,0.36145787216893643,45 to 49 years
6190,16590,0.755714285707644,0.8571428571428571,0.9479303029336859,45 to 49 years
6191,11764,0.7128571428505011,0.42857142857142855,0.5983494187917425,45 to 49 years
6192,12587,0.7699999999933582,1.0,0.9270762499863299,45 to 49 years
6193,12957,0.6985714285647868,0.2857142857142857,0.2418964470451752,45 to 49 years
6194,16096,0.755714285707644,0.8571428571428571,0.3970991746824607,45 to 49 years
6195,17921,0.6842857142790725,0.14285714285714285,0.7940620123913213,45 to 49 years
6196,15433,0.6842857142790725,0.14285714285714285,0.06353212893027171,45 to 49 years
6197,11999,0.7271428571362154,0.5714285714285714,0.5075850408517203,45 to 49 years
6198,19992,0.7271428571362154,0.5714285714285714,0.771713794660775,45 to 49 years
6199,15946,0.7699999999933582,1.0,0.044653679122651335,45 to 49 years
6200,11617,0.6842857142790725,0.14285714285714285,0.9198749196649401,45 to 49 years
6201,14528,0.755714285707644,0.8571428571428571,0.08642213605920673,45 to 49 years
6202,14919,0.6985714285647868,0.2857142857142857,0.7649869150462126,45 to 49 years
6203,10291,0.7699999999933582,1.0,0.8910056209766585,45 to 49 years
6204,12184,0.7271428571362154,0.5714285714285714,0.43388461411060203,45 to 49 years
6205,18343,0.755714285707644,0.8571428571428571,0.5301162211344582,45 to 49 years
6206,18604,0.6985714285647868,0.2857142857142857,0.5385197847895464,45 to 49 years
6207,19766,0.7271428571362154,0.5714285714285714,0.5689487254129412,45 to 49 years
6208,13838,0.6842857142790725,0.14285714285714285,0.4837004767208235,45 to 49 years
6209,11266,0.6985714285647868,0.2857142857142857,0.8198073948362811,45 to 49 years
6210,11173,0.6985714285647868,0.2857142857142857,0.860237062043997,45 to 49 years
6211,12441,0.6985714285647868,0.2857142857142857,0.30538408170868164,45 to 49 years
6212,10121,0.7128571428505011,0.42857142857142855,0.5695333244346258,45 to 49 years
6213,19664,0.7699999999933582,1.0,0.16775448936887039,45 to 49 years
6214,14893,0.755714285707644,0.8571428571428571,0.41497622602864764,45 to 49 years
6215,11047,0.7271428571362154,0.5714285714285714,0.3542371361505064,45 to 49 years
6216,11720,0.6985714285647868,0.2857142857142857,0.13713637875543305,45 to 49 years
6217,15800,0.7271428571362154,0.5714285714285714,0.08352229644780379,45 to 49 years
6218,17698,0.6985714285647868,0.2857142857142857,0.08180838209150793,45 to 49 years
6219,16034,0.7271428571362154,0.5714285714285714,0.6944978914050979,45 to 49 years
6220,12023,0.755714285707644,0.8571428571428571,0.5182527048651258,45 to 49 years
6221,17343,0.755714285707644,0.8571428571428571,0.4298341478509587,45 to 49 years
6222,11108,0.7414285714219296,0.7142857142857142,0.8397433916640915,45 to 49 years
6223,15518,0.6842857142790725,0.14285714285714285,0.8070301069744148,45 to 49 years
6224,10751,0.6985714285647868,0.2857142857142857,0.25582626384346385,45 to 49 years
6225,15229,0.7699999999933582,1.0,0.5441037848283993,45 to 49 years
6226,16067,0.7414285714219296,0.7142857142857142,0.12721433794013154,45 to 49 years
6227,16403,0.6842857142790725,0.14285714285714285,0.6888022443068844,45 to 49 years
6228,11808,0.7128571428505011,0.42857142857142855,0.69800189171818,45 to 49 years
6229,12166,0.7128571428505011,0.42857142857142855,0.2958650632911506,45 to 49 years
6230,12933,0.7271428571362154,0.5714285714285714,0.8027678524905566,45 to 49 years
6231,15737,0.7128571428505011,0.42857142857142855,0.4889864210127144,45 to 49 years
6232,17982,0.755714285707644,0.8571428571428571,0.37238148564024853,45 to 49 years
6233,12264,0.6842857142790725,0.14285714285714285,0.3495294595049925,45 to 49 years
6234,19174,0.6842857142790725,0.14285714285714285,0.8787492446359346,45 to 49 years
6235,16037,0.7128571428505011,0.42857142857142855,0.9421277595978405,45 to 49 years
6236,12104,0.755714285707644,0.8571428571428571,0.6153862587731603,45 to 49 years
6237,19042,0.755714285707644,0.8571428571428571,0.47708597989318047,45 to 49 years
6238,12191,0.6985714285647868,0.2857142857142857,0.8287613616548366,45 to 49 years
6239,14697,0.7128571428505011,0.42857142857142855,0.72685635806571,45 to 49 years
6240,16528,0.7271428571362154,0.5714285714285714,0.8641367700338607,45 to 49 years
6241,11468,0.7699999999933582,1.0,0.6049081366805638,45 to 49 years
6242,17077,0.755714285707644,0.8571428571428571,0.838715533364615,45 to 49 years
6243,10685,0.6985714285647868,0.2857142857142857,0.27220738455136323,45 to 49 years
6244,14199,0.7271428571362154,0.5714285714285714,0.7184674390738561,45 to 49 years
6245,10146,0.755714285707644,0.8571428571428571,0.8064269372889014,45 to 49 years
6246,12003,0.7128571428505011,0.42857142857142855,0.8757975975204438,45 to 49 years
6247,10045,0.3497385964161899,0.5714285714285714,0.9800538409729074,45 to 49 years
6248,18031,0.6842857142790725,0.14285714285714285,0.643714500526755,45 to 49 years
6249,14596,0.08993084317909569,0.2857142857142857,0.21982161736547295,45 to 49 years
6250,10178,0.7271428571362154,0.5714285714285714,0.5637514568999413,45 to 49 years
6251,15062,0.7128571428505011,0.42857142857142855,0.9331901724873914,45 to 49 years
6252,11303,0.6842857142790725,0.14285714285714285,0.7970656152371873,45 to 49 years
6253,14634,0.7128571428505011,0.42857142857142855,0.48737277141024155,45 to 49 years
6254,12422,0.7128571428505011,0.42857142857142855,0.7925270208043604,45 to 49 years
6255,11653,0.755714285707644,0.8571428571428571,0.6901891707854345,45 to 49 years
6256,15756,0.755714285707644,0.8571428571428571,0.6362113331112013,45 to 49 years
6257,16684,0.7128571428505011,0.42857142857142855,0.6502476881793912,45 to 49 years
6258,16721,0.3539799416952341,0.14285714285714285,0.9382923619531911,45 to 49 years
6259,11114,0.6842857142790725,0.14285714285714285,0.9398759551329965,45 to 49 years
6260,11610,0.7271428571362154,0.5714285714285714,0.5625738605989667,45 to 49 years
6261,17189,0.6842857142790725,0.14285714285714285,0.9244076637291017,45 to 49 years
6262,14264,0.7699999999933582,1.0,0.3503147716835928,45 to 49 years
6263,19885,0.2061514590193313,0.42857142857142855,0.5149923990280355,45 to 49 years
6264,19676,0.6985714285647868,0.2857142857142857,0.2878297579715338,45 to 49 years
6265,16626,0.7699999999933582,1.0,0.7636245652327337,45 to 49 years
6266,11240,0.7128571428505011,0.42857142857142855,0.4117571153845133,45 to 49 years
6267,15607,0.0,0.8571428571428571,0.8527653771547052,45 to 49 years
6268,16148,0.755714285707644,0.8571428571428571,0.57761664058629,45 to 49 years
6269,16600,0.7128571428505011,0.42857142857142855,0.4464875239337112,45 to 49 years
6270,12964,0.7414285714219296,0.7142857142857142,0.2451718128165069,45 to 49 years
6271,16742,0.6985714285647868,0.2857142857142857,0.8493142275810599,45 to 49 years
6272,10412,0.755714285707644,0.8571428571428571,0.6714245858042779,45 to 49 years
6273,14774,0.7271428571362154,0.5714285714285714,0.6333614092303478,45 to 49 years
6274,10970,0.6985714285647868,0.2857142857142857,0.7113919167387913,45 to 49 years
6275,10689,0.6842857142790725,0.14285714285714285,0.3032566156677846,45 to 49 years
6276,12084,0.6842857142790725,0.14285714285714285,0.8965413857829388,45 to 49 years
6277,16087,0.755714285707644,0.8571428571428571,0.9645694551170693,45 to 49 years
6278,17935,0.6985714285647868,0.2857142857142857,0.36578942503582673,45 to 49 years
6279,17102,0.7271428571362154,0.5714285714285714,0.7190884067878749,45 to 49 years
6280,16338,0.6985714285647868,0.2857142857142857,0.8611945168994939,45 to 49 years
6281,14192,0.755714285707644,0.8571428571428571,0.46357734224618796,45 to 49 years
6282,10562,0.6842857142790725,0.14285714285714285,0.5851912553588123,45 to 49 years
6283,14477,0.755714285707644,0.8571428571428571,0.5571387237953346,45 to 49 years
6284,17301,0.755714285707644,0.8571428571428571,0.24697282783368985,45 to 49 years
6285,12424,0.0,0.2857142857142857,0.12587906925289544,45 to 49 years
6286,15986,0.3247250239915762,0.2857142857142857,0.8952028307549512,45 to 49 years
6287,15434,0.6985714285647868,0.2857142857142857,0.3308807369751582,45 to 49 years
6288,10542,0.7699999999933582,1.0,0.9763515310978941,45 to 49 years
6289,16726,0.7128571428505011,0.42857142857142855,0.543091910668753,45 to 49 years
6290,18345,0.755714285707644,0.8571428571428571,0.5892788366536136,45 to 49 years
6291,10945,0.7128571428505011,0.42857142857142855,0.5455633625495427,45 to 49 years
6292,16773,0.6985714285647868,0.2857142857142857,0.48770673675532994,45 to 49 years
6293,16402,0.6842857142790725,0.14285714285714285,0.5351685092715771,45 to 49 years
6294,15920,0.7128571428505011,0.42857142857142855,0.7239606364239932,45 to 49 years
6295,18127,0.3429517119463912,0.42857142857142855,0.7618053375692766,45 to 49 years
6296,15860,0.24243473593533227,0.5714285714285714,0.483470385949942,45 to 49 years
6297,15251,0.6985714285647868,0.2857142857142857,0.20289825580184329,45 to 49 years
6298,15867,0.7271428571362154,0.5714285714285714,0.3939405963004188,45 to 49 years
6299,16033,0.28794587141865446,0.2857142857142857,0.6247664277893993,45 to 49 years
6300,18691,0.7271428571362154,0.5714285714285714,0.561644875188956,45 to 49 years
6301,19229,0.755714285707644,0.8571428571428571,0.6400377981435786,45 to 49 years
6302,13608,0.6985714285647868,0.2857142857142857,0.33951516474028653,45 to 49 years
6303,12628,0.6985714285647868,0.2857142857142857,0.7887705691450295,45 to 49 years
6304,16720,0.6842857142790725,0.14285714285714285,0.15080420815886347,45 to 49 years
6305,10979,0.6842857142790725,0.14285714285714285,0.3831050565357342,45 to 49 years
6306,14003,0.193784594705079,0.14285714285714285,0.4615080209058072,45 to 49 years
6307,17650,0.6842857142790725,0.14285714285714285,0.2486578538365441,45 to 49 years
6308,11398,0.6985714285647868,0.2857142857142857,0.43232258113021865,45 to 49 years
6309,11591,0.7271428571362154,0.5714285714285714,0.16859533264946952,45 to 49 years
6310,18749,0.7699999999933582,1.0,0.9221242217243943,45 to 49 years
6311,18089,0.7128571428505011,0.42857142857142855,0.7762687315086563,45 to 49 years
6312,10916,0.755714285707644,0.8571428571428571,0.3125887222862884,45 to 49 years
6313,19315,0.6842857142790725,0.14285714285714285,0.929899513822176,45 to 49 years
6314,16657,0.7128571428505011,0.42857142857142855,0.0043691967406681576,45 to 49 years
6315,19973,0.6985714285647868,0.2857142857142857,0.6125512380764089,45 to 49 years
6316,10244,0.6985714285647868,0.2857142857142857,0.2515044216577886,45 to 49 years
6317,18098,0.7414285714219296,0.7142857142857142,0.7076733821570188,45 to 49 years
6318,12567,0.7271428571362154,0.5714285714285714,0.8008304219953839,45 to 49 years
6319,13079,0.33920968048222744,0.2857142857142857,0.7588717640407319,45 to 49 years
6320,19292,0.7414285714219296,0.7142857142857142,0.808900862240957,45 to 49 years
6321,11911,0.7414285714219296,0.7142857142857142,0.47171123669528253,45 to 49 years
6322,18150,0.6985714285647868,0.2857142857142857,0.09886209346027608,45 to 49 years
6323,13590,0.7699999999933582,1.0,0.5947244198360571,45 to 49 years
6324,18445,0.6842857142790725,0.14285714285714285,0.5205334888560734,45 to 49 years
6325,10257,0.7699999999933582,1.0,0.8766962902145982,45 to 49 years
6326,14074,0.7271428571362154,0.5714285714285714,0.5815362914995573,45 to 49 years
6327,14930,0.7699999999933582,1.0,0.19455142530169006,45 to 49 years
6328,16335,0.6842857142790725,0.14285714285714285,0.4263356134189919,45 to 49 years
6329,17335,0.7128571428505011,0.42857142857142855,0.16859682147243138,45 to 49 years
6330,10327,0.7699999999933582,1.0,0.12542731942302554,45 to 49 years
6331,13525,0.7699999999933582,1.0,0.7975538616180362,45 to 49 years
6332,15723,0.755714285707644,0.8571428571428571,0.2086590317051602,45 to 49 years
6333,17539,0.6985714285647868,0.2857142857142857,0.45666256612238937,45 to 49 years
6334,13013,0.6842857142790725,0.14285714285714285,0.04234498049395391,45 to 49 years
6335,15724,0.7128571428505011,0.42857142857142855,0.2568554242357953,45 to 49 years
6336,15058,0.7271428571362154,0.5714285714285714,0.21570127637859332,45 to 49 years
6337,19486,0.6842857142790725,0.14285714285714285,0.40441737233223213,45 to 49 years
6338,17731,0.3712009713597838,0.2857142857142857,0.6619603870797686,45 to 49 years
6339,16552,0.7271428571362154,0.5714285714285714,0.968946561992743,45 to 49 years
6340,10385,0.6985714285647868,0.2857142857142857,0.5629869957802517,45 to 49 years
6341,14231,0.6842857142790725,0.14285714285714285,0.261993259104019,45 to 49 years
6342,18752,0.7271428571362154,0.5714285714285714,0.9365349736647375,45 to 49 years
6343,15185,0.6842857142790725,0.14285714285714285,0.5393237869718819,45 to 49 years
6344,19574,0.7271428571362154,0.5714285714285714,0.702786399890891,45 to 49 years
6345,19617,0.7271428571362154,0.5714285714285714,0.47575733479788257,45 to 49 years
6346,14632,0.7271428571362154,0.5714285714285714,0.3528444550675256,45 to 49 years
6347,12345,0.7271428571362154,0.5714285714285714,0.871166236683476,45 to 49 years
6348,11795,0.7699999999933582,1.0,0.9440293750626538,45 to 49 years
6349,12596,0.755714285707644,0.8571428571428571,0.12124595902069146,45 to 49 years
6350,10808,0.7128571428505011,0.42857142857142855,0.9188773761819156,45 to 49 years
6351,14038,0.6842857142790725,0.14285714285714285,0.4652802035508985,45 to 49 years
6352,12246,0.261548962085193,0.5714285714285714,0.9035195408628691,45 to 49 years
6353,13012,0.6842857142790725,0.14285714285714285,0.9028820196512957,45 to 49 years
6354,16679,0.755714285707644,0.8571428571428571,0.29115605829321134,45 to 49 years
6355,17639,0.6985714285647868,0.2857142857142857,0.6157133395692478,45 to 49 years
6356,10022,0.6985714285647868,0.2857142857142857,0.8435330392461733,45 to 49 years
6357,19464,0.7128571428505011,0.42857142857142855,0.525369727545139,45 to 49 years
6358,18963,0.755714285707644,0.8571428571428571,0.8867302061525795,45 to 49 years
6359,18247,0.7271428571362154,0.5714285714285714,0.42337647926960126,45 to 49 years
6360,14864,0.0,0.2857142857142857,0.5859915801568791,45 to 49 years
6361,19893,0.755714285707644,0.8571428571428571,0.19166559172888237,45 to 49 years
6362,15821,0.6842857142790725,0.14285714285714285,0.1920804268710256,45 to 49 years
6363,13419,0.6985714285647868,0.2857142857142857,0.46830016257238455,45 to 49 years
6364,10101,0.41081159375390763,0.14285714285714285,0.1508042284680408,45 to 49 years
6365,17216,0.7271428571362154,0.5714285714285714,0.6614481997088764,45 to 49 years
6366,18797,0.7699999999933582,1.0,0.3928647829849813,45 to 49 years
6367,11027,0.7128571428505011,0.42857142857142855,0.42747835689820224,45 to 49 years
6368,13396,0.6842857142790725,0.14285714285714285,0.6525115716455308,45 to 49 years
6369,12163,0.7271428571362154,0.5714285714285714,0.8410238175981108,45 to 49 years
6370,15626,0.6842857142790725,0.14285714285714285,0.5814525148358208,45 to 49 years
6371,17722,0.7271428571362154,0.5714285714285714,0.4508520445624329,45 to 49 years
6372,19182,0.6842857142790725,0.14285714285714285,0.4827469509773822,45 to 49 years
6373,17455,0.6985714285647868,0.2857142857142857,0.9519324112663006,45 to 49 years
6374,14722,0.0,0.5714285714285714,0.20140091693841095,45 to 49 years
6375,10426,0.755714285707644,0.8571428571428571,0.6323302630753653,45 to 49 years
6376,13922,0.15181225206433996,0.2857142857142857,0.7209728567050839,45 to 49 years
6377,11612,0.7128571428505011,0.42857142857142855,0.5582014561876749,45 to 49 years
6378,12381,0.46784658950041785,0.14285714285714285,0.7439219056865808,45 to 49 years
6379,11357,0.7128571428505011,0.42857142857142855,0.795094306164629,45 to 49 years
6380,13694,0.6985714285647868,0.2857142857142857,0.770496333893305,45 to 49 years
6381,10982,0.6985714285647868,0.2857142857142857,0.19748330993422403,45 to 49 years
6382,19849,0.7271428571362154,0.5714285714285714,0.8661669048179215,45 to 49 years
6383,11649,0.6842857142790725,0.14285714285714285,0.8045262480464376,45 to 49 years
6384,11850,0.7271428571362154,0.5714285714285714,0.7461492954018958,45 to 49 years
6385,11885,0.6985714285647868,0.2857142857142857,0.5130601915985413,45 to 49 years
6386,10597,0.7271428571362154,0.5714285714285714,0.012619582695580833,45 to 49 years
6387,18723,0.6985714285647868,0.2857142857142857,0.29019919980878167,45 to 49 years
6388,14958,0.755714285707644,0.8571428571428571,0.09607543035837401,45 to 49 years
6389,18502,0.755714285707644,0.8571428571428571,0.2863686724606192,45 to 49 years
6390,15670,0.7271428571362154,0.5714285714285714,0.5456705095283242,45 to 49 years
6391,16697,0.755714285707644,0.8571428571428571,0.1505254055915185,45 to 49 years
6392,15109,0.6985714285647868,0.2857142857142857,0.4636592031419744,45 to 49 years
6393,18218,0.7271428571362154,0.5714285714285714,0.4744909098386713,45 to 49 years
6394,12883,0.755714285707644,0.8571428571428571,0.2636569528437917,45 to 49 years
6395,17587,0.6985714285647868,0.2857142857142857,0.3363616913738046,45 to 49 years
6396,15836,0.6842857142790725,0.14285714285714285,0.23777611334376914,45 to 49 years
6397,11865,0.755714285707644,0.8571428571428571,0.4087244775973171,45 to 49 years
6398,10152,0.6985714285647868,0.2857142857142857,0.9679512587765196,45 to 49 years
6399,17610,0.6842857142790725,0.14285714285714285,0.33516530356665647,45 to 49 years
6400,12487,0.6985714285647868,0.2857142857142857,0.0075624525552230315,45 to 49 years
6401,10524,0.755714285707644,0.8571428571428571,0.9237360299821608,45 to 49 years
6402,15157,0.6842857142790725,0.14285714285714285,0.8599566120681912,45 to 49 years
6403,17715,0.6985714285647868,0.2857142857142857,0.9350264971139571,45 to 49 years
6404,12779,0.7128571428505011,0.42857142857142855,0.9629426046147516,45 to 49 years
6405,12528,0.3974765309147178,0.5714285714285714,0.6880653451189764,45 to 49 years
6406,10703,0.7414285714219296,0.7142857142857142,0.43316709431823097,45 to 49 years
6407,13295,0.7699999999933582,1.0,0.05349483549289946,45 to 49 years
6408,19409,0.23623297817786781,0.5714285714285714,0.1867707815678259,45 to 49 years
6409,18581,0.6985714285647868,0.2857142857142857,0.8617038565300894,45 to 49 years
6410,18899,0.7271428571362154,0.5714285714285714,0.7291024397406219,45 to 49 years
6411,14392,0.6985714285647868,0.2857142857142857,0.02943953200898053,45 to 49 years
6412,12164,0.7271428571362154,0.5714285714285714,0.32484656002010703,45 to 49 years
6413,15167,0.755714285707644,0.8571428571428571,0.6917628112822705,45 to 49 years
6414,12586,0.7271428571362154,0.5714285714285714,0.45225016032576676,45 to 49 years
6415,11156,0.7128571428505011,0.42857142857142855,0.7326854921301401,45 to 49 years
6416,16211,0.7699999999933582,1.0,0.6949804529279812,45 to 49 years
6417,11298,0.7128571428505011,0.42857142857142855,0.9747757745730863,45 to 49 years
6418,18823,0.7128571428505011,0.42857142857142855,0.2510278180402724,45 to 49 years
6419,11355,0.467871174716967,0.5714285714285714,0.8139829469846931,45 to 49 years
6420,16605,0.755714285707644,0.8571428571428571,0.6702029071106976,45 to 49 years
6421,11003,0.755714285707644,0.8571428571428571,0.6726515521629408,45 to 49 years
6422,15025,0.755714285707644,0.8571428571428571,0.004533849961949388,45 to 49 years
6423,10245,0.6842857142790725,0.14285714285714285,0.7134630264008999,45 to 49 years
6424,19716,0.7699999999933582,1.0,0.5927613330907614,45 to 49 years
6425,16556,0.7699999999933582,1.0,0.5912999359063665,45 to 49 years
6426,17230,0.6985714285647868,0.2857142857142857,0.49573508894345203,45 to 49 years
6427,18460,0.755714285707644,0.8571428571428571,0.46169447259860646,45 to 49 years
6428,15897,0.755714285707644,0.8571428571428571,0.9389802147662683,45 to 49 years
6429,15097,0.7414285714219296,0.7142857142857142,0.11467455204622057,45 to 49 years
6430,17261,0.6842857142790725,0.14285714285714285,0.3356094951786739,45 to 49 years
6431,10606,0.755714285707644,0.8571428571428571,0.7976369604271081,45 to 49 years
6432,19199,0.6985714285647868,0.2857142857142857,0.5181633123153042,45 to 49 years
6433,16180,0.6842857142790725,0.14285714285714285,0.9962709150203126,45 to 49 years
6434,19785,0.26514795684414927,0.5714285714285714,0.38463700043979177,45 to 49 years
6435,11208,0.7128571428505011,0.42857142857142855,0.2179556618941621,45 to 49 years
6436,19214,0.2549360285022653,0.14285714285714285,0.46839303037054414,45 to 49 years
6437,10766,0.7271428571362154,0.5714285714285714,0.512922493621677,45 to 49 years
6438,16452,0.7271428571362154,0.5714285714285714,0.3377599544829469,45 to 49 years
6439,12263,0.6985714285647868,0.2857142857142857,0.7581006263063912,45 to 49 years
6440,13083,0.7271428571362154,0.5714285714285714,0.6877676143586434,45 to 49 years
6441,14208,0.7271428571362154,0.5714285714285714,0.5964288114240351,45 to 49 years
6442,15464,0.6985714285647868,0.2857142857142857,0.6579443109894271,45 to 49 years
6443,18834,0.7271428571362154,0.5714285714285714,0.2863547146527767,45 to 49 years
6444,18020,0.6842857142790725,0.14285714285714285,0.5621056538453995,45 to 49 years
6445,15683,0.6842857142790725,0.14285714285714285,0.7613463961713882,45 to 49 years
6446,14327,0.6985714285647868,0.2857142857142857,0.7523555270624478,45 to 49 years
6447,14545,0.6985714285647868,0.2857142857142857,0.003743021442218719,45 to 49 years
6448,17648,0.7271428571362154,0.5714285714285714,0.5468864284022625,45 to 49 years
6449,18243,0.6842857142790725,0.14285714285714285,0.7147233380758811,45 to 49 years
6450,19846,0.755714285707644,0.8571428571428571,0.031191791977216665,45 to 49 years
6451,12805,0.7271428571362154,0.5714285714285714,0.6024056214756153,45 to 49 years
6452,18450,0.7128571428505011,0.42857142857142855,0.3647137377761023,45 to 49 years
6453,19461,0.755714285707644,0.8571428571428571,0.628811937555371,45 to 49 years
6454,10458,0.7699999999933582,1.0,0.5683994120342583,45 to 49 years
6455,11660,0.7271428571362154,0.5714285714285714,0.2776709712596813,45 to 49 years
6456,13169,0.7271428571362154,0.5714285714285714,0.06036052460667185,45 to 49 years
6457,19303,0.6985714285647868,0.2857142857142857,0.47367977062762123,45 to 49 years
6458,16412,0.7128571428505011,0.42857142857142855,0.7615320176562752,45 to 49 years
6459,10519,0.6985714285647868,0.2857142857142857,0.6314915512720256,45 to 49 years
6460,10582,0.6985714285647868,0.2857142857142857,0.5829396184072322,45 to 49 years
6461,13934,0.6985714285647868,0.2857142857142857,0.0777475143820574,45 to 49 years
6462,13471,0.7699999999933582,1.0,0.8641872441803915,45 to 49 years
6463,16538,0.6985714285647868,0.2857142857142857,0.3243582982478958,45 to 49 years
6464,17968,0.6985714285647868,0.2857142857142857,0.29396582886321154,45 to 49 years
6465,10560,0.6842857142790725,0.14285714285714285,0.6302447954122593,45 to 49 years
6466,19982,0.7271428571362154,0.5714285714285714,0.6103303760414309,45 to 49 years
6467,15784,0.7128571428505011,0.42857142857142855,0.7093072698671156,45 to 49 years
6468,12336,0.7128571428505011,0.42857142857142855,0.6161647981353092,45 to 49 years
6469,17120,0.6985714285647868,0.2857142857142857,0.7096406452446371,45 to 49 years
6470,16417,0.7271428571362154,0.5714285714285714,0.8898896901940154,45 to 49 years
6471,12395,0.0,0.2857142857142857,0.16591335794032253,45 to 49 years
6472,16840,0.6985714285647868,0.2857142857142857,0.1394443226269556,45 to 49 years
6473,13524,0.7699999999933582,1.0,0.4683562426544609,45 to 49 years
6474,16442,0.755714285707644,0.8571428571428571,0.7794864649696037,45 to 49 years
6475,15810,0.7128571428505011,0.42857142857142855,0.8290558786510807,45 to 49 years
6476,19994,0.7271428571362154,0.5714285714285714,0.8203826596796371,45 to 49 years
6477,11913,0.7271428571362154,0.5714285714285714,0.40987667170711195,45 to 49 years
6478,16035,0.6985714285647868,0.2857142857142857,0.7260933011560793,45 to 49 years
6479,17772,0.27491122069358864,0.2857142857142857,0.37670376083451484,45 to 49 years
6480,10455,0.6985714285647868,0.2857142857142857,0.5748907686135218,45 to 49 years
6481,10873,0.6985714285647868,0.2857142857142857,0.5205567175167981,45 to 49 years
6482,19577,0.6985714285647868,0.2857142857142857,0.060358278511687735,45 to 49 years
6483,16022,0.6985714285647868,0.2857142857142857,0.30255315035364483,45 to 49 years
6484,18730,0.7128571428505011,0.42857142857142855,0.6805549473822022,45 to 49 years
6485,18649,0.7271428571362154,0.5714285714285714,0.6604666122726687,45 to 49 years
6486,18118,0.6985714285647868,0.2857142857142857,0.582406159994548,45 to 49 years
6487,13286,0.7271428571362154,0.5714285714285714,0.44774157966276174,45 to 49 years
6488,11550,0.6842857142790725,0.14285714285714285,0.6735269131968291,45 to 49 years
6489,16855,0.6985714285647868,0.2857142857142857,0.4541600014678304,45 to 49 years
6490,16611,0.465515569705737,0.2857142857142857,0.40893857281259155,45 to 49 years
6491,18534,0.7271428571362154,0.5714285714285714,0.171389487999,45 to 49 years
6492,14829,0.7128571428505011,0.42857142857142855,0.5698981892096227,45 to 49 years
6493,14086,0.7128571428505011,0.42857142857142855,0.27246786486817953,45 to 49 years
6494,17842,0.19253695944325178,0.42857142857142855,0.022599033019072068,45 to 49 years
6495,13473,0.755714285707644,0.8571428571428571,0.372375938536343,45 to 49 years
6496,14470,0.7128571428505011,0.42857142857142855,0.61327353924195,45 to 49 years
6497,15082,0.7128571428505011,0.42857142857142855,0.9758365625158274,45 to 49 years
6498,12517,0.7699999999933582,1.0,0.5998959465989141,45 to 49 years
6499,14955,0.6985714285647868,0.2857142857142857,0.7707296660454471,45 to 49 years
6500,18529,0.6842857142790725,0.14285714285714285,0.2589085527166342,45 to 49 years
6501,17121,0.7699999999933582,1.0,0.8589680061216451,45 to 49 years
6502,17113,0.755714285707644,0.8571428571428571,0.6896157191524431,45 to 49 years
6503,12440,0.6985714285647868,0.2857142857142857,0.21898029924186224,45 to 49 years
6504,18381,0.7128571428505011,0.42857142857142855,0.7998165006592683,45 to 49 years
6505,18882,0.6985714285647868,0.2857142857142857,0.4315171271534676,45 to 49 years
6506,12816,0.6842857142790725,0.14285714285714285,0.9212982999504034,45 to 49 years
6507,14797,0.7271428571362154,0.5714285714285714,0.9279157010112927,45 to 49 years
6508,18065,0.4496377438713671,0.2857142857142857,0.6151269435469824,45 to 49 years
6509,18687,0.755714285707644,0.8571428571428571,0.9828870424500518,45 to 49 years
6510,17188,0.7271428571362154,0.5714285714285714,0.9100546734526416,45 to 49 years
6511,17390,0.7128571428505011,0.42857142857142855,0.07281217636720466,45 to 49 years
6512,19954,0.42360321678533525,0.42857142857142855,0.7764474120253217,45 to 49 years
6513,18954,0.6842857142790725,0.14285714285714285,0.6417306781541279,45 to 49 years
6514,15270,0.6985714285647868,0.2857142857142857,0.8438976217208121,45 to 49 years
6515,12037,0.6985714285647868,0.2857142857142857,0.2791968043172142,45 to 49 years
6516,11060,0.7271428571362154,0.5714285714285714,0.36131478472916423,45 to 49 years
6517,12956,0.7271428571362154,0.5714285714285714,0.24550438606723457,45 to 49 years
6518,12681,0.6842857142790725,0.14285714285714285,0.041768654451060316,45 to 49 years
6519,16295,0.7271428571362154,0.5714285714285714,0.6753455033495162,45 to 49 years
6520,18702,0.755714285707644,0.8571428571428571,0.8038476369396252,45 to 49 years
6521,16787,0.755714285707644,0.8571428571428571,0.8562427712061953,45 to 49 years
6522,13999,0.7271428571362154,0.5714285714285714,0.038851674210186204,45 to 49 years
6523,11181,0.755714285707644,0.8571428571428571,0.1855822842117365,45 to 49 years
6524,13320,0.7271428571362154,0.5714285714285714,0.6128621245137398,45 to 49 years
6525,11263,0.6985714285647868,0.2857142857142857,0.1500139661193841,45 to 49 years
6526,16716,0.6842857142790725,0.14285714285714285,0.25570684589071496,45 to 49 years
6527,15894,0.7271428571362154,0.5714285714285714,0.9464892107865135,45 to 49 years
6528,12820,0.6985714285647868,0.2857142857142857,0.1917405028968029,45 to 49 years
6529,19086,0.7271428571362154,0.5714285714285714,0.14369596363992782,45 to 49 years
6530,18258,0.7271428571362154,0.5714285714285714,0.36635377609734826,45 to 49 years
6531,12644,0.755714285707644,0.8571428571428571,0.5787655535796633,45 to 49 years
6532,11122,0.7128571428505011,0.42857142857142855,0.32652139849032535,45 to 49 years
6533,11687,0.6842857142790725,0.14285714285714285,0.15922653471600878,45 to 49 years
6534,12785,0.6842857142790725,0.14285714285714285,0.3478875812312276,45 to 49 years
6535,10099,0.6985714285647868,0.2857142857142857,0.9170413232232593,45 to 49 years
6536,16778,0.6985714285647868,0.2857142857142857,0.3189515876006359,45 to 49 years
6537,12804,0.755714285707644,0.8571428571428571,0.43014605427345354,45 to 49 years
6538,11171,0.7271428571362154,0.5714285714285714,0.06165305526343812,45 to 49 years
6539,10833,0.6985714285647868,0.2857142857142857,0.785715892032073,45 to 49 years
6540,16565,0.7128571428505011,0.42857142857142855,0.796784833851166,45 to 49 years
6541,17435,0.6985714285647868,0.2857142857142857,0.27208668549951454,45 to 49 years
6542,10650,0.4138631076709537,0.2857142857142857,0.5620168972380188,45 to 49 years
6543,17795,0.6985714285647868,0.2857142857142857,0.9579559610346554,45 to 49 years
6544,14505,0.7128571428505011,0.42857142857142855,0.9385762463841463,45 to 49 years
6545,12216,0.6842857142790725,0.14285714285714285,0.4994538289129425,45 to 49 years
6546,19276,0.7128571428505011,0.42857142857142855,0.4794321477789861,45 to 49 years
6547,10587,0.6842857142790725,0.14285714285714285,0.2087523679445239,45 to 49 years
6548,13711,0.7699999999933582,1.0,0.7724314584333944,45 to 49 years
6549,11138,0.6842857142790725,0.14285714285714285,0.098874938865332,45 to 49 years
6550,11386,0.7699999999933582,1.0,0.01223524434439549,45 to 49 years
6551,10613,0.6985714285647868,0.2857142857142857,0.8796664845894404,45 to 49 years
6552,15512,0.6985714285647868,0.2857142857142857,0.24097538936335317,45 to 49 years
6553,17140,0.7271428571362154,0.5714285714285714,0.5469407054509644,45 to 49 years
6554,11520,0.0,0.14285714285714285,0.7265369825503764,45 to 49 years
6555,16082,0.6842857142790725,0.14285714285714285,0.3419947919295057,45 to 49 years
6556,15720,0.755714285707644,0.8571428571428571,0.4812343919867338,45 to 49 years
6557,14282,0.7271428571362154,0.5714285714285714,0.5572318089029159,45 to 49 years
6558,14526,0.755714285707644,0.8571428571428571,0.3443444424478125,45 to 49 years
6559,13436,0.6842857142790725,0.14285714285714285,0.7787944224787644,45 to 49 years
6560,13300,0.7271428571362154,0.5714285714285714,0.40399339982673693,45 to 49 years
6561,17659,0.6985714285647868,0.2857142857142857,0.3436351383382243,45 to 49 years
6562,12100,0.6985714285647868,0.2857142857142857,0.8497582642157455,45 to 49 years
6563,17093,0.6842857142790725,0.14285714285714285,0.3982379950700591,45 to 49 years
6564,11724,0.4024203828537916,0.14285714285714285,0.5634653604303342,45 to 49 years
6565,16043,0.6985714285647868,0.2857142857142857,0.9434126340667799,45 to 49 years
6566,12132,0.6985714285647868,0.2857142857142857,0.7551561228951957,45 to 49 years
6567,18303,0.7271428571362154,0.5714285714285714,0.8262317470358163,45 to 49 years
6568,11765,0.7699999999933582,1.0,0.7455196703077809,45 to 49 years
6569,19345,0.7128571428505011,0.42857142857142855,0.8469032142706925,45 to 49 years
6570,11951,0.6842857142790725,0.14285714285714285,0.4361768120075346,45 to 49 years
6571,10565,0.4453691473358166,0.14285714285714285,0.6770725139371885,45 to 49 years
6572,13947,0.6985714285647868,0.2857142857142857,0.8689062384181998,45 to 49 years
6573,10905,0.6842857142790725,0.14285714285714285,0.7077392374131594,45 to 49 years
6574,15006,0.6842857142790725,0.14285714285714285,0.400941368441162,45 to 49 years
6575,10530,0.7128571428505011,0.42857142857142855,0.2506010501452959,45 to 49 years
6576,11734,0.6985714285647868,0.2857142857142857,0.8106846255814647,45 to 49 years
6577,17067,0.8682857142857138,0.14285714285714285,0.8481867972362065,5 to 9 years
6578,10011,0.8682857142857138,0.14285714285714285,0.5792877540193669,5 to 9 years
6579,18001,0.9397142857142853,0.8571428571428571,0.9480527838950997,5 to 9 years
6580,18603,0.8968571428571424,0.42857142857142855,0.8611160241379938,5 to 9 years
6581,15643,0.9539999999999995,1.0,0.28821488409791196,5 to 9 years
6582,14304,0.8825714285714281,0.2857142857142857,0.046569960711390135,5 to 9 years
6583,16791,0.8825714285714281,0.2857142857142857,0.8536351448068726,5 to 9 years
6584,14237,0.8825714285714281,0.2857142857142857,0.6146687926756971,5 to 9 years
6585,13695,0.8682857142857138,0.14285714285714285,0.7173620411127772,5 to 9 years
6586,10782,0.8682857142857138,0.14285714285714285,0.2423956259825351,5 to 9 years
6587,12381,0.8682857142857138,0.14285714285714285,0.7439219056865808,5 to 9 years
6588,17346,0.8825714285714281,0.2857142857142857,0.9691397963240387,5 to 9 years
6589,11367,0.9254285714285709,0.7142857142857142,0.295739699733075,5 to 9 years
6590,12908,0.9397142857142853,0.8571428571428571,0.8650322957546053,5 to 9 years
6591,10595,0.8968571428571424,0.42857142857142855,0.4622390278091067,5 to 9 years
6592,10304,0.8825714285714281,0.2857142857142857,0.2940550992955784,5 to 9 years
6593,16513,0.9539999999999995,1.0,0.4298064319520551,5 to 9 years
6594,17577,0.9111428571428567,0.5714285714285714,0.44378639486248384,5 to 9 years
6595,18207,0.8825714285714281,0.2857142857142857,0.6173333767384162,5 to 9 years
6596,18730,0.8968571428571424,0.42857142857142855,0.6805549473822022,5 to 9 years
6597,17894,0.8825714285714281,0.2857142857142857,0.5918810539842114,5 to 9 years
6598,15586,0.9111428571428567,0.5714285714285714,0.9815954929777374,5 to 9 years
6599,18313,0.9111428571428567,0.5714285714285714,0.5880216433320296,5 to 9 years
6600,12049,0.9111428571428567,0.5714285714285714,0.8356583441683498,5 to 9 years
6601,15430,0.0,0.5714285714285714,0.4378406711484832,5 to 9 years
6602,18600,0.8682857142857138,0.14285714285714285,0.5307907907337774,5 to 9 years
6603,13762,0.8825714285714281,0.2857142857142857,0.2997898792074879,5 to 9 years
6604,10724,0.9397142857142853,0.8571428571428571,0.9116853742064,5 to 9 years
6605,10690,0.8825714285714281,0.2857142857142857,0.9219719752438389,5 to 9 years
6606,13146,0.9111428571428567,0.5714285714285714,0.06326592384726148,5 to 9 years
6607,13099,0.8682857142857138,0.14285714285714285,0.7038270032388256,5 to 9 years
6608,12631,0.8682857142857138,0.14285714285714285,0.015734754958391273,5 to 9 years
6609,16654,0.8825714285714281,0.2857142857142857,0.22747582180813808,5 to 9 years
6610,19774,0.8682857142857138,0.14285714285714285,0.2767410401716436,5 to 9 years
6611,10222,0.9539999999999995,1.0,0.3849036462697907,5 to 9 years
6612,15180,0.8825714285714281,0.2857142857142857,0.553476169073692,5 to 9 years
6613,12906,0.8682857142857138,0.14285714285714285,0.7271647397728277,5 to 9 years
6614,17345,0.9397142857142853,0.8571428571428571,0.021918045298952138,5 to 9 years
6615,14048,0.8682857142857138,0.14285714285714285,0.6690404475510283,5 to 9 years
6616,17260,0.8825714285714281,0.2857142857142857,0.4413988180060895,5 to 9 years
6617,13515,0.9111428571428567,0.5714285714285714,0.3901144158830552,5 to 9 years
6618,10927,0.9111428571428567,0.5714285714285714,0.5427603186130675,5 to 9 years
6619,12786,0.9539999999999995,1.0,0.6384035000224526,5 to 9 years
6620,19225,0.9111428571428567,0.5714285714285714,0.02359633116718507,5 to 9 years
6621,14155,0.8682857142857138,0.14285714285714285,0.38469446800823676,5 to 9 years
6622,10056,0.9111428571428567,0.5714285714285714,0.4146944310307127,5 to 9 years
6623,16639,0.9111428571428567,0.5714285714285714,0.2164202973208934,5 to 9 years
6624,15778,0.9111428571428567,0.5714285714285714,0.7864243555680733,5 to 9 years
6625,10328,0.8968571428571424,0.42857142857142855,0.5115233110681141,5 to 9 years
6626,18105,0.8968571428571424,0.42857142857142855,0.49824629267006015,5 to 9 years
6627,15795,0.8825714285714281,0.2857142857142857,0.13612856219060138,5 to 9 years
6628,12151,0.8825714285714281,0.2857142857142857,0.597229821141123,5 to 9 years
6629,11818,0.9254285714285709,0.7142857142857142,0.4499156135999862,5 to 9 years
6630,13864,0.9397142857142853,0.8571428571428571,0.025498017638824644,5 to 9 years
6631,16870,0.8825714285714281,0.2857142857142857,0.38917772581630183,5 to 9 years
6632,15977,0.9397142857142853,0.8571428571428571,0.37587682746959505,5 to 9 years
6633,17467,0.9397142857142853,0.8571428571428571,0.14039422817640013,5 to 9 years
6634,10417,0.8968571428571424,0.42857142857142855,0.9304132369801373,5 to 9 years
6635,16200,0.9111428571428567,0.5714285714285714,0.7560632470467168,5 to 9 years
6636,10814,0.9397142857142853,0.8571428571428571,0.6905709256899564,5 to 9 years
6637,19279,0.9254285714285709,0.7142857142857142,0.543699449927362,5 to 9 years
6638,16139,0.8825714285714281,0.2857142857142857,0.7534906494735532,5 to 9 years
6639,19356,0.9111428571428567,0.5714285714285714,0.8420702567741404,5 to 9 years
6640,10266,0.8682857142857138,0.14285714285714285,0.6401780394814514,5 to 9 years
6641,13946,0.8682857142857138,0.14285714285714285,0.5826789604327564,5 to 9 years
6642,19808,0.8825714285714281,0.2857142857142857,0.5240717674268578,5 to 9 years
6643,14644,0.9539999999999995,1.0,0.19313888314026884,5 to 9 years
6644,16055,0.8968571428571424,0.42857142857142855,0.2391049696915442,5 to 9 years
6645,14825,0.8825714285714281,0.2857142857142857,0.2716801683163075,5 to 9 years
6646,16818,0.8825714285714281,0.2857142857142857,0.9419009907944402,5 to 9 years
6647,13127,0.9397142857142853,0.8571428571428571,0.19079557620448157,5 to 9 years
6648,16644,0.8682857142857138,0.14285714285714285,0.7356244815955888,5 to 9 years
6649,17926,0.9254285714285709,0.7142857142857142,0.43184594007390714,5 to 9 years
6650,10029,0.8968571428571424,0.42857142857142855,0.3540892427790627,5 to 9 years
6651,16999,0.9397142857142853,0.8571428571428571,0.5903292262386897,5 to 9 years
6652,15704,0.9397142857142853,0.8571428571428571,0.20573605476619272,5 to 9 years
6653,13970,0.9397142857142853,0.8571428571428571,0.7692214453183174,5 to 9 years
6654,15449,0.8682857142857138,0.14285714285714285,0.0970029487164249,5 to 9 years
6655,14676,0.8825714285714281,0.2857142857142857,0.7877508409801011,5 to 9 years
6656,18927,0.8682857142857138,0.14285714285714285,0.6733924024896384,5 to 9 years
6657,14646,0.9539999999999995,1.0,0.14777431658883383,5 to 9 years
6658,15833,0.9111428571428567,0.5714285714285714,0.12307933991858327,5 to 9 years
6659,11894,0.9111428571428567,0.5714285714285714,0.9278091029110955,5 to 9 years
6660,18771,0.8825714285714281,0.2857142857142857,0.6381799574503192,5 to 9 years
6661,14768,0.8825714285714281,0.2857142857142857,0.15403793670245902,5 to 9 years
6662,16616,0.8682857142857138,0.14285714285714285,0.23080084539686785,5 to 9 years
6663,17184,0.8968571428571424,0.42857142857142855,0.5461189378205273,5 to 9 years
6664,11256,0.8825714285714281,0.2857142857142857,0.20770511638022437,5 to 9 years
6665,18867,0.8825714285714281,0.2857142857142857,0.7187556881819306,5 to 9 years
6666,16675,0.8682857142857138,0.14285714285714285,0.6834834205903323,5 to 9 years
6667,11717,0.8682857142857138,0.14285714285714285,0.7039842500625865,5 to 9 years
6668,10026,0.8682857142857138,0.14285714285714285,0.9059910552196085,5 to 9 years
6669,12457,0.8825714285714281,0.2857142857142857,0.30590844771519865,5 to 9 years
6670,18242,0.8682857142857138,0.14285714285714285,0.8181163074508522,5 to 9 years
6671,16574,0.8825714285714281,0.2857142857142857,0.4330087862068325,5 to 9 years
6672,15599,0.8682857142857138,0.14285714285714285,0.08936474270948908,5 to 9 years
6673,18661,0.9539999999999995,1.0,0.4794309778554756,5 to 9 years
6674,12747,0.8682857142857138,0.14285714285714285,0.6987569595815079,5 to 9 years
6675,19447,0.9539999999999995,1.0,0.8315875716381135,5 to 9 years
6676,18070,0.8682857142857138,0.14285714285714285,0.5754836716391254,5 to 9 years
6677,16001,0.8825714285714281,0.2857142857142857,0.5501580743490245,5 to 9 years
6678,15431,0.8682857142857138,0.14285714285714285,0.21625546539243318,5 to 9 years
6679,10425,0.8968571428571424,0.42857142857142855,0.9783914382105049,5 to 9 years
6680,18926,0.8825714285714281,0.2857142857142857,0.6944736273117853,5 to 9 years
6681,19556,0.8682857142857138,0.14285714285714285,0.1688696768643413,5 to 9 years
6682,15374,0.9397142857142853,0.8571428571428571,0.9890500399555611,5 to 9 years
6683,17553,0.8825714285714281,0.2857142857142857,0.20218355540803123,5 to 9 years
6684,17434,0.8968571428571424,0.42857142857142855,0.5224903572452522,5 to 9 years
6685,17244,0.9397142857142853,0.8571428571428571,0.49770017125866667,5 to 9 years
6686,15970,0.8968571428571424,0.42857142857142855,0.19082194155465498,5 to 9 years
6687,15636,0.8825714285714281,0.2857142857142857,0.20764870156740595,5 to 9 years
6688,15015,0.8682857142857138,0.14285714285714285,0.017707163820825267,5 to 9 years
6689,16617,0.9397142857142853,0.8571428571428571,0.12959878665095775,5 to 9 years
6690,11304,0.8825714285714281,0.2857142857142857,0.03103510348111549,5 to 9 years
6691,10423,0.9397142857142853,0.8571428571428571,0.43175556102624446,5 to 9 years
6692,19011,0.8968571428571424,0.42857142857142855,0.3569313842734795,5 to 9 years
6693,19247,0.8825714285714281,0.2857142857142857,0.6733001323734129,5 to 9 years
6694,10021,0.9539999999999995,1.0,0.8111642927233362,5 to 9 years
6695,15381,0.9397142857142853,0.8571428571428571,0.6509645467216602,5 to 9 years
6696,16797,0.8682857142857138,0.14285714285714285,0.09713498303006385,5 to 9 years
6697,13057,0.8825714285714281,0.2857142857142857,0.7308218463468988,5 to 9 years
6698,11077,0.9111428571428567,0.5714285714285714,0.12083803090237077,5 to 9 years
6699,19384,0.8825714285714281,0.2857142857142857,0.6163954327190069,5 to 9 years
6700,16316,0.8825714285714281,0.2857142857142857,0.6188060177178617,5 to 9 years
6701,16308,0.9111428571428567,0.5714285714285714,0.9332959935639257,5 to 9 years
6702,16096,0.9397142857142853,0.8571428571428571,0.3970991746824607,5 to 9 years
6703,14216,0.9397142857142853,0.8571428571428571,0.49032440426872326,5 to 9 years
6704,14417,0.8682857142857138,0.14285714285714285,0.1618358325630767,5 to 9 years
6705,16688,0.8825714285714281,0.2857142857142857,0.908165503735504,5 to 9 years
6706,12672,0.8825714285714281,0.2857142857142857,0.5860713539659446,5 to 9 years
6707,10375,0.8682857142857138,0.14285714285714285,0.4792426416268535,5 to 9 years
6708,14295,0.9539999999999995,1.0,0.8807576213470176,5 to 9 years
6709,17912,0.8825714285714281,0.2857142857142857,0.7351472334556721,5 to 9 years
6710,12152,0.9397142857142853,0.8571428571428571,0.6412657349822888,5 to 9 years
6711,15145,0.9539999999999995,1.0,0.4383801812794507,5 to 9 years
6712,18407,0.9254285714285709,0.7142857142857142,0.2521554417145532,5 to 9 years
6713,13008,0.8825714285714281,0.2857142857142857,0.6663494350063729,5 to 9 years
6714,17573,0.49573189219483865,0.8571428571428571,0.6023032348604277,5 to 9 years
6715,10099,0.8825714285714281,0.2857142857142857,0.9170413232232593,5 to 9 years
6716,15290,0.9397142857142853,0.8571428571428571,0.7842220543913783,5 to 9 years
6717,18988,0.8825714285714281,0.2857142857142857,0.9002701906656216,5 to 9 years
6718,11976,0.9111428571428567,0.5714285714285714,0.6623729907942832,5 to 9 years
6719,19334,0.9397142857142853,0.8571428571428571,0.26827479588604786,5 to 9 years
6720,16729,0.9397142857142853,0.8571428571428571,0.1128423272970468,5 to 9 years
6721,19925,0.9254285714285709,0.7142857142857142,0.32507325106253016,5 to 9 years
6722,17935,0.8825714285714281,0.2857142857142857,0.36578942503582673,5 to 9 years
6723,16154,0.9111428571428567,0.5714285714285714,0.38340308137749723,5 to 9 years
6724,12990,0.8825714285714281,0.2857142857142857,0.9292835734298044,5 to 9 years
6725,18971,0.8682857142857138,0.14285714285714285,0.727952070746462,5 to 9 years
6726,13140,0.8682857142857138,0.14285714285714285,0.36122464972141693,5 to 9 years
6727,14413,0.8682857142857138,0.14285714285714285,0.5353152545534463,5 to 9 years
6728,17726,0.8825714285714281,0.2857142857142857,0.7750803164723954,5 to 9 years
6729,19124,0.9111428571428567,0.5714285714285714,0.970719535466823,5 to 9 years
6730,12139,0.9111428571428567,0.5714285714285714,0.9574477700964472,5 to 9 years
6731,16760,0.9111428571428567,0.5714285714285714,0.5757059241341124,5 to 9 years
6732,19299,0.8968571428571424,0.42857142857142855,0.5309630887739224,5 to 9 years
6733,16129,0.8682857142857138,0.14285714285714285,0.3990674128684278,5 to 9 years
6734,17447,0.8968571428571424,0.42857142857142855,0.34366195043108916,5 to 9 years
6735,15080,0.9397142857142853,0.8571428571428571,0.4790316845978899,5 to 9 years
6736,19744,0.8682857142857138,0.14285714285714285,0.5619126237418587,5 to 9 years
6737,12194,0.8825714285714281,0.2857142857142857,0.7102316590112709,5 to 9 years
6738,17596,0.9397142857142853,0.8571428571428571,0.667207168699657,5 to 9 years
6739,19618,0.8825714285714281,0.2857142857142857,0.40069213834916395,5 to 9 years
6740,14680,0.9397142857142853,0.8571428571428571,0.35260593107037963,5 to 9 years
6741,14018,0.9397142857142853,0.8571428571428571,0.9907422409328809,5 to 9 years
6742,10778,0.8825714285714281,0.2857142857142857,0.5422641864929191,5 to 9 years
6743,17679,0.9111428571428567,0.5714285714285714,0.6170185114685633,5 to 9 years
6744,10251,0.8825714285714281,0.2857142857142857,0.6590130181462481,5 to 9 years
6745,15798,0.8682857142857138,0.14285714285714285,0.3304256114674859,5 to 9 years
6746,11161,0.9254285714285709,0.7142857142857142,0.963832004605067,5 to 9 years
6747,14233,0.9254285714285709,0.7142857142857142,0.8522527733731503,5 to 9 years
6748,17378,0.9111428571428567,0.5714285714285714,0.4587540130004643,5 to 9 years
6749,10048,0.8825714285714281,0.2857142857142857,0.12115568888923833,5 to 9 years
6750,18061,0.9397142857142853,0.8571428571428571,0.5774352573520858,5 to 9 years
6751,16887,0.8682857142857138,0.14285714285714285,0.04144569375682183,5 to 9 years
6752,14283,0.9111428571428567,0.5714285714285714,0.4404309893993386,5 to 9 years
6753,19524,0.9254285714285709,0.7142857142857142,0.9816163363821055,5 to 9 years
6754,13002,0.8968571428571424,0.42857142857142855,0.20899965225371253,5 to 9 years
6755,17273,0.8825714285714281,0.2857142857142857,0.548935683121391,5 to 9 years
6756,15634,0.9397142857142853,0.8571428571428571,0.9171809137890699,5 to 9 years
6757,13966,0.8682857142857138,0.14285714285714285,0.3717079003600546,5 to 9 years
6758,15142,0.9111428571428567,0.5714285714285714,0.7095967779018851,5 to 9 years
6759,19615,0.9397142857142853,0.8571428571428571,0.19942180240530594,5 to 9 years
6760,14139,0.9111428571428567,0.5714285714285714,0.7673933554434997,5 to 9 years
6761,18050,0.9254285714285709,0.7142857142857142,0.4483700572518505,5 to 9 years
6762,17796,0.9397142857142853,0.8571428571428571,0.8013206045622913,5 to 9 years
6763,13352,0.9397142857142853,0.8571428571428571,0.1911081316699812,5 to 9 years
6764,15103,0.8682857142857138,0.14285714285714285,0.7932707631008075,5 to 9 years
6765,11868,0.8825714285714281,0.2857142857142857,0.5744913554949898,5 to 9 years
6766,13778,0.8968571428571424,0.42857142857142855,0.456435191682432,5 to 9 years
6767,12336,0.8968571428571424,0.42857142857142855,0.6161647981353092,5 to 9 years
6768,18170,0.8682857142857138,0.14285714285714285,0.22273987581907173,5 to 9 years
6769,16207,0.9397142857142853,0.8571428571428571,0.8062377404125622,5 to 9 years
6770,14902,0.9111428571428567,0.5714285714285714,0.7746858281815758,5 to 9 years
6771,12573,0.9111428571428567,0.5714285714285714,0.49232103005272027,5 to 9 years
6772,18444,0.9539999999999995,1.0,0.41760715430911755,5 to 9 years
6773,19172,0.9111428571428567,0.5714285714285714,0.15877083405046855,5 to 9 years
6774,19397,0.9397142857142853,0.8571428571428571,0.4157106824938373,5 to 9 years
6775,15286,0.8968571428571424,0.42857142857142855,0.30993720847588,5 to 9 years
6776,18605,0.8968571428571424,0.42857142857142855,0.9434217745108668,5 to 9 years
6777,18387,0.9397142857142853,0.8571428571428571,0.8249707039540655,5 to 9 years
6778,18974,0.8682857142857138,0.14285714285714285,0.6449798771584627,5 to 9 years
6779,13901,0.9111428571428567,0.5714285714285714,0.24541868692382063,5 to 9 years
6780,10250,0.8825714285714281,0.2857142857142857,0.11829241356364045,5 to 9 years
6781,10490,0.8825714285714281,0.2857142857142857,0.5176026739674249,5 to 9 years
6782,13537,0.9111428571428567,0.5714285714285714,0.2989205111829383,5 to 9 years
6783,10422,0.8682857142857138,0.14285714285714285,0.34847542479727295,5 to 9 years
6784,18758,0.9111428571428567,0.5714285714285714,0.42617483023258246,5 to 9 years
6785,11632,0.9254285714285709,0.7142857142857142,0.874046265057685,5 to 9 years
6786,10511,0.8682857142857138,0.14285714285714285,0.6481364436686878,5 to 9 years
6787,14660,0.8825714285714281,0.2857142857142857,0.7861242608869401,5 to 9 years
6788,14184,0.8968571428571424,0.42857142857142855,0.5238190160678963,5 to 9 years
6789,14898,0.8825714285714281,0.2857142857142857,0.8069223722374683,5 to 9 years
6790,19905,0.8682857142857138,0.14285714285714285,0.861482619435327,5 to 9 years
6791,11855,0.9254285714285709,0.7142857142857142,0.44416011216721546,5 to 9 years
6792,13167,0.8825714285714281,0.2857142857142857,0.7742928873627398,5 to 9 years
6793,12816,0.8682857142857138,0.14285714285714285,0.9212982999504034,5 to 9 years
6794,19675,0.8825714285714281,0.2857142857142857,0.06544333629431537,5 to 9 years
6795,11159,0.8682857142857138,0.14285714285714285,0.6970571733525419,5 to 9 years
6796,12140,0.9539999999999995,1.0,0.7831426636672316,5 to 9 years
6797,17999,0.8682857142857138,0.14285714285714285,0.042212942149828625,5 to 9 years
6798,13378,0.8825714285714281,0.2857142857142857,0.05808687020529324,5 to 9 years
6799,15941,0.8682857142857138,0.14285714285714285,0.17332700226775677,5 to 9 years
6800,10990,0.8968571428571424,0.42857142857142855,0.03122594045046123,5 to 9 years
6801,16158,0.9397142857142853,0.8571428571428571,0.20287460944479552,5 to 9 years
6802,14072,0.9397142857142853,0.8571428571428571,0.36948312793746546,5 to 9 years
6803,10994,0.9111428571428567,0.5714285714285714,0.11111496534785692,5 to 9 years
6804,16030,0.9111428571428567,0.5714285714285714,0.5340201856070085,5 to 9 years
6805,10218,0.8825714285714281,0.2857142857142857,0.8313537148327197,5 to 9 years
6806,17156,0.8682857142857138,0.14285714285714285,0.4849180595848759,5 to 9 years
6807,11904,0.8825714285714281,0.2857142857142857,0.8549767350940631,5 to 9 years
6808,11751,0.8825714285714281,0.2857142857142857,0.5920988965566648,5 to 9 years
6809,17916,0.8825714285714281,0.2857142857142857,0.1839289327098308,5 to 9 years
6810,19436,0.9111428571428567,0.5714285714285714,0.7614108510039885,5 to 9 years
6811,11196,0.8682857142857138,0.14285714285714285,0.6066984158073739,5 to 9 years
6812,19449,0.8968571428571424,0.42857142857142855,0.23424919683606998,5 to 9 years
6813,12607,0.8682857142857138,0.14285714285714285,0.7099655101745139,5 to 9 years
6814,11394,0.8682857142857138,0.14285714285714285,0.8288504162859884,5 to 9 years
6815,15332,0.8825714285714281,0.2857142857142857,0.3445581575604985,5 to 9 years
6816,15225,0.9111428571428567,0.5714285714285714,0.5878815599995879,5 to 9 years
6817,13999,0.9111428571428567,0.5714285714285714,0.038851674210186204,5 to 9 years
6818,18644,0.8825714285714281,0.2857142857142857,0.4017056418468494,5 to 9 years
6819,19460,0.8825714285714281,0.2857142857142857,0.8318962121427325,5 to 9 years
6820,18145,0.9111428571428567,0.5714285714285714,0.28070949566686076,5 to 9 years
6821,17084,0.9397142857142853,0.8571428571428571,0.6105082846669269,5 to 9 years
6822,13593,0.8825714285714281,0.2857142857142857,0.9653076812137081,5 to 9 years
6823,16307,0.8825714285714281,0.2857142857142857,0.548677352709262,5 to 9 years
6824,16711,0.9111428571428567,0.5714285714285714,0.8418705409492719,5 to 9 years
6825,12940,0.9397142857142853,0.8571428571428571,0.3861479436243115,5 to 9 years
6826,19777,0.9539999999999995,1.0,0.6493779091919494,5 to 9 years
6827,11955,0.8682857142857138,0.14285714285714285,0.021148917374250953,5 to 9 years
6828,15342,0.8825714285714281,0.2857142857142857,0.30129898301093033,5 to 9 years
6829,14265,0.9397142857142853,0.8571428571428571,0.5700296863918628,5 to 9 years
6830,13623,0.8825714285714281,0.2857142857142857,0.5984706732991361,5 to 9 years
6831,12295,0.9111428571428567,0.5714285714285714,0.9782000623462834,5 to 9 years
6832,11456,0.8825714285714281,0.2857142857142857,0.5081245662293667,5 to 9 years
6833,11954,0.9539999999999995,1.0,0.8789802238795097,5 to 9 years
6834,15280,0.8682857142857138,0.14285714285714285,0.419531072899295,5 to 9 years
6835,16983,0.8825714285714281,0.2857142857142857,0.20002888376050415,5 to 9 years
6836,11341,0.8825714285714281,0.2857142857142857,0.49274353921278463,5 to 9 years
6837,19776,0.8682857142857138,0.14285714285714285,0.4010664286230614,5 to 9 years
6838,18903,0.9111428571428567,0.5714285714285714,0.3650308129798979,5 to 9 years
6839,14694,0.8825714285714281,0.2857142857142857,0.6733021619202355,5 to 9 years
6840,17325,0.9539999999999995,1.0,0.3534195801290006,5 to 9 years
6841,18532,0.8682857142857138,0.14285714285714285,0.1919571577106282,5 to 9 years
6842,12362,0.9254285714285709,0.7142857142857142,0.5004062280200918,5 to 9 years
6843,11449,0.8682857142857138,0.14285714285714285,0.5080316531065716,5 to 9 years
6844,19606,0.9397142857142853,0.8571428571428571,0.2966654004548094,5 to 9 years
6845,13713,0.9397142857142853,0.8571428571428571,0.7642169570932534,5 to 9 years
6846,15147,0.9111428571428567,0.5714285714285714,0.28223787035509196,5 to 9 years
6847,11754,0.9539999999999995,1.0,0.5553446963992932,5 to 9 years
6848,14023,0.8825714285714281,0.2857142857142857,0.3076360159236635,5 to 9 years
6849,11250,0.8968571428571424,0.42857142857142855,0.34987793039403253,5 to 9 years
6850,11916,0.9397142857142853,0.8571428571428571,0.2326649391859532,5 to 9 years
6851,16402,0.8682857142857138,0.14285714285714285,0.5351685092715771,5 to 9 years
6852,10681,0.9397142857142853,0.8571428571428571,0.35194569359044325,5 to 9 years
6853,17915,0.8825714285714281,0.2857142857142857,0.49953830231345275,5 to 9 years
6854,12971,0.8682857142857138,0.14285714285714285,0.7148886203202224,5 to 9 years
6855,17334,0.9111428571428567,0.5714285714285714,0.3790616603163506,5 to 9 years
6856,12970,0.9397142857142853,0.8571428571428571,0.5075489303474705,5 to 9 years
6857,13629,0.8825714285714281,0.2857142857142857,0.6411843061950474,5 to 9 years
6858,14537,0.8825714285714281,0.2857142857142857,0.6295166874510967,5 to 9 years
6859,17145,0.9111428571428567,0.5714285714285714,0.8681115053907867,5 to 9 years
6860,18907,0.9539999999999995,1.0,0.7192302479696498,5 to 9 years
6861,17312,0.8825714285714281,0.2857142857142857,0.4755299206797222,5 to 9 years
6862,12621,0.8825714285714281,0.2857142857142857,0.5258555583897748,5 to 9 years
6863,17492,0.9539999999999995,1.0,0.4641074238177341,5 to 9 years
6864,18403,0.9111428571428567,0.5714285714285714,0.5654911656617048,5 to 9 years
6865,11533,0.8968571428571424,0.42857142857142855,0.7552259505832053,5 to 9 years
6866,13986,0.8682857142857138,0.14285714285714285,0.34100206476796013,5 to 9 years
6867,14134,0.8682857142857138,0.14285714285714285,0.21796428125895362,5 to 9 years
6868,18774,0.9254285714285709,0.7142857142857142,0.6609037702614127,5 to 9 years
6869,18466,0.9111428571428567,0.5714285714285714,0.915240036649797,5 to 9 years
6870,14601,0.8682857142857138,0.14285714285714285,0.5645174839457205,5 to 9 years
6871,10227,0.9111428571428567,0.5714285714285714,0.23100555839926074,5 to 9 years
6872,13751,0.8968571428571424,0.42857142857142855,0.2441283548555101,5 to 9 years
6873,13303,0.8968571428571424,0.42857142857142855,0.15385966866302042,5 to 9 years
6874,12062,0.8825714285714281,0.2857142857142857,0.8942732740783901,5 to 9 years
6875,12042,0.8682857142857138,0.14285714285714285,0.025924907672205566,5 to 9 years
6876,12331,0.8825714285714281,0.2857142857142857,0.07368400115907775,5 to 9 years
6877,11697,0.8825714285714281,0.2857142857142857,0.547174215642808,5 to 9 years
6878,11574,0.9539999999999995,1.0,0.8778192814975305,5 to 9 years
6879,15285,0.9539999999999995,1.0,0.23131550440538973,5 to 9 years
6880,12614,0.9397142857142853,0.8571428571428571,0.4148403380100029,5 to 9 years
6881,10256,0.9111428571428567,0.5714285714285714,0.017399178049262387,5 to 9 years
6882,13217,0.9397142857142853,0.8571428571428571,0.3520360807032682,5 to 9 years
6883,13594,0.9397142857142853,0.8571428571428571,0.16733427298775733,5 to 9 years
6884,15240,0.8682857142857138,0.14285714285714285,0.36562969500578324,5 to 9 years
6885,16464,0.9254285714285709,0.7142857142857142,0.11329093401622248,5 to 9 years
6886,11706,0.8682857142857138,0.14285714285714285,0.6783976215127732,5 to 9 years
6887,14696,0.9111428571428567,0.5714285714285714,0.5065340519583285,5 to 9 years
6888,19246,0.9111428571428567,0.5714285714285714,0.6547297224204285,5 to 9 years
6889,17031,0.8825714285714281,0.2857142857142857,0.572841101811367,5 to 9 years
6890,11883,0.8825714285714281,0.2857142857142857,0.7695741603627639,5 to 9 years
6891,10763,0.8968571428571424,0.42857142857142855,0.06882008148035668,5 to 9 years
6892,19829,0.9111428571428567,0.5714285714285714,0.7715275538466837,5 to 9 years
6893,14231,0.8682857142857138,0.14285714285714285,0.261993259104019,5 to 9 years
6894,12939,0.8968571428571424,0.42857142857142855,0.03787059265797421,5 to 9 years
6895,10503,0.8825714285714281,0.2857142857142857,0.59863348665544,5 to 9 years
6896,17948,0.9111428571428567,0.5714285714285714,0.8943634548278265,5 to 9 years
6897,14779,0.9254285714285709,0.7142857142857142,0.3920880629306699,5 to 9 years
6898,12164,0.9111428571428567,0.5714285714285714,0.32484656002010703,5 to 9 years
6899,18477,0.9111428571428567,0.5714285714285714,0.8979115473940863,5 to 9 years
6900,19569,0.9111428571428567,0.5714285714285714,0.37289680842770523,5 to 9 years
6901,11143,0.9539999999999995,1.0,0.25636257882774327,5 to 9 years
6902,11864,0.8968571428571424,0.42857142857142855,0.6422405752701167,5 to 9 years
6903,16815,0.9111428571428567,0.5714285714285714,0.6056323102891344,5 to 9 years
6904,19721,0.8825714285714281,0.2857142857142857,0.9013691787547193,5 to 9 years
6905,18879,0.8825714285714281,0.2857142857142857,0.11192224619809965,5 to 9 years
6906,10599,0.8682857142857138,0.14285714285714285,0.3476309826370981,5 to 9 years
6907,19753,0.8682857142857138,0.14285714285714285,0.33231948908267417,5 to 9 years
6908,15475,0.9111428571428567,0.5714285714285714,0.3206063783568008,5 to 9 years
6909,19957,0.9397142857142853,0.8571428571428571,0.27554032491630387,5 to 9 years
6910,15626,0.8682857142857138,0.14285714285714285,0.5814525148358208,5 to 9 years
6911,17612,0.8825714285714281,0.2857142857142857,0.20506258733819843,5 to 9 years
6912,17883,0.9111428571428567,0.5714285714285714,0.6176001313019502,5 to 9 years
6913,17440,0.9111428571428567,0.5714285714285714,0.28459017200269454,5 to 9 years
6914,17478,0.8825714285714281,0.2857142857142857,0.5939340809287245,5 to 9 years
6915,10522,0.8682857142857138,0.14285714285714285,0.31083630778881066,5 to 9 years
6916,13880,0.8825714285714281,0.2857142857142857,0.8048552629852201,5 to 9 years
6917,18966,0.9111428571428567,0.5714285714285714,0.3785022459762065,5 to 9 years
6918,15879,0.8682857142857138,0.14285714285714285,0.42410141697823295,5 to 9 years
6919,12925,0.9254285714285709,0.7142857142857142,0.3792794060431707,5 to 9 years
6920,10219,0.9111428571428567,0.5714285714285714,0.8939184801241886,5 to 9 years
6921,16280,0.8825714285714281,0.2857142857142857,0.13018523852418734,5 to 9 years
6922,17216,0.9111428571428567,0.5714285714285714,0.6614481997088764,5 to 9 years
6923,11233,0.8825714285714281,0.2857142857142857,0.4699633909732518,5 to 9 years
6924,19735,0.9539999999999995,1.0,0.0011534532058148361,5 to 9 years
6925,19014,0.9254285714285709,0.7142857142857142,0.31114081688635553,5 to 9 years
6926,18503,0.9397142857142853,0.8571428571428571,0.3199648681287962,5 to 9 years
6927,11503,0.9397142857142853,0.8571428571428571,0.428083531113313,5 to 9 years
6928,17917,0.9111428571428567,0.5714285714285714,0.4492866293376103,5 to 9 years
6929,14444,0.9539999999999995,1.0,0.4102564090352196,5 to 9 years
6930,16647,0.9111428571428567,0.5714285714285714,0.6965523723568077,5 to 9 years
6931,13583,0.9539999999999995,1.0,0.13276328786367764,5 to 9 years
6932,14813,0.8825714285714281,0.2857142857142857,0.09476519772562803,5 to 9 years
6933,14648,0.8825714285714281,0.2857142857142857,0.302909638844483,5 to 9 years
6934,16776,0.9539999999999995,1.0,0.9516217319889219,5 to 9 years
6935,11286,0.9111428571428567,0.5714285714285714,0.4096245997880651,5 to 9 years
6936,19633,0.9539999999999995,1.0,0.0861009616853623,5 to 9 years
6937,19322,0.8682857142857138,0.14285714285714285,0.16875957171588774,5 to 9 years
6938,19939,0.8682857142857138,0.14285714285714285,0.33372201201527174,5 to 9 years
6939,10543,0.9539999999999995,1.0,0.40615599218378506,5 to 9 years
6940,17803,0.9111428571428567,0.5714285714285714,0.8946293599271475,5 to 9 years
6941,18397,0.9111428571428567,0.5714285714285714,0.8026437447834379,5 to 9 years
6942,18045,0.8968571428571424,0.42857142857142855,0.7528433664119403,5 to 9 years
6943,19956,0.8682857142857138,0.14285714285714285,0.8422691130610729,5 to 9 years
6944,11296,0.8968571428571424,0.42857142857142855,0.10051582140466198,5 to 9 years
6945,11026,0.9254285714285709,0.7142857142857142,0.19843820658254774,5 to 9 years
6946,16150,0.8682857142857138,0.14285714285714285,0.5727995682668829,5 to 9 years
6947,12000,0.8825714285714281,0.2857142857142857,0.4030538075391797,5 to 9 years
6948,15467,0.9539999999999995,1.0,0.19004391311643976,5 to 9 years
6949,15942,0.8682857142857138,0.14285714285714285,0.1698929628875664,5 to 9 years
6950,15625,0.9397142857142853,0.8571428571428571,0.7087522937899264,5 to 9 years
6951,13737,0.9397142857142853,0.8571428571428571,0.9120466268280059,5 to 9 years
6952,14130,0.8682857142857138,0.14285714285714285,0.6552684749338606,5 to 9 years
6953,11701,0.9397142857142853,0.8571428571428571,0.01036374170684251,5 to 9 years
6954,14372,0.9111428571428567,0.5714285714285714,0.26169418785948917,5 to 9 years
6955,16748,0.9111428571428567,0.5714285714285714,0.9784339089180145,5 to 9 years
6956,12640,0.8682857142857138,0.14285714285714285,0.7203299477699201,5 to 9 years
6957,10633,0.9111428571428567,0.5714285714285714,0.22827245376268562,5 to 9 years
6958,18266,0.9539999999999995,1.0,0.6251328424414124,5 to 9 years
6959,14724,0.9111428571428567,0.5714285714285714,0.3684542342855136,5 to 9 years
6960,17735,0.9111428571428567,0.5714285714285714,0.7646473060583927,5 to 9 years
6961,14228,0.8825714285714281,0.2857142857142857,0.5402321086365807,5 to 9 years
6962,13993,0.9111428571428567,0.5714285714285714,0.10262543361215076,5 to 9 years
6963,13859,0.8682857142857138,0.14285714285714285,0.7581630778935131,5 to 9 years
6964,11810,0.8825714285714281,0.2857142857142857,0.4348241279806032,5 to 9 years
6965,12244,0.9111428571428567,0.5714285714285714,0.759531505838847,5 to 9 years
6966,18584,0.8825714285714281,0.2857142857142857,0.39616876222761604,5 to 9 years
6967,11224,0.8682857142857138,0.14285714285714285,0.7450086093721663,5 to 9 years
6968,13116,0.8682857142857138,0.14285714285714285,0.22440642820083412,5 to 9 years
6969,12625,0.8968571428571424,0.42857142857142855,0.6958395383183165,5 to 9 years
6970,14268,0.8968571428571424,0.42857142857142855,0.25359595678750313,5 to 9 years
6971,15926,0.9111428571428567,0.5714285714285714,0.021071592864020938,5 to 9 years
6972,17189,0.8682857142857138,0.14285714285714285,0.9244076637291017,5 to 9 years
6973,14144,0.9397142857142853,0.8571428571428571,0.7563840602514724,5 to 9 years
6974,18340,0.9397142857142853,0.8571428571428571,0.5284879446000496,5 to 9 years
6975,12148,0.9397142857142853,0.8571428571428571,0.4220576572055843,5 to 9 years
6976,18034,0.9397142857142853,0.8571428571428571,0.23445349307551866,5 to 9 years
6977,10818,0.9397142857142853,0.8571428571428571,0.7624740416030755,5 to 9 years
6978,18334,0.9111428571428567,0.5714285714285714,0.7464631646395222,5 to 9 years
6979,16059,0.8682857142857138,0.14285714285714285,0.8236561101086488,5 to 9 years
6980,16477,0.9111428571428567,0.5714285714285714,0.5718523466951614,5 to 9 years
6981,12116,0.8682857142857138,0.14285714285714285,0.3537309372561557,5 to 9 years
6982,16491,0.9397142857142853,0.8571428571428571,0.32846068695156244,5 to 9 years
6983,18760,0.8825714285714281,0.2857142857142857,0.2950851164432135,5 to 9 years
6984,14409,0.9111428571428567,0.5714285714285714,0.8163758504547469,5 to 9 years
6985,16412,0.8968571428571424,0.42857142857142855,0.7615320176562752,5 to 9 years
6986,18285,0.8825714285714281,0.2857142857142857,0.8653720591102769,5 to 9 years
6987,13282,0.8682857142857138,0.14285714285714285,0.3793154331639118,5 to 9 years
6988,15803,0.8825714285714281,0.2857142857142857,0.8701113774615024,5 to 9 years
6989,19634,0.8682857142857138,0.14285714285714285,0.26370720853292035,5 to 9 years
6990,16343,0.8825714285714281,0.2857142857142857,0.3957300770985943,5 to 9 years
6991,14843,0.9397142857142853,0.8571428571428571,0.7534452372669842,5 to 9 years
6992,18781,0.9254285714285709,0.7142857142857142,0.32264695479695293,5 to 9 years
6993,12379,0.9111428571428567,0.5714285714285714,0.15774088127189806,5 to 9 years
6994,18037,0.9539999999999995,1.0,0.3167219498830829,5 to 9 years
6995,11212,0.8682857142857138,0.14285714285714285,0.032724108568981225,5 to 9 years
6996,19321,0.8682857142857138,0.14285714285714285,0.38630254003672343,5 to 9 years
6997,15284,0.8968571428571424,0.42857142857142855,0.4334277206789657,5 to 9 years
6998,19193,0.8825714285714281,0.2857142857142857,0.9244384281468552,5 to 9 years
6999,12361,0.9111428571428567,0.5714285714285714,0.8441214320783386,5 to 9 years
7000,15827,0.9254285714285709,0.7142857142857142,0.12722953564188794,5 to 9 years
7001,11292,0.9111428571428567,0.5714285714285714,0.656709011794212,5 to 9 years
7002,11002,0.8825714285714281,0.2857142857142857,0.12106337417423707,5 to 9 years
7003,11812,0.9111428571428567,0.5714285714285714,0.7373629299553838,5 to 9 years
7004,19620,0.8825714285714281,0.2857142857142857,0.6255330415521061,5 to 9 years
7005,10063,0.9397142857142853,0.8571428571428571,0.7463558171175273,5 to 9 years
7006,19965,0.9254285714285709,0.7142857142857142,0.3878580878056468,5 to 9 years
7007,14011,0.8825714285714281,0.2857142857142857,0.8418252074394007,5 to 9 years
7008,16374,0.9111428571428567,0.5714285714285714,0.24836700358540487,5 to 9 years
7009,19595,0.8825714285714281,0.2857142857142857,0.98493813621537,5 to 9 years
7010,17996,0.9539999999999995,1.0,0.6706272297223761,5 to 9 years
7011,18640,0.9111428571428567,0.5714285714285714,0.3504465544389646,5 to 9 years
7012,11677,0.9397142857142853,0.8571428571428571,0.4736201513481398,5 to 9 years
7013,12907,0.8682857142857138,0.14285714285714285,0.7201994710059014,5 to 9 years
7014,16844,0.8825714285714281,0.2857142857142857,0.11608005875085137,5 to 9 years
7015,10504,0.9111428571428567,0.5714285714285714,0.9287373992217466,5 to 9 years
7016,12605,0.9397142857142853,0.8571428571428571,0.6797387625818202,5 to 9 years
7017,11512,0.9397142857142853,0.8571428571428571,0.2640527882604496,5 to 9 years
7018,17322,0.8825714285714281,0.2857142857142857,0.40300870981607334,5 to 9 years
7019,19995,0.9111428571428567,0.5714285714285714,0.8102636237481013,5 to 9 years
7020,16506,0.9111428571428567,0.5714285714285714,0.15362060902984176,5 to 9 years
7021,18940,0.9397142857142853,0.8571428571428571,0.8129602375580303,5 to 9 years
7022,19568,0.9254285714285709,0.7142857142857142,0.587138989692019,5 to 9 years
7023,14351,0.8682857142857138,0.14285714285714285,0.11769080537555404,5 to 9 years
7024,14457,0.8825714285714281,0.2857142857142857,0.6525364461999024,5 to 9 years
7025,11504,0.9397142857142853,0.8571428571428571,0.16190371517922214,5 to 9 years
7026,16864,0.9539999999999995,1.0,0.9554918902579159,5 to 9 years
7027,13715,0.8825714285714281,0.2857142857142857,0.8439964423547304,5 to 9 years
7028,16431,0.8825714285714281,0.2857142857142857,0.31569492125813964,5 to 9 years
7029,12496,0.8825714285714281,0.2857142857142857,0.06631425670207036,5 to 9 years
7030,15455,0.9111428571428567,0.5714285714285714,0.4364223526129471,5 to 9 years
7031,15891,0.9397142857142853,0.8571428571428571,0.6261197649472929,5 to 9 years
7032,10180,0.9111428571428567,0.5714285714285714,0.16563026421740284,5 to 9 years
7033,15709,0.9397142857142853,0.8571428571428571,0.445075690024074,5 to 9 years
7034,17398,0.8825714285714281,0.2857142857142857,0.8808052840585383,5 to 9 years
7035,15110,0.9111428571428567,0.5714285714285714,0.4220200686808142,5 to 9 years
7036,10674,0.8682857142857138,0.14285714285714285,0.6263518343815061,5 to 9 years
7037,19403,0.8682857142857138,0.14285714285714285,0.2861058374540589,5 to 9 years
7038,19892,0.8825714285714281,0.2857142857142857,0.4389888025274592,5 to 9 years
7039,14035,0.9397142857142853,0.8571428571428571,0.016000725097881086,5 to 9 years
7040,12112,0.8825714285714281,0.2857142857142857,0.13385518519848455,5 to 9 years
7041,15776,0.9111428571428567,0.5714285714285714,0.6083290786069178,5 to 9 years
7042,14472,0.8825714285714281,0.2857142857142857,0.20263504297044516,5 to 9 years
7043,17575,0.8825714285714281,0.2857142857142857,0.7989234746874003,5 to 9 years
7044,10134,0.8682857142857138,0.14285714285714285,0.6127115451796389,5 to 9 years
7045,15482,0.8825714285714281,0.2857142857142857,0.45186433483702654,5 to 9 years
7046,14269,0.8682857142857138,0.14285714285714285,0.3689186732038149,5 to 9 years
7047,15363,0.9111428571428567,0.5714285714285714,0.14001798223957107,5 to 9 years
7048,15355,0.8968571428571424,0.42857142857142855,0.7504662490302467,5 to 9 years
7049,13606,0.8682857142857138,0.14285714285714285,0.3728798010617579,5 to 9 years
7050,13956,0.9111428571428567,0.5714285714285714,0.3050190327230249,5 to 9 years
7051,12323,0.9397142857142853,0.8571428571428571,0.9210171792801454,5 to 9 years
7052,11726,0.9397142857142853,0.8571428571428571,0.18262252060219514,5 to 9 years
7053,15952,0.8682857142857138,0.14285714285714285,0.9454217077449939,5 to 9 years
7054,12671,0.9397142857142853,0.8571428571428571,0.27246592755478355,5 to 9 years
7055,10997,0.9397142857142853,0.8571428571428571,0.5340080743413146,5 to 9 years
7056,12948,0.8825714285714281,0.2857142857142857,0.29349898840750666,5 to 9 years
7057,11264,0.8825714285714281,0.2857142857142857,0.6077448188460499,5 to 9 years
7058,16490,0.9111428571428567,0.5714285714285714,0.9266003651021832,5 to 9 years
7059,12632,0.9539999999999995,1.0,0.7944371396025585,5 to 9 years
7060,17785,0.8968571428571424,0.42857142857142855,0.5763306793408988,5 to 9 years
7061,11459,0.8825714285714281,0.2857142857142857,0.11025010303747557,5 to 9 years
7062,19381,0.8825714285714281,0.2857142857142857,0.6009157904211627,5 to 9 years
7063,14100,0.9111428571428567,0.5714285714285714,0.7157979258685221,5 to 9 years
7064,16713,0.9254285714285709,0.7142857142857142,0.34310091570458856,5 to 9 years
7065,12712,0.8825714285714281,0.2857142857142857,0.8766116879149346,5 to 9 years
7066,10268,0.9539999999999995,1.0,0.9479930968042078,5 to 9 years
7067,11923,0.8825714285714281,0.2857142857142857,0.18242331761159658,5 to 9 years
7068,12665,0.9111428571428567,0.5714285714285714,0.16533396726928695,5 to 9 years
7069,19661,0.8682857142857138,0.14285714285714285,0.7005641165729559,5 to 9 years
7070,16140,0.8825714285714281,0.2857142857142857,0.7740591871055598,5 to 9 years
7071,10879,0.9111428571428567,0.5714285714285714,0.23268940927634008,5 to 9 years
7072,12788,0.9111428571428567,0.5714285714285714,0.8663783787775035,5 to 9 years
7073,16840,0.8825714285714281,0.2857142857142857,0.1394443226269556,5 to 9 years
7074,17645,0.8682857142857138,0.14285714285714285,0.9422542740201085,5 to 9 years
7075,18666,0.9111428571428567,0.5714285714285714,0.09728542155480857,5 to 9 years
7076,11234,0.9397142857142853,0.8571428571428571,0.586490348590464,5 to 9 years
7077,19874,0.8825714285714281,0.2857142857142857,0.00949912154896193,5 to 9 years
7078,19873,0.8825714285714281,0.2857142857142857,0.7219509627084855,5 to 9 years
7079,19889,0.8825714285714281,0.2857142857142857,0.7227572019865469,5 to 9 years
7080,12447,0.9539999999999995,1.0,0.40796817546547165,5 to 9 years
7081,12034,0.8682857142857138,0.14285714285714285,0.39592417865111085,5 to 9 years
7082,10052,0.9539999999999995,1.0,0.01849317422782104,5 to 9 years
7083,10354,0.9111428571428567,0.5714285714285714,0.32791501024838343,5 to 9 years
7084,12944,0.8825714285714281,0.2857142857142857,0.8675966578135701,5 to 9 years
7085,15315,0.8825714285714281,0.2857142857142857,0.37232615552160475,5 to 9 years
7086,12056,0.8825714285714281,0.2857142857142857,0.31257866655728395,5 to 9 years
7087,13744,0.8968571428571424,0.42857142857142855,0.26341496569228134,5 to 9 years
7088,10544,0.9397142857142853,0.8571428571428571,0.34807983443307167,5 to 9 years
7089,15769,0.9397142857142853,0.8571428571428571,0.1777275381658383,5 to 9 years
7090,10083,0.9397142857142853,0.8571428571428571,0.0091681136079943,5 to 9 years
7091,18986,0.8682857142857138,0.14285714285714285,0.8107269671056097,5 to 9 years
7092,19682,0.9397142857142853,0.8571428571428571,0.5616702146087794,5 to 9 years
7093,18663,0.9397142857142853,0.8571428571428571,0.0826610789145526,5 to 9 years
7094,14704,0.9111428571428567,0.5714285714285714,0.3263948727080024,5 to 9 years
7095,18480,0.8825714285714281,0.2857142857142857,0.08174881475411255,5 to 9 years
7096,18322,0.8825714285714281,0.2857142857142857,0.2710763347276132,5 to 9 years
7097,14475,0.9111428571428567,0.5714285714285714,0.9393629723358201,5 to 9 years
7098,12928,0.8682857142857138,0.14285714285714285,0.157226385833523,5 to 9 years
7099,11714,0.8825714285714281,0.2857142857142857,0.6279119996108593,5 to 9 years
7100,15186,0.9397142857142853,0.8571428571428571,0.4713031810737854,5 to 9 years
7101,10572,0.9397142857142853,0.8571428571428571,0.3155600703348159,5 to 9 years
7102,14923,0.8825714285714281,0.2857142857142857,0.07968973711695354,5 to 9 years
7103,16249,0.9111428571428567,0.5714285714285714,0.3377345846379961,5 to 9 years
7104,14941,0.9397142857142853,0.8571428571428571,0.06553201908201273,5 to 9 years
7105,19455,0.8825714285714281,0.2857142857142857,0.4233065276436961,5 to 9 years
7106,15245,0.9397142857142853,0.8571428571428571,0.2608934187204297,5 to 9 years
7107,18392,0.8825714285714281,0.2857142857142857,0.45541865149927435,5 to 9 years
7108,17657,0.8682857142857138,0.14285714285714285,0.19006697028630098,5 to 9 years
7109,12036,0.8825714285714281,0.2857142857142857,0.10090851771886977,5 to 9 years
7110,12310,0.9397142857142853,0.8571428571428571,0.5566635315056905,5 to 9 years
7111,10042,0.8682857142857138,0.14285714285714285,0.5331135219256019,5 to 9 years
7112,14744,0.9111428571428567,0.5714285714285714,0.3708434251424759,5 to 9 years
7113,11957,0.8682857142857138,0.14285714285714285,0.3868540073612483,5 to 9 years
7114,15005,0.9111428571428567,0.5714285714285714,0.7720953102112659,5 to 9 years
7115,17759,0.8825714285714281,0.2857142857142857,0.0716864705178214,5 to 9 years
7116,13052,0.8825714285714281,0.2857142857142857,0.3725975232108344,5 to 9 years
7117,13987,0.9111428571428567,0.5714285714285714,0.7538055241027095,5 to 9 years
7118,11553,0.9254285714285709,0.7142857142857142,0.4984174660030335,5 to 9 years
7119,17830,0.8825714285714281,0.2857142857142857,0.8141771153972606,5 to 9 years
7120,15146,0.9254285714285709,0.7142857142857142,0.41380109291977807,5 to 9 years
7121,13902,0.9539999999999995,1.0,0.4878398200600299,5 to 9 years
7122,14259,0.9397142857142853,0.8571428571428571,0.5138831981598134,5 to 9 years
7123,14623,0.8825714285714281,0.2857142857142857,0.6020305559905941,5 to 9 years
7124,13521,0.8682857142857138,0.14285714285714285,0.4288724775867325,5 to 9 years
7125,17081,0.8825714285714281,0.2857142857142857,0.3808941298946046,5 to 9 years
7126,14946,0.9111428571428567,0.5714285714285714,0.6491006947072956,5 to 9 years
7127,19835,0.9539999999999995,1.0,0.9958382428317217,5 to 9 years
7128,11994,0.8825714285714281,0.2857142857142857,0.03377114097094691,5 to 9 years
7129,15413,0.8968571428571424,0.42857142857142855,0.9006992314936215,5 to 9 years
7130,15312,0.8825714285714281,0.2857142857142857,0.716500154497276,5 to 9 years
7131,18591,0.9397142857142853,0.8571428571428571,0.9955206447529843,5 to 9 years
7132,19758,0.9397142857142853,0.8571428571428571,0.550748821498643,5 to 9 years
7133,11974,0.8682857142857138,0.14285714285714285,0.4237919667071478,5 to 9 years
7134,10360,0.9397142857142853,0.8571428571428571,0.3218596614526781,5 to 9 years
7135,19240,0.9397142857142853,0.8571428571428571,0.5230718585280377,5 to 9 years
7136,16821,0.9111428571428567,0.5714285714285714,0.9300521113211391,5 to 9 years
7137,19421,0.9111428571428567,0.5714285714285714,0.35707346072537205,5 to 9 years
7138,12995,0.8825714285714281,0.2857142857142857,0.3174635946735314,5 to 9 years
7139,18345,0.9397142857142853,0.8571428571428571,0.5892788366536136,5 to 9 years
7140,13281,0.9111428571428567,0.5714285714285714,0.8599913635787705,5 to 9 years
7141,19849,0.9111428571428567,0.5714285714285714,0.8661669048179215,5 to 9 years
7142,18610,0.8825714285714281,0.2857142857142857,0.9438984676114885,5 to 9 years
7143,13094,0.9111428571428567,0.5714285714285714,0.47335356778914195,5 to 9 years
7144,16499,0.9111428571428567,0.5714285714285714,0.520911480897958,5 to 9 years
7145,18051,0.9539999999999995,1.0,0.4871466328999912,5 to 9 years
7146,13842,0.8682857142857138,0.14285714285714285,0.5064673119432488,5 to 9 years
7147,12879,0.8825714285714281,0.2857142857142857,0.5156372490922085,5 to 9 years
7148,17938,0.8825714285714281,0.2857142857142857,0.26803212271079424,5 to 9 years
7149,10349,0.8825714285714281,0.2857142857142857,0.8620688313467818,5 to 9 years
7150,14547,0.9254285714285709,0.7142857142857142,0.7164688682897582,5 to 9 years
7151,18561,0.8682857142857138,0.14285714285714285,0.7499158899313483,5 to 9 years
7152,14050,0.9111428571428567,0.5714285714285714,0.033628515595615305,5 to 9 years
7153,13925,0.8825714285714281,0.2857142857142857,0.4117791258881538,5 to 9 years
7154,12133,0.5100471682155805,0.2857142857142857,0.6185909882386681,5 to 9 years
7155,17882,0.9397142857142853,0.8571428571428571,0.14959961100683544,5 to 9 years
7156,17704,0.8825714285714281,0.2857142857142857,0.11945893278631953,5 to 9 years
7157,19522,0.8682857142857138,0.14285714285714285,0.27785991276661576,5 to 9 years
7158,13413,0.8825714285714281,0.2857142857142857,0.9452699298212637,5 to 9 years
7159,19457,0.8825714285714281,0.2857142857142857,0.5308583082195486,5 to 9 years
7160,10408,0.8968571428571424,0.42857142857142855,0.41389192664009394,5 to 9 years
7161,11123,0.8682857142857138,0.14285714285714285,0.2297350990494585,5 to 9 years
7162,14433,0.8682857142857138,0.14285714285714285,0.7096944583047589,5 to 9 years
7163,18622,0.8682857142857138,0.14285714285714285,0.6564419138037719,5 to 9 years
7164,14903,0.8968571428571424,0.42857142857142855,0.1639883350135682,5 to 9 years
7165,18113,0.8825714285714281,0.2857142857142857,0.566811048688409,5 to 9 years
7166,19242,0.9111428571428567,0.5714285714285714,0.47793720060226735,5 to 9 years
7167,13697,0.9539999999999995,1.0,0.47658807643452034,5 to 9 years
7168,16521,0.9539999999999995,1.0,0.9480228233889231,5 to 9 years
7169,10655,0.8682857142857138,0.14285714285714285,0.448724256947326,5 to 9 years
7170,18079,0.8825714285714281,0.2857142857142857,0.949662243797269,5 to 9 years
7171,11782,0.9397142857142853,0.8571428571428571,0.08077866861055127,5 to 9 years
7172,13022,0.9397142857142853,0.8571428571428571,0.5244339849423211,5 to 9 years
7173,16810,0.9397142857142853,0.8571428571428571,0.7446553230426783,5 to 9 years
7174,15301,0.9111428571428567,0.5714285714285714,0.6637995878434415,5 to 9 years
7175,18534,0.9111428571428567,0.5714285714285714,0.171389487999,5 to 9 years
7176,14952,0.9539999999999995,1.0,0.5226226247736239,5 to 9 years
7177,15913,0.9397142857142853,0.8571428571428571,0.4645569382168944,5 to 9 years
7178,19652,0.9111428571428567,0.5714285714285714,0.5468542885728225,5 to 9 years
7179,19259,0.8682857142857138,0.14285714285714285,0.4921422623234466,5 to 9 years
7180,13891,0.8825714285714281,0.2857142857142857,0.3510691761121705,5 to 9 years
7181,10372,0.8682857142857138,0.14285714285714285,0.6939006612365347,5 to 9 years
7182,13246,0.9111428571428567,0.5714285714285714,0.394894303798115,5 to 9 years
7183,18348,0.8968571428571424,0.42857142857142855,0.9482285762229408,5 to 9 years
7184,17490,0.9397142857142853,0.8571428571428571,0.47247420966184983,5 to 9 years
7185,11279,0.9254285714285709,0.7142857142857142,0.20254343169172812,5 to 9 years
7186,16997,0.8968571428571424,0.42857142857142855,0.7284128531335644,5 to 9 years
7187,10469,0.8825714285714281,0.2857142857142857,0.18748768254740195,5 to 9 years
7188,15477,0.8825714285714281,0.2857142857142857,0.8414773789331407,5 to 9 years
7189,12387,0.8968571428571424,0.42857142857142855,0.48251293532793993,5 to 9 years
7190,16531,0.8682857142857138,0.14285714285714285,0.8302071049423111,5 to 9 years
7191,17536,0.9254285714285709,0.7142857142857142,0.736102459467179,5 to 9 years
7192,16630,0.8825714285714281,0.2857142857142857,0.6377167769660242,5 to 9 years
7193,19898,0.8968571428571424,0.42857142857142855,0.8951051928300706,5 to 9 years
7194,10502,0.8682857142857138,0.14285714285714285,0.7653341035668747,5 to 9 years
7195,15345,0.8682857142857138,0.14285714285714285,0.05330317320548933,5 to 9 years
7196,14240,0.8682857142857138,0.14285714285714285,0.7227179642602242,5 to 9 years
7197,15539,0.8825714285714281,0.2857142857142857,0.32866072695932824,5 to 9 years
7198,11117,0.8825714285714281,0.2857142857142857,0.40452928791948006,5 to 9 years
7199,10163,0.8682857142857138,0.14285714285714285,0.46543840437492845,5 to 9 years
7200,12020,0.8825714285714281,0.2857142857142857,0.7939300493147585,5 to 9 years
7201,11785,0.9397142857142853,0.8571428571428571,0.15657921647469103,5 to 9 years
7202,10700,0.8682857142857138,0.14285714285714285,0.5188578431818285,5 to 9 years
7203,18194,0.9539999999999995,1.0,0.798460970411317,5 to 9 years
7204,12085,0.9111428571428567,0.5714285714285714,0.009494498422217501,5 to 9 years
7205,11491,0.8825714285714281,0.2857142857142857,0.6904334607264888,5 to 9 years
7206,14495,0.8682857142857138,0.14285714285714285,0.23854139457248363,5 to 9 years
7207,13208,0.9539999999999995,1.0,0.809203274556964,5 to 9 years
7208,12645,0.8682857142857138,0.14285714285714285,0.12274026671247695,5 to 9 years
7209,18618,0.9397142857142853,0.8571428571428571,0.22410706448616796,5 to 9 years
7210,14872,0.8825714285714281,0.2857142857142857,0.4027537325122743,5 to 9 years
7211,14995,0.9111428571428567,0.5714285714285714,0.01870922345936965,5 to 9 years
7212,16458,0.8682857142857138,0.14285714285714285,0.7113607658712835,5 to 9 years
7213,17772,0.8825714285714281,0.2857142857142857,0.37670376083451484,5 to 9 years
7214,10696,0.8682857142857138,0.14285714285714285,0.3807116717766437,5 to 9 years
7215,14032,0.8825714285714281,0.2857142857142857,0.49007570930471495,5 to 9 years
7216,17197,0.8968571428571424,0.42857142857142855,0.31384334919625,5 to 9 years
7217,15003,0.9111428571428567,0.5714285714285714,0.9971698287056547,5 to 9 years
7218,14392,0.8825714285714281,0.2857142857142857,0.02943953200898053,5 to 9 years
7219,12234,0.8682857142857138,0.14285714285714285,0.7183805937845338,5 to 9 years
7220,16560,0.8825714285714281,0.2857142857142857,0.9563227031088064,5 to 9 years
7221,14250,0.8682857142857138,0.14285714285714285,0.20126187057398526,5 to 9 years
7222,15580,0.9397142857142853,0.8571428571428571,0.5771811161892633,5 to 9 years
7223,15713,0.8682857142857138,0.14285714285714285,0.09375740289835616,5 to 9 years
7224,10683,0.9111428571428567,0.5714285714285714,0.5507911835633417,5 to 9 years
7225,18411,0.8682857142857138,0.14285714285714285,0.18572369490084267,5 to 9 years
7226,15411,0.9397142857142853,0.8571428571428571,0.45663140249046474,5 to 9 years
7227,12734,0.9397142857142853,0.8571428571428571,0.8854542782257724,5 to 9 years
7228,15801,0.9539999999999995,1.0,0.8167574177550592,5 to 9 years
7229,10988,0.9397142857142853,0.8571428571428571,0.33909292438010236,5 to 9 years
7230,11297,0.8825714285714281,0.2857142857142857,0.9109503726464546,5 to 9 years
7231,12365,0.9397142857142853,0.8571428571428571,0.30960819975818377,5 to 9 years
7232,17235,0.8968571428571424,0.42857142857142855,0.11456360717970537,5 to 9 years
7233,13404,0.8682857142857138,0.14285714285714285,0.18364450458141524,5 to 9 years
7234,14961,0.8825714285714281,0.2857142857142857,0.06132962470148662,5 to 9 years
7235,13580,0.8682857142857138,0.14285714285714285,0.4430490564997155,5 to 9 years
7236,19481,0.9111428571428567,0.5714285714285714,0.16952706106344845,5 to 9 years
7237,10177,0.8825714285714281,0.2857142857142857,0.5935219954041737,5 to 9 years
7238,10566,0.8968571428571424,0.42857142857142855,0.7979563205951505,5 to 9 years
7239,11776,0.9539999999999995,1.0,0.909480879704081,5 to 9 years
7240,15319,0.9111428571428567,0.5714285714285714,0.3311849947561257,5 to 9 years
7241,17045,0.8682857142857138,0.14285714285714285,0.8879489036972201,5 to 9 years
7242,14248,0.8682857142857138,0.14285714285714285,0.8547306995593786,5 to 9 years
7243,15484,0.8682857142857138,0.14285714285714285,0.4043107350970537,5 to 9 years
7244,13437,0.9539999999999995,1.0,0.5079796523277016,5 to 9 years
7245,11778,0.8682857142857138,0.14285714285714285,0.693584965143556,5 to 9 years
7246,18863,0.8682857142857138,0.14285714285714285,0.025690172579176607,5 to 9 years
7247,12132,0.8825714285714281,0.2857142857142857,0.7551561228951957,5 to 9 years
7248,15326,0.9111428571428567,0.5714285714285714,0.31826411556583634,5 to 9 years
7249,12647,0.8682857142857138,0.14285714285714285,0.5545121567008119,5 to 9 years
7250,16075,0.8682857142857138,0.14285714285714285,0.8611214145437083,5 to 9 years
7251,14183,0.9111428571428567,0.5714285714285714,0.9290920883418198,5 to 9 years
7252,12052,0.9111428571428567,0.5714285714285714,0.8595750544462151,5 to 9 years
7253,14929,0.9111428571428567,0.5714285714285714,0.9770421992449939,5 to 9 years
7254,18177,0.8682857142857138,0.14285714285714285,0.9339081491588808,5 to 9 years
7255,17448,0.9111428571428567,0.5714285714285714,0.6256194514946859,5 to 9 years
7256,18563,0.9111428571428567,0.5714285714285714,0.2135699613025731,5 to 9 years
7257,12251,0.8825714285714281,0.2857142857142857,0.9554889773963202,5 to 9 years
7258,14776,0.8825714285714281,0.2857142857142857,0.4664311022584866,5 to 9 years
7259,17966,0.9111428571428567,0.5714285714285714,0.5257766636459411,5 to 9 years
7260,12011,0.8825714285714281,0.2857142857142857,0.26192491034998283,5 to 9 years
7261,16392,0.8682857142857138,0.14285714285714285,0.2315189836654546,5 to 9 years
7262,16904,0.8825714285714281,0.2857142857142857,0.0599701520624355,5 to 9 years
7263,10727,0.8825714285714281,0.2857142857142857,0.5620980526759213,5 to 9 years
7264,12709,0.9254285714285709,0.7142857142857142,0.39816231958103665,5 to 9 years
7265,19055,0.9539999999999995,1.0,0.4612302007294444,5 to 9 years
7266,17788,0.8825714285714281,0.2857142857142857,0.8222212555541908,5 to 9 years
7267,15839,0.9397142857142853,0.8571428571428571,0.1980811947080468,5 to 9 years
7268,16465,0.8682857142857138,0.14285714285714285,0.5650397293768877,5 to 9 years
7269,11670,0.9397142857142853,0.8571428571428571,0.39499218293800026,5 to 9 years
7270,11759,0.9111428571428567,0.5714285714285714,0.9693544356777011,5 to 9 years
7271,11254,0.8825714285714281,0.2857142857142857,0.8855773207551922,5 to 9 years
7272,10150,0.8682857142857138,0.14285714285714285,0.7989332369215265,5 to 9 years
7273,15660,0.8825714285714281,0.2857142857142857,0.46999557338679343,5 to 9 years
7274,10337,0.9397142857142853,0.8571428571428571,0.6413664131022966,5 to 9 years
7275,10675,0.8825714285714281,0.2857142857142857,0.8174383328926714,5 to 9 years
7276,17058,0.8825714285714281,0.2857142857142857,0.20343055337183236,5 to 9 years
7277,18172,0.8968571428571424,0.42857142857142855,0.18149846186425656,5 to 9 years
7278,13087,0.9397142857142853,0.8571428571428571,0.04200404921579204,5 to 9 years
7279,10384,0.9111428571428567,0.5714285714285714,0.39457548089827854,5 to 9 years
7280,10945,0.8968571428571424,0.42857142857142855,0.5455633625495427,5 to 9 years
7281,14595,0.8825714285714281,0.2857142857142857,0.9019017682019538,5 to 9 years
7282,10783,0.9539999999999995,1.0,0.096070252241718,5 to 9 years
7283,14160,0.8682857142857138,0.14285714285714285,0.38182323097267323,5 to 9 years
7284,18349,0.8682857142857138,0.14285714285714285,0.09938014234686998,5 to 9 years
7285,18475,0.9111428571428567,0.5714285714285714,0.878541671946526,5 to 9 years
7286,16868,0.9111428571428567,0.5714285714285714,0.9580917621579872,5 to 9 years
7287,10671,0.9397142857142853,0.8571428571428571,0.3564623010567637,5 to 9 years
7288,16663,0.9397142857142853,0.8571428571428571,0.1150341989886764,5 to 9 years
7289,10462,0.8968571428571424,0.42857142857142855,0.2631960326606184,5 to 9 years
7290,13634,0.9539999999999995,1.0,0.37602501838503744,5 to 9 years
7291,12283,0.8825714285714281,0.2857142857142857,0.05337321425816122,5 to 9 years
7292,13963,0.9254285714285709,0.7142857142857142,0.5981556594502494,5 to 9 years
7293,13587,0.8682857142857138,0.14285714285714285,0.2808309141721442,5 to 9 years
7294,14094,0.9111428571428567,0.5714285714285714,0.5109309300857301,5 to 9 years
7295,13456,0.9539999999999995,1.0,0.12861955306958983,5 to 9 years
7296,14830,0.9397142857142853,0.8571428571428571,0.05813521460528648,5 to 9 years
7297,18251,0.8682857142857138,0.14285714285714285,0.4091807672610742,5 to 9 years
7298,12269,0.9397142857142853,0.8571428571428571,0.07185617449242493,5 to 9 years
7299,12222,0.8682857142857138,0.14285714285714285,0.8531624390721453,5 to 9 years
7300,14317,0.9397142857142853,0.8571428571428571,0.2573179323227062,5 to 9 years
7301,12476,0.8968571428571424,0.42857142857142855,0.9772877846936463,5 to 9 years
7302,10396,0.8682857142857138,0.14285714285714285,0.4220245152632117,5 to 9 years
7303,18286,0.9397142857142853,0.8571428571428571,0.5494371920475882,5 to 9 years
7304,19543,0.8825714285714281,0.2857142857142857,0.2079121212105693,5 to 9 years
7305,11671,0.8682857142857138,0.14285714285714285,0.37540401094191267,5 to 9 years
7306,16793,0.9539999999999995,1.0,0.3026342081284356,5 to 9 years
7307,18656,0.8825714285714281,0.2857142857142857,0.41973265804613547,5 to 9 years
7308,16758,0.9397142857142853,0.8571428571428571,0.18626549694279831,5 to 9 years
7309,12810,0.8682857142857138,0.14285714285714285,0.8432316544739877,5 to 9 years
7310,19026,0.8682857142857138,0.14285714285714285,0.0906936427471629,5 to 9 years
7311,13075,0.9111428571428567,0.5714285714285714,0.44923067819243656,5 to 9 years
7312,19222,0.8682857142857138,0.14285714285714285,0.35354070514084385,5 to 9 years
7313,19162,0.8825714285714281,0.2857142857142857,0.8566239558582919,5 to 9 years
7314,15462,0.8825714285714281,0.2857142857142857,0.7174214067339497,5 to 9 years
7315,12839,0.9539999999999995,1.0,0.14941425103801165,5 to 9 years
7316,10438,0.9397142857142853,0.8571428571428571,0.28441564859592783,5 to 9 years
7317,19019,0.9111428571428567,0.5714285714285714,0.35423171545041154,5 to 9 years
7318,18423,0.8968571428571424,0.42857142857142855,0.4955397837260396,5 to 9 years
7319,18826,0.8825714285714281,0.2857142857142857,0.4643690279192674,5 to 9 years
7320,10935,0.8825714285714281,0.2857142857142857,0.7429108826632174,5 to 9 years
7321,11622,0.8682857142857138,0.14285714285714285,0.43053675325320234,5 to 9 years
7322,11956,0.8968571428571424,0.42857142857142855,0.4952256980912869,5 to 9 years
7323,15327,0.9539999999999995,1.0,0.5966333591259433,5 to 9 years
7324,17155,0.8682857142857138,0.14285714285714285,0.8340034007580049,5 to 9 years
7325,15841,0.8968571428571424,0.42857142857142855,0.5544607368359321,5 to 9 years
7326,15655,0.8825714285714281,0.2857142857142857,0.7592112101157813,5 to 9 years
7327,12973,0.8968571428571424,0.42857142857142855,0.008293706737823925,5 to 9 years
7328,16126,0.9397142857142853,0.8571428571428571,0.3063901894759833,5 to 9 years
7329,19439,0.8968571428571424,0.42857142857142855,0.5246989922650842,5 to 9 years
7330,13393,0.8825714285714281,0.2857142857142857,0.44863170700356597,5 to 9 years
7331,19360,0.9397142857142853,0.8571428571428571,0.7259446074860019,5 to 9 years
7332,13469,0.8682857142857138,0.14285714285714285,0.3238109143691823,5 to 9 years
7333,18688,0.8968571428571424,0.42857142857142855,0.7122655632649799,5 to 9 years
7334,11986,0.8825714285714281,0.2857142857142857,0.6351810052772309,5 to 9 years
7335,12455,0.8968571428571424,0.42857142857142855,0.25779531466874517,5 to 9 years
7336,10682,0.9111428571428567,0.5714285714285714,0.13791060239415137,5 to 9 years
7337,17829,0.8825714285714281,0.2857142857142857,0.7115370603766793,5 to 9 years
7338,13381,0.9539999999999995,1.0,0.8937963783132152,5 to 9 years
7339,16635,0.9397142857142853,0.8571428571428571,0.23898491524769427,5 to 9 years
7340,17064,0.9539999999999995,1.0,0.8386957895805849,5 to 9 years
7341,12534,0.8968571428571424,0.42857142857142855,0.026078313271968634,5 to 9 years
7342,17455,0.8825714285714281,0.2857142857142857,0.9519324112663006,5 to 9 years
7343,13010,0.8825714285714281,0.2857142857142857,0.05449326697474138,5 to 9 years
7344,15619,0.9111428571428567,0.5714285714285714,0.8102830186917181,5 to 9 years
7345,11588,0.9397142857142853,0.8571428571428571,0.8414600058137349,5 to 9 years
7346,14474,0.8682857142857138,0.14285714285714285,0.6892171032567687,5 to 9 years
7347,10948,0.8682857142857138,0.14285714285714285,0.38386018731718485,5 to 9 years
7348,13219,0.9397142857142853,0.8571428571428571,0.07489471635777811,5 to 9 years
7349,14059,0.8682857142857138,0.14285714285714285,0.17458173816003197,5 to 9 years
7350,11633,0.8682857142857138,0.14285714285714285,0.2542251244293931,5 to 9 years
7351,13708,0.9111428571428567,0.5714285714285714,0.7022162228329407,5 to 9 years
7352,16749,0.9111428571428567,0.5714285714285714,0.06998471993403937,5 to 9 years
7353,15578,0.8682857142857138,0.14285714285714285,0.6567480532703748,5 to 9 years
7354,17591,0.8682857142857138,0.14285714285714285,0.26038873241735694,5 to 9 years
7355,17015,0.9397142857142853,0.8571428571428571,0.9914924099458127,5 to 9 years
7356,12526,0.8682857142857138,0.14285714285714285,0.6154121834724561,5 to 9 years
7357,13155,0.8825714285714281,0.2857142857142857,0.39446516655099867,5 to 9 years
7358,15468,0.9539999999999995,1.0,0.6595461360803236,5 to 9 years
7359,18142,0.9397142857142853,0.8571428571428571,0.5603101797941834,5 to 9 years
7360,11293,0.9111428571428567,0.5714285714285714,0.2470031422665922,5 to 9 years
7361,15741,0.9397142857142853,0.8571428571428571,0.5990461880000221,5 to 9 years
7362,11783,0.8825714285714281,0.2857142857142857,0.022192560061293665,5 to 9 years
7363,12947,0.8825714285714281,0.2857142857142857,0.41962760679985944,5 to 9 years
7364,11702,0.8682857142857138,0.14285714285714285,0.7621798274840512,5 to 9 years
7365,10186,0.9111428571428567,0.5714285714285714,0.5965145194304267,5 to 9 years
7366,15753,0.8682857142857138,0.14285714285714285,0.22051009192203125,5 to 9 years
7367,12079,0.9539999999999995,1.0,0.5558503752001409,5 to 9 years
7368,10357,0.8682857142857138,0.14285714285714285,0.8617379573009951,5 to 9 years
7369,17232,0.9111428571428567,0.5714285714285714,0.2259215594532577,5 to 9 years
7370,17520,0.9539999999999995,1.0,0.4664855177451683,5 to 9 years
7371,17362,0.8682857142857138,0.14285714285714285,0.9170652164996134,5 to 9 years
7372,19004,0.8682857142857138,0.14285714285714285,0.9881673074240087,5 to 9 years
7373,15039,0.9111428571428567,0.5714285714285714,0.009273868346085679,5 to 9 years
7374,12729,0.8682857142857138,0.14285714285714285,0.35146479467790503,5 to 9 years
7375,14338,0.8825714285714281,0.2857142857142857,0.5187704643220192,5 to 9 years
7376,11186,0.9111428571428567,0.5714285714285714,0.774632285646262,5 to 9 years
7377,18281,0.8825714285714281,0.2857142857142857,0.3424807691602954,5 to 9 years
7378,11361,0.8825714285714281,0.2857142857142857,0.317931778364698,5 to 9 years
7379,14415,0.9111428571428567,0.5714285714285714,0.7106285012398919,5 to 9 years
7380,15503,0.8825714285714281,0.2857142857142857,0.5101059711033262,5 to 9 years
7381,17868,0.9111428571428567,0.5714285714285714,0.46761056430032655,5 to 9 years
7382,18422,0.9539999999999995,1.0,0.9986537936774819,5 to 9 years
7383,12451,0.8825714285714281,0.2857142857142857,0.6628785630725014,5 to 9 years
7384,19605,0.8682857142857138,0.14285714285714285,0.8168781347072447,5 to 9 years
7385,18719,0.8682857142857138,0.14285714285714285,0.1510535822322372,5 to 9 years
7386,10991,0.8682857142857138,0.14285714285714285,0.27970266061855953,5 to 9 years
7387,12409,0.9111428571428567,0.5714285714285714,0.7969075536836225,5 to 9 years
7388,11882,0.9111428571428567,0.5714285714285714,0.5235542260428911,5 to 9 years
7389,10739,0.8968571428571424,0.42857142857142855,0.3136611448167601,5 to 9 years
7390,15569,0.8968571428571424,0.42857142857142855,0.9308189342281746,5 to 9 years
7391,14688,0.8825714285714281,0.2857142857142857,0.996700424842121,5 to 9 years
7392,19597,0.8682857142857138,0.14285714285714285,0.1593990980679118,5 to 9 years
7393,17053,0.8682857142857138,0.14285714285714285,0.2951858184231753,5 to 9 years
7394,17207,0.8825714285714281,0.2857142857142857,0.40395037794297406,5 to 9 years
7395,16692,0.8968571428571424,0.42857142857142855,0.04212666365829537,5 to 9 years
7396,11585,0.8825714285714281,0.2857142857142857,0.8839544540483896,5 to 9 years
7397,10155,0.9254285714285709,0.7142857142857142,0.31737915049406673,5 to 9 years
7398,12375,0.8825714285714281,0.2857142857142857,0.3601921396258161,5 to 9 years
7399,11139,0.8682857142857138,0.14285714285714285,0.25536925175775865,5 to 9 years
7400,15558,0.8968571428571424,0.42857142857142855,0.251406703631015,5 to 9 years
7401,15416,0.8825714285714281,0.2857142857142857,0.5944414833335961,5 to 9 years
7402,18489,0.9397142857142853,0.8571428571428571,0.8780297640339166,5 to 9 years
7403,19166,0.9397142857142853,0.8571428571428571,0.6470264623318797,5 to 9 years
7404,13250,0.8825714285714281,0.2857142857142857,0.7737800575109994,5 to 9 years
7405,16335,0.8682857142857138,0.14285714285714285,0.4263356134189919,5 to 9 years
7406,16718,0.9397142857142853,0.8571428571428571,0.6858621027355045,5 to 9 years
7407,19042,0.9397142857142853,0.8571428571428571,0.47708597989318047,5 to 9 years
7408,12113,0.8968571428571424,0.42857142857142855,0.6970874936483351,5 to 9 years
7409,15531,0.9111428571428567,0.5714285714285714,0.8184476348126222,5 to 9 years
7410,13725,0.9111428571428567,0.5714285714285714,0.7637556633902176,5 to 9 years
7411,11207,0.9539999999999995,1.0,0.7307884489073028,5 to 9 years
7412,11380,0.9111428571428567,0.5714285714285714,0.9987956346511816,5 to 9 years
7413,18586,0.9254285714285709,0.7142857142857142,0.2583364960853267,5 to 9 years
7414,12892,0.8825714285714281,0.2857142857142857,0.5513352179799436,5 to 9 years
7415,17420,0.8682857142857138,0.14285714285714285,0.25076684938764454,5 to 9 years
7416,16878,0.9111428571428567,0.5714285714285714,0.6215729177652277,5 to 9 years
7417,10228,0.9111428571428567,0.5714285714285714,0.3757298211270901,5 to 9 years
7418,10352,0.8968571428571424,0.42857142857142855,0.683001115263094,5 to 9 years
7419,10982,0.8825714285714281,0.2857142857142857,0.19748330993422403,5 to 9 years
7420,13214,0.8825714285714281,0.2857142857142857,0.7468516999538655,5 to 9 years
7421,18073,0.8825714285714281,0.2857142857142857,0.7655063387338693,5 to 9 years
7422,15442,0.8825714285714281,0.2857142857142857,0.9175482772976638,5 to 9 years
7423,16699,0.8825714285714281,0.2857142857142857,0.7271434441712765,5 to 9 years
7424,18072,0.8825714285714281,0.2857142857142857,0.3983424648605628,5 to 9 years
7425,18055,0.8682857142857138,0.14285714285714285,0.6352503338096207,5 to 9 years
7426,15125,0.8682857142857138,0.14285714285714285,0.7092497377257653,5 to 9 years
7427,11174,0.8682857142857138,0.14285714285714285,0.6294929583788533,5 to 9 years
7428,10464,0.8825714285714281,0.2857142857142857,0.09425561613093214,5 to 9 years
7429,10688,0.8968571428571424,0.42857142857142855,0.6422824250085118,5 to 9 years
7430,11197,0.9111428571428567,0.5714285714285714,0.27059746122660444,5 to 9 years
7431,18685,0.9539999999999995,1.0,0.9394159083168818,5 to 9 years
7432,12093,0.8682857142857138,0.14285714285714285,0.7952070199080798,5 to 9 years
7433,17393,0.8968571428571424,0.42857142857142855,0.3173066450463517,5 to 9 years
7434,18236,0.8825714285714281,0.2857142857142857,0.5757921277671907,5 to 9 years
7435,15148,0.9397142857142853,0.8571428571428571,0.6541056659094935,5 to 9 years
7436,18504,0.8825714285714281,0.2857142857142857,0.2526669997865745,5 to 9 years
7437,12994,0.8825714285714281,0.2857142857142857,0.6975476525246604,5 to 9 years
7438,12479,0.8825714285714281,0.2857142857142857,0.9542003806206958,5 to 9 years
7439,14705,0.9111428571428567,0.5714285714285714,0.24121118074531334,5 to 9 years
7440,14675,0.9254285714285709,0.7142857142857142,0.5162327029890441,5 to 9 years
7441,13911,0.8682857142857138,0.14285714285714285,0.6195618430692826,5 to 9 years
7442,12633,0.9397142857142853,0.8571428571428571,0.19200300967082123,5 to 9 years
7443,14230,0.8825714285714281,0.2857142857142857,0.28704257189676335,5 to 9 years
7444,11687,0.8682857142857138,0.14285714285714285,0.15922653471600878,5 to 9 years
7445,10525,0.9111428571428567,0.5714285714285714,0.5478650515387302,5 to 9 years
7446,12006,0.8682857142857138,0.14285714285714285,0.4290203039212307,5 to 9 years
7447,19342,0.9111428571428567,0.5714285714285714,0.6744140865118707,5 to 9 years
7448,17471,0.9111428571428567,0.5714285714285714,0.6998455191921468,5 to 9 years
7449,13416,0.9254285714285709,0.7142857142857142,0.13797852380837122,5 to 9 years
7450,16773,0.8825714285714281,0.2857142857142857,0.48770673675532994,5 to 9 years
7451,18217,0.8825714285714281,0.2857142857142857,0.9616156078475767,5 to 9 years
7452,14463,0.8825714285714281,0.2857142857142857,0.9928404299292035,5 to 9 years
7453,15018,0.8968571428571424,0.42857142857142855,0.4690133620449489,5 to 9 years
7454,10585,0.8825714285714281,0.2857142857142857,0.9321027868515601,5 to 9 years
7455,10025,0.8968571428571424,0.42857142857142855,0.8436059721697104,5 to 9 years
7456,14753,0.8825714285714281,0.2857142857142857,0.6273777839743944,5 to 9 years
7457,15068,0.8682857142857138,0.14285714285714285,0.6466872689943634,5 to 9 years
7458,14911,0.9397142857142853,0.8571428571428571,0.31207575527999803,5 to 9 years
7459,19598,0.8682857142857138,0.14285714285714285,0.13081704573056774,5 to 9 years
7460,11096,0.8825714285714281,0.2857142857142857,0.2254982827591131,5 to 9 years
7461,16532,0.8968571428571424,0.42857142857142855,0.7627247157567661,5 to 9 years
7462,11177,0.9397142857142853,0.8571428571428571,0.11662170353595347,5 to 9 years
7463,19287,0.8825714285714281,0.2857142857142857,0.6370979426825971,5 to 9 years
7464,14799,0.8682857142857138,0.14285714285714285,0.5391142116875032,5 to 9 years
7465,16659,0.8682857142857138,0.14285714285714285,0.2719256384060157,5 to 9 years
7466,14596,0.8825714285714281,0.2857142857142857,0.21982161736547295,5 to 9 years
7467,19669,0.8682857142857138,0.14285714285714285,0.8011252355019434,5 to 9 years
7468,16362,0.8825714285714281,0.2857142857142857,0.4812881817228428,5 to 9 years
7469,19316,0.9397142857142853,0.8571428571428571,0.861973059596877,5 to 9 years
7470,12719,0.9111428571428567,0.5714285714285714,0.8968614999888715,5 to 9 years
7471,13289,0.8825714285714281,0.2857142857142857,0.7045341375492254,5 to 9 years
7472,19357,0.9111428571428567,0.5714285714285714,0.22643291651302644,5 to 9 years
7473,19940,0.8682857142857138,0.14285714285714285,0.7996559154081561,5 to 9 years
7474,17964,0.8825714285714281,0.2857142857142857,0.5385759767273824,5 to 9 years
7475,13473,0.9397142857142853,0.8571428571428571,0.372375938536343,5 to 9 years
7476,13996,0.8682857142857138,0.14285714285714285,0.37148308073679326,5 to 9 years
7477,11041,0.9111428571428567,0.5714285714285714,0.6132308037664547,5 to 9 years
7478,12878,0.8825714285714281,0.2857142857142857,0.5558094746209452,5 to 9 years
7479,11602,0.8825714285714281,0.2857142857142857,0.5180110005685866,5 to 9 years
7480,12304,0.0,0.2857142857142857,0.6573621729489777,5 to 9 years
7481,15184,0.9111428571428567,0.5714285714285714,0.7125101093248175,5 to 9 years
7482,11946,0.9539999999999995,1.0,0.9713053290291593,5 to 9 years
7483,18717,0.9111428571428567,0.5714285714285714,0.4183866015161574,5 to 9 years
7484,19978,0.9111428571428567,0.5714285714285714,0.46746350319387076,5 to 9 years
7485,15529,0.8825714285714281,0.2857142857142857,0.3528937553836413,5 to 9 years
7486,14039,0.9111428571428567,0.5714285714285714,0.4315914583939057,5 to 9 years
7487,16845,0.8968571428571424,0.42857142857142855,0.41859301390786685,5 to 9 years
7488,10820,0.8682857142857138,0.14285714285714285,0.575555307097168,5 to 9 years
7489,13053,0.9539999999999995,1.0,0.7171314043387232,5 to 9 years
7490,10473,0.9397142857142853,0.8571428571428571,0.714134259089559,5 to 9 years
7491,17072,0.8968571428571424,0.42857142857142855,0.2626550674720149,5 to 9 years
7492,14967,0.8825714285714281,0.2857142857142857,0.646452745871489,5 to 9 years
7493,14501,0.8968571428571424,0.42857142857142855,0.008666891962432088,5 to 9 years
7494,13043,0.9254285714285709,0.7142857142857142,0.4563444647856323,5 to 9 years
7495,10301,0.9397142857142853,0.8571428571428571,0.4178134853902312,5 to 9 years
7496,10195,0.9539999999999995,1.0,0.6668171224002194,5 to 9 years
7497,15915,0.8682857142857138,0.14285714285714285,0.7519578782699915,5 to 9 years
7498,13871,0.9397142857142853,0.8571428571428571,0.7980554865758194,5 to 9 years
7499,14681,0.8825714285714281,0.2857142857142857,0.499099329464017,5 to 9 years
7500,19946,0.9111428571428567,0.5714285714285714,0.5391857857632273,5 to 9 years
7501,12753,0.9111428571428567,0.5714285714285714,0.5321164087187219,5 to 9 years
7502,17781,0.8825714285714281,0.2857142857142857,0.13437638081973868,5 to 9 years
7503,14529,0.8682857142857138,0.14285714285714285,0.396503548062799,5 to 9 years
7504,14575,0.8825714285714281,0.2857142857142857,0.3392277732104181,5 to 9 years
7505,16202,0.9539999999999995,1.0,0.6578416561253049,5 to 9 years
7506,13340,0.8682857142857138,0.14285714285714285,0.8827998076807875,5 to 9 years
7507,13252,0.8825714285714281,0.2857142857142857,0.39144929520983485,5 to 9 years
7508,12067,0.8682857142857138,0.14285714285714285,0.403645875260903,5 to 9 years
7509,14004,0.9111428571428567,0.5714285714285714,0.4359777855050806,5 to 9 years
7510,18146,0.8682857142857138,0.14285714285714285,0.12849707056962872,5 to 9 years
7511,19778,0.8825714285714281,0.2857142857142857,0.48800530505279993,5 to 9 years
7512,16399,0.9397142857142853,0.8571428571428571,0.10207167229200936,5 to 9 years
7513,12821,0.9111428571428567,0.5714285714285714,0.6079039901592285,5 to 9 years
7514,10899,0.8968571428571424,0.42857142857142855,0.31793757533393274,5 to 9 years
7515,11618,0.8682857142857138,0.14285714285714285,0.41344629765055874,5 to 9 years
7516,14822,0.8825714285714281,0.2857142857142857,0.2546455513382855,5 to 9 years
7517,14981,0.9111428571428567,0.5714285714285714,0.8487588817768461,5 to 9 years
7518,14605,0.8825714285714281,0.2857142857142857,0.9483259751167701,5 to 9 years
7519,17348,0.9111428571428567,0.5714285714285714,0.4237828936177261,5 to 9 years
7520,12417,0.8682857142857138,0.14285714285714285,0.2272006339570633,5 to 9 years
7521,17009,0.9539999999999995,1.0,0.533692187144346,5 to 9 years
7522,17893,0.9397142857142853,0.8571428571428571,0.18700574723100893,5 to 9 years
7523,14256,0.8682857142857138,0.14285714285714285,0.2424656507206407,5 to 9 years
7524,19601,0.8825714285714281,0.2857142857142857,0.07049134128265028,5 to 9 years
7525,11230,0.8825714285714281,0.2857142857142857,0.7363496471998949,5 to 9 years
7526,14234,0.8968571428571424,0.42857142857142855,0.49599825314649626,5 to 9 years
7527,13729,0.8968571428571424,0.42857142857142855,0.8779747100314572,5 to 9 years
7528,15006,0.8682857142857138,0.14285714285714285,0.400941368441162,5 to 9 years
7529,13882,0.8825714285714281,0.2857142857142857,0.9973716425136798,5 to 9 years
7530,12062,0.6755714284097604,0.2857142857142857,0.8942732740783901,50 to 54 years
7531,10684,0.7327142855526175,0.8571428571428571,0.2714699830187158,50 to 54 years
7532,11637,0.6755714284097604,0.2857142857142857,0.9264431239238688,50 to 54 years
7533,12639,0.7327142855526175,0.8571428571428571,0.9894557164831842,50 to 54 years
7534,13439,0.6755714284097604,0.2857142857142857,0.5235719078033845,50 to 54 years
7535,12222,0.661285714124046,0.14285714285714285,0.8531624390721453,50 to 54 years
7536,13978,0.6898571426954746,0.42857142857142855,0.7293460814403605,50 to 54 years
7537,19257,0.661285714124046,0.14285714285714285,0.16118724947202084,50 to 54 years
7538,18518,0.2522761777244455,0.5714285714285714,0.1427705950664656,50 to 54 years
7539,14813,0.6755714284097604,0.2857142857142857,0.09476519772562803,50 to 54 years
7540,17744,0.704142856981189,0.5714285714285714,0.5745714952755053,50 to 54 years
7541,18875,0.6755714284097604,0.2857142857142857,0.5091933388343224,50 to 54 years
7542,17614,0.6755714284097604,0.2857142857142857,0.49177617166851756,50 to 54 years
7543,10728,0.7327142855526175,0.8571428571428571,0.9804774600986611,50 to 54 years
7544,16015,0.6898571426954746,0.42857142857142855,0.8591112585270917,50 to 54 years
7545,16528,0.704142856981189,0.5714285714285714,0.8641367700338607,50 to 54 years
7546,15129,0.704142856981189,0.5714285714285714,0.901911277922801,50 to 54 years
7547,17261,0.133832302447708,0.14285714285714285,0.3356094951786739,50 to 54 years
7548,10970,0.6755714284097604,0.2857142857142857,0.7113919167387913,50 to 54 years
7549,14296,0.6755714284097604,0.2857142857142857,0.13532219491056074,50 to 54 years
7550,13827,0.661285714124046,0.14285714285714285,0.6248574600759621,50 to 54 years
7551,10519,0.6755714284097604,0.2857142857142857,0.6314915512720256,50 to 54 years
7552,11297,0.15427976326331663,0.2857142857142857,0.9109503726464546,50 to 54 years
7553,19704,0.661285714124046,0.14285714285714285,0.353180077920514,50 to 54 years
7554,19800,0.3853630049595917,0.8571428571428571,0.564146787808067,50 to 54 years
7555,17974,0.7327142855526175,0.8571428571428571,0.6078187845841205,50 to 54 years
7556,16817,0.6898571426954746,0.42857142857142855,0.8970192344305846,50 to 54 years
7557,19985,0.6755714284097604,0.2857142857142857,0.5916244704739182,50 to 54 years
7558,15250,0.6898571426954746,0.42857142857142855,0.8958053365678655,50 to 54 years
7559,19283,0.7469999998383318,1.0,0.9685440382597437,50 to 54 years
7560,14399,0.6755714284097604,0.2857142857142857,0.39682082482581815,50 to 54 years
7561,15145,0.7469999998383318,1.0,0.4383801812794507,50 to 54 years
7562,15493,0.6755714284097604,0.2857142857142857,0.9361687041467366,50 to 54 years
7563,18547,0.661285714124046,0.14285714285714285,0.08659504548684926,50 to 54 years
7564,19670,0.661285714124046,0.14285714285714285,0.6537298976519571,50 to 54 years
7565,13784,0.6755714284097604,0.2857142857142857,0.15386062394783,50 to 54 years
7566,17440,0.704142856981189,0.5714285714285714,0.28459017200269454,50 to 54 years
7567,11153,0.6755714284097604,0.2857142857142857,0.9815137876196225,50 to 54 years
7568,17489,0.3739866615903594,0.14285714285714285,0.46007242305001567,50 to 54 years
7569,10635,0.6755714284097604,0.2857142857142857,0.2879832517224891,50 to 54 years
7570,19300,0.7184285712669032,0.7142857142857142,0.39564183913096673,50 to 54 years
7571,13522,0.7184285712669032,0.7142857142857142,0.9218070653106247,50 to 54 years
7572,14378,0.6755714284097604,0.2857142857142857,0.48230113783634926,50 to 54 years
7573,18266,0.7469999998383318,1.0,0.6251328424414124,50 to 54 years
7574,15116,0.661285714124046,0.14285714285714285,0.3645429243977286,50 to 54 years
7575,11172,0.0,0.5714285714285714,0.3714722064548999,50 to 54 years
7576,12626,0.704142856981189,0.5714285714285714,0.7508402326726851,50 to 54 years
7577,11434,0.09533097750885423,0.14285714285714285,0.08713525770230196,50 to 54 years
7578,17563,0.7327142855526175,0.8571428571428571,0.3878970529519838,50 to 54 years
7579,19115,0.661285714124046,0.14285714285714285,0.672619143455313,50 to 54 years
7580,13824,0.7327142855526175,0.8571428571428571,0.8860726920120656,50 to 54 years
7581,13369,0.661285714124046,0.14285714285714285,0.1906955823833691,50 to 54 years
7582,11806,0.704142856981189,0.5714285714285714,0.1980745026975188,50 to 54 years
7583,13449,0.6755714284097604,0.2857142857142857,0.41448252870840474,50 to 54 years
7584,12371,0.08220956446462534,0.42857142857142855,0.5747549243755344,50 to 54 years
7585,19815,0.6755714284097604,0.2857142857142857,0.7067445223098855,50 to 54 years
7586,13131,0.6755714284097604,0.2857142857142857,0.8724628287178524,50 to 54 years
7587,13770,0.7184285712669032,0.7142857142857142,0.12138011294542922,50 to 54 years
7588,12721,0.661285714124046,0.14285714285714285,0.12527667239300844,50 to 54 years
7589,10739,0.6898571426954746,0.42857142857142855,0.3136611448167601,50 to 54 years
7590,16626,0.7469999998383318,1.0,0.7636245652327337,50 to 54 years
7591,15924,0.6755714284097604,0.2857142857142857,0.3114764234298809,50 to 54 years
7592,13568,0.7327142855526175,0.8571428571428571,0.7580352891159581,50 to 54 years
7593,10770,0.6755714284097604,0.2857142857142857,0.889578025252362,50 to 54 years
7594,11888,0.704142856981189,0.5714285714285714,0.8059060531491861,50 to 54 years
7595,15056,0.7327142855526175,0.8571428571428571,0.4273928068398044,50 to 54 years
7596,19563,0.7327142855526175,0.8571428571428571,0.524167442572882,50 to 54 years
7597,15202,0.7327142855526175,0.8571428571428571,0.9238642800449955,50 to 54 years
7598,10350,0.6898571426954746,0.42857142857142855,0.39087141172214873,50 to 54 years
7599,13831,0.7184285712669032,0.7142857142857142,0.9565375908975504,50 to 54 years
7600,11502,0.6755714284097604,0.2857142857142857,0.9088778196251805,50 to 54 years
7601,16321,0.10995284674608938,0.14285714285714285,0.4022395676811691,50 to 54 years
7602,14017,0.7327142855526175,0.8571428571428571,0.7887847630682674,50 to 54 years
7603,15707,0.6755714284097604,0.2857142857142857,0.3595228590229047,50 to 54 years
7604,13220,0.7327142855526175,0.8571428571428571,0.19827417129115693,50 to 54 years
7605,16392,0.661285714124046,0.14285714285714285,0.2315189836654546,50 to 54 years
7606,12796,0.6755714284097604,0.2857142857142857,0.13496746403001036,50 to 54 years
7607,13808,0.661285714124046,0.14285714285714285,0.6896940488324756,50 to 54 years
7608,14571,0.6898571426954746,0.42857142857142855,0.9472266727413375,50 to 54 years
7609,10047,0.661285714124046,0.14285714285714285,0.8548289136670673,50 to 54 years
7610,17080,0.6898571426954746,0.42857142857142855,0.51050244597992,50 to 54 years
7611,12571,0.661285714124046,0.14285714285714285,0.6588300875195519,50 to 54 years
7612,11100,0.6898571426954746,0.42857142857142855,0.5501549617308512,50 to 54 years
7613,11065,0.41270256569067887,0.8571428571428571,0.4086147313683254,50 to 54 years
7614,10031,0.661285714124046,0.14285714285714285,0.2850887633961594,50 to 54 years
7615,18912,0.30141729225015557,0.14285714285714285,0.6890490595363645,50 to 54 years
7616,10883,0.6755714284097604,0.2857142857142857,0.5644176806695944,50 to 54 years
7617,16440,0.12411615372824472,0.42857142857142855,0.7388099483577281,50 to 54 years
7618,19235,0.704142856981189,0.5714285714285714,0.30631482750800687,50 to 54 years
7619,15538,0.7327142855526175,0.8571428571428571,0.3828982401312666,50 to 54 years
7620,18803,-0.07833619766968979,0.14285714285714285,0.7450219414672381,50 to 54 years
7621,17508,0.7469999998383318,1.0,0.45101328088847936,50 to 54 years
7622,18785,0.7121616337698904,1.0,0.2749269634995271,50 to 54 years
7623,18145,0.704142856981189,0.5714285714285714,0.28070949566686076,50 to 54 years
7624,14979,0.704142856981189,0.5714285714285714,0.9795225276384891,50 to 54 years
7625,15070,0.661285714124046,0.14285714285714285,0.6167269017457221,50 to 54 years
7626,17991,0.6755714284097604,0.2857142857142857,0.9977086567619022,50 to 54 years
7627,16065,0.7469999998383318,1.0,0.35756232920201436,50 to 54 years
7628,12662,0.6898571426954746,0.42857142857142855,0.3614654867760664,50 to 54 years
7629,18721,0.661285714124046,0.14285714285714285,0.028371632396085644,50 to 54 years
7630,12697,0.661285714124046,0.14285714285714285,0.1616087454177665,50 to 54 years
7631,17487,0.6755714284097604,0.2857142857142857,0.6980405028781868,50 to 54 years
7632,13078,0.6898571426954746,0.42857142857142855,0.34021563006696565,50 to 54 years
7633,18806,0.7327142855526175,0.8571428571428571,0.6588310705541294,50 to 54 years
7634,18736,0.6898571426954746,0.42857142857142855,0.9265259830225382,50 to 54 years
7635,10889,0.7327142855526175,0.8571428571428571,0.18584534066195108,50 to 54 years
7636,11801,0.6755714284097604,0.2857142857142857,0.6237528906427074,50 to 54 years
7637,13923,0.6898571426954746,0.42857142857142855,0.2903177125617932,50 to 54 years
7638,14993,0.6755714284097604,0.2857142857142857,0.9478963980128132,50 to 54 years
7639,13510,0.704142856981189,0.5714285714285714,0.49563481276472093,50 to 54 years
7640,11982,0.6898571426954746,0.42857142857142855,0.9511877363166583,50 to 54 years
7641,11300,0.6755714284097604,0.2857142857142857,0.9716665506039448,50 to 54 years
7642,13377,0.661285714124046,0.14285714285714285,0.10111549448318252,50 to 54 years
7643,13204,0.6755714284097604,0.2857142857142857,0.9108667284829762,50 to 54 years
7644,15353,0.6755714284097604,0.2857142857142857,0.10600933659667355,50 to 54 years
7645,14995,0.704142856981189,0.5714285714285714,0.01870922345936965,50 to 54 years
7646,17346,0.6755714284097604,0.2857142857142857,0.9691397963240387,50 to 54 years
7647,17987,0.7184285712669032,0.7142857142857142,0.47797483121190576,50 to 54 years
7648,14923,0.6755714284097604,0.2857142857142857,0.07968973711695354,50 to 54 years
7649,17063,0.6755714284097604,0.2857142857142857,0.0021203986652282847,50 to 54 years
7650,17468,0.7327142855526175,0.8571428571428571,0.37913865552595055,50 to 54 years
7651,17214,0.661285714124046,0.14285714285714285,0.14068837343378643,50 to 54 years
7652,18552,0.7327142855526175,0.8571428571428571,0.39797961752191613,50 to 54 years
7653,11943,0.704142856981189,0.5714285714285714,0.6413141610728091,50 to 54 years
7654,16739,0.704142856981189,0.5714285714285714,0.2270291656829826,50 to 54 years
7655,14732,0.704142856981189,0.5714285714285714,0.7001152575643538,50 to 54 years
7656,16535,0.704142856981189,0.5714285714285714,0.47039982399441266,50 to 54 years
7657,19748,0.6165631641813004,0.5714285714285714,0.09977564256515103,50 to 54 years
7658,11635,0.34593180360055814,0.2857142857142857,0.9428137875847963,50 to 54 years
7659,19689,0.6898571426954746,0.42857142857142855,0.898107606301064,50 to 54 years
7660,16625,0.704142856981189,0.5714285714285714,0.868785921430016,50 to 54 years
7661,19164,0.661285714124046,0.14285714285714285,0.6867404549579954,50 to 54 years
7662,14409,0.704142856981189,0.5714285714285714,0.8163758504547469,50 to 54 years
7663,11564,0.661285714124046,0.14285714285714285,0.6274604623492058,50 to 54 years
7664,10507,0.7327142855526175,0.8571428571428571,0.22587325328999847,50 to 54 years
7665,14575,0.6755714284097604,0.2857142857142857,0.3392277732104181,50 to 54 years
7666,11778,0.661285714124046,0.14285714285714285,0.693584965143556,50 to 54 years
7667,18040,0.704142856981189,0.5714285714285714,0.7228175514888662,50 to 54 years
7668,18431,0.6755714284097604,0.2857142857142857,0.7803003636208724,50 to 54 years
7669,12765,0.6755714284097604,0.2857142857142857,0.5486927512121129,50 to 54 years
7670,16606,0.7327142855526175,0.8571428571428571,0.018235319111842507,50 to 54 years
7671,17449,0.6898571426954746,0.42857142857142855,0.598938153869865,50 to 54 years
7672,13108,0.5501625978041574,0.5714285714285714,0.573009980872939,50 to 54 years
7673,14229,0.6755714284097604,0.2857142857142857,0.27754817931384135,50 to 54 years
7674,17260,0.6755714284097604,0.2857142857142857,0.4413988180060895,50 to 54 years
7675,13829,0.7469999998383318,1.0,0.4842464054918096,50 to 54 years
7676,11969,0.661285714124046,0.14285714285714285,0.11741905791787666,50 to 54 years
7677,16630,0.6755714284097604,0.2857142857142857,0.6377167769660242,50 to 54 years
7678,11307,0.704142856981189,0.5714285714285714,0.7017349327585717,50 to 54 years
7679,18033,0.6755714284097604,0.2857142857142857,0.19953740790098135,50 to 54 years
7680,19708,0.661285714124046,0.14285714285714285,0.7107733380222565,50 to 54 years
7681,13763,0.704142856981189,0.5714285714285714,0.44867930371354403,50 to 54 years
7682,16752,0.7327142855526175,0.8571428571428571,0.8957329813044028,50 to 54 years
7683,16930,0.6898571426954746,0.42857142857142855,0.9922605396807302,50 to 54 years
7684,16673,0.7469999998383318,1.0,0.5031546680781678,50 to 54 years
7685,12294,0.6755714284097604,0.2857142857142857,0.7756075571210158,50 to 54 years
7686,11159,0.661285714124046,0.14285714285714285,0.6970571733525419,50 to 54 years
7687,11844,0.661285714124046,0.14285714285714285,0.5338986084172445,50 to 54 years
7688,12413,0.7469999998383318,1.0,0.823077529511223,50 to 54 years
7689,17880,0.6755714284097604,0.2857142857142857,0.6980789958083498,50 to 54 years
7690,14725,0.704142856981189,0.5714285714285714,0.816058672611043,50 to 54 years
7691,14277,0.704142856981189,0.5714285714285714,0.04396072964189579,50 to 54 years
7692,10397,0.6755714284097604,0.2857142857142857,0.6239229005563827,50 to 54 years
7693,17124,0.4996459406420983,0.14285714285714285,0.2588770263992938,50 to 54 years
7694,11128,0.661285714124046,0.14285714285714285,0.8568193321047695,50 to 54 years
7695,16832,0.6755714284097604,0.2857142857142857,0.38672960533949685,50 to 54 years
7696,11735,0.7327142855526175,0.8571428571428571,0.05776070270415812,50 to 54 years
7697,13806,0.6755714284097604,0.2857142857142857,0.42120406167745666,50 to 54 years
7698,17640,0.704142856981189,0.5714285714285714,0.552737122831341,50 to 54 years
7699,17435,0.6755714284097604,0.2857142857142857,0.27208668549951454,50 to 54 years
7700,12607,0.661285714124046,0.14285714285714285,0.7099655101745139,50 to 54 years
7701,12274,0.704142856981189,0.5714285714285714,0.2873227793643599,50 to 54 years
7702,18988,0.6755714284097604,0.2857142857142857,0.9002701906656216,50 to 54 years
7703,13213,0.32213827731357303,0.14285714285714285,0.7374433473158161,50 to 54 years
7704,13366,0.7469999998383318,1.0,0.34782885786961276,50 to 54 years
7705,11787,0.661285714124046,0.14285714285714285,0.030774764890494466,50 to 54 years
7706,13551,0.7184285712669032,0.7142857142857142,0.10854478177604299,50 to 54 years
7707,15636,0.6755714284097604,0.2857142857142857,0.20764870156740595,50 to 54 years
7708,12435,0.704142856981189,0.5714285714285714,0.08974162133984764,50 to 54 years
7709,19580,0.704142856981189,0.5714285714285714,0.536908183356377,50 to 54 years
7710,13364,0.7327142855526175,0.8571428571428571,0.2694137560554456,50 to 54 years
7711,18328,0.389567753934561,0.8571428571428571,0.27892367928998335,50 to 54 years
7712,11104,0.2576899076262443,0.14285714285714285,0.2030533755968711,50 to 54 years
7713,15398,0.6755714284097604,0.2857142857142857,0.6490590920277918,50 to 54 years
7714,10594,0.6755714284097604,0.2857142857142857,0.9254081473526811,50 to 54 years
7715,11048,0.20664259445416086,0.2857142857142857,0.35661444178461443,50 to 54 years
7716,18488,0.7327142855526175,0.8571428571428571,0.7529696477110527,50 to 54 years
7717,10301,0.7327142855526175,0.8571428571428571,0.4178134853902312,50 to 54 years
7718,19233,0.6755714284097604,0.2857142857142857,0.25439619989099965,50 to 54 years
7719,11413,0.704142856981189,0.5714285714285714,0.0234078633746172,50 to 54 years
7720,11131,0.200068463366786,0.2857142857142857,0.4516482281365556,50 to 54 years
7721,10233,0.661285714124046,0.14285714285714285,0.8967925800291879,50 to 54 years
7722,18454,0.704142856981189,0.5714285714285714,0.5739524988601251,50 to 54 years
7723,13232,0.704142856981189,0.5714285714285714,0.24508773037842485,50 to 54 years
7724,10850,0.704142856981189,0.5714285714285714,0.9643602638266546,50 to 54 years
7725,14750,0.6755714284097604,0.2857142857142857,0.6140262463643871,50 to 54 years
7726,17849,0.6755714284097604,0.2857142857142857,0.4844272693709628,50 to 54 years
7727,10141,0.6755714284097604,0.2857142857142857,0.9248760612852912,50 to 54 years
7728,17524,0.24737793503427452,0.14285714285714285,0.819729106630249,50 to 54 years
7729,15689,0.7327142855526175,0.8571428571428571,0.5099543059201844,50 to 54 years
7730,16913,0.1651342972743763,1.0,0.46141134601638617,50 to 54 years
7731,13962,0.7469999998383318,1.0,0.19242053283283295,50 to 54 years
7732,15527,0.661285714124046,0.14285714285714285,0.9083290566253281,50 to 54 years
7733,10258,0.6898571426954746,0.42857142857142855,0.45986547773402375,50 to 54 years
7734,12510,0.020239714985003113,0.5714285714285714,0.9057339544569787,50 to 54 years
7735,19462,0.6898571426954746,0.42857142857142855,0.6594519904020278,50 to 54 years
7736,15049,0.704142856981189,0.5714285714285714,0.47939833698570833,50 to 54 years
7737,17299,0.7327142855526175,0.8571428571428571,0.4245702817897174,50 to 54 years
7738,12856,0.704142856981189,0.5714285714285714,0.3265557382219283,50 to 54 years
7739,15956,0.7327142855526175,0.8571428571428571,0.9025487754383206,50 to 54 years
7740,14727,0.7327142855526175,0.8571428571428571,0.6549870762390667,50 to 54 years
7741,17890,0.7327142855526175,0.8571428571428571,0.7888049077713366,50 to 54 years
7742,17861,0.704142856981189,0.5714285714285714,0.8679652986160173,50 to 54 years
7743,12554,0.661285714124046,0.14285714285714285,0.8598495278386267,50 to 54 years
7744,17117,0.7327142855526175,0.8571428571428571,0.28820900389127446,50 to 54 years
7745,16781,0.19525974559537146,0.5714285714285714,0.9407674358302429,50 to 54 years
7746,19266,0.36393159699038685,0.8571428571428571,0.014147051720231452,50 to 54 years
7747,15265,0.6755714284097604,0.2857142857142857,0.8922474788746597,50 to 54 years
7748,17058,0.6755714284097604,0.2857142857142857,0.20343055337183236,50 to 54 years
7749,10521,0.6755714284097604,0.2857142857142857,0.17504851049536085,50 to 54 years
7750,16294,0.704142856981189,0.5714285714285714,0.3063451221379586,50 to 54 years
7751,10892,0.6755714284097604,0.2857142857142857,0.46461135336379816,50 to 54 years
7752,12240,0.661285714124046,0.14285714285714285,0.8545629169178561,50 to 54 years
7753,15587,0.1509420798744165,0.8571428571428571,0.6946626840353075,50 to 54 years
7754,18359,0.704142856981189,0.5714285714285714,0.8624103647459308,50 to 54 years
7755,17960,0.704142856981189,0.5714285714285714,0.4360037504509128,50 to 54 years
7756,13329,0.661285714124046,0.14285714285714285,0.2394422895683162,50 to 54 years
7757,13592,0.7327142855526175,0.8571428571428571,0.6892242639274859,50 to 54 years
7758,19135,0.661285714124046,0.14285714285714285,0.4109704695222822,50 to 54 years
7759,11063,0.23103824649770824,0.2857142857142857,0.5508281384501631,50 to 54 years
7760,10806,0.6755714284097604,0.2857142857142857,0.5087861020444955,50 to 54 years
7761,10717,0.6898571426954746,0.42857142857142855,0.5004879352809288,50 to 54 years
7762,13285,0.6755714284097604,0.2857142857142857,0.5772145154138861,50 to 54 years
7763,11654,0.6755714284097604,0.2857142857142857,0.8658820855183644,50 to 54 years
7764,15168,0.6755714284097604,0.2857142857142857,0.9544650192247272,50 to 54 years
7765,11304,0.6755714284097604,0.2857142857142857,0.03103510348111549,50 to 54 years
7766,14529,0.661285714124046,0.14285714285714285,0.396503548062799,50 to 54 years
7767,19584,0.704142856981189,0.5714285714285714,0.29229947242525955,50 to 54 years
7768,13047,0.2645729127802527,0.14285714285714285,0.9619848092421455,50 to 54 years
7769,15255,0.704142856981189,0.5714285714285714,0.710870659812267,50 to 54 years
7770,18656,0.6755714284097604,0.2857142857142857,0.41973265804613547,50 to 54 years
7771,15455,0.15759305784772246,0.5714285714285714,0.4364223526129471,50 to 54 years
7772,16614,0.14741829923533864,0.2857142857142857,0.43077020174473657,50 to 54 years
7773,18790,0.7327142855526175,0.8571428571428571,0.8608778916556747,50 to 54 years
7774,14072,0.7327142855526175,0.8571428571428571,0.36948312793746546,50 to 54 years
7775,13529,0.7327142855526175,0.8571428571428571,0.8342006271994069,50 to 54 years
7776,15883,0.2957822455190135,0.14285714285714285,0.8892163682847407,50 to 54 years
7777,10512,0.6755714284097604,0.2857142857142857,0.2364895251591872,50 to 54 years
7778,15363,0.704142856981189,0.5714285714285714,0.14001798223957107,50 to 54 years
7779,10101,0.3878115935988813,0.14285714285714285,0.1508042284680408,50 to 54 years
7780,19046,0.6898571426954746,0.42857142857142855,0.723281571423253,50 to 54 years
7781,14603,0.3927415880207902,1.0,0.569679867551123,50 to 54 years
7782,11628,0.704142856981189,0.5714285714285714,0.06693337026137741,50 to 54 years
7783,10846,0.6755714284097604,0.2857142857142857,0.23372382172568978,50 to 54 years
7784,12547,0.7184285712669032,0.7142857142857142,0.7461517719516335,50 to 54 years
7785,16692,0.6898571426954746,0.42857142857142855,0.04212666365829537,50 to 54 years
7786,14497,0.7327142855526175,0.8571428571428571,0.1251910699396261,50 to 54 years
7787,15302,0.7327142855526175,0.8571428571428571,0.20064146711171338,50 to 54 years
7788,11680,0.661285714124046,0.14285714285714285,0.9950485640007636,50 to 54 years
7789,14290,0.6898571426954746,0.42857142857142855,0.6268179491909591,50 to 54 years
7790,15565,0.3369992722195682,0.42857142857142855,0.17706319358359035,50 to 54 years
7791,10825,0.6755714284097604,0.2857142857142857,0.409491615683499,50 to 54 years
7792,18835,0.661285714124046,0.14285714285714285,0.1491934108618984,50 to 54 years
7793,11216,0.6755714284097604,0.2857142857142857,0.37213271030376893,50 to 54 years
7794,18389,-0.0017733330036458512,0.8571428571428571,0.20386643456062709,50 to 54 years
7795,14713,0.6755714284097604,0.2857142857142857,0.861325209396981,50 to 54 years
7796,11197,0.704142856981189,0.5714285714285714,0.27059746122660444,50 to 54 years
7797,17983,0.6755714284097604,0.2857142857142857,0.6268967232180238,50 to 54 years
7798,10162,0.6898571426954746,0.42857142857142855,0.41828803964906525,50 to 54 years
7799,14757,0.0,0.2857142857142857,0.5985370325042788,50 to 54 years
7800,17772,0.2519112205385623,0.2857142857142857,0.37670376083451484,50 to 54 years
7801,10065,0.534619931522027,0.2857142857142857,0.44280290385541254,50 to 54 years
7802,12689,0.6755714284097604,0.2857142857142857,0.9406453761512311,50 to 54 years
7803,14848,0.704142856981189,0.5714285714285714,0.3661458354830115,50 to 54 years
7804,10552,0.661285714124046,0.14285714285714285,0.2406073246140235,50 to 54 years
7805,16643,0.661285714124046,0.14285714285714285,0.9759530763353055,50 to 54 years
7806,19034,0.661285714124046,0.14285714285714285,0.3229443726905762,50 to 54 years
7807,10941,0.661285714124046,0.14285714285714285,0.756224576848955,50 to 54 years
7808,16231,0.7327142855526175,0.8571428571428571,0.6778683678048412,50 to 54 years
7809,17404,0.704142856981189,0.5714285714285714,0.4959089299194871,50 to 54 years
7810,15200,0.7327142855526175,0.8571428571428571,0.5523647885468531,50 to 54 years
7811,11303,0.661285714124046,0.14285714285714285,0.7970656152371873,50 to 54 years
7812,10518,0.25479959932440605,0.5714285714285714,0.5897677770317215,50 to 54 years
7813,17828,0.661285714124046,0.14285714285714285,0.75185701490324,50 to 54 years
7814,18561,0.661285714124046,0.14285714285714285,0.7499158899313483,50 to 54 years
7815,14499,0.661285714124046,0.14285714285714285,0.9365622461921309,50 to 54 years
7816,14119,0.13764653088966375,0.2857142857142857,0.3982690693697175,50 to 54 years
7817,10448,0.661285714124046,0.14285714285714285,0.8640743529840972,50 to 54 years
7818,19612,0.6755714284097604,0.2857142857142857,0.18217754831281907,50 to 54 years
7819,13471,0.7469999998383318,1.0,0.8641872441803915,50 to 54 years
7820,10358,0.6755714284097604,0.2857142857142857,0.5638150889535338,50 to 54 years
7821,15289,0.7469999998383318,1.0,0.4771706379108748,50 to 54 years
7822,13174,0.7327142855526175,0.8571428571428571,0.6314324968878982,50 to 54 years
7823,14317,0.7327142855526175,0.8571428571428571,0.2573179323227062,50 to 54 years
7824,14428,0.6898571426954746,0.42857142857142855,0.9062755291359458,50 to 54 years
7825,14376,0.7469999998383318,1.0,0.4122996509064085,50 to 54 years
7826,17137,0.661285714124046,0.14285714285714285,0.6872207581294444,50 to 54 years
7827,16472,0.7469999998383318,1.0,0.12520514291294643,50 to 54 years
7828,14186,0.6898571426954746,0.42857142857142855,0.2057739002536903,50 to 54 years
7829,11588,0.7327142855526175,0.8571428571428571,0.8414600058137349,50 to 54 years
7830,19859,0.14210000685213436,0.14285714285714285,0.7060440577817446,50 to 54 years
7831,16790,0.6755714284097604,0.2857142857142857,0.3090724506228113,50 to 54 years
7832,13170,0.6898571426954746,0.42857142857142855,0.29753329205683965,50 to 54 years
7833,13988,0.6755714284097604,0.2857142857142857,0.7269859351892974,50 to 54 years
7834,15220,0.7327142855526175,0.8571428571428571,0.3368623699264403,50 to 54 years
7835,12246,0.23854896193016664,0.5714285714285714,0.9035195408628691,50 to 54 years
7836,15894,0.704142856981189,0.5714285714285714,0.9464892107865135,50 to 54 years
7837,15594,0.7184285712669032,0.7142857142857142,0.2854221853407682,50 to 54 years
7838,12933,0.14903731935426942,0.5714285714285714,0.8027678524905566,50 to 54 years
7839,10963,0.18194951185771488,0.2857142857142857,0.2841368903827666,50 to 54 years
7840,19888,0.6755714284097604,0.2857142857142857,0.4232874310231173,50 to 54 years
7841,12627,0.6898571426954746,0.42857142857142855,0.1529842725272555,50 to 54 years
7842,17667,0.3016449327888757,0.5714285714285714,0.20656853414890264,50 to 54 years
7843,11140,-0.17844431385970666,0.2857142857142857,0.5832594141596741,50 to 54 years
7844,12506,0.7327142855526175,0.8571428571428571,0.6473990505009267,50 to 54 years
7845,10656,0.7469999998383318,1.0,0.5918565180169383,50 to 54 years
7846,19237,0.7327142855526175,0.8571428571428571,0.6475973950612253,50 to 54 years
7847,19866,0.704142856981189,0.5714285714285714,0.8469515265546359,50 to 54 years
7848,15094,0.704142856981189,0.5714285714285714,0.61471060395308,50 to 54 years
7849,19736,0.7327142855526175,0.8571428571428571,0.332911502489759,50 to 54 years
7850,18865,0.18397493408038376,0.5714285714285714,0.8275339590903836,50 to 54 years
7851,18285,0.6755714284097604,0.2857142857142857,0.8653720591102769,50 to 54 years
7852,11918,0.661285714124046,0.14285714285714285,0.6331933294126597,50 to 54 years
7853,13681,0.704142856981189,0.5714285714285714,0.5679614764051092,50 to 54 years
7854,12723,0.661285714124046,0.14285714285714285,0.8724704133116803,50 to 54 years
7855,11512,0.7327142855526175,0.8571428571428571,0.2640527882604496,50 to 54 years
7856,17207,-0.11924560713539178,0.2857142857142857,0.40395037794297406,50 to 54 years
7857,17378,0.704142856981189,0.5714285714285714,0.4587540130004643,50 to 54 years
7858,15175,0.6755714284097604,0.2857142857142857,0.8907483691805578,50 to 54 years
7859,12742,0.7469999998383318,1.0,0.9723914232172317,50 to 54 years
7860,10715,0.704142856981189,0.5714285714285714,0.5485676999416927,50 to 54 years
7861,14596,0.0669308430240693,0.2857142857142857,0.21982161736547295,50 to 54 years
7862,14199,0.704142856981189,0.5714285714285714,0.7184674390738561,50 to 54 years
7863,14066,0.6672880528002515,0.8571428571428571,0.2811846758321071,50 to 54 years
7864,16333,0.0,0.5714285714285714,0.3329922886752412,50 to 54 years
7865,16858,0.1108871319818355,0.2857142857142857,0.1764013601899065,50 to 54 years
7866,14897,0.6755714284097604,0.2857142857142857,0.7133367301870386,50 to 54 years
7867,10096,0.27146904625454266,0.14285714285714285,0.7381543444111645,50 to 54 years
7868,19681,0.6898571426954746,0.42857142857142855,0.5512377765442295,50 to 54 years
7869,13265,0.6755714284097604,0.2857142857142857,0.645872536914568,50 to 54 years
7870,10289,0.6755714284097604,0.2857142857142857,0.7411045841052825,50 to 54 years
7871,17327,0.704142856981189,0.5714285714285714,0.812037819950613,50 to 54 years
7872,11851,0.11446231916100644,0.2857142857142857,0.7038511618177632,50 to 54 years
7873,19244,0.6755714284097604,0.2857142857142857,0.883166762436147,50 to 54 years
7874,17286,0.704142856981189,0.5714285714285714,0.2738189898696651,50 to 54 years
7875,15568,0.661285714124046,0.14285714285714285,0.7057192142880966,50 to 54 years
7876,15299,0.661285714124046,0.14285714285714285,0.7471818355655065,50 to 54 years
7877,18922,0.11077422764715958,0.2857142857142857,0.4087737955140931,50 to 54 years
7878,18024,0.6755714284097604,0.2857142857142857,0.24143211095937106,50 to 54 years
7879,13084,0.5626591956445313,0.8571428571428571,0.4775629591646619,50 to 54 years
7880,18898,0.704142856981189,0.5714285714285714,0.997861226754099,50 to 54 years
7881,10974,0.6755714284097604,0.2857142857142857,0.6825191191360572,50 to 54 years
7882,14100,0.704142856981189,0.5714285714285714,0.7157979258685221,50 to 54 years
7883,10987,0.661285714124046,0.14285714285714285,0.8981931117515756,50 to 54 years
7884,10062,0.6755714284097604,0.2857142857142857,0.04912419279604702,50 to 54 years
7885,11127,0.0,0.14285714285714285,0.3610837803830076,50 to 54 years
7886,10813,0.16976106919609632,0.14285714285714285,0.8997317311983692,50 to 54 years
7887,14532,0.704142856981189,0.5714285714285714,0.5029739835249636,50 to 54 years
7888,10686,0.7327142855526175,0.8571428571428571,0.6409653764138593,50 to 54 years
7889,14446,0.6898571426954746,0.42857142857142855,0.9787291836990348,50 to 54 years
7890,13625,0.3054795748690249,0.2857142857142857,0.4061408220791488,50 to 54 years
7891,11418,0.7327142855526175,0.8571428571428571,0.3064832947402366,50 to 54 years
7892,18843,0.6898571426954746,0.42857142857142855,0.8911428530157226,50 to 54 years
7893,14859,0.6898571426954746,0.42857142857142855,0.7228504880749066,50 to 54 years
7894,19540,0.7184285712669032,0.7142857142857142,0.2567812557895029,50 to 54 years
7895,12940,0.7327142855526175,0.8571428571428571,0.3861479436243115,50 to 54 years
7896,17168,0.7469999998383318,1.0,0.8387171073876001,50 to 54 years
7897,17841,0.7327142855526175,0.8571428571428571,0.30526682837374763,50 to 54 years
7898,18632,0.6755714284097604,0.2857142857142857,0.19414090621876468,50 to 54 years
7899,17074,0.6755714284097604,0.2857142857142857,0.10801842475275913,50 to 54 years
7900,17908,0.15262850735606312,0.2857142857142857,0.2730267989462949,50 to 54 years
7901,12504,0.704142856981189,0.5714285714285714,0.8365974952090256,50 to 54 years
7902,17674,0.661285714124046,0.14285714285714285,0.12379061329196062,50 to 54 years
7903,18245,0.2843389446534951,0.2857142857142857,0.028489923034125342,50 to 54 years
7904,11353,0.6755714284097604,0.2857142857142857,0.1430891479142809,50 to 54 years
7905,17389,0.704142856981189,0.5714285714285714,0.7047733652643213,50 to 54 years
7906,14558,0.45118090806773953,0.14285714285714285,0.07671663691742958,50 to 54 years
7907,16924,0.6755714284097604,0.2857142857142857,0.5679608060577022,50 to 54 years
7908,16484,0.6755714284097604,0.2857142857142857,0.4774559148206225,50 to 54 years
7909,12117,0.661285714124046,0.14285714285714285,0.9185676268631455,50 to 54 years
7910,14359,0.704142856981189,0.5714285714285714,0.6957960690706185,50 to 54 years
7911,18267,0.6898571426954746,0.42857142857142855,0.76378069513158,50 to 54 years
7912,19737,0.33188039387008184,0.14285714285714285,0.26000726263175433,50 to 54 years
7913,19312,0.704142856981189,0.5714285714285714,0.1247021572068977,50 to 54 years
7914,16411,0.6755714284097604,0.2857142857142857,0.7725540023311938,50 to 54 years
7915,19206,0.7327142855526175,0.8571428571428571,0.7913021260960666,50 to 54 years
7916,15679,0.7469999998383318,1.0,0.19754856061992893,50 to 54 years
7917,12114,0.6755714284097604,0.2857142857142857,0.48639517888402184,50 to 54 years
7918,15564,0.7327142855526175,0.8571428571428571,0.7270633886263818,50 to 54 years
7919,12261,0.6898571426954746,0.42857142857142855,0.6043692987694715,50 to 54 years
7920,13252,0.6755714284097604,0.2857142857142857,0.39144929520983485,50 to 54 years
7921,17102,0.704142856981189,0.5714285714285714,0.7190884067878749,50 to 54 years
7922,18655,0.704142856981189,0.5714285714285714,0.44897042361333994,50 to 54 years
7923,11720,0.6755714284097604,0.2857142857142857,0.13713637875543305,50 to 54 years
7924,12892,0.6755714284097604,0.2857142857142857,0.5513352179799436,50 to 54 years
7925,19898,0.6898571426954746,0.42857142857142855,0.8951051928300706,50 to 54 years
7926,10163,0.661285714124046,0.14285714285714285,0.46543840437492845,50 to 54 years
7927,14374,0.6755714284097604,0.2857142857142857,0.5958244559955698,50 to 54 years
7928,13584,0.704142856981189,0.5714285714285714,0.6798329933984419,50 to 54 years
7929,18407,0.7184285712669032,0.7142857142857142,0.2521554417145532,50 to 54 years
7930,16654,0.6755714284097604,0.2857142857142857,0.22747582180813808,50 to 54 years
7931,16286,0.7469999998383318,1.0,0.18720965742380852,50 to 54 years
7932,13561,0.661285714124046,0.14285714285714285,0.5442712608142407,50 to 54 years
7933,13268,0.704142856981189,0.5714285714285714,0.35116120718418686,50 to 54 years
7934,11708,0.7327142855526175,0.8571428571428571,0.652721729027504,50 to 54 years
7935,15682,0.6755714284097604,0.2857142857142857,0.9102865991855352,50 to 54 years
7936,10489,0.7327142855526175,0.8571428571428571,0.49461840412430724,50 to 54 years
7937,16608,0.661285714124046,0.14285714285714285,0.2493608949413772,50 to 54 years
7938,12003,0.6898571426954746,0.42857142857142855,0.8757975975204438,50 to 54 years
7939,17725,0.7327142855526175,0.8571428571428571,0.8583305435996877,50 to 54 years
7940,15628,0.7469999998383318,1.0,0.19540530870516049,50 to 54 years
7941,14874,0.7327142855526175,0.8571428571428571,0.5271120942937986,50 to 54 years
7942,10153,0.09756158277274861,0.2857142857142857,0.26595199718749635,50 to 54 years
7943,15162,0.7327142855526175,0.8571428571428571,0.5332611939101326,50 to 54 years
7944,13407,0.704142856981189,0.5714285714285714,0.23830957538947733,50 to 54 years
7945,19622,0.7327142855526175,0.8571428571428571,0.16934235023706495,50 to 54 years
7946,11833,0.6898571426954746,0.42857142857142855,0.11117464009658318,50 to 54 years
7947,19168,0.661285714124046,0.14285714285714285,0.8337337138964604,50 to 54 years
7948,12412,0.6755714284097604,0.2857142857142857,0.9717264160056394,50 to 54 years
7949,14599,0.27710014080297424,0.14285714285714285,0.8050085366569406,50 to 54 years
7950,14738,0.2760842290417695,0.7142857142857142,0.37589275755979884,50 to 54 years
7951,15419,0.6755714284097604,0.2857142857142857,0.7081870291227245,50 to 54 years
7952,16477,0.704142856981189,0.5714285714285714,0.5718523466951614,50 to 54 years
7953,17581,0.7469999998383318,1.0,0.932266353018578,50 to 54 years
7954,10707,0.6755714284097604,0.2857142857142857,0.6889754883736502,50 to 54 years
7955,10783,0.7469999998383318,1.0,0.096070252241718,50 to 54 years
7956,16103,0.661285714124046,0.14285714285714285,0.5377877193337471,50 to 54 years
7957,19723,0.7327142855526175,0.8571428571428571,0.4059625479136005,50 to 54 years
7958,19134,0.6898571426954746,0.42857142857142855,0.5798678555702631,50 to 54 years
7959,19039,0.3608834295640331,0.2857142857142857,0.43912803629072755,50 to 54 years
7960,11036,0.6755714284097604,0.2857142857142857,0.5984638713165691,50 to 54 years
7961,19649,0.7327142855526175,0.8571428571428571,0.5185605835225747,50 to 54 years
7962,16780,0.704142856981189,0.5714285714285714,0.4557267039133577,50 to 54 years
7963,17752,0.30526974477240193,0.8571428571428571,0.25697257131125506,50 to 54 years
7964,18029,0.6755714284097604,0.2857142857142857,0.05614264406972963,50 to 54 years
7965,13638,0.7327142855526175,0.8571428571428571,0.8291856967905438,50 to 54 years
7966,10227,0.20054759543750175,0.5714285714285714,0.23100555839926074,50 to 54 years
7967,11276,0.36249443001437204,0.5714285714285714,0.5672145803804806,50 to 54 years
7968,11800,0.6755714284097604,0.2857142857142857,0.46567453325222774,50 to 54 years
7969,12454,0.6898571426954746,0.42857142857142855,0.6535183549412932,50 to 54 years
7970,18352,0.7469999998383318,1.0,0.38828074660296974,50 to 54 years
7971,13134,0.704142856981189,0.5714285714285714,0.8393012411699146,50 to 54 years
7972,11007,0.704142856981189,0.5714285714285714,0.17697650702287487,50 to 54 years
7973,12245,0.6755714284097604,0.2857142857142857,0.9064613721358477,50 to 54 years
7974,15009,0.39614333009083724,0.5714285714285714,0.3463385439008724,50 to 54 years
7975,18263,0.704142856981189,0.5714285714285714,0.09107023622181526,50 to 54 years
7976,14089,0.661285714124046,0.14285714285714285,0.25914573832958165,50 to 54 years
7977,17867,0.661285714124046,0.14285714285714285,0.6195854774475162,50 to 54 years
7978,18609,0.6755714284097604,0.2857142857142857,0.8202592620927422,50 to 54 years
7979,19208,0.6755714284097604,0.2857142857142857,0.6064929497210384,50 to 54 years
7980,11029,0.6755714284097604,0.2857142857142857,0.6777345348425033,50 to 54 years
7981,14098,0.26731526972192987,0.42857142857142855,0.4091816872382429,50 to 54 years
7982,19819,0.704142856981189,0.5714285714285714,0.32843738004575995,50 to 54 years
7983,15990,0.6755714284097604,0.2857142857142857,0.009340413457702201,50 to 54 years
7984,14250,0.24239053649244863,0.14285714285714285,0.20126187057398526,50 to 54 years
7985,18507,0.704142856981189,0.5714285714285714,0.42107532521400126,50 to 54 years
7986,15645,0.7327142855526175,0.8571428571428571,0.36052307690657853,50 to 54 years
7987,15029,0.6755714284097604,0.2857142857142857,0.5143796157166697,50 to 54 years
7988,18719,0.35653797910402374,0.14285714285714285,0.1510535822322372,50 to 54 years
7989,14573,0.661285714124046,0.14285714285714285,0.1690977568468387,50 to 54 years
7990,14763,0.7469999998383318,1.0,0.16465796013875478,50 to 54 years
7991,11397,0.3002766503263674,0.2857142857142857,0.6324827706424627,50 to 54 years
7992,18302,0.661285714124046,0.14285714285714285,0.35703686769726073,50 to 54 years
7993,12038,0.6755714284097604,0.2857142857142857,0.4266781069442267,50 to 54 years
7994,10430,0.7327142855526175,0.8571428571428571,0.48681309145439605,50 to 54 years
7995,19569,0.704142856981189,0.5714285714285714,0.37289680842770523,50 to 54 years
7996,12260,0.1433481657962347,0.5714285714285714,0.3582569468130665,50 to 54 years
7997,13788,0.6755714284097604,0.2857142857142857,0.6138697797645468,50 to 54 years
7998,11493,0.17722880720091175,0.14285714285714285,0.9704523609805986,50 to 54 years
7999,16879,0.7184285712669032,0.7142857142857142,0.42418716850433835,50 to 54 years
8000,18444,0.7469999998383318,1.0,0.41760715430911755,50 to 54 years
8001,17502,0.661285714124046,0.14285714285714285,0.1600202402739303,50 to 54 years
8002,19966,0.6898571426954746,0.42857142857142855,0.26997537858692583,50 to 54 years
8003,14787,0.661285714124046,0.14285714285714285,0.29021993542270974,50 to 54 years
8004,13351,0.7327142855526175,0.8571428571428571,0.4802113478931678,50 to 54 years
8005,17803,0.704142856981189,0.5714285714285714,0.8946293599271475,50 to 54 years
8006,15876,0.6755714284097604,0.2857142857142857,0.179669471212337,50 to 54 years
8007,19496,0.6755714284097604,0.2857142857142857,0.022181704367613242,50 to 54 years
8008,11404,0.6898571426954746,0.42857142857142855,0.6127945589745585,50 to 54 years
8009,11958,0.29208623775681347,0.8571428571428571,0.2965427643169942,50 to 54 years
8010,18371,0.704142856981189,0.5714285714285714,0.3833694897118327,50 to 54 years
8011,10132,0.7469999998383318,1.0,0.9922568688407208,50 to 54 years
8012,13054,0.18686997823229698,0.5714285714285714,0.1817017001881665,50 to 54 years
8013,19463,0.704142856981189,0.5714285714285714,0.9093729767057859,50 to 54 years
8014,13687,0.6898571426954746,0.42857142857142855,0.11824574138207072,50 to 54 years
8015,10435,0.6755714284097604,0.2857142857142857,0.5929950392057793,50 to 54 years
8016,12985,0.661285714124046,0.14285714285714285,0.41644764272873824,50 to 54 years
8017,18635,0.6755714284097604,0.2857142857142857,0.7214141117455486,50 to 54 years
8018,13590,0.7469999998383318,1.0,0.5947244198360571,50 to 54 years
8019,15333,0.661285714124046,0.14285714285714285,0.21778599240227287,50 to 54 years
8020,15569,0.6898571426954746,0.42857142857142855,0.9308189342281746,50 to 54 years
8021,11997,0.638285711544839,0.14285714285714285,0.41579491058365886,55 to 59 years
8022,10472,0.27992820918710387,0.5714285714285714,0.4871810798711445,55 to 59 years
8023,15657,0.681142854401982,0.5714285714285714,0.13731100722510076,55 to 59 years
8024,14388,0.6525714258305534,0.2857142857142857,0.4034129908555927,55 to 59 years
8025,12055,0.6525714258305534,0.2857142857142857,0.9751361067330155,55 to 59 years
8026,13995,0.5197707843002304,0.14285714285714285,0.28121656845538273,55 to 59 years
8027,12447,0.7239999972591248,1.0,0.40796817546547165,55 to 59 years
8028,10832,0.263935627566502,0.8571428571428571,0.5403804946462534,55 to 59 years
8029,18941,0.7239999972591248,1.0,0.12048548075696108,55 to 59 years
8030,11566,0.6668571401162676,0.42857142857142855,0.7378997460058231,55 to 59 years
8031,15270,0.6525714258305534,0.2857142857142857,0.8438976217208121,55 to 59 years
8032,15292,0.6147755329681945,0.5714285714285714,0.7551308480785217,55 to 59 years
8033,19569,0.681142854401982,0.5714285714285714,0.37289680842770523,55 to 59 years
8034,15918,0.5425984803157567,0.8571428571428571,0.25439385103904,55 to 59 years
8035,13096,0.6525714258305534,0.2857142857142857,0.42108498993700283,55 to 59 years
8036,14166,-0.02262736801603808,0.2857142857142857,0.2028316115116109,55 to 59 years
8037,15572,0.6525714258305534,0.2857142857142857,0.7267216704544406,55 to 59 years
8038,15447,0.21856676459652272,0.2857142857142857,0.7784967859471543,55 to 59 years
8039,10173,0.6668571401162676,0.42857142857142855,0.5541626292004282,55 to 59 years
8040,19893,0.7097142829734105,0.8571428571428571,0.19166559172888237,55 to 59 years
8041,18519,0.6525714258305534,0.2857142857142857,0.5688525641682183,55 to 59 years
8042,17848,0.6525714258305534,0.2857142857142857,0.42627193934670343,55 to 59 years
8043,11407,0.6668571401162676,0.42857142857142855,0.803625866477411,55 to 59 years
8044,12599,0.681142854401982,0.5714285714285714,0.6933660533182336,55 to 59 years
8045,14463,0.6525714258305534,0.2857142857142857,0.9928404299292035,55 to 59 years
8046,16464,0.6954285686876962,0.7142857142857142,0.11329093401622248,55 to 59 years
8047,14691,0.7097142829734105,0.8571428571428571,0.6393758991593964,55 to 59 years
8048,10467,0.6954285686876962,0.7142857142857142,0.6738113843118392,55 to 59 years
8049,17720,0.2922270357955708,0.42857142857142855,0.6183901599676058,55 to 59 years
8050,17137,0.638285711544839,0.14285714285714285,0.6872207581294444,55 to 59 years
8051,16408,0.638285711544839,0.14285714285714285,0.4135777517459857,55 to 59 years
8052,15316,0.7097142829734105,0.8571428571428571,0.29724427558980326,55 to 59 years
8053,10894,0.35139275310053997,0.2857142857142857,0.6572646210555653,55 to 59 years
8054,19649,0.7097142829734105,0.8571428571428571,0.5185605835225747,55 to 59 years
8055,11030,0.16880561608078903,0.14285714285714285,0.5859809621270518,55 to 59 years
8056,15472,0.6525714258305534,0.2857142857142857,0.7428695437139152,55 to 59 years
8057,18566,0.6668571401162676,0.42857142857142855,0.8206059274916854,55 to 59 years
8058,12996,0.6525714258305534,0.2857142857142857,0.4777974738683615,55 to 59 years
8059,13294,0.28876828129757043,0.8571428571428571,0.5961535411733895,55 to 59 years
8060,14106,0.6668571401162676,0.42857142857142855,0.24667847454952485,55 to 59 years
8061,18766,0.6525714258305534,0.2857142857142857,0.7092834486290343,55 to 59 years
8062,15248,0.6525714258305534,0.2857142857142857,0.42499573302722343,55 to 59 years
8063,19292,0.6954285686876962,0.7142857142857142,0.808900862240957,55 to 59 years
8064,17880,0.6525714258305534,0.2857142857142857,0.6980789958083498,55 to 59 years
8065,19248,0.7097142829734105,0.8571428571428571,0.5089557345795999,55 to 59 years
8066,16023,0.681142854401982,0.5714285714285714,0.24182165060988586,55 to 59 years
8067,18483,0.32302573964288345,0.14285714285714285,0.8408290656877508,55 to 59 years
8068,12382,0.7097142829734105,0.8571428571428571,0.33844978427514505,55 to 59 years
8069,16316,0.6525714258305534,0.2857142857142857,0.6188060177178617,55 to 59 years
8070,12990,0.6525714258305534,0.2857142857142857,0.9292835734298044,55 to 59 years
8071,12603,0.6525714258305534,0.2857142857142857,0.10206615759733523,55 to 59 years
8072,11845,0.6668571401162676,0.42857142857142855,0.3764708928232333,55 to 59 years
8073,19300,0.6954285686876962,0.7142857142857142,0.39564183913096673,55 to 59 years
8074,19681,0.6668571401162676,0.42857142857142855,0.5512377765442295,55 to 59 years
8075,11172,0.0,0.5714285714285714,0.3714722064548999,55 to 59 years
8076,15908,0.6525714258305534,0.2857142857142857,0.33404752031347756,55 to 59 years
8077,13416,0.1689490518606318,0.7142857142857142,0.13797852380837122,55 to 59 years
8078,17846,0.25419553963256464,0.14285714285714285,0.27734098029878496,55 to 59 years
8079,19548,0.681142854401982,0.5714285714285714,0.42243759071756415,55 to 59 years
8080,19957,0.7097142829734105,0.8571428571428571,0.27554032491630387,55 to 59 years
8081,17018,0.6954285686876962,0.7142857142857142,0.9483934474538711,55 to 59 years
8082,16059,0.638285711544839,0.14285714285714285,0.8236561101086488,55 to 59 years
8083,14158,0.638285711544839,0.14285714285714285,0.8963689053584702,55 to 59 years
8084,15364,0.7239999972591248,1.0,0.5555966824385891,55 to 59 years
8085,13101,0.7097142829734105,0.8571428571428571,0.15519795248956741,55 to 59 years
8086,13690,0.005342471052469581,0.14285714285714285,0.4329507530732615,55 to 59 years
8087,19092,0.7239999972591248,1.0,0.9367977754493829,55 to 59 years
8088,19517,0.548849486402462,0.42857142857142855,0.15519574280371978,55 to 59 years
8089,17473,0.638285711544839,0.14285714285714285,0.08729194397828322,55 to 59 years
8090,12668,0.7097142829734105,0.8571428571428571,0.8101329545004424,55 to 59 years
8091,13675,0.638285711544839,0.14285714285714285,0.6171147932250144,55 to 59 years
8092,18664,0.37137994320731327,1.0,0.16927446248488515,55 to 59 years
8093,14181,0.7097142829734105,0.8571428571428571,0.3841647700977683,55 to 59 years
8094,10094,0.2507101498854673,0.2857142857142857,0.31861266615291217,55 to 59 years
8095,19747,0.681142854401982,0.5714285714285714,0.4005829245325036,55 to 59 years
8096,13141,0.6954285686876962,0.7142857142857142,0.8415106051751187,55 to 59 years
8097,19590,0.638285711544839,0.14285714285714285,0.7578484936581295,55 to 59 years
8098,14241,0.681142854401982,0.5714285714285714,0.6984147143187244,55 to 59 years
8099,14684,0.7239999972591248,1.0,0.16643577071924331,55 to 59 years
8100,18319,0.6525714258305534,0.2857142857142857,0.7969421319944933,55 to 59 years
8101,11145,0.08367987079107146,0.2857142857142857,0.7096461800018103,55 to 59 years
8102,11214,0.11516371667578967,0.2857142857142857,0.6785636848024267,55 to 59 years
8103,15503,0.6525714258305534,0.2857142857142857,0.5101059711033262,55 to 59 years
8104,18811,0.681142854401982,0.5714285714285714,0.6376844088991678,55 to 59 years
8105,16395,0.638285711544839,0.14285714285714285,0.4803518112605828,55 to 59 years
8106,13781,0.7239999972591248,1.0,0.1318384102084722,55 to 59 years
8107,16289,0.7097142829734105,0.8571428571428571,0.5332132910000444,55 to 59 years
8108,15857,0.638285711544839,0.14285714285714285,0.10334779586173848,55 to 59 years
8109,18615,0.6668571401162676,0.42857142857142855,0.11995788883006742,55 to 59 years
8110,17735,0.681142854401982,0.5714285714285714,0.7646473060583927,55 to 59 years
8111,15028,0.681142854401982,0.5714285714285714,0.6392600418773873,55 to 59 years
8112,10350,0.19328986275513974,0.42857142857142855,0.39087141172214873,55 to 59 years
8113,17502,0.638285711544839,0.14285714285714285,0.1600202402739303,55 to 59 years
8114,18710,0.6525714258305534,0.2857142857142857,0.4684528629971526,55 to 59 years
8115,17800,0.7097142829734105,0.8571428571428571,0.037581327850291,55 to 59 years
8116,14468,0.681142854401982,0.5714285714285714,0.4416191607648224,55 to 59 years
8117,15334,0.638285711544839,0.14285714285714285,0.041371108943535406,55 to 59 years
8118,12522,0.2870134593685067,0.5714285714285714,0.531169025949697,55 to 59 years
8119,16151,0.681142854401982,0.5714285714285714,0.31363711449992326,55 to 59 years
8120,17575,0.6525714258305534,0.2857142857142857,0.7989234746874003,55 to 59 years
8121,19432,0.638285711544839,0.14285714285714285,0.3136869829227088,55 to 59 years
8122,13526,0.681142854401982,0.5714285714285714,0.021834765683662494,55 to 59 years
8123,16616,0.21806717330321404,0.14285714285714285,0.23080084539686785,55 to 59 years
8124,13612,0.6525714258305534,0.2857142857142857,0.8504984017166395,55 to 59 years
8125,13997,0.638285711544839,0.14285714285714285,0.9341734077559936,55 to 59 years
8126,17868,0.681142854401982,0.5714285714285714,0.46761056430032655,55 to 59 years
8127,14807,0.638285711544839,0.14285714285714285,0.6865900815246088,55 to 59 years
8128,11747,0.7239999972591248,1.0,0.5430890853696747,55 to 59 years
8129,12366,0.681142854401982,0.5714285714285714,0.6648143052730406,55 to 59 years
8130,12031,0.6525714258305534,0.2857142857142857,0.24992933778598997,55 to 59 years
8131,18771,0.6525714258305534,0.2857142857142857,0.6381799574503192,55 to 59 years
8132,10213,0.7097142829734105,0.8571428571428571,0.3714313494677921,55 to 59 years
8133,17773,0.6525714258305534,0.2857142857142857,0.04892952418364899,55 to 59 years
8134,16962,0.3742905953643225,0.5714285714285714,0.16867483682197465,55 to 59 years
8135,16292,0.6525714258305534,0.2857142857142857,0.5352125573209225,55 to 59 years
8136,10608,0.123788606122903,0.2857142857142857,0.8876313466929598,55 to 59 years
8137,17580,0.6954285686876962,0.7142857142857142,0.8846345269527695,55 to 59 years
8138,10050,0.6525714258305534,0.2857142857142857,0.5054720658843902,55 to 59 years
8139,15655,0.6525714258305534,0.2857142857142857,0.7592112101157813,55 to 59 years
8140,18606,0.7239999972591248,1.0,0.6498387760826243,55 to 59 years
8141,19526,0.681142854401982,0.5714285714285714,0.8381105867599181,55 to 59 years
8142,13245,0.638285711544839,0.14285714285714285,0.5038949537103001,55 to 59 years
8143,14647,0.6525714258305534,0.2857142857142857,0.16335844204611294,55 to 59 years
8144,11203,0.6954285686876962,0.7142857142857142,0.8847946167911238,55 to 59 years
8145,13839,0.6668571401162676,0.42857142857142855,0.5524284052795967,55 to 59 years
8146,19088,-0.09458942758479524,0.42857142857142855,0.9237858428507617,55 to 59 years
8147,16986,0.6525714258305534,0.2857142857142857,0.030223739596792254,55 to 59 years
8148,11217,0.7239999972591248,1.0,0.25457198118877017,55 to 59 years
8149,14962,-0.057470550263941794,0.42857142857142855,0.42623172991408426,55 to 59 years
8150,18545,0.681142854401982,0.5714285714285714,0.48090265462354626,55 to 59 years
8151,15954,0.7097142829734105,0.8571428571428571,0.5446322858961566,55 to 59 years
8152,17528,0.7239999972591248,1.0,0.16021236531227906,55 to 59 years
8153,14105,0.6525714258305534,0.2857142857142857,0.6279398240530396,55 to 59 years
8154,11643,0.6525714258305534,0.2857142857142857,0.8302289948470294,55 to 59 years
8155,10220,0.7097142829734105,0.8571428571428571,0.49098926835733314,55 to 59 years
8156,17294,0.681142854401982,0.5714285714285714,0.9331084551839861,55 to 59 years
8157,14225,0.638285711544839,0.14285714285714285,0.8904141382418811,55 to 59 years
8158,12400,0.16240974784663548,0.2857142857142857,0.12043743476273538,55 to 59 years
8159,11162,0.7097142829734105,0.8571428571428571,0.18899967390066114,55 to 59 years
8160,13209,0.7097142829734105,0.8571428571428571,0.6946726063059899,55 to 59 years
8161,14451,-0.01261234922775574,0.14285714285714285,0.7947909446464697,55 to 59 years
8162,19252,0.34096181877128084,0.8571428571428571,0.026281984219365673,55 to 59 years
8163,12989,0.638285711544839,0.14285714285714285,0.37472390539763967,55 to 59 years
8164,11144,0.638285711544839,0.14285714285714285,0.7308467437458861,55 to 59 years
8165,11676,0.681142854401982,0.5714285714285714,0.5525178639879119,55 to 59 years
8166,15355,0.1852143859840551,0.42857142857142855,0.7504662490302467,55 to 59 years
8167,12793,0.11292911633862177,0.2857142857142857,0.8439549898304659,55 to 59 years
8168,11773,0.6525714258305534,0.2857142857142857,0.5263343868733247,55 to 59 years
8169,17026,0.6525714258305534,0.2857142857142857,0.553745716318261,55 to 59 years
8170,12068,0.638285711544839,0.14285714285714285,0.21188560058949124,55 to 59 years
8171,10772,0.638285711544839,0.14285714285714285,0.24745277208763666,55 to 59 years
8172,10308,0.681142854401982,0.5714285714285714,0.25107374580822955,55 to 59 years
8173,17217,0.7097142829734105,0.8571428571428571,0.8880651766721742,55 to 59 years
8174,13119,0.7097142829734105,0.8571428571428571,0.26690171465651974,55 to 59 years
8175,19757,0.638285711544839,0.14285714285714285,0.15916835184495037,55 to 59 years
8176,11740,0.638285711544839,0.14285714285714285,0.05084256486034888,55 to 59 years
8177,12140,0.7239999972591248,1.0,0.7831426636672316,55 to 59 years
8178,12637,0.7097142829734105,0.8571428571428571,0.8217572416980834,55 to 59 years
8179,10639,0.6525714258305534,0.2857142857142857,0.29971438724980115,55 to 59 years
8180,17980,0.7097142829734105,0.8571428571428571,0.10870642980947476,55 to 59 years
8181,19981,0.07982842239550424,0.7142857142857142,0.15328141918854365,55 to 59 years
8182,12229,0.7097142829734105,0.8571428571428571,0.9404957944118463,55 to 59 years
8183,12171,0.6525714258305534,0.2857142857142857,0.3958632862830376,55 to 59 years
8184,19956,-0.00022362893097578346,0.14285714285714285,0.8422691130610729,55 to 59 years
8185,15952,0.638285711544839,0.14285714285714285,0.9454217077449939,55 to 59 years
8186,13523,0.638285711544839,0.14285714285714285,0.8559858183770557,55 to 59 years
8187,10732,0.35800034719406243,0.2857142857142857,0.14844909508711202,55 to 59 years
8188,12323,0.3640630885849538,0.8571428571428571,0.9210171792801454,55 to 59 years
8189,12759,0.681142854401982,0.5714285714285714,0.5252759699155104,55 to 59 years
8190,19674,0.6954285686876962,0.7142857142857142,0.6137040350101173,55 to 59 years
8191,14601,0.638285711544839,0.14285714285714285,0.5645174839457205,55 to 59 years
8192,16639,0.45141410916839636,0.5714285714285714,0.2164202973208934,55 to 59 years
8193,14127,0.17007810302590204,0.5714285714285714,0.3727394663819279,55 to 59 years
8194,16622,-0.0016428673516767703,0.14285714285714285,0.29159679860504734,55 to 59 years
8195,15737,0.6668571401162676,0.42857142857142855,0.4889864210127144,55 to 59 years
8196,13283,0.6954285686876962,0.7142857142857142,0.4393751649318055,55 to 59 years
8197,10785,0.6525714258305534,0.2857142857142857,0.833350696294509,55 to 59 years
8198,13992,0.6525714258305534,0.2857142857142857,0.7486921633736973,55 to 59 years
8199,13866,0.6525714258305534,0.2857142857142857,0.49593169338004367,55 to 59 years
8200,12227,0.7097142829734105,0.8571428571428571,0.9622513609072219,55 to 59 years
8201,19267,0.7097142829734105,0.8571428571428571,0.634347765943411,55 to 59 years
8202,14342,0.6525714258305534,0.2857142857142857,0.3017845152641495,55 to 59 years
8203,18470,0.681142854401982,0.5714285714285714,0.36076368627097305,55 to 59 years
8204,11093,0.6346029157328116,1.0,0.002480787762214276,55 to 59 years
8205,15951,0.0,0.8571428571428571,0.9308217736828092,55 to 59 years
8206,12838,0.7097142829734105,0.8571428571428571,0.8534053690658252,55 to 59 years
8207,16417,0.681142854401982,0.5714285714285714,0.8898896901940154,55 to 59 years
8208,19854,0.681142854401982,0.5714285714285714,0.3925821745996477,55 to 59 years
8209,19654,0.6525714258305534,0.2857142857142857,0.3288103865299231,55 to 59 years
8210,15671,0.20320327175463831,1.0,0.7776707563633833,55 to 59 years
8211,18454,0.681142854401982,0.5714285714285714,0.5739524988601251,55 to 59 years
8212,11945,0.681142854401982,0.5714285714285714,0.5929578378577843,55 to 59 years
8213,19025,0.6525714258305534,0.2857142857142857,0.32011835142234124,55 to 59 years
8214,18726,0.7097142829734105,0.8571428571428571,0.4858105893945967,55 to 59 years
8215,17590,0.7097142829734105,0.8571428571428571,0.3559928097717234,55 to 59 years
8216,18186,0.681142854401982,0.5714285714285714,0.49548937338719307,55 to 59 years
8217,10115,0.681142854401982,0.5714285714285714,0.9787813066917873,55 to 59 years
8218,12755,0.638285711544839,0.14285714285714285,0.533834244098232,55 to 59 years
8219,11600,0.681142854401982,0.5714285714285714,0.6447827836763756,55 to 59 years
8220,17121,0.7239999972591248,1.0,0.8589680061216451,55 to 59 years
8221,10216,0.7239999972591248,1.0,0.22541496281224077,55 to 59 years
8222,12620,0.507004217876338,0.2857142857142857,0.09851810357890783,55 to 59 years
8223,17623,0.0880745322020439,0.14285714285714285,0.8141487316794958,55 to 59 years
8224,16350,0.7097142829734105,0.8571428571428571,0.31564253614805576,55 to 59 years
8225,12736,0.2035707891178854,0.2857142857142857,0.7469113493984109,55 to 59 years
8226,16961,0.681142854401982,0.5714285714285714,0.5651059162163264,55 to 59 years
8227,12318,0.638285711544839,0.14285714285714285,0.4949358386969703,55 to 59 years
8228,13663,0.681142854401982,0.5714285714285714,0.9923709879938019,55 to 59 years
8229,12741,0.681142854401982,0.5714285714285714,0.5535740412990433,55 to 59 years
8230,13412,0.2658295728286858,0.42857142857142855,0.7151866864418792,55 to 59 years
8231,14155,-0.12929313137899412,0.14285714285714285,0.38469446800823676,55 to 59 years
8232,18063,0.7097142829734105,0.8571428571428571,0.5399327257704806,55 to 59 years
8233,10997,0.7097142829734105,0.8571428571428571,0.5340080743413146,55 to 59 years
8234,12419,0.17215607458473556,0.5714285714285714,0.057337389081738244,55 to 59 years
8235,18141,0.7239999972591248,1.0,0.3012339469530713,55 to 59 years
8236,13681,0.681142854401982,0.5714285714285714,0.5679614764051092,55 to 59 years
8237,11297,0.13127976068410968,0.2857142857142857,0.9109503726464546,55 to 59 years
8238,14796,0.7239999972591248,1.0,0.15603953697130918,55 to 59 years
8239,18489,0.7097142829734105,0.8571428571428571,0.8780297640339166,55 to 59 years
8240,19523,0.681142854401982,0.5714285714285714,0.25781155180748566,55 to 59 years
8241,15635,0.6525714258305534,0.2857142857142857,0.13983503567442856,55 to 59 years
8242,10668,0.7239999972591248,1.0,0.7782323803966285,55 to 59 years
8243,17763,0.48081746360558053,0.2857142857142857,0.14994157332274555,55 to 59 years
8244,19089,0.638285711544839,0.14285714285714285,0.09308323456306794,55 to 59 years
8245,19029,0.638285711544839,0.14285714285714285,0.07642486713046331,55 to 59 years
8246,12621,0.6525714258305534,0.2857142857142857,0.5258555583897748,55 to 59 years
8247,12760,0.7097142829734105,0.8571428571428571,0.8190515639572916,55 to 59 years
8248,11121,0.6525714258305534,0.2857142857142857,0.8384507266591725,55 to 59 years
8249,10465,0.638285711544839,0.14285714285714285,0.48588382527845514,55 to 59 years
8250,14666,0.29455329941183844,0.14285714285714285,0.5555311643909199,55 to 59 years
8251,19038,0.7239999972591248,1.0,0.7019355873083655,55 to 59 years
8252,16423,0.7239999972591248,1.0,0.579335274887513,55 to 59 years
8253,11256,-0.10958039863339641,0.2857142857142857,0.20770511638022437,55 to 59 years
8254,11713,0.7239999972591248,1.0,0.763899799711224,55 to 59 years
8255,16287,0.6525714258305534,0.2857142857142857,0.21360890224071483,55 to 59 years
8256,13661,0.6525714258305534,0.2857142857142857,0.7416022787024465,55 to 59 years
8257,15200,0.5334619115117132,0.8571428571428571,0.5523647885468531,55 to 59 years
8258,17633,0.7097142829734105,0.8571428571428571,0.651388056018881,55 to 59 years
8259,14425,0.638285711544839,0.14285714285714285,0.6823376448963324,55 to 59 years
8260,11678,0.7239999972591248,1.0,0.9092037422199298,55 to 59 years
8261,14598,0.681142854401982,0.5714285714285714,0.1418428263893899,55 to 59 years
8262,14394,0.6668571401162676,0.42857142857142855,0.31897112112783654,55 to 59 years
8263,18324,0.6525714258305534,0.2857142857142857,0.6443895869781858,55 to 59 years
8264,17776,0.681142854401982,0.5714285714285714,0.6988926455333404,55 to 59 years
8265,15096,0.6525714258305534,0.2857142857142857,0.73803079634154,55 to 59 years
8266,15666,0.13682644052898052,0.14285714285714285,0.7796642742832812,55 to 59 years
8267,17521,0.638285711544839,0.14285714285714285,0.7419040118340428,55 to 59 years
8268,17035,0.638285711544839,0.14285714285714285,0.727421535209555,55 to 59 years
8269,17747,-0.251905629826312,0.14285714285714285,0.43050208054608224,55 to 59 years
8270,11226,0.6525714258305534,0.2857142857142857,0.42761905294569125,55 to 59 years
8271,16557,0.30452909729761324,1.0,0.18435540712302018,55 to 59 years
8272,14717,0.638285711544839,0.14285714285714285,0.8232301848325188,55 to 59 years
8273,11336,0.6525714258305534,0.2857142857142857,0.35909820061810754,55 to 59 years
8274,11881,0.7097142829734105,0.8571428571428571,0.8413714145324236,55 to 59 years
8275,17363,0.7097142829734105,0.8571428571428571,0.8111859010956644,55 to 59 years
8276,17359,0.681142854401982,0.5714285714285714,0.668201496824444,55 to 59 years
8277,14683,0.6525714258305534,0.2857142857142857,0.7970606494365176,55 to 59 years
8278,14285,-0.13525917345896737,0.2857142857142857,0.5510126148611156,55 to 59 years
8279,18467,0.08462967871441772,0.2857142857142857,0.9189078858921682,55 to 59 years
8280,19767,0.7239999972591248,1.0,0.9112169451224312,55 to 59 years
8281,18311,0.681142854401982,0.5714285714285714,0.3043186246397058,55 to 59 years
8282,18231,0.638285711544839,0.14285714285714285,0.917584686973038,55 to 59 years
8283,11822,0.6954285686876962,0.7142857142857142,0.3267470086858886,55 to 59 years
8284,11962,0.6668571401162676,0.42857142857142855,0.743669519254156,55 to 59 years
8285,11096,0.6525714258305534,0.2857142857142857,0.2254982827591131,55 to 59 years
8286,17637,0.7097142829734105,0.8571428571428571,0.9381896744386549,55 to 59 years
8287,14156,0.638285711544839,0.14285714285714285,0.25346480364173174,55 to 59 years
8288,14443,0.638285711544839,0.14285714285714285,0.5509406055378757,55 to 59 years
8289,11212,0.638285711544839,0.14285714285714285,0.032724108568981225,55 to 59 years
8290,14504,0.6525714258305534,0.2857142857142857,0.32368750059970475,55 to 59 years
8291,17301,0.7097142829734105,0.8571428571428571,0.24697282783368985,55 to 59 years
8292,13118,0.638285711544839,0.14285714285714285,0.16753151109701314,55 to 59 years
8293,13996,0.638285711544839,0.14285714285714285,0.37148308073679326,55 to 59 years
8294,17663,0.6525714258305534,0.2857142857142857,0.4492178355642529,55 to 59 years
8295,17906,0.4763980835449068,0.14285714285714285,0.36406437167396144,55 to 59 years
8296,12466,0.7097142829734105,0.8571428571428571,0.945884167745132,55 to 59 years
8297,12733,0.6668571401162676,0.42857142857142855,0.08875674465276129,55 to 59 years
8298,16197,0.09812980925991292,0.2857142857142857,0.48277885044479524,55 to 59 years
8299,14371,-0.19162575350533848,0.2857142857142857,0.920705037259844,55 to 59 years
8300,10703,0.6954285686876962,0.7142857142857142,0.43316709431823097,55 to 59 years
8301,18280,0.6525714258305534,0.2857142857142857,0.2850253326930881,55 to 59 years
8302,15783,0.7097142829734105,0.8571428571428571,0.2997458162974652,55 to 59 years
8303,14775,0.638285711544839,0.14285714285714285,0.8603423778664872,55 to 59 years
8304,11204,0.40328973609513546,0.5714285714285714,0.6541384005475449,55 to 59 years
8305,12063,0.638285711544839,0.14285714285714285,0.3681196985848164,55 to 59 years
8306,11048,0.1836425918749539,0.2857142857142857,0.35661444178461443,55 to 59 years
8307,18355,0.638285711544839,0.14285714285714285,0.272183290438823,55 to 59 years
8308,10325,0.6668571401162676,0.42857142857142855,0.5012025272902861,55 to 59 years
8309,19846,0.7097142829734105,0.8571428571428571,0.031191791977216665,55 to 59 years
8310,12719,0.681142854401982,0.5714285714285714,0.8968614999888715,55 to 59 years
8311,17712,0.6525714258305534,0.2857142857142857,0.331772066375741,55 to 59 years
8312,11397,0.27727664774716054,0.2857142857142857,0.6324827706424627,55 to 59 years
8313,13937,0.638285711544839,0.14285714285714285,0.2964062546000793,55 to 59 years
8314,17293,0.681142854401982,0.5714285714285714,0.15885120932552316,55 to 59 years
8315,11143,0.7239999972591248,1.0,0.25636257882774327,55 to 59 years
8316,17917,0.681142854401982,0.5714285714285714,0.4492866293376103,55 to 59 years
8317,13808,0.638285711544839,0.14285714285714285,0.6896940488324756,55 to 59 years
8318,18399,0.638285711544839,0.14285714285714285,0.6560974784208173,55 to 59 years
8319,16543,0.22192927926469244,0.5714285714285714,0.5700426326615176,55 to 59 years
8320,16290,0.6525714258305534,0.2857142857142857,0.6490883703561383,55 to 59 years
8321,10734,0.7097142829734105,0.8571428571428571,0.449533825560833,55 to 59 years
8322,10280,0.6668571401162676,0.42857142857142855,0.7329815193162813,55 to 59 years
8323,16904,0.6525714258305534,0.2857142857142857,0.0599701520624355,55 to 59 years
8324,14866,0.681142854401982,0.5714285714285714,0.6080015634257105,55 to 59 years
8325,18356,0.7097142829734105,0.8571428571428571,0.69199113861607,55 to 59 years
8326,19914,0.638285711544839,0.14285714285714285,0.7654530847307979,55 to 59 years
8327,10958,0.7239999972591248,1.0,0.17345561470592252,55 to 59 years
8328,17397,0.6525714258305534,0.2857142857142857,0.5729777434946282,55 to 59 years
8329,17768,0.7097142829734105,0.8571428571428571,0.6755591816249578,55 to 59 years
8330,18465,0.681142854401982,0.5714285714285714,0.13644419936693886,55 to 59 years
8331,11685,0.638285711544839,0.14285714285714285,0.3138706927889112,55 to 59 years
8332,16355,0.6525714258305534,0.2857142857142857,0.4260628015231667,55 to 59 years
8333,18380,0.6525714258305534,0.2857142857142857,0.5188865866624365,55 to 59 years
8334,16000,0.681142854401982,0.5714285714285714,0.8744151091749324,55 to 59 years
8335,12743,0.638285711544839,0.14285714285714285,0.23930749793642475,55 to 59 years
8336,19488,0.7097142829734105,0.8571428571428571,0.7111298817660116,55 to 59 years
8337,18657,0.6525714258305534,0.2857142857142857,0.3310044413247405,55 to 59 years
8338,16956,0.7097142829734105,0.8571428571428571,0.560458387869414,55 to 59 years
8339,13450,0.681142854401982,0.5714285714285714,0.08548301629453214,55 to 59 years
8340,17089,0.638285711544839,0.14285714285714285,0.04989187043136589,55 to 59 years
8341,19975,0.5465727202040039,0.14285714285714285,0.2776018386321804,55 to 59 years
8342,17596,0.46390762138312713,0.8571428571428571,0.667207168699657,55 to 59 years
8343,10138,0.638285711544839,0.14285714285714285,0.43545116140205603,55 to 59 years
8344,12407,0.681142854401982,0.5714285714285714,0.1986949165243349,55 to 59 years
8345,11662,0.638285711544839,0.14285714285714285,0.14657482675435468,55 to 59 years
8346,19745,0.638285711544839,0.14285714285714285,0.244007497645033,55 to 59 years
8347,12978,0.7097142829734105,0.8571428571428571,0.7063316762311336,55 to 59 years
8348,13084,-0.0038620445380141335,0.8571428571428571,0.4775629591646619,55 to 59 years
8349,13414,0.7239999972591248,1.0,0.29589502969786946,55 to 59 years
8350,17088,0.7239999972591248,1.0,0.4768437219104643,55 to 59 years
8351,18844,0.3582359539080752,0.2857142857142857,0.931533629214311,55 to 59 years
8352,12461,0.7097142829734105,0.8571428571428571,0.3901318650208734,55 to 59 years
8353,12543,0.2480636881844878,0.5714285714285714,0.3097166001853109,55 to 59 years
8354,17173,0.681142854401982,0.5714285714285714,0.11301843487585744,55 to 59 years
8355,13293,0.6525714258305534,0.2857142857142857,0.3039585349700563,55 to 59 years
8356,15752,0.6525714258305534,0.2857142857142857,0.47091221384462967,55 to 59 years
8357,16833,0.6525714258305534,0.2857142857142857,0.6933680929006969,55 to 59 years
8358,15431,0.638285711544839,0.14285714285714285,0.21625546539243318,55 to 59 years
8359,13398,0.7239999972591248,1.0,0.8704483844339734,55 to 59 years
8360,10710,0.638285711544839,0.14285714285714285,0.015287116707750403,55 to 59 years
8361,11687,0.638285711544839,0.14285714285714285,0.15922653471600878,55 to 59 years
8362,10574,0.638285711544839,0.14285714285714285,0.877131607037734,55 to 59 years
8363,15791,0.40600627847810056,0.8571428571428571,0.4350848972287723,55 to 59 years
8364,11704,0.6525714258305534,0.2857142857142857,0.3638580372325099,55 to 59 years
8365,19468,0.6668571401162676,0.42857142857142855,0.54154776172172,55 to 59 years
8366,11913,0.681142854401982,0.5714285714285714,0.40987667170711195,55 to 59 years
8367,10569,0.2684255782036186,0.42857142857142855,0.460505643290847,55 to 59 years
8368,15928,0.681142854401982,0.5714285714285714,0.7582680695691837,55 to 59 years
8369,18923,0.4728750026148566,0.5714285714285714,0.0774720778362436,55 to 59 years
8370,13770,0.6954285686876962,0.7142857142857142,0.12138011294542922,55 to 59 years
8371,17754,0.7097142829734105,0.8571428571428571,0.816288310852892,55 to 59 years
8372,16846,0.681142854401982,0.5714285714285714,0.2961208859364368,55 to 59 years
8373,17087,0.6668571401162676,0.42857142857142855,0.764256839945203,55 to 59 years
8374,14448,0.7097142829734105,0.8571428571428571,0.09985526031630121,55 to 59 years
8375,19908,0.32564393933498204,0.14285714285714285,0.23943334496682567,55 to 59 years
8376,18036,0.638285711544839,0.14285714285714285,0.977671405256037,55 to 59 years
8377,13868,0.638285711544839,0.14285714285714285,0.3766977017013833,55 to 59 years
8378,10967,0.681142854401982,0.5714285714285714,0.0018163316894960202,55 to 59 years
8379,11260,0.638285711544839,0.14285714285714285,0.6088474536663843,55 to 59 years
8380,12698,0.6525714258305534,0.2857142857142857,0.7690738157934442,55 to 59 years
8381,16689,0.7239999972591248,1.0,0.44159574308701555,55 to 59 years
8382,19551,0.6525714258305534,0.2857142857142857,0.6249481995011502,55 to 59 years
8383,16236,0.7097142829734105,0.8571428571428571,0.2127839691228382,55 to 59 years
8384,13151,0.638285711544839,0.14285714285714285,0.6015873091293156,55 to 59 years
8385,12808,0.17978894297049663,0.14285714285714285,0.5263454975903187,55 to 59 years
8386,12069,0.6668571401162676,0.42857142857142855,0.8184180963149454,55 to 59 years
8387,11527,0.681142854401982,0.5714285714285714,0.39517610355888605,55 to 59 years
8388,17613,0.6668571401162676,0.42857142857142855,0.7286530755494233,55 to 59 years
8389,16801,0.6525714258305534,0.2857142857142857,0.485118202211389,55 to 59 years
8390,14200,0.638285711544839,0.14285714285714285,0.5934737544386406,55 to 59 years
8391,11771,0.7239999972591248,1.0,0.29821851292508345,55 to 59 years
8392,11147,0.6525714258305534,0.2857142857142857,0.29105959169342804,55 to 59 years
8393,15871,-0.002102201562366717,0.14285714285714285,0.4544091783189635,55 to 59 years
8394,19867,0.681142854401982,0.5714285714285714,0.6514736129957056,55 to 59 years
8395,15878,0.638285711544839,0.14285714285714285,0.15507170618171606,55 to 59 years
8396,16907,0.6525714258305534,0.2857142857142857,0.5996915794910883,55 to 59 years
8397,12889,0.6525714258305534,0.2857142857142857,0.5710797082078434,55 to 59 years
8398,19815,0.6525714258305534,0.2857142857142857,0.7067445223098855,55 to 59 years
8399,14839,0.6525714258305534,0.2857142857142857,0.7782267409387189,55 to 59 years
8400,15695,0.6525714258305534,0.2857142857142857,0.2796041798341247,55 to 59 years
8401,16089,0.6668571401162676,0.42857142857142855,0.3097531614840465,55 to 59 years
8402,15934,0.6668571401162676,0.42857142857142855,0.7483890698372586,55 to 59 years
8403,15076,0.6525714258305534,0.2857142857142857,0.6522370498163297,55 to 59 years
8404,17057,0.681142854401982,0.5714285714285714,0.1581560018704959,55 to 59 years
8405,11786,0.6525714258305534,0.2857142857142857,0.75131678897736,55 to 59 years
8406,13596,0.31478001502240555,0.2857142857142857,0.5086985620217374,55 to 59 years
8407,19295,0.7097142829734105,0.8571428571428571,0.8709818387333341,55 to 59 years
8408,11059,0.18392853450719948,0.14285714285714285,0.35704133876516153,55 to 59 years
8409,17547,0.2303249899023794,0.42857142857142855,0.2926583228637978,55 to 59 years
8410,14556,0.7097142829734105,0.8571428571428571,0.5686894299691679,55 to 59 years
8411,12834,0.7097142829734105,0.8571428571428571,0.44531735479089984,55 to 59 years
8412,16118,0.16503249923328478,0.8571428571428571,0.790108261447616,55 to 59 years
8413,11536,0.6668571401162676,0.42857142857142855,0.7195217526977004,55 to 59 years
8414,10295,0.6525714258305534,0.2857142857142857,0.574897553021433,55 to 59 years
8415,18042,0.6525714258305534,0.2857142857142857,0.38803506876803073,55 to 59 years
8416,13007,0.7097142829734105,0.8571428571428571,0.5953770070806058,55 to 59 years
8417,11151,0.6525714258305534,0.2857142857142857,0.48105636157629483,55 to 59 years
8418,17665,0.6525714258305534,0.2857142857142857,0.5327219419489134,55 to 59 years
8419,18479,0.7239999972591248,1.0,0.9347128089145357,55 to 59 years
8420,11303,0.638285711544839,0.14285714285714285,0.7970656152371873,55 to 59 years
8421,17302,0.638285711544839,0.14285714285714285,0.5783113145382202,55 to 59 years
8422,17839,0.2712570286144168,0.42857142857142855,0.7873537307137404,55 to 59 years
8423,12995,0.6525714258305534,0.2857142857142857,0.3174635946735314,55 to 59 years
8424,11772,0.638285711544839,0.14285714285714285,0.4971238115402207,55 to 59 years
8425,10781,0.6525714258305534,0.2857142857142857,0.14453572530124975,55 to 59 years
8426,18998,0.7097142829734105,0.8571428571428571,0.9872373999466664,55 to 59 years
8427,12952,0.681142854401982,0.5714285714285714,0.7984541497984103,55 to 59 years
8428,18064,0.7239999972591248,1.0,0.9997140260702106,55 to 59 years
8429,15049,0.681142854401982,0.5714285714285714,0.47939833698570833,55 to 59 years
8430,15482,0.4508870125997479,0.2857142857142857,0.45186433483702654,55 to 59 years
8431,15617,0.6525714258305534,0.2857142857142857,0.00048550231103627883,55 to 59 years
8432,10470,-0.15992366494187002,0.5714285714285714,0.8584865729888225,55 to 59 years
8433,18019,0.1271409666707563,0.5714285714285714,0.0992810630948548,55 to 59 years
8434,12529,0.7097142829734105,0.8571428571428571,0.3847466031693815,55 to 59 years
8435,18477,0.681142854401982,0.5714285714285714,0.8979115473940863,55 to 59 years
8436,14074,0.681142854401982,0.5714285714285714,0.5815362914995573,55 to 59 years
8437,19696,0.0845695432411168,0.2857142857142857,0.8816628325540894,55 to 59 years
8438,17008,0.2609048827051518,0.2857142857142857,0.03075314930677253,55 to 59 years
8439,11389,0.12895336747344216,0.2857142857142857,0.25067922403587906,55 to 59 years
8440,14327,0.6525714258305534,0.2857142857142857,0.7523555270624478,55 to 59 years
8441,14421,0.7097142829734105,0.8571428571428571,0.141969496764065,55 to 59 years
8442,18602,0.638285711544839,0.14285714285714285,0.009196015931658308,55 to 59 years
8443,11058,0.638285711544839,0.14285714285714285,0.362284616777606,55 to 59 years
8444,19872,0.6954285686876962,0.7142857142857142,0.6773674255673688,55 to 59 years
8445,10369,0.6668571401162676,0.42857142857142855,0.4287617794443773,55 to 59 years
8446,15345,0.638285711544839,0.14285714285714285,0.05330317320548933,55 to 59 years
8447,11984,0.6525714258305534,0.2857142857142857,0.297491363757333,55 to 59 years
8448,11798,0.638285711544839,0.14285714285714285,0.7432981463203088,55 to 59 years
8449,19286,0.6525714258305534,0.2857142857142857,0.5371510255427692,55 to 59 years
8450,12233,0.681142854401982,0.5714285714285714,0.7661217780729661,55 to 59 years
8451,18972,-0.1167618493347385,0.14285714285714285,0.9375681922343744,55 to 59 years
8452,17745,0.38202457121363775,0.14285714285714285,0.8896908985823544,55 to 59 years
8453,10071,0.638285711544839,0.14285714285714285,0.03850536305510954,55 to 59 years
8454,17408,0.7239999972591248,1.0,0.2338337039756611,55 to 59 years
8455,19700,0.7097142829734105,0.8571428571428571,0.91370050155682,55 to 59 years
8456,18857,0.7239999972591248,1.0,0.5040093901625797,55 to 59 years
8457,18481,0.6525714258305534,0.2857142857142857,0.09900217575731807,55 to 59 years
8458,13188,0.33047007810391577,0.5714285714285714,0.4110622242107652,55 to 59 years
8459,17110,0.21335813496059236,0.42857142857142855,0.26082244955558825,55 to 59 years
8460,17696,0.7097142829734105,0.8571428571428571,0.1969047174769451,55 to 59 years
8461,13105,0.6525714258305534,0.2857142857142857,0.9436051153888187,55 to 59 years
8462,10446,0.7097142829734105,0.8571428571428571,0.17586443572203841,55 to 59 years
8463,11350,0.6668571401162676,0.42857142857142855,0.12543342557702775,55 to 59 years
8464,14229,0.6525714258305534,0.2857142857142857,0.27754817931384135,55 to 59 years
8465,11971,0.6525714258305534,0.2857142857142857,0.9841849913212377,55 to 59 years
8466,11547,0.7239999972591248,1.0,0.3929444863137572,55 to 59 years
8467,16322,0.6668571401162676,0.42857142857142855,0.9760899555398326,55 to 59 years
8468,11394,0.638285711544839,0.14285714285714285,0.8288504162859884,55 to 59 years
8469,17792,0.7097142829734105,0.8571428571428571,0.40961159006204395,55 to 59 years
8470,18662,0.6525714258305534,0.2857142857142857,0.8256681798128478,55 to 59 years
8471,19061,0.6525714258305534,0.2857142857142857,0.53764974556928,55 to 59 years
8472,17561,0.7097142829734105,0.8571428571428571,0.3104927672052856,55 to 59 years
8473,19151,0.638285711544839,0.14285714285714285,0.5391572218434945,55 to 59 years
8474,16827,0.6525714258305534,0.2857142857142857,0.9815654535178133,55 to 59 years
8475,13700,0.7097142829734105,0.8571428571428571,0.8848505601048258,55 to 59 years
8476,18908,0.638285711544839,0.14285714285714285,0.40867826022237996,55 to 59 years
8477,17488,0.26074996775327347,0.14285714285714285,0.24836631174346657,60 to 64 years
8478,15803,0.6295713948086566,0.2857142857142857,0.8701113774615024,60 to 64 years
8479,11668,0.6295713948086566,0.2857142857142857,0.28222517567056954,60 to 64 years
8480,13887,0.6152856805229423,0.14285714285714285,0.34854425116852117,60 to 64 years
8481,18246,-0.1259880327483654,0.2857142857142857,0.46078888349137026,60 to 64 years
8482,13195,0.0,0.5714285714285714,0.3351531320547315,60 to 64 years
8483,11504,0.2577009845677848,0.8571428571428571,0.16190371517922214,60 to 64 years
8484,10242,0.6152856805229423,0.14285714285714285,0.6320816691706431,60 to 64 years
8485,17819,0.09839031139374046,0.5714285714285714,0.6898558509243726,60 to 64 years
8486,12241,0.6581428233800852,0.5714285714285714,0.5890453779273473,60 to 64 years
8487,14385,0.6295713948086566,0.2857142857142857,0.6871216887398826,60 to 64 years
8488,18931,0.6581428233800852,0.5714285714285714,0.7028499438588316,60 to 64 years
8489,15935,0.6438571090943709,0.42857142857142855,0.915971172909929,60 to 64 years
8490,19818,0.5083002581664173,0.2857142857142857,0.20031437913925199,60 to 64 years
8491,18934,0.11749144445376013,0.5714285714285714,0.5043675466120843,60 to 64 years
8492,17925,0.6867142519515138,0.8571428571428571,0.8139520086210592,60 to 64 years
8493,16197,0.07512977823801631,0.2857142857142857,0.48277885044479524,60 to 64 years
8494,15062,0.6438571090943709,0.42857142857142855,0.9331901724873914,60 to 64 years
8495,17197,0.6438571090943709,0.42857142857142855,0.31384334919625,60 to 64 years
8496,16699,0.2076222760475511,0.2857142857142857,0.7271434441712765,60 to 64 years
8497,11618,0.5635714593270187,0.14285714285714285,0.41344629765055874,60 to 64 years
8498,14709,0.6295713948086566,0.2857142857142857,0.6709933899982298,60 to 64 years
8499,12588,0.6867142519515138,0.8571428571428571,0.5965697755690382,60 to 64 years
8500,17271,0.6295713948086566,0.2857142857142857,0.8293300203885047,60 to 64 years
8501,13455,0.6867142519515138,0.8571428571428571,0.3848292802453015,60 to 64 years
8502,19030,0.6581428233800852,0.5714285714285714,0.09363053408929467,60 to 64 years
8503,12294,-0.1599949670844854,0.2857142857142857,0.7756075571210158,60 to 64 years
8504,19115,0.6152856805229423,0.14285714285714285,0.672619143455313,60 to 64 years
8505,16862,0.6295713948086566,0.2857142857142857,0.8337903145289577,60 to 64 years
8506,13768,0.6867142519515138,0.8571428571428571,0.5134195941786701,60 to 64 years
8507,14870,0.6295713948086566,0.2857142857142857,0.19202760425927157,60 to 64 years
8508,15706,0.6581428233800852,0.5714285714285714,0.698954994495225,60 to 64 years
8509,13452,0.6581428233800852,0.5714285714285714,0.7824122992213153,60 to 64 years
8510,10962,0.6581428233800852,0.5714285714285714,0.2925663344362686,60 to 64 years
8511,19722,0.6581428233800852,0.5714285714285714,0.6223357923658865,60 to 64 years
8512,17312,0.6295713948086566,0.2857142857142857,0.4755299206797222,60 to 64 years
8513,12525,0.6152856805229423,0.14285714285714285,0.9016808934712197,60 to 64 years
8514,13116,0.4090412023483609,0.14285714285714285,0.22440642820083412,60 to 64 years
8515,19006,0.6867142519515138,0.8571428571428571,0.29010339942565727,60 to 64 years
8516,19366,0.700999966237228,1.0,0.35685169699609987,60 to 64 years
8517,16062,0.700999966237228,1.0,0.8512926629498279,60 to 64 years
8518,18045,0.6438571090943709,0.42857142857142855,0.7528433664119403,60 to 64 years
8519,13966,0.6152856805229423,0.14285714285714285,0.3717079003600546,60 to 64 years
8520,18727,0.6581428233800852,0.5714285714285714,0.6571078181888909,60 to 64 years
8521,17841,0.3028555134270112,0.8571428571428571,0.30526682837374763,60 to 64 years
8522,18425,0.6152856805229423,0.14285714285714285,0.6136799201243998,60 to 64 years
8523,16792,0.6581428233800852,0.5714285714285714,0.9371253688848427,60 to 64 years
8524,18365,0.29009483680834325,0.14285714285714285,0.13261754597779235,60 to 64 years
8525,19482,0.6295713948086566,0.2857142857142857,0.6864889263353825,60 to 64 years
8526,10462,0.6438571090943709,0.42857142857142855,0.2631960326606184,60 to 64 years
8527,17241,0.6867142519515138,0.8571428571428571,0.5332569675189585,60 to 64 years
8528,10045,-0.09672555935449213,0.5714285714285714,0.9800538409729074,60 to 64 years
8529,13941,0.08436980901636681,0.14285714285714285,0.2639583655048866,60 to 64 years
8530,15343,0.15023167076117916,0.14285714285714285,0.4988922019457729,60 to 64 years
8531,17592,0.6438571090943709,0.42857142857142855,0.4032811380059491,60 to 64 years
8532,11369,0.6581428233800852,0.5714285714285714,0.5561001168498831,60 to 64 years
8533,10109,0.6295713948086566,0.2857142857142857,0.5774700458934181,60 to 64 years
8534,11225,0.2762178319981061,0.42857142857142855,0.25728735324744595,60 to 64 years
8535,10738,0.6867142519515138,0.8571428571428571,0.5152542765827964,60 to 64 years
8536,13492,0.700999966237228,1.0,0.7326560584263255,60 to 64 years
8537,10569,0.24542554718172202,0.42857142857142855,0.460505643290847,60 to 64 years
8538,11386,0.700999966237228,1.0,0.01223524434439549,60 to 64 years
8539,18132,0.6581428233800852,0.5714285714285714,0.03072497694746723,60 to 64 years
8540,16651,0.2116912467944518,0.14285714285714285,0.8926726030697932,60 to 64 years
8541,17684,0.6867142519515138,0.8571428571428571,0.5697297253716671,60 to 64 years
8542,11108,0.6724285376657995,0.7142857142857142,0.8397433916640915,60 to 64 years
8543,13835,0.6867142519515138,0.8571428571428571,0.9425485598179075,60 to 64 years
8544,15513,0.28142700244008345,0.7142857142857142,0.07116431936177342,60 to 64 years
8545,15763,0.700999966237228,1.0,0.8457469877355137,60 to 64 years
8546,11648,0.6295713948086566,0.2857142857142857,0.31343203499552685,60 to 64 years
8547,17718,0.6295713948086566,0.2857142857142857,0.19076241070266037,60 to 64 years
8548,16035,0.6295713948086566,0.2857142857142857,0.7260933011560793,60 to 64 years
8549,18258,0.6581428233800852,0.5714285714285714,0.36635377609734826,60 to 64 years
8550,12363,0.14594582880324555,0.8571428571428571,0.2778360331735697,60 to 64 years
8551,15305,0.6867142519515138,0.8571428571428571,0.5960348301172335,60 to 64 years
8552,10905,0.6152856805229423,0.14285714285714285,0.7077392374131594,60 to 64 years
8553,16060,0.6867142519515138,0.8571428571428571,0.28666812120092033,60 to 64 years
8554,18546,0.33643325094595206,0.2857142857142857,0.8978479603912422,60 to 64 years
8555,10032,0.6152856805229423,0.14285714285714285,0.7410234472637486,60 to 64 years
8556,19631,0.6867142519515138,0.8571428571428571,0.7942613911807078,60 to 64 years
8557,16942,0.6438571090943709,0.42857142857142855,0.6526729900915543,60 to 64 years
8558,15933,0.6152856805229423,0.14285714285714285,0.307793819915485,60 to 64 years
8559,15182,0.15452165051663325,0.5714285714285714,0.10099950742998132,60 to 64 years
8560,18098,0.12451563841940497,0.7142857142857142,0.7076733821570188,60 to 64 years
8561,12947,0.6295713948086566,0.2857142857142857,0.41962760679985944,60 to 64 years
8562,10050,0.6295713948086566,0.2857142857142857,0.5054720658843902,60 to 64 years
8563,13971,0.6295713948086566,0.2857142857142857,0.8499900506884247,60 to 64 years
8564,14100,0.6581428233800852,0.5714285714285714,0.7157979258685221,60 to 64 years
8565,15526,0.3333713891585048,0.8571428571428571,0.6119215880793306,60 to 64 years
8566,16368,0.6152856805229423,0.14285714285714285,0.35564732810340566,60 to 64 years
8567,10227,0.15454756183639817,0.5714285714285714,0.23100555839926074,60 to 64 years
8568,13667,-0.18862606587004488,0.5714285714285714,0.1680002736429641,60 to 64 years
8569,19121,0.6152856805229423,0.14285714285714285,0.40560497528502565,60 to 64 years
8570,16024,0.6036906574306584,0.8571428571428571,0.5411530101395998,60 to 64 years
8571,10726,0.6295713948086566,0.2857142857142857,0.107218321518046,60 to 64 years
8572,16608,0.6152856805229423,0.14285714285714285,0.2493608949413772,60 to 64 years
8573,17359,0.6581428233800852,0.5714285714285714,0.668201496824444,60 to 64 years
8574,14801,0.6295713948086566,0.2857142857142857,0.5389773672013416,60 to 64 years
8575,13505,0.6152856805229423,0.14285714285714285,0.37797319832513676,60 to 64 years
8576,12101,0.6867142519515138,0.8571428571428571,0.6463909037042843,60 to 64 years
8577,12502,0.6295713948086566,0.2857142857142857,0.3160023607135651,60 to 64 years
8578,11097,0.700999966237228,1.0,0.6402810402747545,60 to 64 years
8579,13584,0.6581428233800852,0.5714285714285714,0.6798329933984419,60 to 64 years
8580,12795,0.6295713948086566,0.2857142857142857,0.5800163423241285,60 to 64 years
8581,15641,0.6581428233800852,0.5714285714285714,0.46197647028863653,60 to 64 years
8582,10754,0.6438571090943709,0.42857142857142855,0.039782200529571266,60 to 64 years
8583,13881,0.6295713948086566,0.2857142857142857,0.8413470987312843,60 to 64 years
8584,10049,0.6867142519515138,0.8571428571428571,0.7344692230047905,60 to 64 years
8585,10098,-0.10192070595750101,0.14285714285714285,0.5951246863452512,60 to 64 years
8586,18063,0.6867142519515138,0.8571428571428571,0.5399327257704806,60 to 64 years
8587,12971,0.6152856805229423,0.14285714285714285,0.7148886203202224,60 to 64 years
8588,10718,0.6438571090943709,0.42857142857142855,0.9260064807272124,60 to 64 years
8589,16456,0.6581428233800852,0.5714285714285714,0.1531667173713424,60 to 64 years
8590,18915,0.6152856805229423,0.14285714285714285,0.6954394307694975,60 to 64 years
8591,13761,0.4426168874748453,0.2857142857142857,0.10520010198191887,60 to 64 years
8592,13380,0.40283627857451776,0.42857142857142855,0.6061517192494164,60 to 64 years
8593,13346,0.6295713948086566,0.2857142857142857,0.27393205086558964,60 to 64 years
8594,17064,0.700999966237228,1.0,0.8386957895805849,60 to 64 years
8595,16242,0.700999966237228,1.0,0.37906990288801723,60 to 64 years
8596,17431,0.6295713948086566,0.2857142857142857,0.2052754837880149,60 to 64 years
8597,18899,0.6581428233800852,0.5714285714285714,0.7291024397406219,60 to 64 years
8598,12679,0.6581428233800852,0.5714285714285714,0.323547303531453,60 to 64 years
8599,18708,-0.04531433977811327,0.2857142857142857,0.7835804966233137,60 to 64 years
8600,18134,0.6867142519515138,0.8571428571428571,0.30723215750527216,60 to 64 years
8601,10335,-0.16118567470858575,0.2857142857142857,0.31726530943548004,60 to 64 years
8602,13020,0.6581428233800852,0.5714285714285714,0.8129854157912668,60 to 64 years
8603,17580,0.6724285376657995,0.7142857142857142,0.8846345269527695,60 to 64 years
8604,19569,0.6581428233800852,0.5714285714285714,0.37289680842770523,60 to 64 years
8605,15562,0.1745458461485495,0.42857142857142855,0.5872038513910643,60 to 64 years
8606,19821,0.38496425378741456,1.0,0.4312367141485747,60 to 64 years
8607,13732,0.2410456137746498,0.14285714285714285,0.47480279077692944,60 to 64 years
8608,18410,0.6295713948086566,0.2857142857142857,0.9429869288600886,60 to 64 years
8609,17922,0.6581428233800852,0.5714285714285714,0.5761706449332973,60 to 64 years
8610,16869,0.4076161157545375,0.5714285714285714,0.7056744944936808,60 to 64 years
8611,15452,0.6295713948086566,0.2857142857142857,0.6613193483190045,60 to 64 years
8612,11106,0.6581428233800852,0.5714285714285714,0.9036125399029069,60 to 64 years
8613,15663,0.443250677961082,0.14285714285714285,0.6566515302929007,60 to 64 years
8614,11030,0.1458055850588924,0.14285714285714285,0.5859809621270518,60 to 64 years
8615,10956,0.28273849557034675,0.14285714285714285,0.540521133025731,60 to 64 years
8616,10435,0.6295713948086566,0.2857142857142857,0.5929950392057793,60 to 64 years
8617,16785,0.6581428233800852,0.5714285714285714,0.81891507274125,60 to 64 years
8618,12918,0.6152856805229423,0.14285714285714285,0.6495193899252183,60 to 64 years
8619,15117,0.2829289602684405,0.14285714285714285,0.212440121521198,60 to 64 years
8620,17075,-0.10566990549715784,0.42857142857142855,0.17302913034869327,60 to 64 years
8621,15960,0.6867142519515138,0.8571428571428571,0.9118410941809871,60 to 64 years
8622,13902,0.700999966237228,1.0,0.4878398200600299,60 to 64 years
8623,15263,0.700999966237228,1.0,0.8744503860754871,60 to 64 years
8624,10753,0.2886339073053693,0.42857142857142855,0.5535902270075103,60 to 64 years
8625,12850,0.6867142519515138,0.8571428571428571,0.30199993033744443,60 to 64 years
8626,19614,0.3855936212884028,0.8571428571428571,0.8425684246717328,60 to 64 years
8627,15262,0.6581428233800852,0.5714285714285714,0.4659136825511875,60 to 64 years
8628,13147,0.5424548774873322,0.14285714285714285,0.44646646068471313,60 to 64 years
8629,14289,0.6867142519515138,0.8571428571428571,0.9361899870401789,60 to 64 years
8630,10320,0.6867142519515138,0.8571428571428571,0.5044818189105955,60 to 64 years
8631,13216,0.048994337229398284,0.42857142857142855,0.49095153457586393,60 to 64 years
8632,17658,0.6295713948086566,0.2857142857142857,0.8732982166463531,60 to 64 years
8633,18721,0.20693302982964448,0.14285714285714285,0.028371632396085644,60 to 64 years
8634,18066,0.06142079892922341,0.42857142857142855,0.7441594517855126,60 to 64 years
8635,13593,0.2363169081305663,0.2857142857142857,0.9653076812137081,60 to 64 years
8636,19999,0.6295713948086566,0.2857142857142857,0.51105180991819,60 to 64 years
8637,11566,0.6438571090943709,0.42857142857142855,0.7378997460058231,60 to 64 years
8638,10118,0.6295713948086566,0.2857142857142857,0.9101082933577436,60 to 64 years
8639,15885,-0.07240813096726642,0.42857142857142855,0.23548290701608993,60 to 64 years
8640,19868,0.6581428233800852,0.5714285714285714,0.6640964779390396,60 to 64 years
8641,18167,0.6867142519515138,0.8571428571428571,0.9586183330065119,60 to 64 years
8642,18248,0.3301703136797072,0.8571428571428571,0.5570233744619427,60 to 64 years
8643,11575,0.6152856805229423,0.14285714285714285,0.43595252659408623,60 to 64 years
8644,18261,0.6295713948086566,0.2857142857142857,0.8779374212016534,60 to 64 years
8645,16940,0.4961814406995362,0.5714285714285714,0.8848780903724371,60 to 64 years
8646,14513,0.6867142519515138,0.8571428571428571,0.5831336970095066,60 to 64 years
8647,17911,0.09789111098455192,0.5714285714285714,0.6372734039682083,60 to 64 years
8648,19146,0.6867142519515138,0.8571428571428571,0.3967878905877678,60 to 64 years
8649,14431,0.6867142519515138,0.8571428571428571,0.5764369569903284,60 to 64 years
8650,15796,0.6581428233800852,0.5714285714285714,0.8285802710983616,60 to 64 years
8651,19991,0.21050717109442163,0.5714285714285714,0.06815248136042029,60 to 64 years
8652,15409,0.2014942949831593,0.14285714285714285,0.2888803667995857,60 to 64 years
8653,18091,0.3580083147854021,0.42857142857142855,0.5366235349693064,60 to 64 years
8654,10536,0.6295713948086566,0.2857142857142857,0.3857933847167926,60 to 64 years
8655,16338,0.6295713948086566,0.2857142857142857,0.8611945168994939,60 to 64 years
8656,18920,0.6152856805229423,0.14285714285714285,0.2812293356816354,60 to 64 years
8657,10567,0.6295713948086566,0.2857142857142857,0.18162502325121116,60 to 64 years
8658,17897,0.6295713948086566,0.2857142857142857,0.5897661760002089,60 to 64 years
8659,12539,0.39379551798108464,0.2857142857142857,0.4308681760769343,60 to 64 years
8660,17049,0.4941919908001544,0.2857142857142857,0.13529296267258079,60 to 64 years
8661,18083,0.6867142519515138,0.8571428571428571,0.26971059412463877,60 to 64 years
8662,18436,0.6724285376657995,0.7142857142857142,0.5037582924662533,60 to 64 years
8663,11008,0.6581428233800852,0.5714285714285714,0.8479723897795617,60 to 64 years
8664,19354,0.6867142519515138,0.8571428571428571,0.7696209338075085,60 to 64 years
8665,10087,0.6438571090943709,0.42857142857142855,0.5529501874947932,60 to 64 years
8666,12404,0.45538634929252886,0.8571428571428571,0.7895063199027781,60 to 64 years
8667,14871,0.6152856805229423,0.14285714285714285,0.5741369561218057,60 to 64 years
8668,10299,0.27039700806155736,0.2857142857142857,0.6177136889678698,60 to 64 years
8669,11297,0.10827972966221305,0.2857142857142857,0.9109503726464546,60 to 64 years
8670,17247,0.6581428233800852,0.5714285714285714,0.388267711831279,60 to 64 years
8671,15969,0.6867142519515138,0.8571428571428571,0.12165378026493728,60 to 64 years
8672,10402,0.6581428233800852,0.5714285714285714,0.7478076086503633,60 to 64 years
8673,10883,0.6295713948086566,0.2857142857142857,0.5644176806695944,60 to 64 years
8674,10482,0.29690549768437147,0.14285714285714285,0.23348350900903486,60 to 64 years
8675,15133,0.6295713948086566,0.2857142857142857,0.3351218872299526,60 to 64 years
8676,16818,0.6295713948086566,0.2857142857142857,0.9419009907944402,60 to 64 years
8677,18856,0.6152856805229423,0.14285714285714285,0.3289858872366445,60 to 64 years
8678,18772,0.14681442622794294,0.8571428571428571,0.035110252915875995,60 to 64 years
8679,12862,0.327656280259719,0.2857142857142857,0.5528297827653501,60 to 64 years
8680,14442,0.6295713948086566,0.2857142857142857,0.27212047682123636,60 to 64 years
8681,11765,0.700999966237228,1.0,0.7455196703077809,60 to 64 years
8682,12266,0.6295713948086566,0.2857142857142857,0.5280287387206234,60 to 64 years
8683,17585,0.6867142519515138,0.8571428571428571,0.5398282179339231,60 to 64 years
8684,17183,0.6295713948086566,0.2857142857142857,0.3860483158623885,60 to 64 years
8685,19033,0.6581428233800852,0.5714285714285714,0.6842997364092025,60 to 64 years
8686,18952,0.6581428233800852,0.5714285714285714,0.3157663958616783,60 to 64 years
8687,19037,0.6295713948086566,0.2857142857142857,0.07930513385850946,60 to 64 years
8688,11859,0.6295713948086566,0.2857142857142857,0.5925879906454732,60 to 64 years
8689,14015,0.6867142519515138,0.8571428571428571,0.2712782467961366,60 to 64 years
8690,12508,0.6581428233800852,0.5714285714285714,0.8888547667589375,60 to 64 years
8691,14313,0.6581428233800852,0.5714285714285714,0.9146052441523873,60 to 64 years
8692,12248,0.6295713948086566,0.2857142857142857,0.7588071413560773,60 to 64 years
8693,19572,0.32209190277742605,0.2857142857142857,0.6981018987904457,60 to 64 years
8694,10414,0.6438571090943709,0.42857142857142855,0.7989041754021907,60 to 64 years
8695,14577,-0.1101542915804687,0.14285714285714285,0.46953182789982995,60 to 64 years
8696,16626,0.700999966237228,1.0,0.7636245652327337,60 to 64 years
8697,17269,0.6152856805229423,0.14285714285714285,0.10529341889017046,60 to 64 years
8698,13643,0.6295713948086566,0.2857142857142857,0.67835739881087,60 to 64 years
8699,16812,0.6867142519515138,0.8571428571428571,0.33027356251312323,60 to 64 years
8700,18278,0.6724285376657995,0.7142857142857142,0.8058904595095937,60 to 64 years
8701,15338,-0.18560906968249,1.0,0.18233922537369895,60 to 64 years
8702,11612,0.6438571090943709,0.42857142857142855,0.5582014561876749,60 to 64 years
8703,19860,0.6438571090943709,0.42857142857142855,0.9339710990796488,60 to 64 years
8704,11289,0.6867142519515138,0.8571428571428571,0.6818599243607473,60 to 64 years
8705,18230,0.6295713948086566,0.2857142857142857,0.4506973517087758,60 to 64 years
8706,14983,0.1507014265120211,0.14285714285714285,0.6180015144642791,60 to 64 years
8707,17824,0.0,0.5714285714285714,0.1103749818149235,60 to 64 years
8708,17141,0.6581428233800852,0.5714285714285714,0.9761417379351107,60 to 64 years
8709,11114,0.25265260348254004,0.14285714285714285,0.9398759551329965,60 to 64 years
8710,11279,0.6724285376657995,0.7142857142857142,0.20254343169172812,60 to 64 years
8711,16676,0.6867142519515138,0.8571428571428571,0.1561807606324923,60 to 64 years
8712,10007,-0.17103798885619179,0.2857142857142857,0.11504346756195366,60 to 64 years
8713,14594,0.6295713948086566,0.2857142857142857,0.8105886754092673,60 to 64 years
8714,14211,0.154947544191853,0.5714285714285714,0.39913706537209437,60 to 64 years
8715,11075,0.700999966237228,1.0,0.2791518597900078,60 to 64 years
8716,10696,0.07418220310057588,0.14285714285714285,0.3807116717766437,60 to 64 years
8717,17637,0.6867142519515138,0.8571428571428571,0.9381896744386549,60 to 64 years
8718,11047,0.6581428233800852,0.5714285714285714,0.3542371361505064,60 to 64 years
8719,11581,0.6867142519515138,0.8571428571428571,0.8983762852745094,60 to 64 years
8720,14135,0.6867142519515138,0.8571428571428571,0.35604139357930287,60 to 64 years
8721,13800,0.31240898386559607,0.5714285714285714,0.6401575015887457,60 to 64 years
8722,13431,0.34522649374065495,0.2857142857142857,0.5357596410521268,60 to 64 years
8723,15798,-0.11492689718860238,0.14285714285714285,0.3304256114674859,60 to 64 years
8724,10985,0.6295713948086566,0.2857142857142857,0.774504924794193,60 to 64 years
8725,12272,0.6867142519515138,0.8571428571428571,0.9937472544215291,60 to 64 years
8726,17085,0.6295713948086566,0.2857142857142857,0.15369661465107776,60 to 64 years
8727,19019,0.6581428233800852,0.5714285714285714,0.35423171545041154,60 to 64 years
8728,10875,0.6867142519515138,0.8571428571428571,0.7089985081586068,60 to 64 years
8729,10512,0.29205830960523105,0.2857142857142857,0.2364895251591872,60 to 64 years
8730,14342,0.6295713948086566,0.2857142857142857,0.3017845152641495,60 to 64 years
8731,14834,0.6152856805229423,0.14285714285714285,0.5273081505845983,60 to 64 years
8732,16272,0.700999966237228,1.0,0.5500499126523432,60 to 64 years
8733,11271,0.6581428233800852,0.5714285714285714,0.11021713813650535,60 to 64 years
8734,18500,0.6867142519515138,0.8571428571428571,0.803349680137279,60 to 64 years
8735,13153,0.3870145399682168,0.8571428571428571,0.7354050521115636,60 to 64 years
8736,17886,0.700999966237228,1.0,0.6280178611070069,60 to 64 years
8737,12736,0.18057075809598877,0.2857142857142857,0.7469113493984109,60 to 64 years
8738,16312,0.700999966237228,1.0,0.1922946350143162,60 to 64 years
8739,15095,0.39926845114680887,1.0,0.45599173827914286,60 to 64 years
8740,17723,0.29434198592948574,0.42857142857142855,0.8870864704572232,60 to 64 years
8741,19740,0.6295713948086566,0.2857142857142857,0.6113581643881665,60 to 64 years
8742,17785,0.13724322692310298,0.42857142857142855,0.5763306793408988,60 to 64 years
8743,15173,0.700999966237228,1.0,0.29964409247420964,60 to 64 years
8744,11089,0.005718479158414644,0.8571428571428571,0.4674644248885001,60 to 64 years
8745,17404,0.6581428233800852,0.5714285714285714,0.4959089299194871,60 to 64 years
8746,16143,0.700999966237228,1.0,0.6222008568484142,60 to 64 years
8747,11196,0.6152856805229423,0.14285714285714285,0.6066984158073739,60 to 64 years
8748,10667,0.6152856805229423,0.14285714285714285,0.7850597391964003,60 to 64 years
8749,12826,0.30077955977498355,0.42857142857142855,0.2774679041797076,60 to 64 years
8750,17499,0.16436635120965273,0.8571428571428571,0.19212270185002978,60 to 64 years
8751,15009,0.35014329648973375,0.5714285714285714,0.3463385439008724,60 to 64 years
8752,10807,0.6867142519515138,0.8571428571428571,0.12750913990266582,60 to 64 years
8753,13695,0.6152856805229423,0.14285714285714285,0.7173620411127772,60 to 64 years
8754,18307,0.6295713948086566,0.2857142857142857,0.5233154085005437,60 to 64 years
8755,18617,0.700999966237228,1.0,0.7972773358000917,60 to 64 years
8756,14024,0.6295713948086566,0.2857142857142857,0.8694250541654276,60 to 64 years
8757,16323,0.24114772781292473,1.0,0.45123410747763015,60 to 64 years
8758,14065,0.6581428233800852,0.5714285714285714,0.9126053694462334,60 to 64 years
8759,17506,0.24282807963291328,0.14285714285714285,0.5744423228967096,60 to 64 years
8760,10523,0.6152856805229423,0.14285714285714285,0.04576760165451488,60 to 64 years
8761,19206,0.6867142519515138,0.8571428571428571,0.7913021260960666,60 to 64 years
8762,14348,0.6581428233800852,0.5714285714285714,0.280139861895011,60 to 64 years
8763,15293,0.0,0.8571428571428571,0.8388833208347186,60 to 64 years
8764,15891,0.6867142519515138,0.8571428571428571,0.6261197649472929,60 to 64 years
8765,16579,0.36613860331613324,0.2857142857142857,0.8374472563842399,60 to 64 years
8766,14971,0.6867142519515138,0.8571428571428571,0.7250408335188084,60 to 64 years
8767,10788,0.6867142519515138,0.8571428571428571,0.3183968011838312,60 to 64 years
8768,19098,0.0,1.0,0.2529596165478049,60 to 64 years
8769,18597,0.6438571090943709,0.42857142857142855,0.5651516717731775,60 to 64 years
8770,14055,0.6295713948086566,0.2857142857142857,0.21304719525874205,60 to 64 years
8771,15392,0.6438571090943709,0.42857142857142855,0.2175775437041157,60 to 64 years
8772,12920,0.6438571090943709,0.42857142857142855,0.8235101646482939,60 to 64 years
8773,18654,0.700999966237228,1.0,0.7261065382670628,60 to 64 years
8774,10043,0.6581428233800852,0.5714285714285714,0.02539247062035277,60 to 64 years
8775,15572,0.6295713948086566,0.2857142857142857,0.7267216704544406,60 to 64 years
8776,19256,0.6295713948086566,0.2857142857142857,0.945735557082058,60 to 64 years
8777,15930,0.6867142519515138,0.8571428571428571,0.6009333331477863,60 to 64 years
8778,16421,0.6152856805229423,0.14285714285714285,0.4717212033553375,60 to 64 years
8779,16899,0.2503924340015845,0.5714285714285714,0.21425820620813602,60 to 64 years
8780,14646,0.700999966237228,1.0,0.14777431658883383,60 to 64 years
8781,19444,0.20023425619074034,0.14285714285714285,0.24268070572585615,60 to 64 years
8782,19854,0.6581428233800852,0.5714285714285714,0.3925821745996477,60 to 64 years
8783,15840,0.0,1.0,0.3788491449748139,60 to 64 years
8784,14510,0.2352020093935727,0.5714285714285714,0.5829301760781032,60 to 64 years
8785,13980,0.6438571090943709,0.42857142857142855,0.593528513977452,60 to 64 years
8786,12207,0.6152856805229423,0.14285714285714285,0.6101981326820154,60 to 64 years
8787,16968,0.6581428233800852,0.5714285714285714,0.009199837711614034,60 to 64 years
8788,14640,0.6438571090943709,0.42857142857142855,0.9343988320552783,60 to 64 years
8789,14894,0.6581428233800852,0.5714285714285714,0.48484978757348585,60 to 64 years
8790,18386,0.6581428233800852,0.5714285714285714,0.8188762991518039,60 to 64 years
8791,13604,0.3174632738937208,0.14285714285714285,0.07086455086518917,60 to 64 years
8792,14019,0.6867142519515138,0.8571428571428571,0.7621050193502414,60 to 64 years
8793,11696,0.6295713948086566,0.2857142857142857,0.6136030414530126,60 to 64 years
8794,17410,0.6867142519515138,0.8571428571428571,0.3782659210350483,60 to 64 years
8795,19634,-0.0038481773953277848,0.14285714285714285,0.26370720853292035,60 to 64 years
8796,15463,0.251174133110408,0.2857142857142857,0.7456127273973261,60 to 64 years
8797,10759,0.6295713948086566,0.2857142857142857,0.5816582611488592,60 to 64 years
8798,17915,0.6295713948086566,0.2857142857142857,0.49953830231345275,60 to 64 years
8799,12801,0.6152856805229423,0.14285714285714285,0.599224769609863,60 to 64 years
8800,17740,0.6152856805229423,0.14285714285714285,0.9684585539352172,60 to 64 years
8801,16029,0.6438571090943709,0.42857142857142855,0.6189970831170477,60 to 64 years
8802,18919,0.6724285376657995,0.7142857142857142,0.5074625482876642,60 to 64 years
8803,11427,0.6438571090943709,0.42857142857142855,0.6345119122982125,60 to 64 years
8804,15792,0.07426834122746387,0.2857142857142857,0.4867896304945502,60 to 64 years
8805,10517,0.47578281443979686,0.14285714285714285,0.6033814386938487,60 to 64 years
8806,13676,0.6152856805229423,0.14285714285714285,0.9337941258776676,60 to 64 years
8807,12332,0.19260763812989773,0.14285714285714285,0.5155366600909219,60 to 64 years
8808,12176,0.6867142519515138,0.8571428571428571,0.3799608974084846,60 to 64 years
8809,11216,0.6295713948086566,0.2857142857142857,0.37213271030376893,60 to 64 years
8810,10245,0.4274149067233189,0.14285714285714285,0.7134630264008999,60 to 64 years
8811,19205,-0.16654501087824602,0.7142857142857142,0.7129585895200956,60 to 64 years
8812,12621,0.6295713948086566,0.2857142857142857,0.5258555583897748,60 to 64 years
8813,14276,0.6295713948086566,0.2857142857142857,0.6419448810989563,60 to 64 years
8814,16516,0.6867142519515138,0.8571428571428571,0.6319661974856841,60 to 64 years
8815,15638,0.6438571090943709,0.42857142857142855,0.7989854345333325,60 to 64 years
8816,10520,0.0921135831316752,0.2857142857142857,0.7428795961917668,60 to 64 years
8817,10917,0.2663159542077691,0.5714285714285714,0.5354958615577688,60 to 64 years
8818,13858,0.6295713948086566,0.2857142857142857,0.911665250456948,60 to 64 years
8819,16829,0.6581428233800852,0.5714285714285714,0.2530848879443162,60 to 64 years
8820,12597,0.6295713948086566,0.2857142857142857,0.43445036481320437,60 to 64 years
8821,13215,0.6581428233800852,0.5714285714285714,0.03313060758011621,60 to 64 years
8822,18194,0.700999966237228,1.0,0.798460970411317,60 to 64 years
8823,12164,0.6581428233800852,0.5714285714285714,0.32484656002010703,60 to 64 years
8824,14149,0.6581428233800852,0.5714285714285714,0.22834555657388272,60 to 64 years
8825,18849,0.6581428233800852,0.5714285714285714,0.6922654994048686,60 to 64 years
8826,19648,0.6152856805229423,0.14285714285714285,0.3702045508899554,60 to 64 years
8827,19587,-0.18111081034461246,0.14285714285714285,0.5277363658637452,60 to 64 years
8828,11057,0.10362590340418555,0.5714285714285714,0.5855922590707241,60 to 64 years
8829,10888,0.6581428233800852,0.5714285714285714,0.2785684318364079,60 to 64 years
8830,13065,0.6438571090943709,0.42857142857142855,0.6432329200172463,60 to 64 years
8831,17067,0.6152856805229423,0.14285714285714285,0.8481867972362065,60 to 64 years
8832,19936,0.3351043688351383,0.7142857142857142,0.40686478730508546,60 to 64 years
8833,16970,0.6438571090943709,0.42857142857142855,0.9490108138827524,60 to 64 years
8834,16374,0.6581428233800852,0.5714285714285714,0.24836700358540487,60 to 64 years
8835,19326,0.6152856805229423,0.14285714285714285,0.42092741912624726,60 to 64 years
8836,14942,0.08856077181077308,0.2857142857142857,0.6062246990589912,60 to 64 years
8837,14481,0.6295713948086566,0.2857142857142857,0.8530402915689341,60 to 64 years
8838,11016,0.6295713948086566,0.2857142857142857,0.9253481518644313,60 to 64 years
8839,11689,0.6152856805229423,0.14285714285714285,0.37672112736965796,60 to 64 years
8840,13039,0.6867142519515138,0.8571428571428571,0.9908561078223541,60 to 64 years
8841,17883,-0.06664482672101579,0.5714285714285714,0.6176001313019502,60 to 64 years
8842,12239,0.6581428233800852,0.5714285714285714,0.4002331264168275,60 to 64 years
8843,17697,0.6152856805229423,0.14285714285714285,0.8446815050350125,60 to 64 years
8844,15446,0.6581428233800852,0.5714285714285714,0.28241691456338663,60 to 64 years
8845,14147,-0.14036180754624755,0.14285714285714285,0.06602028734948667,60 to 64 years
8846,19935,0.1294699247707675,0.5714285714285714,0.36108436240532016,60 to 64 years
8847,18743,0.6152856805229423,0.14285714285714285,0.3244762817471021,60 to 64 years
8848,13006,0.6581428233800852,0.5714285714285714,0.43390237591200537,60 to 64 years
8849,18424,0.6867142519515138,0.8571428571428571,0.9357662782076279,60 to 64 years
8850,13760,0.6152856805229423,0.14285714285714285,0.3527006027223384,60 to 64 years
8851,13013,-0.07120138001571265,0.14285714285714285,0.04234498049395391,60 to 64 years
8852,18413,0.5484324714468348,1.0,0.15618537335104238,60 to 64 years
8853,11959,0.6867142519515138,0.8571428571428571,0.6162822167095963,60 to 64 years
8854,10894,0.32839272207864334,0.2857142857142857,0.6572646210555653,60 to 64 years
8855,15201,0.6152856805229423,0.14285714285714285,0.29646189999223527,60 to 64 years
8856,18208,0.6295713948086566,0.2857142857142857,0.508575997867726,60 to 64 years
8857,19281,0.6152856805229423,0.14285714285714285,0.10333628858093796,60 to 64 years
8858,10394,0.029926334280349656,0.2857142857142857,0.6605673058149797,60 to 64 years
8859,16052,0.6152856805229423,0.14285714285714285,0.4494154941655942,60 to 64 years
8860,18858,0.25874977622644585,0.2857142857142857,0.2040479235245316,60 to 64 years
8861,14542,0.6867142519515138,0.8571428571428571,0.4045873830151697,60 to 64 years
8862,17614,0.6295713948086566,0.2857142857142857,0.49177617166851756,60 to 64 years
8863,19217,0.6152856805229423,0.14285714285714285,0.8889768890712755,60 to 64 years
8864,16740,0.08198077116921337,0.2857142857142857,0.6897814068373044,60 to 64 years
8865,16131,0.6152856805229423,0.14285714285714285,0.6949671400992579,60 to 64 years
8866,19439,0.6438571090943709,0.42857142857142855,0.5246989922650842,60 to 64 years
8867,17825,0.6438571090943709,0.42857142857142855,0.5152783371102962,60 to 64 years
8868,14733,0.6867142519515138,0.8571428571428571,0.8408558298732205,60 to 64 years
8869,16825,0.6295713948086566,0.2857142857142857,0.3536736967624875,60 to 64 years
8870,19870,0.6152856805229423,0.14285714285714285,0.9186422428438852,60 to 64 years
8871,16488,0.6295713948086566,0.2857142857142857,0.0975855081726203,60 to 64 years
8872,18245,0.2383389110523916,0.2857142857142857,0.028489923034125342,60 to 64 years
8873,13454,0.6295713948086566,0.2857142857142857,0.3886794407940509,60 to 64 years
8874,12420,0.6581428233800852,0.5714285714285714,0.44924593547603353,60 to 64 years
8875,16140,0.6295713948086566,0.2857142857142857,0.7740591871055598,60 to 64 years
8876,13608,0.6295713948086566,0.2857142857142857,0.33951516474028653,60 to 64 years
8877,18863,-0.18423986869620645,0.14285714285714285,0.025690172579176607,60 to 64 years
8878,16419,0.6295713948086566,0.2857142857142857,0.7935127963000219,60 to 64 years
8879,16525,0.6867142519515138,0.8571428571428571,0.19002393310548416,60 to 64 years
8880,13138,0.6581428233800852,0.5714285714285714,0.42977017751445656,60 to 64 years
8881,10647,0.6438571090943709,0.42857142857142855,0.329235987599962,60 to 64 years
8882,11675,0.6867142519515138,0.8571428571428571,0.6699935204247727,60 to 64 years
8883,16216,0.6867142519515138,0.8571428571428571,0.6593804832098221,60 to 64 years
8884,19601,0.49122997808343216,0.2857142857142857,0.07049134128265028,60 to 64 years
8885,10078,0.700999966237228,1.0,0.17964458714547998,60 to 64 years
8886,18289,0.6867142519515138,0.8571428571428571,0.7536871319276216,60 to 64 years
8887,13111,0.14210099351714492,0.14285714285714285,0.3782274134666808,60 to 64 years
8888,19488,0.6867142519515138,0.8571428571428571,0.7111298817660116,60 to 64 years
8889,17118,0.1957145518835108,0.14285714285714285,0.6259732552582081,60 to 64 years
8890,19447,0.700999966237228,1.0,0.8315875716381135,60 to 64 years
8891,10953,0.6152856805229423,0.14285714285714285,0.6160802185803508,60 to 64 years
8892,10514,0.6295713948086566,0.2857142857142857,0.7505234899738287,60 to 64 years
8893,11519,0.6438571090943709,0.42857142857142855,0.4855528013910676,60 to 64 years
8894,18531,0.010363043663263346,0.2857142857142857,0.5558270226688277,60 to 64 years
8895,13743,-0.2537635333397465,0.2857142857142857,0.4527348842273284,60 to 64 years
8896,13522,0.6724285376657995,0.7142857142857142,0.9218070653106247,60 to 64 years
8897,16834,0.3628830181749266,0.8571428571428571,0.03236345228163484,60 to 64 years
8898,18998,0.6867142519515138,0.8571428571428571,0.9872373999466664,60 to 64 years
8899,16953,0.6581428233800852,0.5714285714285714,0.8164108790964671,60 to 64 years
8900,10314,0.6438571090943709,0.42857142857142855,0.12371328486520677,60 to 64 years
8901,18355,0.5922854005666679,0.14285714285714285,0.272183290438823,65 to 69 years
8902,10236,0.3334297841758643,0.8571428571428571,0.3234778539598816,65 to 69 years
8903,14251,0.10666349744441295,0.14285714285714285,0.5165065025891971,65 to 69 years
8904,11428,-0.1992652412135254,0.14285714285714285,0.40317429824015116,65 to 69 years
8905,12752,0.6637139719952394,0.8571428571428571,0.510909467853631,65 to 69 years
8906,16133,0.6208568291380965,0.42857142857142855,0.7731764747164785,65 to 69 years
8907,17087,0.6208568291380965,0.42857142857142855,0.764256839945203,65 to 69 years
8908,15820,0.6065711148523822,0.2857142857142857,0.9589145483651587,65 to 69 years
8909,17559,0.2778127416209099,0.5714285714285714,0.9379772321056338,65 to 69 years
8910,11747,0.6779996862809536,1.0,0.5430890853696747,65 to 69 years
8911,10890,0.167141686976874,0.14285714285714285,0.6466174127553473,65 to 69 years
8912,18021,-0.168944034892698,0.2857142857142857,0.6736924817852571,65 to 69 years
8913,15917,0.6779996862809536,1.0,0.5759162889206905,65 to 69 years
8914,14111,0.08540213034009791,0.42857142857142855,0.8926270793640048,65 to 69 years
8915,18271,0.11637053708092783,0.2857142857142857,0.540172241393689,65 to 69 years
8916,10749,-0.13809775232844754,0.2857142857142857,0.27384080014139384,65 to 69 years
8917,11471,0.2719152016611933,0.2857142857142857,0.5351532756408139,65 to 69 years
8918,16465,0.041556112408031746,0.14285714285714285,0.5650397293768877,65 to 69 years
8919,19591,0.5922854005666679,0.14285714285714285,0.630688218182867,65 to 69 years
8920,13178,0.6065711148523822,0.2857142857142857,0.8719297610831621,65 to 69 years
8921,19933,0.6208568291380965,0.42857142857142855,0.4171223343322367,65 to 69 years
8922,19857,-0.1650142703525152,0.42857142857142855,0.12817330280971756,65 to 69 years
8923,15038,0.6779996862809536,1.0,0.4715401337353291,65 to 69 years
8924,14815,0.24976283807317298,0.5714285714285714,0.012416591066388927,65 to 69 years
8925,18079,0.6065711148523822,0.2857142857142857,0.949662243797269,65 to 69 years
8926,17792,0.6637139719952394,0.8571428571428571,0.40961159006204395,65 to 69 years
8927,10871,0.6351425434238108,0.5714285714285714,0.5333971239541547,65 to 69 years
8928,19958,0.6637139719952394,0.8571428571428571,0.5428137784643478,65 to 69 years
8929,16277,-0.2139649481458981,0.2857142857142857,0.054180853980943466,65 to 69 years
8930,12827,0.6065711148523822,0.2857142857142857,0.5138747648953684,65 to 69 years
8931,15746,0.6065711148523822,0.2857142857142857,0.5904043344379323,65 to 69 years
8932,10640,0.6208568291380965,0.42857142857142855,0.3546935110085617,65 to 69 years
8933,13127,0.6637139719952394,0.8571428571428571,0.19079557620448157,65 to 69 years
8934,19199,0.06636623232678468,0.2857142857142857,0.5181633123153042,65 to 69 years
8935,10950,0.6351425434238108,0.5714285714285714,0.918667567830104,65 to 69 years
8936,14754,0.6351425434238108,0.5714285714285714,0.8569538978930884,65 to 69 years
8937,13271,0.6494282577095251,0.7142857142857142,0.8714768070855392,65 to 69 years
8938,18684,0.16930352234715096,0.14285714285714285,0.3853392088851836,65 to 69 years
8939,10240,0.6208568291380965,0.42857142857142855,0.6334374915447148,65 to 69 years
8940,14437,0.6208568291380965,0.42857142857142855,0.26085803156110954,65 to 69 years
8941,11568,0.6351425434238108,0.5714285714285714,0.9826740236661525,65 to 69 years
8942,19351,0.06899983450283068,0.14285714285714285,0.43516771206851995,65 to 69 years
8943,12746,0.0,0.8571428571428571,0.8543221727691448,65 to 69 years
8944,12431,0.6208568291380965,0.42857142857142855,0.6874928750209311,65 to 69 years
8945,18111,0.0701820554064164,0.2857142857142857,0.817776098947492,65 to 69 years
8946,16911,0.3167170135587249,0.2857142857142857,0.9733893719079656,65 to 69 years
8947,15396,0.6065711148523822,0.2857142857142857,0.35782243667012864,65 to 69 years
8948,18598,0.6637139719952394,0.8571428571428571,0.6037337636039917,65 to 69 years
8949,18505,0.6637139719952394,0.8571428571428571,0.7954381475610327,65 to 69 years
8950,19601,0.4682296981271576,0.2857142857142857,0.07049134128265028,65 to 69 years
8951,13907,0.6637139719952394,0.8571428571428571,0.7881384502987782,65 to 69 years
8952,15470,0.6351425434238108,0.5714285714285714,0.2576967043933241,65 to 69 years
8953,10549,-0.07481467272203243,0.14285714285714285,0.06333650851202399,65 to 69 years
8954,14076,0.5922854005666679,0.14285714285714285,0.44156242182212235,65 to 69 years
8955,13824,0.14427494872617327,0.8571428571428571,0.8860726920120656,65 to 69 years
8956,12395,0.0,0.2857142857142857,0.16591335794032253,65 to 69 years
8957,18124,0.14352545625651036,1.0,0.17891431484789627,65 to 69 years
8958,10788,0.6637139719952394,0.8571428571428571,0.3183968011838312,65 to 69 years
8959,19221,0.6637139719952394,0.8571428571428571,0.5772759142187713,65 to 69 years
8960,15918,-0.22362663793142476,0.8571428571428571,0.25439385103904,65 to 69 years
8961,19586,-0.07580458673074718,0.42857142857142855,0.3963031023493941,65 to 69 years
8962,17192,0.6208568291380965,0.42857142857142855,0.270171696340732,65 to 69 years
8963,15764,0.10969742595482193,0.14285714285714285,0.03425453390659172,65 to 69 years
8964,19865,0.6779996862809536,1.0,0.5599580936664058,65 to 69 years
8965,17179,0.6637139719952394,0.8571428571428571,0.4142101915052757,65 to 69 years
8966,11402,0.5922854005666679,0.14285714285714285,0.7548779148438656,65 to 69 years
8967,17028,0.5922854005666679,0.14285714285714285,0.4714384027231567,65 to 69 years
8968,15395,0.6065711148523822,0.2857142857142857,0.9722025882387438,65 to 69 years
8969,18110,0.48341510346409317,0.2857142857142857,0.6397753578578784,65 to 69 years
8970,18832,0.6351425434238108,0.5714285714285714,0.35387964594041055,65 to 69 years
8971,10507,0.6637139719952394,0.8571428571428571,0.22587325328999847,65 to 69 years
8972,13849,0.6208568291380965,0.42857142857142855,0.459971078120916,65 to 69 years
8973,14363,0.6637139719952394,0.8571428571428571,0.4584214231574884,65 to 69 years
8974,13956,0.34822100786704896,0.5714285714285714,0.3050190327230249,65 to 69 years
8975,13293,0.6065711148523822,0.2857142857142857,0.3039585349700563,65 to 69 years
8976,19864,0.6637139719952394,0.8571428571428571,0.09025944902529337,65 to 69 years
8977,14876,0.6494282577095251,0.7142857142857142,0.5722736566965647,65 to 69 years
8978,16973,0.6637139719952394,0.8571428571428571,0.9555172373557858,65 to 69 years
8979,10802,0.24667528332723568,0.2857142857142857,0.5667569746116446,65 to 69 years
8980,17914,-0.19003904803711053,0.14285714285714285,0.3082411464928107,65 to 69 years
8981,11772,0.5922854005666679,0.14285714285714285,0.4971238115402207,65 to 69 years
8982,18141,0.6779996862809536,1.0,0.3012339469530713,65 to 69 years
8983,12607,0.5922854005666679,0.14285714285714285,0.7099655101745139,65 to 69 years
8984,13509,0.2688380218488063,0.14285714285714285,0.16138091101472202,65 to 69 years
8985,12712,0.051624139446217875,0.2857142857142857,0.8766116879149346,65 to 69 years
8986,18176,0.1959912270714402,0.42857142857142855,0.8265429592479453,65 to 69 years
8987,17363,0.6637139719952394,0.8571428571428571,0.8111859010956644,65 to 69 years
8988,10901,0.6494282577095251,0.7142857142857142,0.5564122728823355,65 to 69 years
8989,19662,-0.062057558314016825,0.42857142857142855,0.1804874242119679,65 to 69 years
8990,18039,0.0,0.5714285714285714,0.7853686659569601,65 to 69 years
8991,10964,0.08108317048348734,0.14285714285714285,0.8047537587265794,65 to 69 years
8992,15767,0.6351425434238108,0.5714285714285714,0.10433541046370853,65 to 69 years
8993,17510,0.17265659427727467,0.5714285714285714,0.4553044645696535,65 to 69 years
8994,13504,0.6351425434238108,0.5714285714285714,0.07749656425438534,65 to 69 years
8995,11406,0.6637139719952394,0.8571428571428571,0.15020421563492908,65 to 69 years
8996,12544,0.6065711148523822,0.2857142857142857,0.49397524820290156,65 to 69 years
8997,18991,0.6637139719952394,0.8571428571428571,0.19994794806432675,65 to 69 years
8998,14287,0.2926969096100317,0.5714285714285714,0.2631523306548607,65 to 69 years
8999,15624,0.6779996862809536,1.0,0.5611421087106199,65 to 69 years
9000,13554,0.6351425434238108,0.5714285714285714,0.12460267948498405,65 to 69 years
9001,15214,0.6351425434238108,0.5714285714285714,0.4837929050995673,65 to 69 years
9002,10930,0.6351425434238108,0.5714285714285714,0.5096552401029425,65 to 69 years
9003,17878,0.6065711148523822,0.2857142857142857,0.2118685615435733,65 to 69 years
9004,11644,0.6779996862809536,1.0,0.29233107139629,65 to 69 years
9005,15272,0.6065711148523822,0.2857142857142857,0.808614262707403,65 to 69 years
9006,12979,0.5922854005666679,0.14285714285714285,0.5483113531493524,65 to 69 years
9007,13498,0.42513633345541046,0.14285714285714285,0.7791048255161274,65 to 69 years
9008,14282,0.07804614996156034,0.5714285714285714,0.5572318089029159,65 to 69 years
9009,18889,0.6065711148523822,0.2857142857142857,0.232171126052015,65 to 69 years
9010,10166,-0.03663197856065022,0.5714285714285714,0.5246014765607463,65 to 69 years
9011,15848,0.6351425434238108,0.5714285714285714,0.43574169015204356,65 to 69 years
9012,10646,0.1461812063269755,1.0,0.37335831844157774,65 to 69 years
9013,11899,0.6065711148523822,0.2857142857142857,0.48187760856003004,65 to 69 years
9014,19099,0.6351425434238108,0.5714285714285714,0.9162705668463424,65 to 69 years
9015,18549,0.20520658399148917,0.2857142857142857,0.44738369320734755,65 to 69 years
9016,18854,0.6351425434238108,0.5714285714285714,0.8278499006377633,65 to 69 years
9017,15344,0.6637139719952394,0.8571428571428571,0.14026734067468,65 to 69 years
9018,12611,0.6065711148523822,0.2857142857142857,0.8666067107313408,65 to 69 years
9019,13689,-0.011491152345311109,0.5714285714285714,0.5039408074666721,65 to 69 years
9020,13050,0.6351425434238108,0.5714285714285714,0.3808615503870201,65 to 69 years
9021,14245,0.6065711148523822,0.2857142857142857,0.9572335407634147,65 to 69 years
9022,12858,0.6351425434238108,0.5714285714285714,0.6553745707571598,65 to 69 years
9023,13174,0.6637139719952394,0.8571428571428571,0.6314324968878982,65 to 69 years
9024,17112,0.6208568291380965,0.42857142857142855,0.8523928807903787,65 to 69 years
9025,12772,0.0941039573494277,0.2857142857142857,0.998589032555385,65 to 69 years
9026,18936,-0.023426811362425956,0.2857142857142857,0.006739912766965395,65 to 69 years
9027,17909,0.6065711148523822,0.2857142857142857,0.7890526051677368,65 to 69 years
9028,16270,0.5922854005666679,0.14285714285714285,0.4571632582022636,65 to 69 years
9029,10686,0.6637139719952394,0.8571428571428571,0.6409653764138593,65 to 69 years
9030,18116,0.26983338411860597,0.5714285714285714,0.5656357432839725,65 to 69 years
9031,12832,0.6065711148523822,0.2857142857142857,0.9146440227816581,65 to 69 years
9032,17798,0.6351425434238108,0.5714285714285714,0.3485049384300526,65 to 69 years
9033,15772,0.6065711148523822,0.2857142857142857,0.1349234789889212,65 to 69 years
9034,13572,0.38803792553876854,1.0,0.3842935163918054,65 to 69 years
9035,16229,0.6208568291380965,0.42857142857142855,0.7980819442372616,65 to 69 years
9036,17787,0.6779996862809536,1.0,0.408275105956035,65 to 69 years
9037,12685,0.32288947171576665,1.0,0.06440023762128949,65 to 69 years
9038,12045,0.6637139719952394,0.8571428571428571,0.7588688722813384,65 to 69 years
9039,14678,0.5922854005666679,0.14285714285714285,0.3080134992440598,65 to 69 years
9040,17697,0.09598041795636578,0.14285714285714285,0.8446815050350125,65 to 69 years
9041,11887,0.5166667463001721,0.8571428571428571,0.5019427508019156,65 to 69 years
9042,11123,0.5922854005666679,0.14285714285714285,0.2297350990494585,65 to 69 years
9043,19210,0.1546223624503782,0.14285714285714285,0.006507953965333879,65 to 69 years
9044,11201,0.6637139719952394,0.8571428571428571,0.19496675708446465,65 to 69 years
9045,19613,0.6351425434238108,0.5714285714285714,0.46855580256836366,65 to 69 years
9046,16522,0.5922854005666679,0.14285714285714285,0.47570603242727716,65 to 69 years
9047,16381,-0.2654522122292693,0.14285714285714285,0.8757117817930368,65 to 69 years
9048,12709,-0.09810674665770236,0.7142857142857142,0.39816231958103665,65 to 69 years
9049,15193,0.5922854005666679,0.14285714285714285,0.7937137153531773,65 to 69 years
9050,17688,0.6208568291380965,0.42857142857142855,0.34366624934922646,65 to 69 years
9051,13128,0.0,0.5714285714285714,0.8484637216405542,65 to 69 years
9052,10317,0.6637139719952394,0.8571428571428571,0.7930157768161243,65 to 69 years
9053,10131,-0.002908507881598882,0.8571428571428571,0.39958004771712896,65 to 69 years
9054,18980,0.2972262939784445,0.14285714285714285,0.8017044968633331,65 to 69 years
9055,17436,0.3647655991477325,0.8571428571428571,0.3278405013789617,65 to 69 years
9056,15497,-0.02321025576313793,0.2857142857142857,0.7590178541489937,65 to 69 years
9057,12831,0.5922854005666679,0.14285714285714285,0.480170129236889,65 to 69 years
9058,11634,0.6065711148523822,0.2857142857142857,0.2525055133807274,65 to 69 years
9059,12722,0.6779996862809536,1.0,0.8478509314826769,65 to 69 years
9060,10251,-0.13028767917659465,0.2857142857142857,0.6590130181462481,65 to 69 years
9061,10280,0.6208568291380965,0.42857142857142855,0.7329815193162813,65 to 69 years
9062,16665,0.6065711148523822,0.2857142857142857,0.1455279482007794,65 to 69 years
9063,18413,0.5254321914905604,1.0,0.15618537335104238,65 to 69 years
9064,15044,-0.025234536195224776,0.5714285714285714,0.4663618866558386,65 to 69 years
9065,19952,0.6351425434238108,0.5714285714285714,0.31389751007990924,65 to 69 years
9066,14115,-0.008453414431184351,0.2857142857142857,0.04881889012382551,65 to 69 years
9067,10490,0.19410772129861317,0.2857142857142857,0.5176026739674249,65 to 69 years
9068,19661,0.028721614047196933,0.14285714285714285,0.7005641165729559,65 to 69 years
9069,15199,0.0,0.5714285714285714,0.7359270958960955,65 to 69 years
9070,11320,0.6351425434238108,0.5714285714285714,0.6335078703510957,65 to 69 years
9071,10725,0.6779996862809536,1.0,0.48341647215411643,65 to 69 years
9072,18026,0.6779996862809536,1.0,0.9878191368194886,65 to 69 years
9073,16426,0.1945130150646449,0.42857142857142855,0.573299036253218,65 to 69 years
9074,11753,0.6637139719952394,0.8571428571428571,0.9060308271043189,65 to 69 years
9075,13529,0.6637139719952394,0.8571428571428571,0.8342006271994069,65 to 69 years
9076,17946,-0.1544839500487848,0.2857142857142857,0.6220480679246091,65 to 69 years
9077,16716,0.1824186532585448,0.14285714285714285,0.25570684589071496,65 to 69 years
9078,14879,0.6779996862809536,1.0,0.12857453588113826,65 to 69 years
9079,16787,0.6637139719952394,0.8571428571428571,0.8562427712061953,65 to 69 years
9080,16598,0.20366381860696972,0.5714285714285714,0.3853436562358161,65 to 69 years
9081,16362,0.6065711148523822,0.2857142857142857,0.4812881817228428,65 to 69 years
9082,12331,0.6065711148523822,0.2857142857142857,0.07368400115907775,65 to 69 years
9083,11792,0.5922854005666679,0.14285714285714285,0.401992776154271,65 to 69 years
9084,11924,0.2410167168950578,0.5714285714285714,0.9709706012788093,65 to 69 years
9085,18783,-0.059051075905824944,0.2857142857142857,0.7389319961910801,65 to 69 years
9086,15972,0.6065711148523822,0.2857142857142857,0.6545115416129579,65 to 69 years
9087,14701,0.06236451529748116,0.14285714285714285,0.2906293842704032,65 to 69 years
9088,18621,0.6065711148523822,0.2857142857142857,0.7373688000798532,65 to 69 years
9089,15433,0.1685707860772888,0.14285714285714285,0.06353212893027171,65 to 69 years
9090,18890,0.6351425434238108,0.5714285714285714,0.1366294129941043,65 to 69 years
9091,18746,0.6637139719952394,0.8571428571428571,0.3919748440581498,65 to 69 years
9092,10624,0.5922854005666679,0.14285714285714285,0.536654847802397,65 to 69 years
9093,13876,0.16389170078256135,0.42857142857142855,0.8753977050711457,65 to 69 years
9094,19843,0.2795029614258662,0.5714285714285714,0.06858586682768336,65 to 69 years
9095,11331,0.6494282577095251,0.7142857142857142,0.6984868477268664,65 to 69 years
9096,14132,0.6779996862809536,1.0,0.4116045613539023,65 to 69 years
9097,17866,0.6637139719952394,0.8571428571428571,0.6009890491274323,65 to 69 years
9098,19567,-0.20414586997052533,0.14285714285714285,0.9258597758041289,65 to 69 years
9099,18013,0.5922854005666679,0.14285714285714285,0.7544099244608405,65 to 69 years
9100,13076,0.6351425434238108,0.5714285714285714,0.8803615463778982,65 to 69 years
9101,16444,0.1222181988150426,0.5714285714285714,0.9861852041928582,65 to 69 years
9102,14365,0.39770821020439306,0.42857142857142855,0.47276945811541954,65 to 69 years
9103,11584,0.0,0.2857142857142857,0.9420620125117072,65 to 69 years
9104,15217,0.6351425434238108,0.5714285714285714,0.8732508026665664,65 to 69 years
9105,15033,0.2169867599310066,0.5714285714285714,0.5624305713819979,65 to 69 years
9106,14283,0.2015971605584956,0.5714285714285714,0.4404309893993386,65 to 69 years
9107,16833,0.6065711148523822,0.2857142857142857,0.6933680929006969,65 to 69 years
9108,10079,0.6065711148523822,0.2857142857142857,0.012029132571138135,65 to 69 years
9109,18428,0.19569737016609737,0.7142857142857142,0.8535349553216875,65 to 69 years
9110,18796,0.6351425434238108,0.5714285714285714,0.5740348939554712,65 to 69 years
9111,18301,0.6351425434238108,0.5714285714285714,0.3050984648301884,65 to 69 years
9112,17658,0.6065711148523822,0.2857142857142857,0.8732982166463531,65 to 69 years
9113,12848,0.6779996862809536,1.0,0.2807793844618504,65 to 69 years
9114,14777,-0.0062139868817233605,0.8571428571428571,0.44766289925893166,65 to 69 years
9115,18835,0.5922854005666679,0.14285714285714285,0.1491934108618984,65 to 69 years
9116,10721,0.6065711148523822,0.2857142857142857,0.6323623167987671,65 to 69 years
9117,16021,0.6779996862809536,1.0,0.6848861800188799,65 to 69 years
9118,13613,0.6494282577095251,0.7142857142857142,0.44520178175332237,65 to 69 years
9119,14723,0.6351425434238108,0.5714285714285714,0.270208268490826,65 to 69 years
9120,15744,0.6637139719952394,0.8571428571428571,0.2697332956509573,65 to 69 years
9121,18784,0.3789839825350438,0.2857142857142857,0.7219186336137897,65 to 69 years
9122,17646,0.6208568291380965,0.42857142857142855,0.24952390609888436,65 to 69 years
9123,12152,0.6637139719952394,0.8571428571428571,0.6412657349822888,65 to 69 years
9124,17641,-0.07320338858553017,0.5714285714285714,0.160347428050911,65 to 69 years
9125,11448,0.6065711148523822,0.2857142857142857,0.16582268170355507,65 to 69 years
9126,18419,0.2473460422555658,0.5714285714285714,0.13087087159583122,65 to 69 years
9127,16347,-0.2300641448411693,0.14285714285714285,0.3041905693547059,65 to 69 years
9128,10570,0.2929327019398019,0.2857142857142857,0.8149559872829775,65 to 69 years
9129,10663,0.21882547331252108,0.42857142857142855,0.05373584505673007,65 to 69 years
9130,13446,0.6351425434238108,0.5714285714285714,0.7624320658581403,65 to 69 years
9131,13633,-0.04499068181880079,0.2857142857142857,0.4556871941735259,65 to 69 years
9132,17091,0.2558467708198612,0.2857142857142857,0.2922845130911518,65 to 69 years
9133,14849,0.5922854005666679,0.14285714285714285,0.07132263021754642,65 to 69 years
9134,18935,0.07071508453415717,0.14285714285714285,0.4971561361997251,65 to 69 years
9135,16083,0.1248882157864208,0.8571428571428571,0.2356503060513051,65 to 69 years
9136,17850,0.6208568291380965,0.42857142857142855,0.6253375571413395,65 to 69 years
9137,16246,0.06005328666738452,0.14285714285714285,0.841967147372915,65 to 69 years
9138,15952,0.5922854005666679,0.14285714285714285,0.9454217077449939,65 to 69 years
9139,16760,0.2644294454998283,0.5714285714285714,0.5757059241341124,65 to 69 years
9140,13660,0.6208568291380965,0.42857142857142855,0.1253758326470853,65 to 69 years
9141,18686,0.6779996862809536,1.0,0.4198280698532777,65 to 69 years
9142,14822,0.24734204103045695,0.2857142857142857,0.2546455513382855,65 to 69 years
9143,11286,0.6351425434238108,0.5714285714285714,0.4096245997880651,65 to 69 years
9144,11466,0.6351425434238108,0.5714285714285714,0.29299299445531235,65 to 69 years
9145,18369,0.6065711148523822,0.2857142857142857,0.4379005038357823,65 to 69 years
9146,10994,0.6351425434238108,0.5714285714285714,0.11111496534785692,65 to 69 years
9147,11662,0.04734841261986219,0.14285714285714285,0.14657482675435468,65 to 69 years
9148,17191,0.6065711148523822,0.2857142857142857,0.22555005096137803,65 to 69 years
9149,13246,0.6351425434238108,0.5714285714285714,0.394894303798115,65 to 69 years
9150,15912,0.6065711148523822,0.2857142857142857,0.30236783438170994,65 to 69 years
9151,10242,-0.23943739922807425,0.14285714285714285,0.6320816691706431,65 to 69 years
9152,19354,0.6637139719952394,0.8571428571428571,0.7696209338075085,65 to 69 years
9153,13637,0.6065711148523822,0.2857142857142857,0.7593927843913306,65 to 69 years
9154,15823,0.6065711148523822,0.2857142857142857,0.4662467887887754,65 to 69 years
9155,18521,0.12800930000568464,0.42857142857142855,0.15602474627150725,65 to 69 years
9156,18604,-0.14834732732250622,0.2857142857142857,0.5385197847895464,65 to 69 years
9157,12564,0.27291519182186696,0.8571428571428571,0.26313517675977516,65 to 69 years
9158,18253,0.6208568291380965,0.42857142857142855,0.22641821364775272,65 to 69 years
9159,18533,-0.12822339586102516,0.42857142857142855,0.15559807415389448,65 to 69 years
9160,10687,0.10571348202341305,0.14285714285714285,0.5495392700727288,65 to 69 years
9161,13183,0.6065711148523822,0.2857142857142857,0.7512883868149474,65 to 69 years
9162,18429,0.2919649877720002,0.2857142857142857,0.6014284290123563,65 to 69 years
9163,17058,-0.13081783688804724,0.2857142857142857,0.20343055337183236,65 to 69 years
9164,17897,0.6065711148523822,0.2857142857142857,0.5897661760002089,65 to 69 years
9165,19098,0.0,1.0,0.2529596165478049,65 to 69 years
9166,16976,0.6779996862809536,1.0,0.06866846363767976,65 to 69 years
9167,14829,0.6208568291380965,0.42857142857142855,0.5698981892096227,65 to 69 years
9168,13916,0.5922854005666679,0.14285714285714285,0.9785838030198502,65 to 69 years
9169,18317,-0.05162725050024335,0.14285714285714285,0.6523215517480385,65 to 69 years
9170,11255,0.6065711148523822,0.2857142857142857,0.829693393124176,65 to 69 years
9171,12495,0.1894308524118595,0.2857142857142857,0.3962396670010025,65 to 69 years
9172,13540,0.6351425434238108,0.5714285714285714,0.6282259689243807,65 to 69 years
9173,17239,0.5922854005666679,0.14285714285714285,0.3529023040167232,65 to 69 years
9174,19102,0.14267628588318812,0.2857142857142857,0.742631623500466,65 to 69 years
9175,11821,0.6065711148523822,0.2857142857142857,0.9886755166488341,65 to 69 years
9176,15458,0.6065711148523822,0.2857142857142857,0.4271762216911239,65 to 69 years
9177,14951,0.2787537391813371,0.5714285714285714,0.08173911058979255,65 to 69 years
9178,10259,-0.14142835190542544,0.2857142857142857,0.46863542164749783,65 to 69 years
9179,17029,0.6351425434238108,0.5714285714285714,0.8568377022839516,65 to 69 years
9180,18344,0.5922854005666679,0.14285714285714285,0.2774357766787706,65 to 69 years
9181,18591,0.6637139719952394,0.8571428571428571,0.9955206447529843,65 to 69 years
9182,17552,0.081194205789357,0.2857142857142857,0.4032538680312513,65 to 69 years
9183,16501,0.6065711148523822,0.2857142857142857,0.6823969842710511,65 to 69 years
9184,13511,0.15434341061085818,0.2857142857142857,0.784810560063131,65 to 69 years
9185,16207,0.6637139719952394,0.8571428571428571,0.8062377404125622,65 to 69 years
9186,15195,0.6637139719952394,0.8571428571428571,0.9554412518706998,65 to 69 years
9187,16584,0.6637139719952394,0.8571428571428571,0.7081515139378594,65 to 69 years
9188,18974,-0.20543395233420753,0.14285714285714285,0.6449798771584627,65 to 69 years
9189,19845,0.6065711148523822,0.2857142857142857,0.815741887711221,65 to 69 years
9190,18766,0.6065711148523822,0.2857142857142857,0.7092834486290343,65 to 69 years
9191,17421,-0.11377317477035016,1.0,0.5696026019675174,65 to 69 years
9192,13194,-0.1270041669754636,0.42857142857142855,0.17090663907203746,65 to 69 years
9193,13607,0.6065711148523822,0.2857142857142857,0.21871492299260858,65 to 69 years
9194,12502,0.6065711148523822,0.2857142857142857,0.3160023607135651,65 to 69 years
9195,19059,0.6779996862809536,1.0,0.7466288824238815,65 to 69 years
9196,11269,0.6065711148523822,0.2857142857142857,0.35288789931985587,65 to 69 years
9197,14358,0.026464320236305565,0.14285714285714285,0.7614562037432017,65 to 69 years
9198,17761,0.10468739377173245,0.5714285714285714,0.7254640916942224,65 to 69 years
9199,16136,-0.17375536519206092,0.14285714285714285,0.9284285631625613,65 to 69 years
9200,13193,0.6779996862809536,1.0,0.5778857621931227,65 to 69 years
9201,13534,0.6779996862809536,1.0,0.7762862492206025,65 to 69 years
9202,17126,0.6208568291380965,0.42857142857142855,0.5555471381295728,65 to 69 years
9203,13094,0.6351425434238108,0.5714285714285714,0.47335356778914195,65 to 69 years
9204,14123,0.2787793340797343,1.0,0.08290059083836948,65 to 69 years
9205,13130,0.6065711148523822,0.2857142857142857,0.7472837437535933,65 to 69 years
9206,16782,0.6779996862809536,1.0,0.0015445518195629226,65 to 69 years
9207,14526,-0.18113101635230386,0.8571428571428571,0.3443444424478125,65 to 69 years
9208,12711,0.6065711148523822,0.2857142857142857,0.27982195862763914,65 to 69 years
9209,14790,0.5922854005666679,0.14285714285714285,0.5026836320729228,65 to 69 years
9210,12367,0.1312348157859361,0.14285714285714285,0.5960051788264291,65 to 69 years
9211,10323,0.6065711148523822,0.2857142857142857,0.8587657372286461,65 to 69 years
9212,15714,0.5922854005666679,0.14285714285714285,0.5090637287022939,65 to 69 years
9213,11737,-0.1697211401383886,0.14285714285714285,0.6060684855972012,65 to 69 years
9214,12093,-0.09131268678398412,0.14285714285714285,0.7952070199080798,65 to 69 years
9215,13565,0.11395907801963719,0.42857142857142855,0.3729765754394264,65 to 69 years
9216,12700,0.22769890687677924,0.2857142857142857,0.331154398983904,65 to 69 years
9217,17962,0.6494282577095251,0.7142857142857142,0.6928966286849088,65 to 69 years
9218,13147,0.5194545975310578,0.14285714285714285,0.44646646068471313,65 to 69 years
9219,17587,0.15173131873218704,0.2857142857142857,0.3363616913738046,65 to 69 years
9220,19896,0.6351425434238108,0.5714285714285714,0.14157031590920566,65 to 69 years
9221,16122,0.5922854005666679,0.14285714285714285,0.8449323278248454,65 to 69 years
9222,11757,0.6065711148523822,0.2857142857142857,0.702462201506699,65 to 69 years
9223,14385,0.6065711148523822,0.2857142857142857,0.6871216887398826,65 to 69 years
9224,12974,0.6637139719952394,0.8571428571428571,0.4580896610771283,65 to 69 years
9225,13458,0.6637139719952394,0.8571428571428571,0.80263620660968,65 to 69 years
9226,14055,0.6065711148523822,0.2857142857142857,0.21304719525874205,65 to 69 years
9227,11344,0.2909411619003513,0.42857142857142855,0.18037702402616246,65 to 69 years
9228,13697,0.46592491090196253,1.0,0.47658807643452034,65 to 69 years
9229,16903,0.6494282577095251,0.7142857142857142,0.016615720607322193,65 to 69 years
9230,11273,0.21021354798083655,0.42857142857142855,0.5488376110436077,65 to 69 years
9231,11162,0.6637139719952394,0.8571428571428571,0.18899967390066114,65 to 69 years
9232,10421,0.22873625780433515,0.2857142857142857,0.7328192239886927,65 to 69 years
9233,14401,-0.15001307317278625,0.14285714285714285,0.5014792563771393,65 to 69 years
9234,11768,0.18752125125895194,0.5714285714285714,0.015308670184877693,65 to 69 years
9235,18063,0.6637139719952394,0.8571428571428571,0.5399327257704806,65 to 69 years
9236,16913,0.09613398371699822,1.0,0.46141134601638617,65 to 69 years
9237,13398,0.6779996862809536,1.0,0.8704483844339734,65 to 69 years
9238,10060,-0.03801518381944836,0.2857142857142857,0.48577332633878345,65 to 69 years
9239,15402,0.6065711148523822,0.2857142857142857,0.7183233028188101,65 to 69 years
9240,12672,0.6065711148523822,0.2857142857142857,0.5860713539659446,65 to 69 years
9241,13230,0.6779996862809536,1.0,0.7973900706593214,65 to 69 years
9242,16844,0.14379309635004306,0.2857142857142857,0.11608005875085137,65 to 69 years
9243,10435,0.6065711148523822,0.2857142857142857,0.5929950392057793,65 to 69 years
9244,14458,0.6065711148523822,0.2857142857142857,0.8255498133770566,65 to 69 years
9245,14768,0.379406528876409,0.2857142857142857,0.15403793670245902,65 to 69 years
9246,14816,0.6065711148523822,0.2857142857142857,0.8082164555824274,65 to 69 years
9247,14869,0.6494282577095251,0.7142857142857142,0.7776961093740116,65 to 69 years
9248,15306,0.6065711148523822,0.2857142857142857,0.9326370043424373,65 to 69 years
9249,11593,0.6779996862809536,1.0,0.692859568187862,65 to 69 years
9250,15427,0.23327670580998358,0.5714285714285714,0.9494022244825775,65 to 69 years
9251,19536,0.2860523556950041,0.14285714285714285,0.6232288464637291,65 to 69 years
9252,14453,0.6065711148523822,0.2857142857142857,0.46049836806441796,65 to 69 years
9253,18077,0.03543343969812331,0.5714285714285714,0.9438357624297826,65 to 69 years
9254,10108,0.6351425434238108,0.5714285714285714,0.6034713153660938,65 to 69 years
9255,18690,0.6065711148523822,0.2857142857142857,0.4614329635713236,65 to 69 years
9256,15738,0.6637139719952394,0.8571428571428571,0.4842399704330924,65 to 69 years
9257,11157,0.6065711148523822,0.2857142857142857,0.23010192931119594,65 to 69 years
9258,11361,0.2506818481306034,0.2857142857142857,0.317931778364698,65 to 69 years
9259,11312,0.009147393181541527,0.5714285714285714,0.5454705842301464,65 to 69 years
9260,11946,0.6779996862809536,1.0,0.9713053290291593,65 to 69 years
9261,19649,0.6637139719952394,0.8571428571428571,0.5185605835225747,65 to 69 years
9262,19791,-0.061636355801057856,0.2857142857142857,0.9157313910713274,65 to 69 years
9263,17615,0.6065711148523822,0.2857142857142857,0.4013024822235724,65 to 69 years
9264,10659,0.25003358832421085,0.5714285714285714,0.5907919835272442,65 to 69 years
9265,10486,0.18039077418267574,0.8571428571428571,0.19981354162136727,65 to 69 years
9266,16499,0.23303287965769662,0.5714285714285714,0.520911480897958,65 to 69 years
9267,14727,0.6637139719952394,0.8571428571428571,0.6549870762390667,65 to 69 years
9268,14485,0.6779996862809536,1.0,0.5955311413183509,65 to 69 years
9269,15879,0.2977183683819688,0.14285714285714285,0.42410141697823295,65 to 69 years
9270,14950,0.6065711148523822,0.2857142857142857,0.8809742489030145,65 to 69 years
9271,14620,0.6637139719952394,0.8571428571428571,0.9753505477715116,65 to 69 years
9272,16094,0.6065711148523822,0.2857142857142857,0.42839790551949064,65 to 69 years
9273,17786,-0.23201586623870482,0.2857142857142857,0.8655105015152396,65 to 69 years
9274,19141,0.5055963396015093,0.2857142857142857,0.12483719379008867,65 to 69 years
9275,11247,0.5922854005666679,0.14285714285714285,0.3215973224107229,65 to 69 years
9276,16535,0.6351425434238108,0.5714285714285714,0.47039982399441266,65 to 69 years
9277,11591,0.6351425434238108,0.5714285714285714,0.16859533264946952,65 to 69 years
9278,17268,0.5922854005666679,0.14285714285714285,0.14021266497511342,65 to 69 years
9279,14267,0.6065711148523822,0.2857142857142857,0.6251256543413919,65 to 69 years
9280,12799,0.5525363612323811,0.2857142857142857,0.3946243409705946,65 to 69 years
9281,16982,0.2691019781250474,0.5714285714285714,0.6519991441422435,65 to 69 years
9282,18858,0.2357494962701713,0.2857142857142857,0.2040479235245316,65 to 69 years
9283,17820,0.6779996862809536,1.0,0.9598272400895689,65 to 69 years
9284,10526,0.06703770880337237,0.2857142857142857,0.09775712301953293,65 to 69 years
9285,19037,0.21893566497116815,0.2857142857142857,0.07930513385850946,65 to 69 years
9286,17484,0.17849005243982338,0.2857142857142857,0.09462704462032079,65 to 69 years
9287,17679,0.6351425434238108,0.5714285714285714,0.6170185114685633,65 to 69 years
9288,14968,0.14752188992892304,0.7142857142857142,0.5414380195362415,65 to 69 years
9289,13700,0.6637139719952394,0.8571428571428571,0.8848505601048258,65 to 69 years
9290,15072,0.6351425434238108,0.5714285714285714,0.5056190315609962,65 to 69 years
9291,15853,0.6065711148523822,0.2857142857142857,0.3884973999707665,65 to 69 years
9292,16315,0.6351425434238108,0.5714285714285714,0.7548930396904088,65 to 69 years
9293,17955,0.6065711148523822,0.2857142857142857,0.9458536163906344,65 to 69 years
9294,17497,0.0,0.8571428571428571,0.8504865701021365,65 to 69 years
9295,11159,0.5692834415575718,0.14285714285714285,0.6970571733525419,70 to 74 years
9296,15047,0.6407120129861433,0.8571428571428571,0.576118926900666,70 to 74 years
9297,11668,0.5835691558432862,0.2857142857142857,0.28222517567056954,70 to 74 years
9298,11995,0.5263798756066798,0.5714285714285714,0.606930859203858,70 to 74 years
9299,17907,0.36725146209997234,1.0,0.43350186030325294,70 to 74 years
9300,19469,-0.28963988655960804,0.14285714285714285,0.5728456959099697,70 to 74 years
9301,17046,0.626426298700429,0.7142857142857142,0.9568250963759339,70 to 74 years
9302,18886,0.11843138149852007,0.42857142857142855,0.5112521394240588,70 to 74 years
9303,14875,0.08917678551934731,0.8571428571428571,0.2653297721651883,70 to 74 years
9304,10725,0.6549977272718576,1.0,0.48341647215411643,70 to 74 years
9305,17132,0.6549977272718576,1.0,0.9695511209163925,70 to 74 years
9306,12056,0.07227329543255141,0.2857142857142857,0.31257866655728395,70 to 74 years
9307,19229,0.6407120129861433,0.8571428571428571,0.6400377981435786,70 to 74 years
9308,16240,0.6549977272718576,1.0,0.18448299105644056,70 to 74 years
9309,14642,0.6121405844147148,0.5714285714285714,0.46158680656813633,70 to 74 years
9310,14861,-0.0025776311704508465,0.2857142857142857,0.6141432445713224,70 to 74 years
9311,16835,0.6407120129861433,0.8571428571428571,0.4895159019603962,70 to 74 years
9312,16192,-0.2078809146666065,0.14285714285714285,0.6597363212222399,70 to 74 years
9313,13283,0.626426298700429,0.7142857142857142,0.4393751649318055,70 to 74 years
9314,10306,-0.07180243099319325,0.2857142857142857,0.2986523400063775,70 to 74 years
9315,12980,0.16525062382128342,0.14285714285714285,0.6514452729973488,70 to 74 years
9316,12755,0.5692834415575718,0.14285714285714285,0.533834244098232,70 to 74 years
9317,13295,0.6549977272718576,1.0,0.05349483549289946,70 to 74 years
9318,19437,0.5835691558432862,0.2857142857142857,0.5242156987517573,70 to 74 years
9319,18535,0.6407120129861433,0.8571428571428571,0.6845443961748787,70 to 74 years
9320,14548,0.28965052564111854,0.42857142857142855,0.752817661392159,70 to 74 years
9321,12240,0.5692834415575718,0.14285714285714285,0.8545629169178561,70 to 74 years
9322,15518,0.20339218666248432,0.14285714285714285,0.8070301069744148,70 to 74 years
9323,14165,0.004194988468635897,0.14285714285714285,0.7424597970983755,70 to 74 years
9324,14798,0.35575862912930156,0.42857142857142855,0.6797934292981932,70 to 74 years
9325,15294,0.10110445014416311,0.14285714285714285,0.9299485118844326,70 to 74 years
9326,19689,0.5978548701290004,0.42857142857142855,0.898107606301064,70 to 74 years
9327,18977,0.11721700725419663,0.2857142857142857,0.06052584436088193,70 to 74 years
9328,12107,0.17969403012439347,0.2857142857142857,0.6110791468114429,70 to 74 years
9329,16591,0.22863864501858833,0.42857142857142855,0.3917385154056017,70 to 74 years
9330,10811,0.21312051446466423,0.42857142857142855,0.4241722324668359,70 to 74 years
9331,16840,0.4434637813691142,0.2857142857142857,0.1394443226269556,70 to 74 years
9332,16345,0.13438885149788848,0.14285714285714285,0.7365294980713041,70 to 74 years
9333,19611,0.5978548701290004,0.42857142857142855,0.3845212525513613,70 to 74 years
9334,16609,0.15747783293250964,0.2857142857142857,0.47668728278663464,70 to 74 years
9335,14072,0.6407120129861433,0.8571428571428571,0.36948312793746546,70 to 74 years
9336,14392,0.2688506584216859,0.2857142857142857,0.02943953200898053,70 to 74 years
9337,19098,0.0,1.0,0.2529596165478049,70 to 74 years
9338,11867,0.6407120129861433,0.8571428571428571,0.36172398099684033,70 to 74 years
9339,13468,0.5835691558432862,0.2857142857142857,0.5493088978761526,70 to 74 years
9340,12348,0.11675398144211897,0.5714285714285714,0.5395653137184893,70 to 74 years
9341,18766,0.19618348884823886,0.2857142857142857,0.7092834486290343,70 to 74 years
9342,17501,0.1902979965672212,0.5714285714285714,0.2577713390209047,70 to 74 years
9343,11835,0.6407120129861433,0.8571428571428571,0.9351828867812251,70 to 74 years
9344,13353,0.5692834415575718,0.14285714285714285,0.8323812344715892,70 to 74 years
9345,10481,0.6549977272718576,1.0,0.9827861409701482,70 to 74 years
9346,12459,0.6407120129861433,0.8571428571428571,0.4691056887501023,70 to 74 years
9347,17051,0.5692834415575718,0.14285714285714285,0.5534856593060107,70 to 74 years
9348,14714,0.5835691558432862,0.2857142857142857,0.22895454058166959,70 to 74 years
9349,12871,0.6549977272718576,1.0,0.6682894416507903,70 to 74 years
9350,16447,0.17018865867328542,0.14285714285714285,0.23268227342482362,70 to 74 years
9351,13268,0.6121405844147148,0.5714285714285714,0.35116120718418686,70 to 74 years
9352,15786,0.19152275065377242,0.2857142857142857,0.9234554478747404,70 to 74 years
9353,12315,-0.017113475542777198,0.14285714285714285,0.4557946319690553,70 to 74 years
9354,19997,-0.25346391325151735,0.2857142857142857,0.11241475997833472,70 to 74 years
9355,14634,0.1301354720897414,0.42857142857142855,0.48737277141024155,70 to 74 years
9356,19397,0.510544472011669,0.8571428571428571,0.4157106824938373,70 to 74 years
9357,15962,-0.17194056348185296,0.2857142857142857,0.5299598379771152,70 to 74 years
9358,12806,0.6121405844147148,0.5714285714285714,0.1943473397158082,70 to 74 years
9359,14201,-0.2951814952551926,0.14285714285714285,0.4591065991164611,70 to 74 years
9360,11568,0.6121405844147148,0.5714285714285714,0.9826740236661525,70 to 74 years
9361,15746,0.038627603786165754,0.2857142857142857,0.5904043344379323,70 to 74 years
9362,10842,-0.03907444432251147,0.14285714285714285,0.6593153555457095,70 to 74 years
9363,19800,0.29336073239311755,0.8571428571428571,0.564146787808067,70 to 74 years
9364,16897,0.6121405844147148,0.5714285714285714,0.24729112964482097,70 to 74 years
9365,14588,-0.1153153887836653,0.2857142857142857,0.12887744077701724,70 to 74 years
9366,18584,0.22323458548356362,0.2857142857142857,0.39616876222761604,70 to 74 years
9367,14858,0.6407120129861433,0.8571428571428571,0.8650487254163387,70 to 74 years
9368,12792,0.32297517165247813,0.5714285714285714,0.9037500873567963,70 to 74 years
9369,17166,-0.15675475815760048,0.14285714285714285,0.7726112986194,70 to 74 years
9370,11372,0.30936050481431016,0.5714285714285714,0.15231012576044128,70 to 74 years
9371,10652,0.6549977272718576,1.0,0.4880558346106425,70 to 74 years
9372,16212,0.6407120129861433,0.8571428571428571,0.5065623235925841,70 to 74 years
9373,14259,0.6407120129861433,0.8571428571428571,0.5138831981598134,70 to 74 years
9374,15133,0.2729404423562884,0.2857142857142857,0.3351218872299526,70 to 74 years
9375,13627,0.16945595420983653,0.5714285714285714,0.14739423450157907,70 to 74 years
9376,13158,-0.03736466619412462,0.2857142857142857,0.5210054079320174,70 to 74 years
9377,19422,-0.20294933144808167,0.14285714285714285,0.4436073721140831,70 to 74 years
9378,13840,0.6121405844147148,0.5714285714285714,0.6282074851351239,70 to 74 years
9379,19789,0.10837107353802564,0.14285714285714285,0.6468688958750696,70 to 74 years
9380,15466,0.6549977272718576,1.0,0.8338696917886605,70 to 74 years
9381,11184,0.6407120129861433,0.8571428571428571,0.7443537235277631,70 to 74 years
9382,12040,-0.05979068674722026,0.14285714285714285,0.5881278159240042,70 to 74 years
9383,16458,0.2325144181830907,0.14285714285714285,0.7113607658712835,70 to 74 years
9384,19820,0.24751838824560676,0.2857142857142857,0.45787077108084956,70 to 74 years
9385,11068,-0.10943282800338898,0.8571428571428571,0.771245244428812,70 to 74 years
9386,16860,-0.06532690820194594,0.14285714285714285,0.06851419353859217,70 to 74 years
9387,17052,0.30104661678010786,0.5714285714285714,0.561515021259175,70 to 74 years
9388,18636,-0.16322679915551705,0.5714285714285714,0.7491674967059535,70 to 74 years
9389,10187,0.16159613107594525,0.8571428571428571,0.42010144776804587,70 to 74 years
9390,12610,0.6121405844147148,0.5714285714285714,0.06366595736038672,70 to 74 years
9391,17260,-0.2261323573644637,0.2857142857142857,0.4413988180060895,70 to 74 years
9392,16988,0.5692834415575718,0.14285714285714285,0.4377532647128169,70 to 74 years
9393,13678,0.5692834415575718,0.14285714285714285,0.7932426292891179,70 to 74 years
9394,13769,-0.15624144949877866,0.2857142857142857,0.34862013773100975,70 to 74 years
9395,18501,0.6549977272718576,1.0,0.9511656493032898,70 to 74 years
9396,19077,0.31849013521785696,0.5714285714285714,0.8225729589352373,70 to 74 years
9397,11908,0.025553731531108577,0.2857142857142857,0.40902355714909117,70 to 74 years
9398,17001,0.12396594810754828,0.14285714285714285,0.41249950761738485,70 to 74 years
9399,18379,0.04391040992628518,0.2857142857142857,0.4942215225944953,70 to 74 years
9400,11421,0.27866454403546737,0.2857142857142857,0.5783220495085009,70 to 74 years
9401,18743,-0.2163108923900067,0.14285714285714285,0.3244762817471021,70 to 74 years
9402,15963,0.12530969281480794,0.2857142857142857,0.8230331356618841,70 to 74 years
9403,11613,0.06189201413608238,0.2857142857142857,0.03773249453782157,70 to 74 years
9404,10615,-0.2159537522031451,0.14285714285714285,0.5284697341527576,70 to 74 years
9405,17087,0.5978548701290004,0.42857142857142855,0.764256839945203,70 to 74 years
9406,15204,0.1436975903557987,0.5714285714285714,0.24568443145580354,70 to 74 years
9407,17585,0.6407120129861433,0.8571428571428571,0.5398282179339231,70 to 74 years
9408,13642,-0.24645589471895238,0.14285714285714285,0.4614958920714872,70 to 74 years
9409,11566,-0.12700320538248153,0.42857142857142855,0.7378997460058231,70 to 74 years
9410,12950,0.4078216678398499,0.5714285714285714,0.8041718895123016,70 to 74 years
9411,18938,0.07627102984850694,0.5714285714285714,0.38719806321347655,70 to 74 years
9412,12648,-0.2202446358262318,0.14285714285714285,0.6084374204660106,70 to 74 years
9413,14299,0.6121405844147148,0.5714285714285714,0.6572515578906362,70 to 74 years
9414,19757,-0.1913432690703794,0.14285714285714285,0.15916835184495037,70 to 74 years
9415,14720,0.08746232713052532,0.5714285714285714,0.2526759758608516,70 to 74 years
9416,11017,-0.05604369257205681,0.7142857142857142,0.70054704966892,70 to 74 years
9417,15519,-0.1766534293415832,0.14285714285714285,0.37199768106970516,70 to 74 years
9418,13892,0.23737158204767136,0.2857142857142857,0.8625976369434747,70 to 74 years
9419,15525,0.1644412943542479,0.14285714285714285,0.11507394050665498,70 to 74 years
9420,17092,0.5835691558432862,0.2857142857142857,0.6546399663822372,70 to 74 years
9421,19694,-0.11926769069111419,0.14285714285714285,0.6886256673647979,70 to 74 years
9422,19056,0.5835691558432862,0.2857142857142857,0.6436741242261983,70 to 74 years
9423,12448,0.5835691558432862,0.2857142857142857,0.9529689846920117,70 to 74 years
9424,19048,0.13655268102032775,0.14285714285714285,0.9608407324948769,70 to 74 years
9425,13008,-0.215705267060637,0.2857142857142857,0.6663494350063729,70 to 74 years
9426,11258,0.6407120129861433,0.8571428571428571,0.5262927181704106,70 to 74 years
9427,19276,-0.2094324974093946,0.42857142857142855,0.4794321477789861,70 to 74 years
9428,19105,0.6407120129861433,0.8571428571428571,0.7189084564444377,70 to 74 years
9429,15617,0.5835691558432862,0.2857142857142857,0.00048550231103627883,70 to 74 years
9430,12309,0.6121405844147148,0.5714285714285714,0.7098332892816213,70 to 74 years
9431,10760,0.6407120129861433,0.8571428571428571,0.715821531180798,70 to 74 years
9432,10691,-0.3062045557354056,0.42857142857142855,0.5354567215160478,70 to 74 years
9433,10354,0.07274943758707039,0.5714285714285714,0.32791501024838343,70 to 74 years
9434,16166,0.048667175248628756,0.2857142857142857,0.12541884394361186,70 to 74 years
9435,11830,-0.17057069560410668,0.14285714285714285,0.0485857219984559,70 to 74 years
9436,16637,0.6407120129861433,0.8571428571428571,0.1894319098970919,70 to 74 years
9437,10462,0.5978548701290004,0.42857142857142855,0.2631960326606184,70 to 74 years
9438,15773,-0.10455921904428814,0.7142857142857142,0.3428124233324605,70 to 74 years
9439,18871,0.09183603289904649,0.2857142857142857,0.5196679934900542,70 to 74 years
9440,18149,-0.1722372559885786,0.5714285714285714,0.36560255070040537,70 to 74 years
9441,13818,0.09907919187711975,0.2857142857142857,0.18476481376830817,70 to 74 years
9442,14868,-0.16743373159209834,0.2857142857142857,0.6883337264315976,70 to 74 years
9443,16928,0.2941695565713987,0.2857142857142857,0.27386850179624456,70 to 74 years
9444,14249,0.17092193063946504,0.5714285714285714,0.009575846402756105,70 to 74 years
9445,11347,0.6121405844147148,0.5714285714285714,0.6935059220924283,70 to 74 years
9446,19453,0.22697697163407424,0.42857142857142855,0.3113482380343233,70 to 74 years
9447,12875,0.5835691558432862,0.2857142857142857,0.49913553699538216,70 to 74 years
9448,19237,0.6407120129861433,0.8571428571428571,0.6475973950612253,70 to 74 years
9449,17814,0.626426298700429,0.7142857142857142,0.9697330420518557,70 to 74 years
9450,12338,0.6121405844147148,0.5714285714285714,0.1684642631023826,70 to 74 years
9451,19925,0.1726938777282099,0.7142857142857142,0.32507325106253016,70 to 74 years
9452,16594,0.3095930028285293,0.8571428571428571,0.18133738715574077,70 to 74 years
9453,14173,-0.10671989059341862,0.8571428571428571,0.15846764165702087,70 to 74 years
9454,18282,0.6407120129861433,0.8571428571428571,0.8359643965307153,70 to 74 years
9455,16832,0.5835691558432862,0.2857142857142857,0.38672960533949685,70 to 74 years
9456,14796,0.6549977272718576,1.0,0.15603953697130918,70 to 74 years
9457,19711,-0.12483712426747363,0.42857142857142855,0.5249488721818788,70 to 74 years
9458,13212,-0.03707065192341093,0.2857142857142857,0.3731689027557876,70 to 74 years
9459,15092,0.34976120902908253,0.8571428571428571,0.5673042506945807,70 to 74 years
9460,19236,0.5835691558432862,0.2857142857142857,0.4218488506048695,70 to 74 years
9461,13275,0.5978548701290004,0.42857142857142855,0.011792231085218319,70 to 74 years
9462,15483,0.626426298700429,0.7142857142857142,0.735675723866799,70 to 74 years
9463,14767,0.08670309112187127,0.5714285714285714,0.8653814505932661,70 to 74 years
9464,13307,0.5692834415575718,0.14285714285714285,0.3988454386424609,70 to 74 years
9465,12849,0.105087975511777,0.5714285714285714,0.6419917569770578,70 to 74 years
9466,18328,-0.26003122893083636,0.8571428571428571,0.27892367928998335,70 to 74 years
9467,14130,0.0,0.14285714285714285,0.6552684749338606,70 to 74 years
9468,10932,0.6121405844147148,0.5714285714285714,0.01669618077316326,70 to 74 years
9469,17085,0.5835691558432862,0.2857142857142857,0.15369661465107776,70 to 74 years
9470,13419,0.5835691558432862,0.2857142857142857,0.46830016257238455,70 to 74 years
9471,10509,-0.07698982790981126,0.14285714285714285,0.6738927431481914,70 to 74 years
9472,10920,0.29079285579461767,0.2857142857142857,0.869425541260022,70 to 74 years
9473,11321,0.5978548701290004,0.42857142857142855,0.393188608103232,70 to 74 years
9474,15970,0.08723410147580163,0.42857142857142855,0.19082194155465498,70 to 74 years
9475,19583,0.5835691558432862,0.2857142857142857,0.6152337555898234,70 to 74 years
9476,16918,0.24675393050194447,0.2857142857142857,0.785497101350771,70 to 74 years
9477,15945,-0.12126014113241959,0.5714285714285714,0.6308656003281919,70 to 74 years
9478,15008,0.6121405844147148,0.5714285714285714,0.38654536367960224,70 to 74 years
9479,15260,0.16497854276322094,0.2857142857142857,0.5855665124044855,70 to 74 years
9480,14923,-0.33923921946061464,0.2857142857142857,0.07968973711695354,70 to 74 years
9481,17694,0.6549977272718576,1.0,0.8062333738653102,70 to 74 years
9482,18167,0.6407120129861433,0.8571428571428571,0.9586183330065119,70 to 74 years
9483,10853,0.5692834415575718,0.14285714285714285,0.6243943634205509,70 to 74 years
9484,16479,0.10986845359169123,0.14285714285714285,0.009764075361609281,70 to 74 years
9485,17332,-0.11911919693193392,0.2857142857142857,0.1545921322559603,70 to 74 years
9486,15984,0.5692834415575718,0.14285714285714285,0.3493792112165751,70 to 74 years
9487,11230,0.05072482052004608,0.2857142857142857,0.7363496471998949,70 to 74 years
9488,10670,0.626426298700429,0.7142857142857142,0.9078218432562013,70 to 74 years
9489,14316,0.0,0.8571428571428571,0.665819857237374,70 to 74 years
9490,16250,0.09154396115517809,0.2857142857142857,0.38916533938623643,70 to 74 years
9491,10761,0.14720379235125863,0.42857142857142855,0.7973223769388953,70 to 74 years
9492,18461,-0.14137507657597392,0.5714285714285714,0.011026920991136557,70 to 74 years
9493,11487,0.07913366001877974,0.5714285714285714,0.47946484418981583,70 to 74 years
9494,15559,-0.1251793831807365,0.5714285714285714,0.3989305802350228,70 to 74 years
9495,14612,0.5692834415575718,0.14285714285714285,0.24070734085597828,70 to 74 years
9496,12647,-0.06418836698639746,0.14285714285714285,0.5545121567008119,70 to 74 years
9497,18502,0.6407120129861433,0.8571428571428571,0.2863686724606192,70 to 74 years
9498,18927,-0.17340922274452164,0.14285714285714285,0.6733924024896384,70 to 74 years
9499,14610,0.5978548701290004,0.42857142857142855,0.9361856490930174,70 to 74 years
9500,14731,0.5835691558432862,0.2857142857142857,0.5744394313659247,70 to 74 years
9501,15287,0.1524634852612856,0.14285714285714285,0.7114437231133868,70 to 74 years
9502,12198,0.6407120129861433,0.8571428571428571,0.33429395843045484,70 to 74 years
9503,12589,0.17638546943310646,0.14285714285714285,0.44160399736372524,70 to 74 years
9504,16767,-0.16924288830444498,0.2857142857142857,0.025546105347322934,70 to 74 years
9505,11389,-0.15191247565244956,0.2857142857142857,0.25067922403587906,70 to 74 years
9506,11296,-0.2060592043889023,0.42857142857142855,0.10051582140466198,70 to 74 years
9507,15000,0.5978548701290004,0.42857142857142855,0.691512694549476,70 to 74 years
9508,12349,0.3384003327264504,0.2857142857142857,0.6836179234570987,70 to 74 years
9509,14358,0.003462361227209449,0.14285714285714285,0.7614562037432017,70 to 74 years
9510,16110,0.044003208426872255,0.2857142857142857,0.5629512157027616,70 to 74 years
9511,16646,0.6549977272718576,1.0,0.6953150710316878,70 to 74 years
9512,17955,0.29954799058889514,0.2857142857142857,0.9458536163906344,70 to 74 years
9513,17434,0.5978548701290004,0.42857142857142855,0.5224903572452522,70 to 74 years
9514,10949,0.2675350553853681,0.5714285714285714,0.6992662888813439,70 to 74 years
9515,13558,0.6549977272718576,1.0,0.7240558718012992,70 to 74 years
9516,13584,0.6121405844147148,0.5714285714285714,0.6798329933984419,70 to 74 years
9517,16891,0.6407120129861433,0.8571428571428571,0.28662708258350583,70 to 74 years
9518,18724,0.6407120129861433,0.8571428571428571,0.6355967595118301,70 to 74 years
9519,15779,-0.16325539617179377,0.14285714285714285,0.2357492462741136,70 to 74 years
9520,13270,0.6407120129861433,0.8571428571428571,0.013041137293101968,70 to 74 years
9521,11976,0.6121405844147148,0.5714285714285714,0.6623729907942832,70 to 74 years
9522,17563,0.6407120129861433,0.8571428571428571,0.3878970529519838,70 to 74 years
9523,12363,0.09994358983787491,0.8571428571428571,0.2778360331735697,70 to 74 years
9524,16511,-0.0035412884949345058,0.5714285714285714,0.13290410343654568,70 to 74 years
9525,14934,-0.2330314896663854,0.2857142857142857,0.766674226314956,70 to 74 years
9526,11871,-0.17448678631570347,0.14285714285714285,0.4657889523924068,70 to 74 years
9527,15407,0.5835691558432862,0.2857142857142857,0.7107224213773524,70 to 74 years
9528,14608,0.6121405844147148,0.5714285714285714,0.7611097997138869,70 to 74 years
9529,11140,-0.17844431385970666,0.2857142857142857,0.5832594141596741,70 to 74 years
9530,15232,0.6121405844147148,0.5714285714285714,0.7426468968045647,70 to 74 years
9531,14926,-0.14048911540681205,0.2857142857142857,0.37959017048885313,70 to 74 years
9532,19395,0.5692834415575718,0.14285714285714285,0.44057851524196284,70 to 74 years
9533,18437,0.5417393768988076,0.5714285714285714,0.530504783670132,70 to 74 years
9534,17097,0.0,0.14285714285714285,0.39171882845487815,70 to 74 years
9535,11087,0.015533810455200383,0.14285714285714285,0.545541372659467,70 to 74 years
9536,12778,0.12147408925665161,0.8571428571428571,0.9625551120435578,70 to 74 years
9537,15452,0.15003442314326554,0.2857142857142857,0.6613193483190045,70 to 74 years
9538,16909,-0.12655917779360326,0.2857142857142857,0.8219480629580229,70 to 74 years
9539,10832,-0.10957275687183082,0.8571428571428571,0.5403804946462534,70 to 74 years
9540,15074,0.6121405844147148,0.5714285714285714,0.9388525206053137,70 to 74 years
9541,13297,0.07360269971795742,0.2857142857142857,0.5962729619121374,70 to 74 years
9542,13043,0.0965980140940925,0.7142857142857142,0.4563444647856323,70 to 74 years
9543,16904,0.2472221703329058,0.2857142857142857,0.0599701520624355,70 to 74 years
9544,10167,0.08341815969571095,0.14285714285714285,0.5733762068510821,70 to 74 years
9545,10728,0.13319107437608033,0.8571428571428571,0.9804774600986611,70 to 74 years
9546,17774,0.06480923719031055,0.2857142857142857,0.8978618993327308,70 to 74 years
9547,16296,0.49788702717445876,0.2857142857142857,0.518061714644804,70 to 74 years
9548,10968,0.5692834415575718,0.14285714285714285,0.258597227901435,70 to 74 years
9549,10231,-0.3227817999677298,0.2857142857142857,0.5183615258788407,70 to 74 years
9550,16723,0.2320036241957502,0.2857142857142857,0.5164020118598188,70 to 74 years
9551,17304,0.6407120129861433,0.8571428571428571,0.7760269187314082,70 to 74 years
9552,17038,0.5692834415575718,0.14285714285714285,0.87920348402312,70 to 74 years
9553,14740,0.6121405844147148,0.5714285714285714,0.4604338275070908,70 to 74 years
9554,15281,0.4806974150661716,0.5714285714285714,0.3989643373929186,70 to 74 years
9555,19811,0.0,0.2857142857142857,0.4364900275837489,70 to 74 years
9556,10530,0.01002050067369361,0.42857142857142855,0.2506010501452959,70 to 74 years
9557,13430,0.014485256067130716,0.14285714285714285,0.8795366261917414,70 to 74 years
9558,17589,0.6121405844147148,0.5714285714285714,0.3554601553088439,70 to 74 years
9559,14803,0.5978548701290004,0.42857142857142855,0.749973063095412,70 to 74 years
9560,17179,0.6407120129861433,0.8571428571428571,0.4142101915052757,70 to 74 years
9561,11923,0.5835691558432862,0.2857142857142857,0.18242331761159658,70 to 74 years
9562,14504,0.5835691558432862,0.2857142857142857,0.32368750059970475,70 to 74 years
9563,17250,-0.15245365263236338,0.14285714285714285,0.11702098505453756,70 to 74 years
9564,14658,0.0,0.5714285714285714,0.3107144606626223,70 to 74 years
9565,16088,0.5835691558432862,0.2857142857142857,0.6962364700929501,70 to 74 years
9566,11216,0.1559840587915285,0.2857142857142857,0.37213271030376893,70 to 74 years
9567,14083,0.4269159948671829,0.14285714285714285,0.8743923146014217,70 to 74 years
9568,19856,-0.12504754683716005,0.14285714285714285,0.07076371755250727,70 to 74 years
9569,11313,0.5835691558432862,0.2857142857142857,0.9260232721512742,70 to 74 years
9570,10965,-0.1141367813451067,0.2857142857142857,0.7821566609459222,70 to 74 years
9571,15608,0.2948851678154237,0.8571428571428571,0.13373834484121605,70 to 74 years
9572,13811,0.6549977272718576,1.0,0.6707513755527513,70 to 74 years
9573,12906,-0.3441631677178867,0.14285714285714285,0.7271647397728277,70 to 74 years
9574,12001,0.5324600596543554,0.2857142857142857,0.41218688654527014,70 to 74 years
9575,15794,0.6549977272718576,1.0,0.6427738843557919,70 to 74 years
9576,12770,0.38225566935507194,0.14285714285714285,0.8047923353405846,70 to 74 years
9577,12743,0.5692834415575718,0.14285714285714285,0.23930749793642475,70 to 74 years
9578,11942,0.6121405844147148,0.5714285714285714,0.20138288711203445,70 to 74 years
9579,14466,0.1297567773456412,0.42857142857142855,0.3005636921603845,70 to 74 years
9580,12202,0.2299943643515724,0.5714285714285714,0.2610067860466417,70 to 74 years
9581,18402,0.2680850699304391,0.14285714285714285,0.5758703216902072,70 to 74 years
9582,18969,0.5835691558432862,0.2857142857142857,0.23776958768515388,70 to 74 years
9583,16529,-0.24255653611787395,0.2857142857142857,0.6227760035923917,70 to 74 years
9584,19060,-0.06542365607469366,0.14285714285714285,0.7536129451451824,70 to 74 years
9585,12838,0.6407120129861433,0.8571428571428571,0.8534053690658252,70 to 74 years
9586,16708,0.23329640414329017,0.5714285714285714,0.5997188288788784,70 to 74 years
9587,16942,0.20093721604385492,0.42857142857142855,0.6526729900915543,70 to 74 years
9588,16557,0.2355268273103459,1.0,0.18435540712302018,70 to 74 years
9589,13234,0.5692834415575718,0.14285714285714285,0.30848533945822476,70 to 74 years
9590,18016,0.12098593910215381,0.2857142857142857,0.4830336058337043,70 to 74 years
9591,12688,0.626426298700429,0.7142857142857142,0.20626290622530852,70 to 74 years
9592,19939,-0.24423967083041548,0.14285714285714285,0.33372201201527174,70 to 74 years
9593,16684,0.5978548701290004,0.42857142857142855,0.6502476881793912,70 to 74 years
9594,13607,0.25018257804814953,0.2857142857142857,0.21871492299260858,70 to 74 years
9595,11749,0.4503842133905584,0.8571428571428571,0.7739221377814712,70 to 74 years
9596,10166,-0.03663197856065022,0.5714285714285714,0.5246014765607463,70 to 74 years
9597,13726,-0.28996511279587855,0.14285714285714285,0.3778620178779338,70 to 74 years
9598,10085,0.32705137883836083,0.2857142857142857,0.5128190394657645,70 to 74 years
9599,19980,0.3586095162721137,1.0,0.4435568552185577,70 to 74 years
9600,10663,0.19582351430342496,0.42857142857142855,0.05373584505673007,70 to 74 years
9601,19936,0.28910212986976763,0.7142857142857142,0.40686478730508546,70 to 74 years
9602,11232,-0.1055869830788089,0.2857142857142857,0.23789988816090818,70 to 74 years
9603,13385,0.6121405844147148,0.5714285714285714,0.6842337417370494,70 to 74 years
9604,18577,-0.13916712460305433,0.2857142857142857,0.763930412116856,70 to 74 years
9605,10611,-0.0045337507514785725,0.5714285714285714,0.23136336901358706,70 to 74 years
9606,13073,-0.2589886209335246,0.14285714285714285,0.7531840999534555,70 to 74 years
9607,15543,0.6407120129861433,0.8571428571428571,0.112947776408868,70 to 74 years
9608,11367,0.045184439621876384,0.7142857142857142,0.295739699733075,70 to 74 years
9609,14398,0.2761473807446007,0.5714285714285714,0.053095461163901125,70 to 74 years
9610,10823,0.25086157193735376,0.42857142857142855,0.8129171432963742,70 to 74 years
9611,15134,0.5835691558432862,0.2857142857142857,0.512459197452265,70 to 74 years
9612,15475,0.06574665042926234,0.5714285714285714,0.3206063783568008,70 to 74 years
9613,18333,0.26096765156245455,0.14285714285714285,0.4504211887385868,70 to 74 years
9614,15735,0.6549977272718576,1.0,0.44255273750341856,70 to 74 years
9615,12744,0.3810189317194739,0.42857142857142855,0.48415698977766614,70 to 74 years
9616,12993,0.6121405844147148,0.5714285714285714,0.6947879631342336,70 to 74 years
9617,13186,0.6549977272718576,1.0,0.41399773574143933,70 to 74 years
9618,10934,0.1709231115835344,0.2857142857142857,0.5976712991502815,70 to 74 years
9619,19960,0.6121405844147148,0.5714285714285714,0.6696379017514806,70 to 74 years
9620,18776,0.5692834415575718,0.14285714285714285,0.40360411260240536,70 to 74 years
9621,19944,0.6407120129861433,0.8571428571428571,0.6092396459860986,70 to 74 years
9622,10176,-0.28896007916146965,0.5714285714285714,0.6848441812879822,70 to 74 years
9623,11776,0.6549977272718576,1.0,0.909480879704081,70 to 74 years
9624,11142,0.06805298254960553,0.42857142857142855,0.3352927150370222,70 to 74 years
9625,19488,0.6407120129861433,0.8571428571428571,0.7111298817660116,70 to 74 years
9626,18430,-0.15700020497919365,0.14285714285714285,0.5147001299490427,70 to 74 years
9627,14111,0.0624001713310018,0.42857142857142855,0.8926270793640048,70 to 74 years
9628,12219,0.5835691558432862,0.2857142857142857,0.1724998817460574,70 to 74 years
9629,18102,-0.21102072692390528,0.2857142857142857,0.47774091017871656,70 to 74 years
9630,12913,0.6121405844147148,0.5714285714285714,0.9346818927068545,70 to 74 years
9631,11479,0.1156193049469425,0.8571428571428571,0.25060083393174837,70 to 74 years
9632,11026,-0.05599367077287848,0.7142857142857142,0.19843820658254774,70 to 74 years
9633,12077,0.09203116016999464,0.2857142857142857,0.376329100736204,70 to 74 years
9634,12571,0.24106805892495897,0.14285714285714285,0.6588300875195519,70 to 74 years
9635,18802,-0.1577866311859777,0.5714285714285714,0.08613330364398203,70 to 74 years
9636,13776,0.6407120129861433,0.8571428571428571,0.6062140367696596,70 to 74 years
9637,10654,0.1384853245403887,0.5714285714285714,0.1763961305143798,70 to 74 years
9638,16457,-0.21577407898527484,0.14285714285714285,0.40329154374003107,70 to 74 years
9639,11148,0.5978548701290004,0.42857142857142855,0.33092112098237236,70 to 74 years
9640,10878,0.6549977272718576,1.0,0.6704097585237204,70 to 74 years
9641,16304,0.6407120129861433,0.8571428571428571,0.628258093036776,70 to 74 years
9642,14479,0.6407120129861433,0.8571428571428571,0.9147435069328663,70 to 74 years
9643,14250,-0.14244565310709573,0.14285714285714285,0.20126187057398526,70 to 74 years
9644,10879,-0.19822827363432458,0.5714285714285714,0.23268940927634008,70 to 74 years
9645,13819,0.6407120129861433,0.8571428571428571,0.5781518311973847,70 to 74 years
9646,18361,-0.02177539327671673,0.2857142857142857,0.6448652236933552,70 to 74 years
9647,10138,0.43353084113959645,0.14285714285714285,0.43545116140205603,70 to 74 years
9648,13183,0.5835691558432862,0.2857142857142857,0.7512883868149474,70 to 74 years
9649,10508,0.6407120129861433,0.8571428571428571,0.8959426142497307,70 to 74 years
9650,18758,0.10951597611249372,0.5714285714285714,0.42617483023258246,70 to 74 years
9651,17860,0.1005723412554386,0.42857142857142855,0.6614972842517624,70 to 74 years
9652,12641,-0.07176877315573371,0.14285714285714285,0.9040772000959969,70 to 74 years
9653,10928,0.6407120129861433,0.8571428571428571,0.29225357514628336,70 to 74 years
9654,15867,0.6121405844147148,0.5714285714285714,0.3939405963004188,70 to 74 years
9655,19587,-0.18111081034461246,0.14285714285714285,0.5277363658637452,70 to 74 years
9656,18151,0.6121405844147148,0.5714285714285714,0.20014265446718627,70 to 74 years
9657,16612,0.35264167263051177,0.8571428571428571,0.6932815031639057,70 to 74 years
9658,13303,0.5978548701290004,0.42857142857142855,0.15385966866302042,70 to 74 years
9659,14082,0.6407120129861433,0.8571428571428571,0.11705072940390426,70 to 74 years
9660,18298,0.5835691558432862,0.2857142857142857,0.3087963166590662,70 to 74 years
9661,11692,0.5605582122145194,0.2857142857142857,0.38325396515898613,75 to 79 years
9662,18033,0.5605582122145194,0.2857142857142857,0.19953740790098135,75 to 79 years
9663,13468,0.5605582122145194,0.2857142857142857,0.5493088978761526,75 to 79 years
9664,13806,-0.22596698924552813,0.2857142857142857,0.42120406167745666,75 to 79 years
9665,18780,0.589129640785948,0.5714285714285714,0.02483283393646829,75 to 79 years
9666,12048,0.07531768337527667,0.42857142857142855,0.5409589996964306,75 to 79 years
9667,10267,0.5605582122145194,0.2857142857142857,0.8856901054874089,75 to 79 years
9668,17639,0.5605582122145194,0.2857142857142857,0.6157133395692478,75 to 79 years
9669,14446,0.5748439265002336,0.42857142857142855,0.9787291836990348,75 to 79 years
9670,17032,0.2803175480147497,0.8571428571428571,0.1888488363184611,75 to 79 years
9671,19616,0.6319867836430908,1.0,0.9153772032161906,75 to 79 years
9672,16376,0.5605582122145194,0.2857142857142857,0.25789291581921236,75 to 79 years
9673,16345,0.11137790786912163,0.14285714285714285,0.7365294980713041,75 to 79 years
9674,16703,-0.29493824621493486,0.2857142857142857,0.8474247465326277,75 to 79 years
9675,15568,0.016636008543076123,0.14285714285714285,0.7057192142880966,75 to 79 years
9676,16009,0.02322851847403102,0.14285714285714285,0.1696859672114479,75 to 79 years
9677,12958,0.2568222569640599,0.5714285714285714,0.2893851728609817,75 to 79 years
9678,15804,0.1641253351091389,0.14285714285714285,0.7746025464197034,75 to 79 years
9679,19949,-0.13778648493471285,0.5714285714285714,0.9282798267445972,75 to 79 years
9680,15291,0.6177010693573766,0.8571428571428571,0.9162512559552297,75 to 79 years
9681,14428,0.5748439265002336,0.42857142857142855,0.9062755291359458,75 to 79 years
9682,12103,0.2952248851040227,0.14285714285714285,0.012536366080546868,75 to 79 years
9683,13025,0.2586391761645511,0.8571428571428571,0.467339419542741,75 to 79 years
9684,18386,0.589129640785948,0.5714285714285714,0.8188762991518039,75 to 79 years
9685,17221,-0.18079097512080583,0.2857142857142857,0.714413049802793,75 to 79 years
9686,10287,0.20719057530126855,0.42857142857142855,0.02684525978108465,75 to 79 years
9687,17666,0.26120305470918087,0.42857142857142855,0.8148739885330796,75 to 79 years
9688,19133,-0.26688868677765315,0.2857142857142857,0.192807983267114,75 to 79 years
9689,15886,-0.20535263021094946,0.42857142857142855,0.5418802047338491,75 to 79 years
9690,15523,0.3399790336134723,0.5714285714285714,0.26105336595217277,75 to 79 years
9691,10201,0.5605582122145194,0.2857142857142857,0.5469686699557689,75 to 79 years
9692,13194,-0.1270041669754636,0.42857142857142855,0.17090663907203746,75 to 79 years
9693,11277,-0.1056568388688088,0.14285714285714285,0.3537369529487356,75 to 79 years
9694,16593,0.5462724979288051,0.14285714285714285,0.30054747555523326,75 to 79 years
9695,10292,0.044909464649948855,0.14285714285714285,0.6401017379310161,75 to 79 years
9696,11209,0.589129640785948,0.5714285714285714,0.40743078988907855,75 to 79 years
9697,14221,-0.20970355674602703,0.5714285714285714,0.8022558986328605,75 to 79 years
9698,10258,0.1808244892182489,0.42857142857142855,0.45986547773402375,75 to 79 years
9699,15827,0.09664833237087338,0.7142857142857142,0.12722953564188794,75 to 79 years
9700,18638,-0.006144119820868895,0.8571428571428571,0.4794708050194577,75 to 79 years
9701,14786,0.5748439265002336,0.42857142857142855,0.4454252601198737,75 to 79 years
9702,19323,0.25254437081726333,1.0,0.5314004788680126,75 to 79 years
9703,15916,0.18810658383623463,0.5714285714285714,0.48419248073237087,75 to 79 years
9704,12576,0.14669289770004162,0.5714285714285714,0.5859286337341999,75 to 79 years
9705,18444,0.1910401215111917,1.0,0.41760715430911755,75 to 79 years
9706,19334,0.6177010693573766,0.8571428571428571,0.26827479588604786,75 to 79 years
9707,10046,0.144166578968985,0.42857142857142855,0.574466512842127,75 to 79 years
9708,19878,0.12153270607613752,0.5714285714285714,0.9204420160569726,75 to 79 years
9709,12132,-0.041847629896759164,0.2857142857142857,0.7551561228951957,75 to 79 years
9710,19235,-0.19136086873654554,0.5714285714285714,0.30631482750800687,75 to 79 years
9711,17661,0.16031369928926742,0.2857142857142857,0.25927407753441206,75 to 79 years
9712,19523,0.589129640785948,0.5714285714285714,0.25781155180748566,75 to 79 years
9713,18525,0.44430256640748594,0.5714285714285714,0.6185995705770713,75 to 79 years
9714,18206,0.20023672876710807,0.14285714285714285,0.22774842102887755,75 to 79 years
9715,19704,-0.3523932774463447,0.14285714285714285,0.353180077920514,75 to 79 years
9716,10231,-0.3227817999677298,0.2857142857142857,0.5183615258788407,75 to 79 years
9717,13032,0.6177010693573766,0.8571428571428571,0.8159868122005669,75 to 79 years
9718,11367,0.022173495993109527,0.7142857142857142,0.295739699733075,75 to 79 years
9719,17571,-0.22190605935720717,0.2857142857142857,0.04494083696465184,75 to 79 years
9720,18490,0.11669830214431569,0.2857142857142857,0.6174999769786294,75 to 79 years
9721,10433,-0.19888284065398362,0.5714285714285714,0.21105219291101124,75 to 79 years
9722,19890,-0.08967714790202942,0.42857142857142855,0.3618436968683937,75 to 79 years
9723,15710,0.5605582122145194,0.2857142857142857,0.5568574014007613,75 to 79 years
9724,14070,-0.4227982928452307,0.14285714285714285,0.2726724183984597,75 to 79 years
9725,16979,0.014935936925627617,0.7142857142857142,0.05411641367695491,75 to 79 years
9726,13675,0.25564738676742044,0.14285714285714285,0.6171147932250144,75 to 79 years
9727,13647,-0.0003168521072835122,0.14285714285714285,0.9339368061098544,75 to 79 years
9728,10254,-0.07754439145811937,0.14285714285714285,0.17742331456236776,75 to 79 years
9729,15227,0.5748439265002336,0.42857142857142855,0.19993418128814727,75 to 79 years
9730,14743,0.5462724979288051,0.14285714285714285,0.7973426162261015,75 to 79 years
9731,14414,-0.04636961115590681,0.8571428571428571,0.3543162190838962,75 to 79 years
9732,12406,0.13993593399130383,0.42857142857142855,0.535474920790865,75 to 79 years
9733,18855,0.6319867836430908,1.0,0.5332348848067039,75 to 79 years
9734,12252,0.1273025960016485,0.8571428571428571,0.2339820602450008,75 to 79 years
9735,14590,-0.26309406199775603,0.14285714285714285,0.4760000421121525,75 to 79 years
9736,13202,0.5605582122145194,0.2857142857142857,0.610094989288249,75 to 79 years
9737,11487,0.056122716390012886,0.5714285714285714,0.47946484418981583,75 to 79 years
9738,19520,0.5605582122145194,0.2857142857142857,0.5442975291174675,75 to 79 years
9739,13788,0.5605582122145194,0.2857142857142857,0.6138697797645468,75 to 79 years
9740,18501,0.6319867836430908,1.0,0.9511656493032898,75 to 79 years
9741,15387,0.6177010693573766,0.8571428571428571,0.856247423086212,75 to 79 years
9742,10994,0.22485380702646718,0.5714285714285714,0.11111496534785692,75 to 79 years
9743,12953,-0.24175777872152987,0.2857142857142857,0.33777319041979365,75 to 79 years
9744,19353,0.6319867836430908,1.0,0.6563119598011917,75 to 79 years
9745,12763,-0.1273471024060302,0.2857142857142857,0.8023747272171209,75 to 79 years
9746,19126,0.6177010693573766,0.8571428571428571,0.19936633655733776,75 to 79 years
9747,17554,0.16027770038438738,0.14285714285714285,0.07363453532376729,75 to 79 years
9748,11194,0.07105901361635861,1.0,0.13923033648209088,75 to 79 years
9749,10212,0.6177010693573766,0.8571428571428571,0.5356658328190249,75 to 79 years
9750,18469,0.6177010693573766,0.8571428571428571,0.9670203993543538,75 to 79 years
9751,13791,-0.18963080445739225,0.14285714285714285,0.7055646010128288,75 to 79 years
9752,10531,-0.09785797792624239,1.0,0.6428546053643471,75 to 79 years
9753,12705,0.6319867836430908,1.0,0.7199009219207441,75 to 79 years
9754,14979,-0.1797051917381407,0.5714285714285714,0.9795225276384891,75 to 79 years
9755,14458,0.0031913262027115476,0.2857142857142857,0.8255498133770566,75 to 79 years
9756,10000,-0.22683927361042666,0.5714285714285714,0.22196041380094694,75 to 79 years
9757,14287,0.2466840069721688,0.5714285714285714,0.2631523306548607,75 to 79 years
9758,16505,-0.06684665643380412,0.42857142857142855,0.22778680674463714,75 to 79 years
9759,11167,0.08292010543427077,0.8571428571428571,0.02015528645718201,75 to 79 years
9760,13578,-0.058931117109435036,0.2857142857142857,0.7292012726268827,75 to 79 years
9761,17726,0.35265702641772256,0.2857142857142857,0.7750803164723954,75 to 79 years
9762,15146,0.061571885023253406,0.7142857142857142,0.41380109291977807,75 to 79 years
9763,19423,0.6177010693573766,0.8571428571428571,0.5199524479074615,75 to 79 years
9764,18334,0.589129640785948,0.5714285714285714,0.7464631646395222,75 to 79 years
9765,18093,-0.14613788892310295,0.2857142857142857,0.268222927517061,75 to 79 years
9766,13517,0.5605582122145194,0.2857142857142857,0.5226245113443883,75 to 79 years
9767,15662,-0.002924420124108173,0.14285714285714285,0.7830393600948115,75 to 79 years
9768,10590,0.589129640785948,0.5714285714285714,0.5316877524687346,75 to 79 years
9769,19324,0.5605582122145194,0.2857142857142857,0.9044384974960584,75 to 79 years
9770,17850,0.042496256797398865,0.42857142857142855,0.6253375571413395,75 to 79 years
9771,19802,-0.0917475955076777,0.2857142857142857,0.9318226529106503,75 to 79 years
9772,16007,0.6034153550716622,0.7142857142857142,0.6594900234799865,75 to 79 years
9773,19049,0.589129640785948,0.5714285714285714,0.8594408568553928,75 to 79 years
9774,14316,0.0,0.8571428571428571,0.665819857237374,75 to 79 years
9775,18241,0.5605582122145194,0.2857142857142857,0.655704396265379,75 to 79 years
9776,16356,0.42327318992710683,0.5714285714285714,0.8006874100317338,75 to 79 years
9777,14560,0.6177010693573766,0.8571428571428571,0.5128105237916866,75 to 79 years
9778,10597,-0.21356132158542276,0.5714285714285714,0.012619582695580833,75 to 79 years
9779,14518,-0.07151942985755236,0.42857142857142855,0.20738870724526148,75 to 79 years
9780,14177,0.563658811846447,0.8571428571428571,0.03138899124457373,75 to 79 years
9781,12885,0.6177010693573766,0.8571428571428571,0.9733972906190643,75 to 79 years
9782,19721,0.5605582122145194,0.2857142857142857,0.9013691787547193,75 to 79 years
9783,15539,-0.002291270269987153,0.2857142857142857,0.32866072695932824,75 to 79 years
9784,19492,0.5462724979288051,0.14285714285714285,0.45378701202517413,75 to 79 years
9785,19560,0.08566028602366385,0.7142857142857142,0.33073253023502314,75 to 79 years
9786,17939,-0.21447777308156446,0.2857142857142857,0.4524500271876339,75 to 79 years
9787,13074,-0.2012625706039586,0.42857142857142855,0.2393311189237633,75 to 79 years
9788,13625,0.19046635867378386,0.2857142857142857,0.4061408220791488,75 to 79 years
9789,11870,-0.2213756045753244,0.2857142857142857,0.8074974870017838,75 to 79 years
9790,13055,0.5462724979288051,0.14285714285714285,0.6058967049907108,75 to 79 years
9791,16942,0.17792627241508807,0.42857142857142855,0.6526729900915543,75 to 79 years
9792,14017,0.6177010693573766,0.8571428571428571,0.7887847630682674,75 to 79 years
9793,12280,-0.2220551035058146,0.2857142857142857,0.6673386692869672,75 to 79 years
9794,14574,0.0,0.5714285714285714,0.726690124441084,75 to 79 years
9795,16947,0.21027517162975756,0.8571428571428571,0.6742504744515355,75 to 79 years
9796,12535,-0.3212403368113784,0.5714285714285714,0.7747420017446424,75 to 79 years
9797,14011,0.5605582122145194,0.2857142857142857,0.8418252074394007,75 to 79 years
9798,13198,-0.19209317654083577,0.5714285714285714,0.2051525021820812,75 to 79 years
9799,15756,0.3954933067867513,0.8571428571428571,0.6362113331112013,75 to 79 years
9800,10555,0.5605582122145194,0.2857142857142857,0.593365323909495,75 to 79 years
9801,18698,-0.1778745330385547,0.2857142857142857,0.6070924923173507,75 to 79 years
9802,12579,0.589129640785948,0.5714285714285714,0.29015414625104824,75 to 79 years
9803,13216,-0.203366926159442,0.42857142857142855,0.49095153457586393,75 to 79 years
9804,17703,0.2917891807088757,0.2857142857142857,0.5167591875717948,75 to 79 years
9805,19548,-0.20464174031897375,0.5714285714285714,0.42243759071756415,75 to 79 years
9806,19015,0.6177010693573766,0.8571428571428571,0.9662765060775775,75 to 79 years
9807,12809,-0.2771301807519251,0.2857142857142857,0.23161495425528555,75 to 79 years
9808,14892,-0.00733686156792449,0.5714285714285714,0.1947161407195398,75 to 79 years
9809,19938,-0.26789219549702753,0.2857142857142857,0.4957375282965058,75 to 79 years
9810,11101,-0.0020985693766658892,0.5714285714285714,0.6393596020141776,75 to 79 years
9811,15310,-0.3362043887676841,0.5714285714285714,0.4997989043189626,75 to 79 years
9812,19074,-0.32601359754535825,0.2857142857142857,0.752300673475937,75 to 79 years
9813,17706,-0.14292591021650083,0.14285714285714285,0.21794108883888214,75 to 79 years
9814,13373,0.5605582122145194,0.2857142857142857,0.6834863864527115,75 to 79 years
9815,15898,0.21001472655703307,0.8571428571428571,0.005857490025733658,75 to 79 years
9816,10984,0.09905094513812977,0.2857142857142857,0.38867706410025327,75 to 79 years
9817,14190,0.26496432946855025,0.2857142857142857,0.5190997186380821,75 to 79 years
9818,12624,-0.06761997784368202,0.2857142857142857,0.604785214527514,75 to 79 years
9819,13335,0.589129640785948,0.5714285714285714,0.38147572594045887,75 to 79 years
9820,18590,0.6177010693573766,0.8571428571428571,0.2303315745674191,75 to 79 years
9821,19247,0.5605582122145194,0.2857142857142857,0.6733001323734129,75 to 79 years
9822,13250,0.07562019188640066,0.2857142857142857,0.7737800575109994,75 to 79 years
9823,11234,0.6177010693573766,0.8571428571428571,0.586490348590464,75 to 79 years
9824,10412,0.29934697281444084,0.8571428571428571,0.6714245858042779,75 to 79 years
9825,14535,0.6319867836430908,1.0,0.2054765236177915,75 to 79 years
9826,13294,0.19675506768153628,0.8571428571428571,0.5961535411733895,75 to 79 years
9827,12608,0.2129909613966549,0.2857142857142857,0.5233502439894477,75 to 79 years
9828,17735,0.041832299193772744,0.5714285714285714,0.7646473060583927,75 to 79 years
9829,15466,0.6319867836430908,1.0,0.8338696917886605,75 to 79 years
9830,16234,-0.0948188805629518,0.5714285714285714,0.15506633965342576,75 to 79 years
9831,15340,0.6177010693573766,0.8571428571428571,0.4982927844967707,75 to 79 years
9832,17794,0.6177010693573766,0.8571428571428571,0.6770467800142377,75 to 79 years
9833,18356,0.2545551115313431,0.8571428571428571,0.69199113861607,75 to 79 years
9834,12134,0.5203470064836895,0.2857142857142857,0.7555135574871291,75 to 79 years
9835,16046,-0.02134862908233525,0.14285714285714285,0.77465690881539,75 to 79 years
9836,18214,0.45314088185821155,0.5714285714285714,0.5088744873454054,75 to 79 years
9837,10200,0.5748439265002336,0.42857142857142855,0.7132554147129587,75 to 79 years
9838,17341,0.6177010693573766,0.8571428571428571,0.8305449995538032,75 to 79 years
9839,16186,0.3016818391128603,0.8571428571428571,0.07989753782439302,75 to 79 years
9840,16193,0.2761992255315011,0.42857142857142855,0.3662202672381917,75 to 79 years
9841,10806,0.5605582122145194,0.2857142857142857,0.5087861020444955,75 to 79 years
9842,16719,0.6177010693573766,0.8571428571428571,0.4022823647627612,75 to 79 years
9843,13872,-0.23283564580159394,0.2857142857142857,0.5743045225216361,75 to 79 years
9844,15575,0.589129640785948,0.5714285714285714,0.6290870689058918,75 to 79 years
9845,13220,0.6177010693573766,0.8571428571428571,0.19827417129115693,75 to 79 years
9846,14609,0.05483448573119966,0.2857142857142857,0.5920821451528915,75 to 79 years
9847,14037,0.11605549041008585,0.2857142857142857,0.5930830423593964,75 to 79 years
9848,12127,0.5748439265002336,0.42857142857142855,0.9736210552529061,75 to 79 years
9849,15618,-0.15666192387589783,0.2857142857142857,0.7337809538218605,75 to 79 years
9850,11259,-0.0016987540047434689,0.2857142857142857,0.04126452682466353,75 to 79 years
9851,11475,-0.17833258145149194,0.2857142857142857,0.7717638304413956,75 to 79 years
9852,16903,-0.13678592446156995,0.7142857142857142,0.016615720607322193,75 to 79 years
9853,10816,0.6177010693573766,0.8571428571428571,0.9331089441324565,75 to 79 years
9854,18034,0.07667909460222083,0.8571428571428571,0.23445349307551866,75 to 79 years
9855,10303,0.1542159784583908,0.2857142857142857,0.8451692017270761,75 to 79 years
9856,19217,0.4426337408040073,0.14285714285714285,0.8889768890712755,75 to 79 years
9857,10178,-0.060170272706237884,0.5714285714285714,0.5637514568999413,75 to 79 years
9858,17741,0.24496226630707096,1.0,0.267508711913265,75 to 79 years
9859,13007,0.6177010693573766,0.8571428571428571,0.5953770070806058,75 to 79 years
9860,14220,0.5605582122145194,0.2857142857142857,0.6109273804717376,75 to 79 years
9861,13816,0.13601940759067738,0.2857142857142857,0.2953128142509349,75 to 79 years
9862,18343,0.6177010693573766,0.8571428571428571,0.5301162211344582,75 to 79 years
9863,10030,0.055034061370299606,0.2857142857142857,0.48219874310336475,75 to 79 years
9864,19431,0.589129640785948,0.5714285714285714,0.5564822122355553,75 to 79 years
9865,17244,0.6177010693573766,0.8571428571428571,0.49770017125866667,75 to 79 years
9866,15028,0.589129640785948,0.5714285714285714,0.6392600418773873,75 to 79 years
9867,16969,0.13146631545451393,0.2857142857142857,0.33931992783416753,75 to 79 years
9868,10539,-0.15004632620323746,0.8571428571428571,0.691528088870215,75 to 79 years
9869,10368,0.4653528794556659,0.5714285714285714,0.5049175306596047,75 to 79 years
9870,16991,0.589129640785948,0.5714285714285714,0.8645631224886388,75 to 79 years
9871,14843,0.07665141673773514,0.8571428571428571,0.7534452372669842,75 to 79 years
9872,15996,0.589129640785948,0.5714285714285714,0.5258402920921403,75 to 79 years
9873,15063,0.6319867836430908,1.0,0.6519264797790061,75 to 79 years
9874,12123,-0.17403742541149103,0.2857142857142857,0.1501134731386355,75 to 79 years
9875,17072,0.26368904416964856,0.42857142857142855,0.2626550674720149,75 to 79 years
9876,19300,0.0911886081590116,0.7142857142857142,0.39564183913096673,75 to 79 years
9877,13103,0.589129640785948,0.5714285714285714,0.29820953398811123,75 to 79 years
9878,10095,0.025873036943386905,0.8571428571428571,0.17174289314490726,75 to 79 years
9879,10228,-0.06650321469302654,0.5714285714285714,0.3757298211270901,75 to 79 years
9880,15981,-0.15649886116551207,0.2857142857142857,0.3906539627289104,75 to 79 years
9881,14269,0.5462724979288051,0.14285714285714285,0.3689186732038149,75 to 79 years
9882,14166,-0.02262736801603808,0.2857142857142857,0.2028316115116109,75 to 79 years
9883,14004,0.589129640785948,0.5714285714285714,0.4359777855050806,75 to 79 years
9884,12933,0.03402410315902836,0.5714285714285714,0.8027678524905566,75 to 79 years
9885,17436,0.3187526965098696,0.8571428571428571,0.3278405013789617,75 to 79 years
9886,14943,0.6177010693573766,0.8571428571428571,0.2803541416749364,75 to 79 years
9887,17415,0.24977677749535254,0.2857142857142857,0.6809922940672445,75 to 79 years
9888,13586,0.5605582122145194,0.2857142857142857,0.03203042142624968,75 to 79 years
9889,15815,0.20626797535448876,0.5714285714285714,0.9326050710602594,75 to 79 years
9890,19681,0.11807672149924749,0.42857142857142855,0.5512377765442295,75 to 79 years
9891,10226,-0.31422811665982514,0.2857142857142857,0.3054216931339432,75 to 79 years
9892,17222,0.6177010693573766,0.8571428571428571,0.7187576404944799,75 to 79 years
9893,13346,0.5605582122145194,0.2857142857142857,0.27393205086558964,75 to 79 years
9894,19379,0.6319867836430908,1.0,0.9331390687633979,75 to 79 years
9895,11466,-0.27161660959516093,0.5714285714285714,0.29299299445531235,75 to 79 years
9896,14145,-0.0031493633684999143,0.8571428571428571,0.06425605008626123,75 to 79 years
9897,11563,-0.13113545172022337,0.2857142857142857,0.6432814748088268,75 to 79 years
9898,17832,0.5605582122145194,0.2857142857142857,0.598426874119182,75 to 79 years
9899,12930,0.02659513038770099,0.42857142857142855,0.5441428154852262,75 to 79 years
9900,16086,0.1147079006540257,0.14285714285714285,0.8290683055999502,75 to 79 years
9901,18399,0.08183737797848614,0.14285714285714285,0.6560974784208173,75 to 79 years
9902,19998,0.25490982002467577,0.5714285714285714,0.8230618248609525,75 to 79 years
9903,18021,-0.168944034892698,0.2857142857142857,0.6736924817852571,75 to 79 years
9904,15236,-0.03567037338697052,0.14285714285714285,0.6578983249696541,75 to 79 years
9905,11627,0.6177010693573766,0.8571428571428571,0.912859612433087,75 to 79 years
9906,16924,0.5605582122145194,0.2857142857142857,0.5679608060577022,75 to 79 years
9907,13013,-0.07120138001571265,0.14285714285714285,0.04234498049395391,75 to 79 years
9908,14925,-0.1260102466002585,0.14285714285714285,0.45523073273433606,75 to 79 years
9909,11398,-0.248206653508657,0.2857142857142857,0.43232258113021865,75 to 79 years
9910,15698,-0.2173249385709056,0.2857142857142857,0.8714046195856932,75 to 79 years
9911,14587,-0.14122629851330262,0.5714285714285714,0.41367885475565014,75 to 79 years
9912,16488,0.5605582122145194,0.2857142857142857,0.0975855081726203,75 to 79 years
9913,12681,-0.09734701051855345,0.14285714285714285,0.041768654451060316,75 to 79 years
9914,10542,0.6319867836430908,1.0,0.9763515310978941,75 to 79 years
9915,15795,0.03773584915622207,0.2857142857142857,0.13612856219060138,75 to 79 years
9916,14880,-0.22529760411330316,0.2857142857142857,0.10608941943611011,75 to 79 years
9917,14456,-0.06469097649206562,0.2857142857142857,0.205505347170425,75 to 79 years
9918,15790,-0.10298311865352777,0.14285714285714285,0.5941055128144561,75 to 79 years
9919,18311,0.02312508182267818,0.5714285714285714,0.3043186246397058,75 to 79 years
9920,18298,0.00402423362817678,0.2857142857142857,0.3087963166590662,75 to 79 years
9921,11270,0.589129640785948,0.5714285714285714,0.6809008604708691,75 to 79 years
9922,14176,0.589129640785948,0.5714285714285714,0.8196758774645494,75 to 79 years
9923,19957,0.6177010693573766,0.8571428571428571,0.27554032491630387,75 to 79 years
9924,15037,0.6177010693573766,0.8571428571428571,0.5130154042574281,75 to 79 years
9925,15441,0.589129640785948,0.5714285714285714,0.9666552548720351,75 to 79 years
9926,12432,0.6319867836430908,1.0,0.30810791376568636,75 to 79 years
9927,10581,-0.009536445236301726,1.0,0.3585595853200842,75 to 79 years
9928,16228,0.0502231846567623,0.2857142857142857,0.5830434545666832,75 to 79 years
9929,16121,-0.12742607467912168,0.42857142857142855,0.21274784204785668,75 to 79 years
9930,16601,0.5748439265002336,0.42857142857142855,0.7385499958156772,75 to 79 years
9931,16829,-0.08002700749052914,0.5714285714285714,0.2530848879443162,75 to 79 years
9932,14650,0.6319867836430908,1.0,0.9493694666017303,75 to 79 years
9933,12940,0.6177010693573766,0.8571428571428571,0.3861479436243115,75 to 79 years
9934,10197,0.05537270889060973,0.42857142857142855,0.7235273331576987,75 to 79 years
9935,16391,0.6319867836430908,1.0,0.20573855852625406,75 to 79 years
9936,10623,-0.1267249213531448,0.14285714285714285,0.7526885592992004,75 to 79 years
9937,11262,0.6177010693573766,0.8571428571428571,0.3183134482637354,75 to 79 years
9938,18170,-0.3327021512302343,0.14285714285714285,0.22273987581907173,75 to 79 years
9939,15741,0.25358930957530795,0.8571428571428571,0.5990461880000221,75 to 79 years
9940,11150,0.1981065794205616,0.8571428571428571,0.043071172369763266,75 to 79 years
9941,15925,-0.06247379880748049,0.2857142857142857,0.4643643584810605,75 to 79 years
9942,14402,-0.04933469419454741,0.2857142857142857,0.4019164265110656,75 to 79 years
9943,11067,0.23596504850844507,0.2857142857142857,0.34900172629944143,75 to 79 years
9944,12243,0.506830916938905,0.5714285714285714,0.2857760622383079,75 to 79 years
9945,10788,0.22114524387369855,0.8571428571428571,0.3183968011838312,75 to 79 years
9946,19782,0.589129640785948,0.5714285714285714,0.8872035423654006,75 to 79 years
9947,14889,0.5462724979288051,0.14285714285714285,0.350724203483461,75 to 79 years
9948,17376,0.012273469126990514,0.42857142857142855,0.5890173701409048,75 to 79 years
9949,18345,0.6177010693573766,0.8571428571428571,0.5892788366536136,75 to 79 years
9950,10860,0.6319867836430908,1.0,0.7896481783689834,75 to 79 years
9951,16629,-0.1419336249305313,0.2857142857142857,0.4237527575923262,75 to 79 years
9952,14105,0.5605582122145194,0.2857142857142857,0.6279398240530396,75 to 79 years
9953,18177,0.5462724979288051,0.14285714285714285,0.9339081491588808,75 to 79 years
9954,12234,-0.2688994358869753,0.14285714285714285,0.7183805937845338,75 to 79 years
9955,19077,0.29547919158909014,0.5714285714285714,0.8225729589352373,75 to 79 years
9956,16994,0.589129640785948,0.5714285714285714,0.7850288352187896,75 to 79 years
9957,16747,0.30669353942863326,0.8571428571428571,0.4530670752503291,75 to 79 years
9958,15247,-0.13633671446879442,0.2857142857142857,0.31587977995394023,75 to 79 years
9959,16610,-0.04564014562149731,0.2857142857142857,0.8353652085837275,75 to 79 years
9960,17742,0.2309489044102857,0.2857142857142857,0.5398064788792829,75 to 79 years
9961,11291,0.6177010693573766,0.8571428571428571,0.45157165055220067,75 to 79 years
9962,16211,0.6319867836430908,1.0,0.6949804529279812,75 to 79 years
9963,19361,0.6177010693573766,0.8571428571428571,0.5783836339155057,75 to 79 years
9964,18053,0.2270966851095192,0.14285714285714285,0.32141212841026895,75 to 79 years
9965,10223,0.16806038000661305,0.2857142857142857,0.08081570841641922,75 to 79 years
9966,12732,0.4110436231699591,0.42857142857142855,0.3934248500220821,75 to 79 years
9967,17016,-0.2015931243549464,0.14285714285714285,0.8695056919437414,75 to 79 years
9968,18695,0.6177010693573766,0.8571428571428571,0.5805496518675415,75 to 79 years
9969,18493,0.6177010693573766,0.8571428571428571,0.34893777988384955,75 to 79 years
9970,16773,-0.374789575480843,0.2857142857142857,0.48770673675532994,75 to 79 years
9971,16105,-0.22077973725638853,0.14285714285714285,0.29410224158931875,75 to 79 years
9972,17334,0.589129640785948,0.5714285714285714,0.3790616603163506,75 to 79 years
9973,17829,0.2622500744978793,0.2857142857142857,0.7115370603766793,75 to 79 years
9974,19563,0.1222860167540147,0.8571428571428571,0.524167442572882,75 to 79 years
9975,10844,0.6319867836430908,1.0,0.33050765724232745,75 to 79 years
9976,11507,0.40573717873473014,0.5714285714285714,0.41171101568956237,75 to 79 years
9977,12474,0.589129640785948,0.5714285714285714,0.8285401070489797,75 to 79 years
9978,10135,-0.130149467395608,0.14285714285714285,0.6722650112514161,75 to 79 years
9979,13566,-0.19415418350240876,0.14285714285714285,0.017488444358245814,75 to 79 years
9980,15143,-0.2720367580011413,0.14285714285714285,0.5952928745314446,75 to 79 years
9981,14745,0.004396684213343095,0.2857142857142857,0.8362215867638813,75 to 79 years
9982,16810,0.6177010693573766,0.8571428571428571,0.7446553230426783,75 to 79 years
9983,16185,0.09439641504527736,0.8571428571428571,0.12887620614481715,75 to 79 years
9984,12762,0.6177010693573766,0.8571428571428571,0.4169841256363888,75 to 79 years
9985,12557,-0.06389769088242185,0.5714285714285714,0.5851930932570222,75 to 79 years
9986,13345,0.2390003014972013,0.2857142857142857,0.5517138984120458,75 to 79 years
9987,11945,0.589129640785948,0.5714285714285714,0.5929578378577843,75 to 79 years
9988,12502,0.0013275498791883453,0.2857142857142857,0.3160023607135651,75 to 79 years
9989,12895,0.6177010693573766,0.8571428571428571,0.9177942461721267,75 to 79 years
9990,12600,-0.028983782063141637,0.2857142857142857,0.3524276805115245,75 to 79 years
9991,17030,0.046632986286445084,0.5714285714285714,0.9977419964578742,75 to 79 years
9992,10241,0.38124691293909646,0.2857142857142857,0.26611954337077426,75 to 79 years
9993,19158,0.5605582122145194,0.2857142857142857,0.9177221358449825,75 to 79 years
9994,14538,-0.1595269589718044,0.14285714285714285,0.3804368571214046,75 to 79 years
9995,12724,0.25395186926658875,0.8571428571428571,0.21030199225541651,75 to 79 years
9996,17184,0.04102088505440291,0.42857142857142855,0.5461189378205273,75 to 79 years
9997,10092,-0.038771520597537225,0.14285714285714285,0.9021488545420454,75 to 79 years
9998,16618,0.11835926534741768,0.2857142857142857,0.717417959364155,75 to 79 years
9999,18509,0.2186136321788642,0.8571428571428571,0.533997279196304,75 to 79 years
10000,13921,0.22726943626588925,0.5714285714285714,0.702597034640428,75 to 79 years
